id,GLOBAL_SCORE
EK202310003556,134.79266582118944
EK202310170625,149.97550950229484
EK202310167359,151.0444046699606
EK202310118370,132.83111249195585
EK202320006361,137.18652752644462
EK202310003542,139.16287680832863
EK202310125266,135.48023006697235
EK202310144740,134.8327325465725
EK202310137443,140.56065925909232
EK202310159067,145.94577270199855
EK202310245067,135.61691820274402
EK202310240556,137.72406277814122
EK202310166743,145.13190189813977
EK202310247454,129.98771508648713
EK202310215702,158.04044488151035
EK202310142190,158.1271265880986
EK202310205417,150.48295284502586
EK202310119601,138.483832644326
EK202310190356,142.84800674500318
EK202310158758,148.77297519450755
EK202310145496,138.68614385481914
EK202310164763,151.36682140843874
EK202310200188,135.40188977100226
EK202310238803,158.8480860987228
EK202320005607,152.2532161385785
EK202310225681,135.44049993389817
EK202310127174,132.31472412465976
EK202310204317,141.03857419000036
EK202310179355,127.39661958794368
EK202310176524,144.3077828945012
EK202310237228,138.89299822285034
EK202310172549,159.93265254854302
EK202310168863,144.72843389613934
EK202310185904,146.99687988024658
EK202310133615,152.6280685807167
EK202310122063,135.57526131843636
EK202310121770,145.18375646186666
EK202310125590,129.54282487071762
EK202310172269,141.0045131532124
EK202310147894,139.9712444513747
EK202310137986,135.9410473728857
EK202310150838,152.6198408693239
EK202310104915,120.0065876244404
EK202310170090,133.07693766036695
EK202310165637,137.17186240978657
EK202310134467,136.30935166684478
EK202310182637,156.0579804395229
EK202310112116,145.15867229447502
EK202310241220,152.9804862162931
EK202310103801,151.16388081504417
EK202310177448,129.50392180703355
EK202310157860,172.22980658786872
EK202310211985,140.71531383056012
EK202310232907,135.17087810675008
EK202310162917,148.41190714011117
EK202310211786,135.27056602193863
EK202310132171,155.29456054399998
EK202310153694,142.4121174594455
EK202310174960,157.66451632359588
EK202310121096,132.59773660369018
EK202310222475,132.73348784604408
EK202310146254,146.7840469260995
EK202310111466,138.19108510676875
EK202310004385,163.38666211545058
EK202310108961,142.27630446431803
EK202310203170,138.95631165138815
EK202310161424,169.70352932357216
EK202310206583,144.44358060523152
EK202310138840,127.95754186787377
EK202310221976,144.5412969206182
EK202310143972,135.15485664870158
EK202310175420,143.06985188495025
EK202310227655,141.34640164828483
EK202310163389,138.86092088860818
EK202310239480,153.69988797942025
EK202310146467,149.93537949973515
EK202310162597,144.88435326695662
EK202310194862,137.3173170312349
EK202310152448,150.53259020204817
EK202310245431,138.65372652840026
EK202310206822,152.34511993970384
EK202310166559,166.65940910772952
EK202310221701,147.6167101652098
EK202310231403,128.20706116360842
EK202310156027,147.27890016138187
EK202310135956,147.25578066518324
EK202310183176,132.1609033875433
EK202310206055,155.1503675111998
EK202310167360,142.16668255587493
EK202310142701,146.0187036440498
EK202310156629,162.56890250549074
EK202310241352,153.83342071958097
EK202310123587,156.66186917671158
EK202310003639,146.51301024593036
EK202310158269,146.1893841766196
EK202320007090,135.15810956591562
EK202310111707,140.10288034945742
EK202310104096,148.23500464205952
EK202310235404,127.97629278149103
EK202310108783,148.99970802083644
EK202310116298,133.02355843391797
EK202310156281,149.60245887312436
EK202310164483,140.2988953793209
EK202310108212,128.86174272769554
EK202310233950,145.72765898812528
EK202310157041,131.0327523317801
EK202310104522,138.1566398084685
EK202310175972,146.5962345203215
EK202310225965,146.10613154876648
EK202310138403,133.25051638898438
EK202310234452,137.34692931044836
EK202310104614,163.75346552142383
EK202310117970,133.79374130070195
EK202310128727,130.13928188329902
EK202310190230,140.39916874311268
EK202310201465,154.46281546759727
EK202310197534,166.52996466578287
EK202310171846,133.7344766212632
EK202310193751,143.24461906777668
EK202310242967,145.69217819854427
EK202310112852,145.94228981967612
EK202310132804,141.6761040366554
EK202310127612,141.9877797306987
EK202310136082,170.6138016157164
EK202310186665,141.22247539139883
EK202310156519,132.40417115650894
EK202310108430,146.51854334954265
EK202310164930,143.1997719824228
EK202310153971,159.36078271269918
EK202310129412,137.47814922504693
EK202310124383,137.48985345172562
EK202310215858,148.8199513067532
EK202310104131,150.87439822153425
EK202310185040,138.4808899333892
EK202310119251,138.60986147000048
EK202310191724,150.17376530935974
EK202310149922,138.48164736815198
EK202310176193,133.0405824267476
EK202310204311,147.41660500986225
EK202310248324,156.459306067646
EK202310120496,130.61595751159956
EK202310233548,140.1269878869393
EK202310219178,141.10371507014207
EK202310114723,138.77714471394745
EK202310185832,164.51646078429638
EK202310106587,155.63323323133557
EK202310239252,133.4746405924007
EK202310208710,143.01825866524032
EK202310244056,127.7266748967859
EK202310223702,124.37777938122109
EK202310236969,136.54917764547804
EK202310196070,143.55831365528852
EK202310227710,136.51431834001176
EK202310119702,148.24509276705922
EK202310143351,144.1573844363757
EK202310144967,146.74323918886253
EK202310207097,139.40783099578988
EK202310193281,141.10948808817
EK202310223068,148.06023076274096
EK202310158743,127.22231443966123
EK202310142353,135.88311279570866
EK202310154024,152.37921492701122
EK202310136326,139.41665350664718
EK202320006526,147.26462578200008
EK202310240160,135.28464711304972
EK202310230270,143.87979552777728
EK202310209591,135.07418498871456
EK202310201937,151.28093875647156
EK202310138686,142.8766970678667
EK202310125946,142.7363124785869
EK202310112949,138.30897249499947
EK202310128660,153.7861551142782
EK202310223565,140.6571843794703
EK202310155372,148.86453655236738
EK202310229467,138.97411538979435
EK202310232289,142.799717334622
EK202310142439,153.5392001318494
EK202310128595,123.07932181335391
EK202310228661,128.33553253507768
EK202310220811,136.77529424576946
EK202310104677,155.88561779719282
EK202310108708,142.3203020546568
EK202310235044,127.3627815076132
EK202310141363,147.1917029820548
EK202310174855,150.87470406110916
EK202310154755,142.11147561189736
EK202310157326,143.0471057906376
EK202310228659,140.31422439105208
EK202310215026,145.33384032522625
EK202310177129,140.89702494109207
EK202310178830,156.87894875247483
EK202310222959,128.98837371929855
EK202320007347,136.5809171308561
EK202310153807,154.50366517601222
EK202310165563,153.39516864114634
EK202310240070,116.21654506728595
EK202310171642,147.30310055438636
EK202310221419,138.55183927779282
EK202310210258,137.20316503029235
EK202310108225,151.4233575176768
EK202310156515,144.2178360775651
EK202320006021,155.9986610915167
EK202310214746,147.5929454905115
EK202310166648,154.11652127206844
EK202310243041,146.89724582457237
EK202310227731,127.29200224072032
EK202310118513,134.16713298346457
EK202310240129,147.05846867249005
EK202310140813,150.20529236542714
EK202310181628,150.56786451691787
EK202310126085,133.90838464460955
EK202310246101,149.28731431908918
EK202310113312,140.54605909432686
EK202310217968,141.25176667137399
EK202310213114,131.82814475205777
EK202310219800,140.97641127345912
EK202310184495,142.72323263211504
EK202310119316,131.26903594734108
EK202310180007,134.54846824709045
EK202310199156,132.2653636828817
EK202310177234,150.06135790073048
EK202310226743,139.76433234213465
EK202310189141,139.0063621575534
EK202320006005,144.79456507622552
EK202310227823,138.0264185292434
EK202310174022,148.75614650002458
EK202310134374,141.55536508118092
EK202310200180,135.44489913106372
EK202310161433,147.42108813012763
EK202310121700,140.0035645283417
EK202310237451,145.62146109756108
EK202310192827,159.6827763794167
EK202310160428,154.5472018843521
EK202310205223,134.913618976702
EK202310111659,148.02108530681804
EK202310218773,152.76754629860545
EK202310161247,129.80489825994724
EK202310109618,144.72274670022122
EK202310155619,139.1117569818349
EK202310135096,153.7942684187819
EK202310188704,149.29019087068937
EK202310198311,160.7922377403872
EK202310138345,138.38302097520724
EK202310187653,137.26671408272784
EK202310223676,153.493053554197
EK202310165688,133.45704360945857
EK202310104779,148.50571085911054
EK202320007241,161.76377702379233
EK202310247012,140.3394382427017
EK202310115649,132.7390922902949
EK202310158687,141.92871892004925
EK202310139898,150.23940346592903
EK202310183012,135.867843316526
EK202310189323,179.4136833714266
EK202310236084,140.01637101305067
EK202310187745,155.18856547450122
EK202310213754,154.13395830335014
EK202310207691,124.29786589192292
EK202310213360,136.78308639029115
EK202310134511,134.5370852773231
EK202310162421,142.77012517288262
EK202310137854,140.67542724714167
EK202310150901,148.99761663192103
EK202310114810,130.65839004549497
EK202310110564,146.13242621548167
EK202310188498,112.90663646233726
EK202310122137,134.64023302416965
EK202310234827,141.5446660577993
EK202310123845,155.8662787505634
EK202310117679,151.60888521531734
EK202310226733,143.28543636435896
EK202310146806,148.4703165477193
EK202310186532,144.9651325879612
EK202310198523,134.84645320964475
EK202310169242,144.98887140961
EK202310189605,155.92626865312798
EK202310177460,146.6647880837464
EK202310156053,147.10629932598226
EK202310138997,147.4507782905288
EK202310231114,148.74247757618906
EK202310147763,139.73599105311908
EK202310119709,141.76710963345346
EK202310121129,139.90918076191176
EK202310137901,148.91957878115866
EK202310144077,142.77964089593982
EK202310110337,129.15449365745434
EK202310184408,136.2144881625084
EK202310215841,123.38222520522056
EK202310157214,146.01058474024634
EK202310193140,139.08570904252758
EK202310216105,148.14314492044122
EK202310246420,135.12462619384738
EK202310118424,133.55114063835302
EK202310144290,152.14631006453428
EK202310236171,141.76196240231448
EK202310161913,135.00561617198676
EK202310116195,138.20481923749927
EK202310140252,137.33559933431096
EK202310238025,147.33042553089098
EK202310146861,138.0942424627707
EK202310125756,139.02156381686396
EK202310211082,140.41042878540875
EK202310202590,137.24109424109284
EK202310212292,142.1486537232855
EK202310151188,150.73977269297924
EK202310186431,152.6100464722
EK202310197054,141.88826094146864
EK202310229535,131.81788576195038
EK202310237693,130.328083916579
EK202310127899,137.63623298703672
EK202310125513,137.6943361546141
EK202310143417,148.99457402933626
EK202310114922,148.45138178727402
EK202310185011,138.44113634015258
EK202310157380,143.72336870738837
EK202310242841,132.1103192944252
EK202310128764,134.76258312678104
EK202310160302,131.56047959015916
EK202310132265,140.77163269551278
EK202310142152,138.4171316336775
EK202310184138,149.97424996296783
EK202310218922,152.1333219913347
EK202310105732,143.17474225315235
EK202310202421,135.8177827306864
EK202310204745,132.65222995450168
EK202310231651,139.7940320938607
EK202310206373,146.63494653445122
EK202310231327,145.01614888488467
EK202310129440,149.93774415558005
EK202310229405,146.47049222328255
EK202310233561,130.89102831365918
EK202310141433,152.1445524080651
EK202310164651,159.0141438751947
EK202310201935,145.29422785839785
EK202310184574,126.16204346635665
EK202310223915,150.68105685051782
EK202310200908,152.6015721796086
EK202310128941,140.50362549918478
EK202310186952,132.31052663149114
EK202310193974,152.17045875375416
EK202310169879,159.3419952602923
EK202310172093,145.66030980500514
EK202310184529,136.20720415124694
EK202310230089,138.9369355568088
EK202310181118,149.0713802970914
EK202310204225,138.9395111799875
EK202310112100,154.4918207914274
EK202310222373,145.5357506926664
EK202310182126,135.20882400187162
EK202310169072,153.93877024611328
EK202310203100,150.38514011499524
EK202310228065,154.70397523413672
EK202310003374,137.50474437448153
EK202310231993,152.72943856259334
EK202310166999,137.66476238401145
EK202310113561,140.84694597845984
EK202310150384,148.49742078615995
EK202310204151,141.550454765505
EK202310243179,156.38702039125738
EK202310229664,145.8512028648213
EK202310214850,139.3424143022738
EK202310203348,152.37440787451257
EK202310146725,141.58170744130183
EK202310134763,138.26106213549573
EK202310145729,149.06778806899104
EK202310246535,146.57856125936925
EK202310141577,130.98113030723982
EK202310216160,133.2007476243648
EK202310116782,133.06712494744966
EK202310211327,150.80362321373636
EK202310204090,132.70828182517573
EK202310175898,154.52088550840503
EK202310226259,142.6647451150042
EK202310151274,148.39347496615179
EK202310154215,146.60495322107923
EK202310174277,136.73331249454102
EK202320006496,144.1573844363757
EK202310141969,141.4642847655392
EK202320005622,137.96276382704139
EK202310157093,133.18443759414728
EK202310139909,134.33661152062146
EK202310209908,149.92142407163706
EK202310218730,138.7720206855057
EK202310229718,122.01010789942198
EK202310111615,144.58851102422344
EK202310138168,131.0299958162802
EK202310162118,152.7983882948871
EK202310164185,136.98652039972924
EK202310123341,141.36560312153344
EK202310154152,130.06485884931928
EK202310169662,138.57664220232667
EK202310195289,144.19993648659926
EK202310247758,151.51314120892806
EK202310223580,133.99017891831653
EK202310104690,148.18231525449002
EK202310234439,138.84577091348268
EK202310225052,165.3215780986005
EK202310139674,140.8851323420673
EK202310186662,133.74741609722403
EK202310198339,142.232401286422
EK202310219978,147.02163343687255
EK202310205279,139.99095889129862
EK202310241147,145.32801310935636
EK202310225981,165.68750466522172
EK202310168112,145.64574442081883
EK202310226106,141.77238041770892
EK202310116095,137.87233368766042
EK202310114593,148.10055641357843
EK202310175636,131.28070123146853
EK202310117905,149.45695735456658
EK202310200614,148.7913375615689
EK202310137390,145.29096381609298
EK202310196458,153.79039356025083
EK202310212839,144.98831440170002
EK202310149449,155.31418748789372
EK202310172721,148.1951947517457
EK202310133382,137.40765493865413
EK202310171991,152.7008551019319
EK202310178147,147.03692482496137
EK202310210822,130.18855080827493
EK202310169958,145.74994954140402
EK202310216612,137.0203934849243
EK202310190351,148.55507294841246
EK202310128333,143.77881282644043
EK202310156052,139.7697625430383
EK202310207300,144.98774664628883
EK202310148098,149.34525854405732
EK202310236834,145.75040308573858
EK202310206502,142.16299739207616
EK202310232490,138.14337835725235
EK202310115920,140.61246973317077
EK202310155557,139.66980192202453
EK202310118792,140.23435099496984
EK202310213449,144.03242499132622
EK202310157956,145.02951673335144
EK202310202461,150.91795980058708
EK202310210080,147.82712020670132
EK202310123713,155.4447164093636
EK202310138636,150.12346431594685
EK202310197194,137.53198622696846
EK202310136131,168.66011695985947
EK202310194280,139.27991775189966
EK202310144073,163.37015986995863
EK202310196767,156.26909018574528
EK202310152659,148.3919162407289
EK202310119318,135.49077978133587
EK202310175079,153.97018394152548
EK202310246973,140.20553838460592
EK202310177069,144.19158795366823
EK202310228915,146.7268246999623
EK202310237967,143.9575224453747
EK202310004766,147.6457839694475
EK202310197580,170.84071173140404
EK202310163370,159.7373309821481
EK202310126258,135.0635512934605
EK202320006245,145.97326325313966
EK202310214455,148.681756690318
EK202310225077,157.29569736940923
EK202310121345,137.07977987534684
EK202310118753,130.56259025722534
EK202310209148,155.4257759537324
EK202310235651,138.26917169161834
EK202310195584,151.4019227890825
EK202310131541,135.75546820551847
EK202310167958,151.44972225297533
EK202310232848,129.49297978634863
EK202310112373,141.60050864330685
EK202310247588,154.18849104357267
EK202310124781,153.3660798871234
EK202310187345,163.04743776280606
EK202310117200,144.2738379293638
EK202310103838,135.91635409886283
EK202310123310,137.9518030471423
EK202310193567,151.3954035699165
EK202310176987,148.1694813212414
EK202310217483,125.69920308737122
EK202310219653,132.22854229417385
EK202310189258,149.15902730674551
EK202310213235,145.7863748305867
EK202310148485,149.1860955817153
EK202310243846,127.75695625059953
EK202310157685,145.90887155616713
EK202310228217,154.83483763193686
EK202310167414,145.99647895855574
EK202310116553,147.3836679555809
EK202310154306,150.76052315697257
EK202310218246,147.04602127307746
EK202310214924,148.21751601581343
EK202310124301,144.20879157808508
EK202310132969,130.65489654032245
EK202310116665,143.7236763730198
EK202310126109,144.31654739871772
EK202310246626,138.71066048659864
EK202310165655,137.33182496219425
EK202310222900,138.28850159926333
EK202310183920,149.02374448714522
EK202310188655,139.27941277261164
EK202310140837,150.36445532776915
EK202310110105,123.29132845893012
EK202310166926,160.52398967986534
EK202310222571,138.05881105256756
EK202310130862,157.96774313867462
EK202310159918,148.1272992367268
EK202310191732,160.94386566946966
EK202310154430,146.26504740421572
EK202310209379,139.48295279181735
EK202310242826,160.9283656473408
EK202310127621,147.92768006736551
EK202310144269,144.40321990672084
EK202310168554,163.10032367330956
EK202310225096,130.27345406308459
EK202310004191,140.92683480099714
EK202310198832,136.78635845535166
EK202310166122,157.42754591024297
EK202310197812,174.367717513283
EK202310173577,132.76956714770554
EK202310107780,137.51355946880096
EK202310200080,132.4645503230351
EK202310244832,152.69846416677166
EK202310153701,150.9684956766746
EK202310248897,153.00836900104017
EK202310238758,147.71488743595063
EK202310180956,159.9387664499587
EK202310133597,158.4305770358238
EK202310165926,147.0094364536188
EK202310113563,156.426941134304
EK202310219177,156.73789851223978
EK202310215546,147.72163596881921
EK202310239803,129.72608022602589
EK202310170081,125.67095311717247
EK202310206625,138.7289795142989
EK202310104069,130.63626839547135
EK202310186393,164.21750374667133
EK202310173267,143.32557087624306
EK202310110426,147.66442357108014
EK202310164765,144.75449229669817
EK202310158220,138.5146213035695
EK202310168816,143.65516318028364
EK202310204071,150.80362321373636
EK202310157259,135.63898649278283
EK202310156843,140.48612435838004
EK202310223529,141.32509575057497
EK202310149961,154.05540008791303
EK202310108241,129.31270027904338
EK202310168245,147.59953765560948
EK202310191021,132.7398247882101
EK202310165776,142.34348208591132
EK202310172874,143.4911032816846
EK202310163779,142.3710684006392
EK202310188731,154.34982460062588
EK202310105850,136.79385072258472
EK202310129025,151.9532229228161
EK202310122251,146.86515768515886
EK202310233739,134.77722077221065
EK202310145467,142.06278951082868
EK202310125541,140.20279041970568
EK202310128736,148.23577271924506
EK202310157339,150.72538482779572
EK202310204674,153.97320403497156
EK202310199931,138.3828808628099
EK202310159776,159.79458439560565
EK202310233618,149.95823992847772
EK202310209554,160.2726492891409
EK202310147590,142.67534749187078
EK202310233558,128.8187171508647
EK202310141475,158.2104967556752
EK202310192184,144.51100735833384
EK202310121465,131.82642888013544
EK202310144674,150.5928070022514
EK202310225145,154.25621957525655
EK202310211862,138.41818038326454
EK202310218476,135.984090405058
EK202310227106,146.78886557670947
EK202310184475,131.2615986383337
EK202310132027,133.01816799456319
EK202310134826,142.02508302446668
EK202310182784,170.33321373193215
EK202310236142,142.40309451236536
EK202310215997,178.94230680009704
EK202310218885,163.8493857761713
EK202310189497,143.50444071371112
EK202310242392,135.85945670616238
EK202310139831,137.80693259678807
EK202310159899,131.23253881094328
EK202320007536,139.3827143435007
EK202310205864,154.79985276877073
EK202310205412,145.79023092677951
EK202310178623,150.9799345903878
EK202310144137,150.42895914228555
EK202310156851,140.5257307574031
EK202310200692,133.78628891845435
EK202310221442,153.1265666044978
EK202310225402,152.71740436638726
EK202310128314,148.2162180644384
EK202310135585,149.1860955817153
EK202310230304,171.20321583364273
EK202310106564,143.21089783040978
EK202310195276,132.9032721442973
EK202310168561,149.1537967777325
EK202310238035,147.2676231464351
EK202310210412,142.78878841892137
EK202310193015,145.27724840420882
EK202310160429,149.89339374155355
EK202310203227,137.44168157406443
EK202310144260,143.0005792941034
EK202310231994,149.1860955817153
EK202310169556,139.11398950459156
EK202310112231,141.63037633571042
EK202310179305,133.88296641194944
EK202310111693,132.56055616087298
EK202310163778,148.31748840811022
EK202310197562,142.5180662471325
EK202310147780,147.4330668445622
EK202310165497,175.6736586842108
EK202310191527,134.56060657072726
EK202310106149,135.61627185763092
EK202310179787,140.77163269551278
EK202310247018,153.15581030943795
EK202310177578,143.2048053011371
EK202310138872,163.2055003331011
EK202310204378,137.60330912957804
EK202310146296,144.81014501103502
EK202310110160,140.64948780230952
EK202310179095,146.1605444762686
EK202310220481,123.46446153839814
EK202310227227,159.03355756531647
EK202310234336,162.7261270416215
EK202310145809,134.8762019519347
EK202310209306,151.18371612846303
EK202310225649,136.73002984591082
EK202310226704,155.3610814151036
EK202310157072,156.660383955793
EK202310121530,141.8371969369456
EK202310165600,136.61791610510946
EK202310197233,137.35940379525178
EK202310184332,140.7058700913187
EK202310143743,132.1672766255121
EK202310154640,139.68850950125113
EK202310158286,133.9537240856395
EK202310123880,143.65374090891896
EK202310182423,159.9700118281558
EK202310124053,140.69326589421743
EK202310206144,138.22476062786595
EK202310140890,144.11635534227827
EK202310127015,130.69760900521632
EK202310134941,149.80900732479873
EK202310119304,128.43418228662298
EK202310212796,142.87626926135962
EK202310108377,136.62676359376044
EK202310174180,138.28850159926333
EK202310239157,148.13954968753322
EK202310216632,142.49473733419222
EK202310172285,142.1834192232754
EK202310150279,142.90752416004017
EK202310186491,122.27209502920009
EK202310197932,139.46893723406336
EK202310120172,147.17190722047806
EK202310216664,149.38168081968337
EK202320006884,153.64890616828356
EK202310178918,146.35938038720064
EK202310144935,136.66982283895965
EK202310141510,141.6234477278812
EK202310216762,140.34546956438967
EK202310106406,130.3674261168456
EK202310111996,115.698034408858
EK202310208681,143.15908737935564
EK202310226247,134.54586727428813
EK202310113253,160.73777716759085
EK202310122999,137.97089366707868
EK202310155079,147.35397891815813
EK202310160222,146.0793317116768
EK202310210742,138.28997207885837
EK202310156801,135.5399147379544
EK202310159360,151.1686635603624
EK202310180024,134.9230351990433
EK202310213928,138.97484801167448
EK202310152334,136.35672195514388
EK202310245937,133.58747026935237
EK202310164808,170.98301899248085
EK202310146870,135.77589245002102
EK202310163950,149.84423887513347
EK202310195716,142.30305499266774
EK202310150305,145.26127198242366
EK202310229713,132.46594849772498
EK202310188916,147.00994512661873
EK202310121395,147.05445479562758
EK202310160376,137.1899168373654
EK202310244651,143.05966781364475
EK202310150169,136.85833378727074
EK202310110958,144.32652404842565
EK202310143966,141.01286752077849
EK202310221741,145.52727760658902
EK202310187012,148.85629698832227
EK202310193822,182.57765212743152
EK202310172094,145.28499383007792
EK202310178633,152.2740206354172
EK202310117674,145.76614032355985
EK202310133805,145.26348061631904
EK202310180948,173.25585927042263
EK202310203849,151.94115743334936
EK202310149491,174.40094125133115
EK202310216830,155.72731877488258
EK202310229432,142.63517384695749
EK202310109652,144.52367032829753
EK202310181925,149.91246768991635
EK202310196245,132.05307158325968
EK202310248098,130.44267425344802
EK202310183221,161.8433115861386
EK202310196195,160.25987587212248
EK202310197137,141.29392804277222
EK202310110247,147.32731642125822
EK202310144126,138.8901635166876
EK202310156911,156.67246006885324
EK202310224215,133.74826466417872
EK202310236337,142.65949912454366
EK202310188431,149.04395535427815
EK202310137114,164.11638152126852
EK202310115030,139.6546214239237
EK202310117460,130.02857032708073
EK202310162361,134.91834693334184
EK202310130281,164.7074386617982
EK202310148428,148.38134529107407
EK202310163311,140.73805555321215
EK202310145526,132.58950068154107
EK202310235374,131.06406280942255
EK202310156223,130.58712567914003
EK202310151269,141.58289731085628
EK202310150741,146.12471642675365
EK202310225372,154.5814128100145
EK202310133344,147.58953096251201
EK202310127071,127.24883758746367
EK202310152237,145.80171453283162
EK202310244229,136.3109162084889
EK202310167190,137.69498760647537
EK202310154488,156.37900728170746
EK202310211108,136.35479742654994
EK202310114416,155.68995076183424
EK202310222978,161.17377733402188
EK202310187337,157.09682417785382
EK202310195712,165.16626076866643
EK202310176238,136.66957368292046
EK202310204719,149.43515831516825
EK202310184298,137.73292019621434
EK202310215525,141.59085189051777
EK202310154861,141.47566044770656
EK202310200739,129.18945631547146
EK202310242424,136.12580637348017
EK202310247300,127.09218355759342
EK202310116475,147.02432064750087
EK202310225458,128.99057062034092
EK202310126918,136.98009384991846
EK202310185579,127.92494585627607
EK202310241455,145.29106486048178
EK202310209465,138.4116148744958
EK202310142842,149.34525854405732
EK202310185122,143.6838536261042
EK202310223530,135.0174609378239
EK202310188514,144.69086555552238
EK202310171731,146.36203093847183
EK202310130376,143.77814617722558
EK202310222189,134.72949844113108
EK202310106430,149.71201901474046
EK202310127369,142.24966615444274
EK202310236443,129.4054180738869
EK202310182405,145.62675660284128
EK202310210187,128.58318375209254
EK202310116888,142.78708293368618
EK202310173132,149.0484148594888
EK202310108743,145.7556086102463
EK202310125006,139.48863953096156
EK202310213574,144.80485074862673
EK202310165356,130.68359706619134
EK202310149418,137.07115651610863
EK202310198882,122.41063906683311
EK202310231320,151.06209085216824
EK202310205653,151.06691106287963
EK202310198599,135.65535706254695
EK202310199963,139.76263244523565
EK202310173699,144.33810598326332
EK202310245726,138.56792954345056
EK202320006040,141.4642847655392
EK202310154743,149.8453418856363
EK202310188160,140.2654833814495
EK202310214367,153.99385191192033
EK202310103702,132.32315864147031
EK202310127965,148.1272992367268
EK202310203245,149.686184734508
EK202310139888,144.02971288062204
EK202310108972,151.18013582379135
EK202310004612,126.73682340716877
EK202310143552,151.64101034746784
EK202310120024,147.09661770284123
EK202310221518,138.80247147534783
EK202310180966,162.66965743421196
EK202310193489,139.22013762636823
EK202310117005,141.4293279425068
EK202310213271,148.0955558815854
EK202310120394,131.5322637631093
EK202310183259,134.25653164437657
EK202310125697,147.4498161065437
EK202310110553,139.58168834729435
EK202310150138,147.23584889415844
EK202310169349,138.1105357972486
EK202310224959,140.19293107543533
EK202310003872,140.98423220551152
EK202310189922,162.13474013994195
EK202310196746,157.68064284885008
EK202310189397,142.16579513580936
EK202310154076,171.44541558714144
EK202310003409,128.931303929378
EK202310132461,141.89133904436991
EK202310114430,140.84756570438347
EK202310207939,137.2295185978117
EK202310219274,125.85812173993713
EK202310226342,146.43821392339578
EK202310127397,139.5484558570803
EK202310237125,137.9317855150456
EK202310214068,142.99120155607778
EK202310184942,143.7756622259114
EK202310113334,126.94720711217788
EK202310121808,139.16287680832863
EK202310134472,143.09067394291438
EK202310213189,133.08945702047615
EK202310200986,142.78834508492827
EK202310183319,148.3477505517978
EK202310138451,131.7843757369619
EK202310134480,133.15214197172108
EK202310248001,138.8845966000388
EK202310215511,141.75024202227053
EK202310148692,158.13340383940883
EK202310003356,145.21069232058943
EK202310186363,137.91835584556176
EK202310117649,135.3284590523039
EK202310107222,114.59589798451009
EK202310140103,132.1776747488694
EK202310162055,154.2653385011861
EK202310160543,148.2547188439274
EK202310104526,128.29671090982657
EK202310111072,149.87762041232205
EK202310144115,138.83125087756798
EK202310227753,161.17467532076535
EK202310168401,155.72731877488258
EK202310225278,144.2892926685984
EK202310121727,137.13537163832532
EK202310209068,155.20103642731908
EK202310117324,150.81492154979864
EK202310119649,138.81994995210707
EK202310154151,140.4834367502399
EK202310235668,146.43091861074888
EK202310197052,139.17760642099418
EK202310133218,145.3383365268112
EK202310228623,142.79160610944984
EK202310236771,136.99426938611876
EK202320007756,135.43065194581095
EK202310123680,138.63170408600863
EK202310153796,138.31469750384642
EK202310184256,148.01395262440954
EK202310189360,160.83720235285875
EK202310169170,141.16852938497087
EK202310238568,158.29259417449884
EK202310147463,140.68454688039932
EK202310246348,135.72582489357984
EK202310146645,138.0540145109669
EK202310112043,118.45740841461588
EK202310126693,136.64012880093276
EK202310105633,136.48145624152772
EK202310108187,147.37163572886408
EK202310142659,140.52504703770714
EK202310154109,148.4332301317175
EK202310187961,166.65465067811672
EK202310138151,135.558634856451
EK202310145768,135.29307483501972
EK202310204437,137.9918044101225
EK202310234444,139.94634629564612
EK202310146920,136.71230779953873
EK202310191972,159.7796505339104
EK202310135664,141.4258661508227
EK202310136647,157.25326979309182
EK202310149136,137.87008611898304
EK202310004755,140.75518442742006
EK202310003806,142.6521345314599
EK202320005862,144.54026686775651
EK202310238222,125.60544523031001
EK202310165638,137.22883991121083
EK202310195278,142.31722238957272
EK202310191050,143.58298044591214
EK202310165081,163.92108215705454
EK202310141108,139.3121390037504
EK202310225501,139.30066266955444
EK202310190006,154.77857315698392
EK202310232901,155.9472143640403
EK202310183145,134.88550200346555
EK202310133834,159.93962935255541
EK202310111865,133.1882505193364
EK202310233162,141.10330782706507
EK202310144096,138.0908930745268
EK202310241460,149.98645921266095
EK202310148061,147.53610206895164
EK202310123096,135.4107717117978
EK202310168745,130.292878581142
EK202310232533,141.36855071499562
EK202310238139,143.68042590927922
EK202310107671,147.23641414967216
EK202310003635,141.60518347563553
EK202310160939,131.65669375726853
EK202310165138,148.43279602814377
EK202310177363,161.64288813284014
EK202310140380,150.79485146889945
EK202310127640,144.58133233616215
EK202310145483,141.50723039403186
EK202310144142,135.5433822765896
EK202310182466,143.72472919507783
EK202310134774,136.3448450430506
EK202310239504,139.5303066307687
EK202310179694,134.8484645773159
EK202310105818,142.17776496433402
EK202310206801,144.06053076778997
EK202310133427,148.77297519450755
EK202310172349,132.25581754683478
EK202310144166,135.37915890050414
EK202310118960,128.6796110753417
EK202310199115,145.5952944143175
EK202310213777,152.06126360478092
EK202310232118,139.8384560992584
EK202310204757,140.9846573349803
EK202310241858,132.75285490311452
EK202310204589,147.224303548398
EK202310224131,141.08809365689106
EK202310160384,154.7819263098326
EK202310158733,151.4564369251332
EK202310139320,126.5322953226269
EK202310186373,158.00958954645284
EK202310207408,145.70176356147104
EK202310202032,127.65423782545243
EK202310191726,129.98799344685688
EK202310237659,145.76614032355985
EK202310202929,148.21250467436485
EK202310138221,131.61393133031842
EK202310213944,146.86602822744888
EK202310217592,145.12981200759032
EK202310156873,140.32268154924947
EK202310154026,135.91395015490377
EK202310227896,140.52319666250003
EK202310165724,147.43665199720002
EK202310160534,137.21793028188182
EK202310238733,138.79967769839456
EK202310187242,164.2587481434212
EK202310160829,139.61272972271223
EK202310160276,154.68026789950449
EK202310137939,132.41907032078362
EK202310200291,137.01227194253488
EK202310238138,125.15261953098025
EK202310217144,147.67966309885526
EK202310196491,150.50763882593404
EK202320006298,135.2580204685689
EK202310228178,140.95352542002203
EK202310138802,131.90995554469512
EK202310240713,139.983904045076
EK202310175243,143.6504157744723
EK202310207967,137.14568336207125
EK202310107352,138.68721888957444
EK202310211309,140.07843186218452
EK202310131783,133.70327807893358
EK202310166826,145.3782551416447
EK202310112512,138.35590294571963
EK202310153955,148.58975664997115
EK202310223762,140.59204321816287
EK202310220803,137.21925889620752
EK202310191806,132.97684544911175
EK202310139794,140.96502278364397
EK202310004495,141.35418869048914
EK202310165321,131.57792560896812
EK202310152644,137.39767197408912
EK202310107844,136.22046198598616
EK202310224636,135.60491161301326
EK202310182912,132.9265863051569
EK202310227725,142.1625650977112
EK202310129401,134.9253968643786
EK202310132710,133.5966182630557
EK202310167591,152.54217628445863
EK202310209362,137.5946228247588
EK202310191553,156.8916673305611
EK202310191129,135.5735517784071
EK202310229273,130.19799238909928
EK202310177141,137.90596295834877
EK202310210987,138.71562089911973
EK202310246808,130.5041136131824
EK202310186424,144.11739787665385
EK202310243671,138.27510906807072
EK202310157978,132.07433448813617
EK202310141176,130.01916850230612
EK202310166632,158.43822334068585
EK202310188518,154.4323746676623
EK202310176726,149.92801894078218
EK202310232858,158.2290179811592
EK202310203103,135.69889871576544
EK202310172581,131.7117423696486
EK202310129669,136.74927443564255
EK202310149026,158.0870494409156
EK202310151271,144.85388855516692
EK202310164311,134.56132853575767
EK202310193156,149.34525854405732
EK202310183315,152.76904853219096
EK202310129742,155.8662787505634
EK202310244163,147.79733553409343
EK202310162820,154.18043683794824
EK202310158627,150.04010297125967
EK202310195793,130.26167045399416
EK202310243898,160.74131008684557
EK202310211036,141.7345877212452
EK202310231066,128.33397422382436
EK202310188792,155.8992146053017
EK202310181166,147.53561702958373
EK202310240476,141.79636714016848
EK202310197771,167.10733657211136
EK202310141037,150.53027348966685
EK202310204780,142.5260371613865
EK202310191058,155.85188833633754
EK202310173228,145.5497219533752
EK202310197491,148.11061223223535
EK202310156720,144.6562696383042
EK202310244219,146.23629016411923
EK202310119128,150.11056318569211
EK202310241327,152.1980824557746
EK202310152238,156.5963280504935
EK202310179839,129.37098529366054
EK202310238196,147.5585936882846
EK202310153091,164.7723544760594
EK202320006753,161.30813577903737
EK202310123570,146.14689376971268
EK202310163341,141.01188734423602
EK202310162440,146.45017528296702
EK202310151053,144.20108536901577
EK202310188188,158.432147888919
EK202310127289,157.78187497166425
EK202310248374,134.3870308890106
EK202310167393,147.43856065556878
EK202310192930,143.6361399506978
EK202310113187,153.68190321824108
EK202310174516,149.8392406497273
EK202310187588,132.67966173937964
EK202320007750,145.97326325313966
EK202310189741,170.4824638067141
EK202310174859,152.85427991145158
EK202310195086,139.79128638504034
EK202310183873,171.19889736967679
EK202310171631,133.30232798566124
EK202310123283,130.80255914686126
EK202320006306,168.71671362366982
EK202310139834,134.83804751688834
EK202310239785,146.91664315264242
EK202310153276,146.0187036440498
EK202310180328,158.85418177767875
EK202310207645,163.7292283414378
EK202310130192,149.42622685046828
EK202310154977,143.1948380939588
EK202310139793,137.9444536267626
EK202310243107,143.74745785878898
EK202310209482,147.0378716652138
EK202310241115,131.92750931678003
EK202310214880,132.2167782935006
EK202310240253,137.3909497560999
EK202310226088,140.81154731353402
EK202320006633,165.19329203401432
EK202310245104,160.9283656473408
EK202310112870,156.62422653443323
EK202310161734,147.19704249753693
EK202310225927,137.6475776964378
EK202310145336,147.1110014364463
EK202310137212,116.21654506728595
EK202310190306,131.45856783318104
EK202310172851,155.1697106406278
EK202310231101,138.17001464465451
EK202310212990,132.07208878187964
EK202310122658,138.26386788967488
EK202310176278,152.52530631925316
EK202310200882,152.71740436638726
EK202310152325,142.26514417172686
EK202310151272,141.89120526373847
EK202310194215,162.62962501200218
EK202310185678,148.23509510215598
EK202310243281,149.65773388635614
EK202310120514,127.33937217902351
EK202310126433,139.9186097903905
EK202310122944,122.01869530849277
EK202310236394,145.66136462926607
EK202310218087,139.54837741371034
EK202310151593,152.01704355289013
EK202310110201,150.44150785998923
EK202310131708,150.90961372214397
EK202310111333,137.82147816962774
EK202310183969,144.32553199229736
EK202310161113,167.90772137524246
EK202310184302,152.72943856259334
EK202310152148,138.67889083304055
EK202310236146,141.00462451839803
EK202310229823,145.9010392463689
EK202310133950,164.0499675416593
EK202310176959,150.64008571163987
EK202310003859,150.58829545547792
EK202310185070,151.6561534514242
EK202310004826,153.401141393747
EK202310192593,137.49477480602465
EK202310212457,141.10371507014207
EK202310133750,126.87857532541392
EK202320007484,158.2678650203461
EK202310190675,149.34525854405732
EK202310129882,146.24751475804587
EK202310216142,138.24909016190304
EK202310197446,145.5357506926664
EK202310243332,150.2478033246423
EK202310139113,148.1499595560557
EK202320007314,150.40870155457586
EK202310192244,153.0228121533296
EK202310209792,136.76586264161693
EK202310218921,145.62714424799918
EK202310128700,135.59392322449986
EK202310219548,137.23908128782452
EK202310230864,139.5238063083552
EK202310141941,145.09248453759284
EK202310206423,140.53599199740006
EK202310188250,135.73290531220002
EK202310180278,124.48986164011484
EK202310123620,144.1750989630755
EK202310180928,139.14720702961262
EK202310148298,141.47728444154689
EK202310124265,144.80190668323573
EK202310125883,150.1142141801529
EK202310128123,137.89856116104227
EK202310234185,128.0992874999344
EK202310141809,164.5688042718383
EK202310125724,143.4559395445691
EK202320006085,141.4298800276852
EK202310232099,148.9020796197055
EK202310193331,152.72943856259334
EK202310205400,141.11795974056122
EK202310160975,124.37777938122109
EK202310203863,165.90667463455728
EK202310126413,131.34477845925306
EK202310118450,149.80098881107318
EK202310133563,142.45633738218686
EK202310239448,130.82005718562124
EK202310114694,150.48753771067015
EK202310158288,168.76584220197435
EK202310122422,131.20041958620376
EK202310235320,146.74323918886253
EK202310201960,126.02364225685778
EK202310194645,159.03355756531647
EK202310214962,152.20359440545354
EK202310247868,140.46114827110452
EK202310126826,133.77108756761595
EK202310120690,153.2456850181651
EK202320006557,161.81690004294387
EK202310224482,140.10110086225072
EK202310188666,143.18632706119226
EK202310167967,158.31275097560507
EK202310240200,145.50897139468097
EK202310183867,145.48623906501712
EK202310195682,124.89134635047644
EK202310108034,152.94310556193557
EK202310143324,145.29711137015815
EK202310139977,154.0986041063572
EK202310134578,143.91625012992466
EK202310003485,129.48278944769206
EK202310127332,148.5763720113282
EK202310195959,141.6196457510221
EK202310173389,143.53126285202808
EK202310120326,124.28076519892727
EK202310228101,134.01160337033977
EK202310194577,154.78037502778642
EK202310230845,144.52367032829753
EK202310144430,138.8558778895669
EK202310155784,131.3079132355837
EK202310160254,145.9024326116298
EK202310118458,131.3210361996103
EK202310134107,179.95599831267856
EK202310247672,164.7723411309969
EK202310233715,132.4620360671577
EK202310192802,160.16692954339695
EK202310226073,130.18817654462947
EK202310112128,151.46962476183523
EK202310214142,162.33846960107797
EK202310205070,154.47862283773966
EK202310191656,139.00371384598662
EK202310108700,146.4576019277646
EK202310121333,158.16875250879485
EK202310153942,139.21695904215005
EK202310228151,138.14119898992962
EK202310185062,147.51448019393916
EK202310133213,153.33396679015567
EK202310242233,142.91031240245812
EK202310143796,146.48044898210674
EK202310202444,150.29849596442344
EK202310166800,145.75694693452652
EK202310191020,142.6149854010873
EK202310122069,129.11281635499063
EK202310221793,153.52274025589907
EK202310235848,142.97724641214847
EK202310205016,139.6495567153118
EK202310119021,146.4641227677256
EK202310222995,150.93094921679082
EK202310114479,138.58284621912088
EK202310182453,140.29850732616285
EK202310143133,141.13186772622262
EK202310175194,145.21398390363265
EK202310144671,146.44207546605432
EK202310245023,147.3512112204528
EK202310144979,135.3842193142476
EK202310235216,138.71710696952306
EK202310247586,144.6562696383042
EK202310105223,146.50020655091407
EK202310163741,155.6989791922569
EK202310141732,160.2360975090118
EK202310142505,138.75486098178663
EK202310131799,143.32663430000974
EK202310209090,149.5661703530771
EK202310159139,148.54638451455423
EK202310214093,137.60872596933632
EK202310199515,146.10977274737598
EK202310228095,139.6513325198808
EK202310173578,138.78468552241912
EK202310170010,152.52994382266783
EK202310164861,146.0311549628942
EK202310167580,150.7952944636282
EK202310225936,120.7556844191668
EK202310147008,147.87996891532964
EK202310187537,143.30530377789
EK202310170479,154.27818860812462
EK202310238268,140.56378468207873
EK202310231268,140.2512980647778
EK202310167280,149.13475006497683
EK202310203266,139.49495918295793
EK202310179810,134.45093598947955
EK202310107445,141.22662829317693
EK202310107969,146.83785795099277
EK202310127481,138.7002074694658
EK202310180706,139.6898308662039
EK202310125230,144.79571860411332
EK202310127751,141.54748087839857
EK202310172588,147.5541462600085
EK202310202984,151.9076946901554
EK202310104212,135.7167478740744
EK202310106923,134.03889408311647
EK202310147971,149.33214804306738
EK202310243146,143.41783704685787
EK202310171023,138.66335009556582
EK202310109775,148.5474368612453
EK202310205700,143.54424682329508
EK202310143997,141.4072163108278
EK202310132126,139.6122995742638
EK202310127316,176.17022723168424
EK202310107147,143.80306268288933
EK202310151185,137.88292636084958
EK202310228200,129.7641108664113
EK202310117856,150.27525183172415
EK202320005717,137.66663518234586
EK202310129616,144.74122657414557
EK202310232791,155.4552591809024
EK202310243834,144.09564284360602
EK202310246208,142.60689451194517
EK202310160233,150.94184501501553
EK202310149219,132.90958516472847
EK202310108589,137.3257517092122
EK202310204725,150.4820548582824
EK202310243502,146.01914247464384
EK202310114320,129.37067321611443
EK202310202291,136.15928760111584
EK202310237771,151.87778482195634
EK202310216760,152.74001935279983
EK202310244222,139.6450381437059
EK202310113733,139.7374322018505
EK202310138119,144.27481008913145
EK202310219085,142.21097446288218
EK202310153944,128.27606006189117
EK202310161644,154.32067063188833
EK202310204382,145.0917133115741
EK202310229663,135.20646653038042
EK202310156198,142.33158599603468
EK202310148211,126.51255356696518
EK202310152274,131.11910392834577
EK202310197042,132.4901503135978
EK202310163556,149.7002187122375
EK202310197960,166.63277531984113
EK202310232731,134.18488990913497
EK202310147947,145.18375646186666
EK202310144176,142.2737543915755
EK202310237272,146.28019709340796
EK202310195596,132.47493161951576
EK202310231682,144.31208176977407
EK202310114178,142.41310018658518
EK202310165798,123.33731571503078
EK202310177163,144.24665304983333
EK202310161995,157.2915764090035
EK202310130803,140.29367738745125
EK202310225601,141.81906971957875
EK202310139718,140.58692906957248
EK202310146622,140.69518130251242
EK202310113181,129.85941855824117
EK202310179401,146.30561110452032
EK202310202908,139.27315246693357
EK202310171925,136.9944781021309
EK202310136543,134.72944389896375
EK202310119266,134.2008336903899
EK202310144770,141.3384527747487
EK202310217594,156.1848509531285
EK202310224918,149.84333473505876
EK202310116728,131.7758338690501
EK202310136368,149.23344567134268
EK202310242872,141.9262350461638
EK202310226098,134.5016456352662
EK202310243029,133.241610639362
EK202310234838,141.17902835308914
EK202310103797,150.20529236542714
EK202310159666,125.6257227915639
EK202310234494,134.544244852108
EK202310134806,137.40765493865413
EK202310191437,149.34525854405732
EK202310125110,140.0175846941443
EK202310217366,139.76120419128912
EK202310191101,136.61713787711233
EK202310179382,144.92453427701273
EK202310137469,143.81851973094987
EK202310137658,146.82896301235672
EK202310134629,123.78430593379473
EK202310104525,134.90479953768676
EK202310151444,153.65576293026146
EK202310237636,150.8950145200853
EK202310143439,127.77875844783249
EK202310149845,139.62683098616793
EK202310128851,139.03994391657588
EK202310237330,132.18898697015098
EK202310117295,140.45323286108334
EK202310243270,138.05101807378804
EK202310187106,149.38154049334165
EK202310137652,147.9277728551107
EK202310217947,137.23533286566533
EK202310215368,150.36703006678462
EK202310113202,145.82467326602787
EK202310122109,141.79636714016848
EK202310121040,135.77589245002102
EK202310226711,137.68580270785225
EK202310132709,130.8760343394682
EK202310169984,148.92382250621912
EK202310198212,151.3429866663957
EK202310158003,148.66553456013196
EK202310214974,145.80171453283162
EK202310134360,145.96887782167983
EK202310178688,161.7049892025879
EK202310171682,158.5069082264732
EK202310103768,145.2588260163529
EK202310209555,149.5830330651398
EK202310151086,139.06622076339352
EK202310201836,149.83590874197532
EK202310174895,139.16287680832863
EK202310138537,155.07186449975214
EK202310111581,133.51159120557966
EK202310219638,148.92634362807817
EK202310154214,147.1423829703851
EK202310200463,151.1798098271912
EK202310172356,136.7711131634164
EK202310164996,143.89980789037224
EK202310140375,152.41076768498672
EK202310216009,126.80049247437236
EK202310113207,125.30339708721147
EK202310132100,140.14148613508638
EK202310126863,155.14068783121127
EK202310146868,138.0942424627707
EK202310108177,167.22446637608599
EK202310166280,161.6577765049904
EK202310182008,174.93101432194996
EK202310162197,141.1028170833986
EK202310147752,134.73488105460982
EK202310003947,129.30672390368477
EK202310176472,139.99773445122042
EK202310234387,140.03178673920104
EK202310170022,140.43239663662132
EK202310171056,137.5137298904422
EK202310180973,160.39078402121623
EK202310166464,144.98161383634783
EK202310123184,133.8240604719357
EK202310192128,146.91723624930157
EK202310207232,125.46586907828684
EK202310133397,130.04003643418983
EK202310113037,140.43838462809987
EK202320007617,156.68631281196602
EK202310128691,125.17726924975327
EK202310234443,133.2237776395247
EK202310163599,148.02577227643303
EK202310124529,148.02593055584683
EK202310195861,145.31093841671412
EK202310004652,137.8090659731258
EK202310128598,146.83115452828582
EK202310219754,142.34522759831114
EK202310153907,145.45424169968626
EK202310210564,147.489588493233
EK202310119285,143.9676726782365
EK202310236273,128.89547723826786
EK202310205597,159.12691213027475
EK202310232930,132.29388509480742
EK202310191886,157.35886475482442
EK202310236382,132.75777317813566
EK202310174764,153.08401990341093
EK202310105490,151.7424675039277
EK202310177012,164.4216228319542
EK202310128378,151.2965166739628
EK202310165398,134.52539241815592
EK202310142395,152.34079692097586
EK202310220861,142.38310765179855
EK202310209523,132.52586435070782
EK202310122997,138.41525279893892
EK202310205282,133.52666798442206
EK202310131435,153.47163439789682
EK202310203906,136.74630960694589
EK202310236413,142.85222234449148
EK202310156951,147.09661770284123
EK202310106622,137.20992849297608
EK202310189975,167.85371928994215
EK202310225784,124.8684139592083
EK202310219294,130.86413871229195
EK202310105442,134.9878155446973
EK202310132208,126.92290402055067
EK202310105616,147.69988343263034
EK202310174736,142.29706311896157
EK202310196913,157.91431275779485
EK202310137961,133.8374170199581
EK202310176163,143.24384577178594
EK202310110032,127.24442861069495
EK202310157504,140.20981691648097
EK202310233635,141.23878691608124
EK202310248436,149.60888121349998
EK202310202168,136.4240680894149
EK202310155766,142.34852960810758
EK202310139190,137.85654809892966
EK202310178893,139.75463793764698
EK202310194060,153.03118256809373
EK202310118567,144.42112345819564
EK202310127903,136.3118808115156
EK202310236053,117.04814596537028
EK202310156969,154.77116790254965
EK202310113094,143.36160333632458
EK202310117682,145.3454619135872
EK202310175150,142.8186156410219
EK202310190181,146.59101482340876
EK202310144477,136.31632646977633
EK202310167953,155.88996418154116
EK202310123207,152.5459744015979
EK202310211120,123.01061203584133
EK202310158476,140.61247032356817
EK202310245986,132.73434689839513
EK202310141979,142.60175203837863
EK202310210627,138.03787948721174
EK202310131358,139.5238063083552
EK202310108863,141.38874516239483
EK202310106507,140.77454400082394
EK202310219636,140.8094717830606
EK202310206075,138.33517696824592
EK202310164374,150.91382998419135
EK202310247640,138.0942424627707
EK202310128033,167.21577251519236
EK202310202213,151.4202979950133
EK202320007199,138.68754071585678
EK202310148351,145.66693840663018
EK202310167191,152.97763241031768
EK202310191728,157.2757753133165
EK202310200275,132.62532476910326
EK202310240207,152.46759153251529
EK202310169132,146.33075434729395
EK202310144609,147.86000720151424
EK202310198534,150.36445532776915
EK202310117322,145.50220166692407
EK202310111311,144.1255725282742
EK202310132198,136.02328735325105
EK202310123213,142.68441089994735
EK202310175579,144.1573844363757
EK202310179611,146.10527353503443
EK202310162505,151.41776321198287
EK202310192578,142.9912962486414
EK202310106746,153.79232577878403
EK202310131965,135.6181252697298
EK202310193615,131.42409245599544
EK202310196394,152.9031057844852
EK202310219201,130.14286101040474
EK202310223123,144.97775362510455
EK202310193426,148.65235601340862
EK202310118739,158.73407171242934
EK202310106117,140.97044826804532
EK202310104981,149.1344360738804
EK202310210450,138.174404113578
EK202310174407,140.6003230761312
EK202310104567,151.1798098271912
EK202310127432,139.6337610598882
EK202320005737,139.8024302192098
EK202310191941,145.3247588124304
EK202310153855,130.59317534081944
EK202310207694,149.07230096333367
EK202310227244,137.75420295315342
EK202310153520,128.13155297302345
EK202310160923,154.55977401439978
EK202310105321,134.35574710068008
EK202310134289,152.57027560025134
EK202310221860,143.4070760155018
EK202310127051,128.1700772289994
EK202310004011,136.6916870182244
EK202310106438,137.02339678516486
EK202310223885,124.61310679918171
EK202310147175,148.64088084255968
EK202310172305,137.4778832859584
EK202310233355,130.59069058143325
EK202310175639,147.9477420141511
EK202310119187,140.77163269551278
EK202310208266,146.0187036440498
EK202310218780,146.77527946308615
EK202310208314,134.5097805236004
EK202310231800,137.5824839215057
EK202310128055,150.45220084240333
EK202310239898,132.99279411378635
EK202310216957,143.34492411803888
EK202310209441,133.8937302468475
EK202310123208,147.6994209350889
EK202310209923,135.78120335232313
EK202310133751,142.4132187098874
EK202310245312,136.94151291606835
EK202310115764,136.16960835585286
EK202310207764,155.8098859072192
EK202310240599,162.06848733748697
EK202310147315,144.12394848947355
EK202310131500,132.63409458185777
EK202310176669,153.3157693925746
EK202310123945,145.72630129366644
EK202310209731,124.33645691307304
EK202310144605,147.69612560206983
EK202310122549,127.17600687003178
EK202310145497,132.58950068154107
EK202310140293,132.26551936314382
EK202310139650,132.22205249112446
EK202310157829,130.71600067104205
EK202310106995,152.30357700892648
EK202310124413,172.79100430907235
EK202310214088,148.2385404491474
EK202310164191,150.33686548611573
EK202310226197,133.50597279326692
EK202310004226,147.73207367056307
EK202310108441,136.34219926498025
EK202310135386,148.71446181500548
EK202310129306,139.01529554526712
EK202310235944,136.3794230745334
EK202310247944,137.4559145044217
EK202310165677,138.54005515876918
EK202310199534,146.90714132800466
EK202310126380,132.08621507520843
EK202310154011,138.74114085974145
EK202310132506,158.11220584931064
EK202310108076,146.9095705820231
EK202310160457,137.1565954332645
EK202310208714,153.45741752597996
EK202310154569,142.310121974701
EK202310144642,143.65765325087236
EK202310190051,153.96770530695025
EK202310117172,145.5306320244767
EK202310177405,157.47267287135617
EK202310213301,146.13504455564237
EK202310137198,153.52987523808517
EK202310151042,147.86260656212227
EK202310168461,149.63622015114467
EK202310243164,143.69981614333352
EK202310179023,128.05760982944741
EK202310160904,151.6473345982971
EK202310171189,146.60092557365175
EK202310239158,139.19905522516123
EK202310167988,146.65289993031033
EK202310226837,147.12224355325776
EK202310135580,135.01737786267714
EK202310246488,139.83823241327428
EK202310003762,140.3179778832506
EK202310134904,134.8415187810064
EK202310136330,146.51856814674113
EK202310217816,136.97120345218812
EK202310122041,133.70158316485688
EK202310246474,148.56683139927836
EK202310157040,146.68803360071226
EK202310198401,169.67027949922937
EK202310117127,137.00682795108767
EK202310105754,146.51854334954265
EK202310166261,141.81247035653774
EK202310168044,148.82223630755541
EK202310220538,131.2050692124527
EK202310139280,143.8430165884462
EK202310135523,150.60380930499852
EK202310236682,141.75647080198016
EK202310244877,141.06233791797465
EK202310107483,141.17708375690486
EK202310175451,127.49269346968684
EK202310180461,162.39665144247877
EK202310144697,143.85652995101685
EK202310123532,126.91198728786412
EK202310123754,153.18340792667843
EK202310206309,141.2589040331359
EK202310239121,145.51695543186213
EK202310104310,146.19736287988204
EK202310211761,146.48834593039038
EK202310191013,151.91195173590103
EK202310240312,152.71740436638726
EK202310217200,140.60149094453902
EK202310114563,146.50732953602773
EK202310161367,132.04572842621644
EK202310144122,147.8766889655822
EK202310212504,136.8377665059245
EK202310177497,149.34525854405732
EK202310236237,146.12985407536567
EK202310198587,157.10989318319022
EK202310163062,153.63292241189376
EK202310164746,155.09656279377907
EK202310201875,138.35590294571963
EK202310172081,155.01585634522812
EK202310239571,151.9405803802945
EK202310135582,142.52139691425378
EK202310168412,159.13742876478238
EK202310207958,138.3951143425358
EK202310192851,151.637096008528
EK202310192868,139.66303987559306
EK202310240745,146.49285455866624
EK202320007142,144.36450736595552
EK202310242152,148.66487382145255
EK202310158334,143.70228386948045
EK202310202840,139.7333980210265
EK202310135210,153.05047087360572
EK202310140844,153.33867459517288
EK202310231684,134.6403615034716
EK202310220876,135.97339712074861
EK202310135369,137.52386236175198
EK202310163963,147.11074399617002
EK202310126679,134.35603875261475
EK202310162655,149.05883336223033
EK202310154642,150.11056318569211
EK202310178024,141.4976157370907
EK202310168498,143.81290387126097
EK202310220365,146.8161808588855
EK202310111380,147.3338978489647
EK202310152697,151.0346180757258
EK202310246759,141.75024202227053
EK202310111419,150.83569089847947
EK202310218578,127.7602281232382
EK202310110262,125.97866162513917
EK202310112025,142.49195007935936
EK202310219733,145.86666163451702
EK202310188715,141.73204230139646
EK202310120824,150.01406189935193
EK202310115460,136.3069077771008
EK202310243920,134.2025295934308
EK202310177399,149.48596070079
EK202310187981,159.10812399120246
EK202310245247,141.82387427164798
EK202310121751,133.65909740706468
EK202310157398,142.3824922467157
EK202310146316,148.0204554870352
EK202310147009,141.62270250232015
EK202310186969,150.71885106351215
EK202310137065,168.8354010989631
EK202310121746,130.23547089390638
EK202310156291,149.07053855050643
EK202310214011,145.81471658683577
EK202310214233,147.5529796177287
EK202310119619,139.69961937247874
EK202310179742,145.73418369709563
EK202310182000,148.601573956121
EK202310200585,146.24565789541748
EK202310152222,144.86029921116636
EK202310149190,163.49036872505977
EK202310187819,156.30509715795895
EK202310124003,171.11301407341716
EK202310201545,146.0193460377436
EK202310171385,149.9369803283127
EK202310238751,136.75050003644557
EK202310140367,129.55618802242668
EK202310237130,151.66070015571597
EK202310198345,140.05386986529984
EK202310247133,159.3418118155616
EK202310137734,127.32588535393485
EK202310148474,144.9651325879612
EK202310150325,145.97722163990102
EK202310208250,143.65665307350662
EK202310232333,139.61371950421469
EK202310226045,134.42348751508138
EK202310158994,135.53091267279459
EK202310198109,165.04938043636275
EK202310193685,139.33798261246878
EK202310178796,161.32521907089134
EK202310168028,146.0359541177167
EK202310106830,130.1305368514757
EK202310181540,147.07799725611392
EK202310182066,145.03968373633722
EK202310206663,145.92530328590186
EK202310219839,153.2712794671713
EK202310201710,152.74003388932692
EK202310187487,133.1468097427075
EK202310202274,145.5984958855845
EK202310137558,135.94648919502373
EK202310190906,144.9651325879612
EK202310223424,145.93479263078825
EK202310178941,130.0413963281845
EK202310184440,141.8032571075828
EK202310155782,121.21537933698184
EK202310122432,142.7031095183505
EK202310182848,139.77567161294326
EK202310164226,151.43092646106882
EK202310173490,145.7857991619111
EK202310213090,126.44732991607495
EK202310153722,156.63151638437435
EK202310173472,149.43977676251905
EK202310167875,146.63522583897225
EK202310133234,132.3996226713625
EK202310223308,139.49754833011582
EK202310205100,136.9405812103096
EK202310198402,131.72550740380117
EK202310110225,148.39550759896568
EK202310171586,141.1669551704932
EK202310122356,153.96425208581954
EK202310163392,138.6211771978025
EK202310183719,152.6264347632504
EK202310003951,153.66053594309133
EK202310138515,154.34982460062588
EK202310170831,133.23871189996348
EK202310133182,137.04070868498025
EK202310111516,137.96927547711266
EK202310125263,136.5779442366897
EK202310240055,137.94857101362052
EK202310180483,142.0962993390268
EK202310204716,135.92321998621586
EK202310187018,144.4884530328339
EK202310158527,151.9387256728633
EK202310122260,148.7150339954997
EK202310234650,145.85946863475803
EK202310144474,136.9163215068787
EK202310237894,133.7638043858852
EK202310106091,146.21412711644433
EK202310188317,144.73396204945152
EK202310158850,140.24769160369695
EK202310186426,158.7193116436039
EK202310169750,140.96151634966685
EK202310206676,156.97833242597497
EK202310155928,160.31144175800046
EK202310230978,125.74594693168848
EK202310233369,124.55959500413692
EK202310129476,138.20803908686477
EK202310133048,138.1825192218128
EK202310165488,144.0433805788755
EK202310143637,166.27985071944218
EK202310214266,149.37584101042205
EK202310126225,141.75477008279938
EK202310152458,148.90143775344265
EK202310223231,141.5026335088817
EK202310120167,137.2174797322804
EK202310143015,141.32983646269196
EK202310158308,152.67700251710858
EK202310173081,144.8566879071464
EK202310189028,132.36722623824286
EK202310132273,160.21896441439858
EK202310128353,143.78569223682396
EK202310174810,154.67857627830006
EK202310239062,148.82510943450092
EK202310120641,145.829883412733
EK202310244227,146.79707330536758
EK202310118757,126.67171652930718
EK202310129075,142.5099036444876
EK202310224814,136.3910440597712
EK202310004731,126.97097464033163
EK202310156915,161.63982902217333
EK202310115641,134.32388394401056
EK202310118147,155.41061856825613
EK202310248390,144.03053693750897
EK202310218403,138.46830768783582
EK202310155441,148.25049036634002
EK202310230283,143.70470391332967
EK202310162794,150.34451171932682
EK202310182211,156.2254534225238
EK202310143073,141.65797557287587
EK202310177848,143.0361220042129
EK202310003966,155.50608006599424
EK202310194839,145.23566191240778
EK202310233597,137.82462874667848
EK202310160959,146.3257128684708
EK202310225528,148.6073356009256
EK202310108255,142.54224021266162
EK202310166709,147.3061253259444
EK202310203616,146.72692841308634
EK202310189898,163.64606640299166
EK202310135324,155.1319508780085
EK202310183856,163.07440650974112
EK202310178334,149.87762041232205
EK202310112277,143.84548581250212
EK202310116332,137.9317855150456
EK202310174408,142.8941324925447
EK202310225395,147.88417301716584
EK202310179921,143.83651095104267
EK202310136896,138.04159337521702
EK202310246946,149.60554734567864
EK202310132878,138.17725269605197
EK202310132936,142.56327248659872
EK202310117215,144.91621030531098
EK202310194744,149.4890712629159
EK202310239667,146.98889716578984
EK202310137081,136.22948041753367
EK202310195120,151.5021496287377
EK202310244943,143.6228646575083
EK202310216463,143.58298044591214
EK202310175023,154.32350817378506
EK202310123452,137.90294083368678
EK202310120759,138.70459475452765
EK202310200555,168.79085867017932
EK202310183159,157.11260491547858
EK202310237119,145.85954068170778
EK202310241465,137.82648176676736
EK202310185913,141.3164956725185
EK202310207534,152.57027560025134
EK202310158605,157.30040709092358
EK202310193608,136.59483752007833
EK202310238219,136.53869514741572
EK202310142209,154.45686687727874
EK202310158659,137.415586103413
EK202310196102,138.16312640272318
EK202310244335,137.0879555224324
EK202310151300,146.9828230844596
EK202310135647,132.9519810383606
EK202310208600,138.57042113699598
EK202320006689,156.6975721104897
EK202310208813,148.04252473925555
EK202310154438,148.68390927282806
EK202310165804,134.82911486797173
EK202310124724,137.11398520981393
EK202320005923,145.9836831212317
EK202310193868,143.2167025582956
EK202310243558,135.59617348416495
EK202310213393,145.67443609833393
EK202310142913,137.4559145044217
EK202310168870,155.49254655623784
EK202310246882,151.81280415971713
EK202310123829,133.1347031323442
EK202310125993,140.1707875600227
EK202310148678,130.64105407270105
EK202310214338,138.5394400291278
EK202310118609,136.02835202497226
EK202310223350,158.7964779644405
EK202310161314,133.00147074088096
EK202310172634,169.99765928116508
EK202310218585,131.81695127698083
EK202310004027,139.48964992676778
EK202310177913,148.69319769384322
EK202310195749,134.06679386671846
EK202310176453,135.50040186715032
EK202310213885,141.06499783811466
EK202310137118,145.78691752757658
EK202310219450,124.10165876492513
EK202310228378,153.3350340991384
EK202310157141,169.31126255949897
EK202310131718,159.65463685748404
EK202310165083,139.16287680832863
EK202310004821,135.67842066588955
EK202310115195,140.543616873507
EK202310179460,128.58457400341234
EK202310204918,138.0314384039544
EK202310126066,132.99689761066844
EK202310147822,145.101375751991
EK202310233974,145.8473268371858
EK202310152337,157.0923246833848
EK202310121597,156.77502547112394
EK202310113315,133.2296311204444
EK202310172487,166.75820576548728
EK202310208865,151.22607402522164
EK202310178856,131.23365476119426
EK202310163216,139.54566985771737
EK202310192275,139.35240198128855
EK202310123629,146.50475297913792
EK202310118365,145.1564128609368
EK202310205626,157.644605727185
EK202310197305,128.33640572852286
EK202310168104,134.5117835390757
EK202310147731,156.7403199187292
EK202310202905,147.922635517425
EK202310240860,129.80861289371592
EK202310003646,146.6057022686392
EK202310241992,136.25069348487088
EK202310139823,140.67803188102354
EK202310229599,138.46760147624792
EK202310183516,167.12998648322468
EK202310224914,109.92883184241063
EK202310191077,143.46481310837265
EK202320006964,170.64581156501953
EK202310237895,134.97751830610642
EK202310176057,135.21846349234787
EK202310165954,140.58701193020974
EK202310122162,134.15915406501975
EK202310126238,130.52530855731104
EK202310121795,152.4564809818697
EK202310161976,159.02459484583196
EK202310191508,138.0884817374307
EK202310176644,144.67095111066266
EK202310152467,142.38978345681375
EK202310219240,135.76337469986646
EK202310208125,144.31654739871772
EK202310159439,147.78252431901814
EK202310112020,148.7009733729727
EK202310131152,156.40117898652602
EK202310231176,143.29257903501448
EK202310119600,152.46235195726766
EK202310142740,165.63452817851882
EK202310190305,136.27427850238098
EK202310181410,145.6258952710522
EK202310195269,139.69970436457174
EK202310154821,122.31453744897142
EK202310247409,134.93445891904184
EK202310146034,144.11564712678944
EK202310193073,151.03958684181288
EK202310184666,163.55720387549988
EK202310107982,139.49495918295793
EK202310118565,129.75036298906193
EK202310189557,139.42133613976563
EK202310176523,155.16402429940368
EK202310199098,155.50125874062215
EK202310192444,156.8939782294784
EK202310201510,156.58664206509434
EK202310152404,153.18340792667843
EK202310159084,160.81562283775125
EK202310241360,144.8534522280736
EK202310216628,142.65390029653423
EK202310228907,131.19962243056568
EK202310129890,158.44073685593236
EK202310151590,133.91756408660768
EK202310145359,138.19640709568503
EK202310157050,150.32044782707084
EK202310176488,124.38806268605703
EK202310130834,140.30553658974682
EK202310209574,134.85978798259774
EK202310111176,141.10371507014207
EK202310147278,144.85121320572551
EK202310208597,158.12569206310096
EK202310196533,136.64143404147407
EK202310195547,160.9143730464808
EK202310176613,132.69615492504366
EK202310164726,145.84145360650692
EK202310243633,140.59088209106494
EK202310196133,155.09709422632497
EK202310147029,155.5560544166319
EK202310218892,151.72017875913764
EK202310140920,140.492111068972
EK202310155482,148.43414357023133
EK202310135200,135.67654540652535
EK202310172820,145.75105442855735
EK202310105543,130.12456824844426
EK202310172387,142.15686548905566
EK202310176697,133.9022691090736
EK202310218951,158.26613082843275
EK202310103784,138.4230308520169
EK202310230023,131.9518440948411
EK202310164692,144.1573844363757
EK202310104542,146.22167031529986
EK202310176068,143.67928039237182
EK202310244683,141.36470527451436
EK202310119149,140.58245458830584
EK202310191861,137.16295745259254
EK202310199949,129.71253191143546
EK202310161393,151.20728344145672
EK202310125111,146.5817149296593
EK202310199054,152.17045875375416
EK202310004487,135.37015608428104
EK202310183184,129.01286727521972
EK202310201897,151.5958811309404
EK202310210681,132.83688996633063
EK202310171699,131.33556005034993
EK202310136344,133.73122555891052
EK202310142799,138.0768690933768
EK202310003358,146.33075434729395
EK202310177915,148.84775744175275
EK202310233198,155.41938387468693
EK202310180154,138.56747159030627
EK202310174450,131.63422255593372
EK202310136841,141.4416933385496
EK202310121016,149.25535646760432
EK202310165032,138.51133024287483
EK202310228963,138.96200832397878
EK202310121559,136.33402015960894
EK202310181916,140.8949919664489
EK202310145575,164.89482858352798
EK202310239181,142.24670042592763
EK202310188158,139.11623213237218
EK202310128251,125.54702093079804
EK202310132218,158.60379043499597
EK202310171818,142.4683044765181
EK202310104717,137.41966168144097
EK202310166536,161.18407906332985
EK202310165544,161.29976190661117
EK202310106140,144.6019015209083
EK202310120542,126.36516888435725
EK202310200432,147.6994209350889
EK202310137688,141.01986539074713
EK202310199770,131.2523388626352
EK202310151234,135.2309152503285
EK202310239824,149.55922834597652
EK202310109979,139.6513325198808
EK202310222377,133.70705426414986
EK202310129765,148.54657025939298
EK202310004768,134.7564544895752
EK202310161683,141.7521227572078
EK202310111657,147.9681362743848
EK202310233223,134.97751830610642
EK202310191113,161.13013971785597
EK202310133283,143.40879301170628
EK202310196259,138.26189699397406
EK202310180866,141.47746500848615
EK202310219289,132.65208923113613
EK202310195465,170.36548997757387
EK202310163110,141.04914296252534
EK202310236924,142.59892467587906
EK202310175544,149.6264690187363
EK202310106368,139.77620643171562
EK202310187622,147.25578066518324
EK202310204563,148.2558000302812
EK202310169494,149.3392340848729
EK202310151846,144.91939464613353
EK202310239299,142.00179839627302
EK202310145012,132.73724232870433
EK202310110945,135.41458190104498
EK202310198659,133.12784177662837
EK202310130369,123.32781932384556
EK202310191235,141.30253206696608
EK202310171717,126.92968336007318
EK202310235589,150.29506277533577
EK202310114348,143.8908071330679
EK202310232893,154.35766325200765
EK202310164789,148.9023216320268
EK202310236042,156.51137810914162
EK202310004445,128.5458018451492
EK202310172245,137.62683639130887
EK202310224823,138.37327113884567
EK202310136877,150.98001335745832
EK202310123423,147.42108813012763
EK202310153225,155.15132948572008
EK202310145756,132.5125713172874
EK202310146568,143.9682223253271
EK202310163087,148.76587292110668
EK202310245297,159.18802335970037
EK202310209644,137.12771113655373
EK202310140290,136.22416332620975
EK202310221072,140.72267575724385
EK202310135414,144.70938687443697
EK202310187378,153.82912821135284
EK202310133530,151.65990970479837
EK202310224364,148.11309719167005
EK202310195517,150.64406106355077
EK202310204169,138.52729565114188
EK202310210323,128.643695834662
EK202310200422,138.6259079139545
EK202310151056,136.57636232180604
EK202310227277,136.98019916143815
EK202310247028,146.07226121417537
EK202310180050,157.41057942589828
EK202310127868,154.2653385011861
EK202310234685,150.19352466568685
EK202310223304,127.90602618726707
EK202310222628,130.0269790397225
EK202310132162,142.35572376264648
EK202310107313,150.67065876018341
EK202310193034,124.40810363205246
EK202320006263,145.19457997046146
EK202310180508,134.68933896032704
EK202310126699,138.3951143425358
EK202310161588,156.32970585056492
EK202310230044,130.4784378362694
EK202310131679,153.57625053820897
EK202310130402,139.7684513010168
EK202310186216,152.81980128737266
EK202310104460,144.0575704216662
EK202310138193,128.3845687745878
EK202310190994,151.637096008528
EK202310235895,140.9065235442245
EK202310129828,150.22746626060973
EK202310188700,159.324138674537
EK202310162187,140.12720610189842
EK202310137095,144.69044312720385
EK202310142210,146.55286466155144
EK202310197331,143.62177112768592
EK202310224439,155.72731877488258
EK202310202545,152.4295567919752
EK202310172841,152.58202728980368
EK202310185316,147.46826364659586
EK202310193096,131.89512920202603
EK202310239366,137.44760340011183
EK202310157680,147.41268827141437
EK202310216245,142.40291068755982
EK202310122188,133.10621075785258
EK202310229644,132.73757023686403
EK202310205871,138.60596948123236
EK202310215556,151.42225606378022
EK202310158679,182.33325725631872
EK202310147755,144.54658555406039
EK202310186194,146.60201328948543
EK202310117620,137.6382038906757
EK202310194359,145.51943595978264
EK202310198922,124.85842985447681
EK202310116214,137.6655950458833
EK202310162259,142.03153433791536
EK202310157059,162.52713932148606
EK202310128924,142.42023029997472
EK202310141619,151.82979507384368
EK202310221578,145.019286195187
EK202310138618,138.31167878805425
EK202310183482,138.99766188406286
EK202310152447,140.63394087549435
EK202310237940,134.20593367241713
EK202310150193,137.54028800572172
EK202310183803,171.51567606693644
EK202310111372,148.0955558815854
EK202310201263,152.73660584372456
EK202310124638,152.62151491960967
EK202310178960,152.41186000067754
EK202310210327,136.57624022289014
EK202310201273,154.01619550343892
EK202310222624,143.24144347021402
EK202310180840,139.68509296630648
EK202310185078,140.94455210780006
EK202310168572,158.44186326930762
EK202310170490,130.53777159225152
EK202310232989,130.03036301799548
EK202310162228,155.4552591809024
EK202310175459,137.45755110118344
EK202310165474,141.35140179999482
EK202310243395,147.13016980415458
EK202310127631,140.64730715276943
EK202310186924,139.66406598098914
EK202310163431,133.4404696528215
EK202310189463,168.79370539147402
EK202310190842,149.5336424084745
EK202310185696,151.6155998874752
EK202310111713,134.11611530435806
EK202310193617,139.60220092706112
EK202310125805,138.2642136364911
EK202310151745,144.86679815232785
EK202310175297,139.52154313757882
EK202310196724,135.7243045780858
EK202310233146,162.13646868416413
EK202310143125,139.3205828722959
EK202310162683,147.9681362743848
EK202310105844,144.26707803301335
EK202310137395,142.08214499044087
EK202310234360,155.36773104344962
EK202310169711,147.38689417351532
EK202310229840,133.56445642312
EK202310108815,134.89777361695363
EK202310173350,135.22661421257945
EK202310221654,134.23318524039612
EK202310117503,139.8296837653017
EK202310118377,124.49157162548858
EK202310193948,151.31539392377698
EK202310157293,151.90163046626972
EK202310229924,153.23536042602115
EK202310207252,136.84642751462073
EK202310112063,151.27742573444257
EK202310211575,128.59306910488166
EK202310121865,140.23060373602505
EK202310229242,130.85899354649402
EK202310217753,119.609746602112
EK202310154203,161.20722850327851
EK202310119526,138.86697285053194
EK202310233019,142.56037410806766
EK202310110136,138.76811266216174
EK202310136917,142.12536930971987
EK202310232125,144.03242499132622
EK202310195652,156.2181325737682
EK202310003341,144.1573844363757
EK202310172729,139.01709409446073
EK202310106011,144.0143138504303
EK202310226908,143.07304065272334
EK202310160952,164.54087331214328
EK202310123901,148.54050825341608
EK202310219883,142.0443988424205
EK202310239294,144.19998929098216
EK202310191292,144.98831440170002
EK202310242675,137.51355946880096
EK202310159365,151.60435118372055
EK202310207357,129.47733378935447
EK202310134219,153.63731499826696
EK202310204692,162.9292975100068
EK202310145833,138.35962839683864
EK202310232367,133.22171596889604
EK202310133942,158.03965990167677
EK202310116957,147.07428471844577
EK202310113990,150.43894226356556
EK202310110317,129.11532861398797
EK202310183678,130.66604869641498
EK202310210475,140.4589628319849
EK202310215753,135.03288683970297
EK202310172041,152.31660129935412
EK202310127368,141.45655171852576
EK202310133141,159.79185718948997
EK202310166184,161.83876487037853
EK202310123460,140.35184674066946
EK202310159288,151.60888521531734
EK202310224966,149.15877136064856
EK202310169548,130.12178938710946
EK202310157945,148.12949088726248
EK202310208906,144.9825184139464
EK202320005732,141.5455757043285
EK202310140120,150.31036356940805
EK202310153086,151.44609805495048
EK202310230330,124.25624049021037
EK202310213318,125.09828116003895
EK202310178418,144.80268864752492
EK202310155143,144.31654739871772
EK202310183350,158.16875250879485
EK202310171243,161.7663041203029
EK202310241995,136.45093346728424
EK202310166956,127.48536399033213
EK202310239455,165.04938043636275
EK202310230110,141.80804616287742
EK202310232654,135.10872873137689
EK202310230579,124.29703887124089
EK202310230165,145.73073400031413
EK202310150438,144.11564712678944
EK202310114432,127.68369853690511
EK202310178701,170.5700459094276
EK202310193862,142.4194634108985
EK202310133458,148.38587420545443
EK202310126585,131.30287543320838
EK202310114949,139.54850691186135
EK202310239835,129.28363575193532
EK202310198418,157.00298570910311
EK202310164005,133.58563457204758
EK202310108538,137.1899168373654
EK202310248296,133.02823729967295
EK202310164825,139.50680801522768
EK202310202468,138.03787948721174
EK202310179750,140.51938197212013
EK202310178078,144.907047238721
EK202310224170,165.59248848077183
EK202310108711,139.09810533746466
EK202310107024,145.92530328590186
EK202310229155,134.38703507036996
EK202310109556,147.24021573158822
EK202310202152,147.0172731725164
EK202310237189,146.61795535592827
EK202310147644,154.2143702832926
EK202310161108,150.6083642854907
EK202310122907,143.23762656789327
EK202310108647,141.34713611983642
EK202310116234,144.31652395224373
EK202310180820,144.8343850696843
EK202310185427,138.2037358090837
EK202310156227,156.09854638407504
EK202310121246,132.472435740245
EK202310135704,144.66636968913915
EK202310225359,134.52457250343897
EK202310205195,148.56558493503658
EK202310201515,144.66601837798456
EK202310195070,148.2547188439274
EK202310185184,153.57354571299462
EK202310233163,141.37265629204123
EK202310169236,142.36651363696663
EK202310113651,152.55824140404525
EK202310105373,136.96104408541024
EK202310106115,132.94253281724684
EK202310245413,139.51160858748383
EK202310219987,137.4984187081882
EK202310142576,144.9058809034942
EK202310158268,137.7334474585111
EK202310156894,150.20529236542714
EK202310004886,147.09661770284123
EK202310154420,128.88453184549948
EK202310210832,135.34413652598144
EK202310220049,151.13271075586349
EK202310181921,165.8938442930141
EK202310201324,148.95381765086114
EK202310191459,134.59264796278197
EK202310128368,143.8900067601221
EK202310175128,132.2611527600018
EK202310172288,149.59448776970203
EK202310216634,142.0984522935638
EK202320007004,161.8321418709859
EK202310244935,121.47804936679685
EK202310176831,144.03242499132622
EK202310119255,140.63524221772215
EK202310225916,146.49992290281534
EK202310159227,157.64469917263145
EK202310208285,143.4927115209
EK202310139560,160.61239513735566
EK202310122710,128.64740229651727
EK202310121289,128.17974919166193
EK202310124642,136.5335101233202
EK202310232850,133.6317222443304
EK202310162749,165.2132695564376
EK202310114861,154.32481398486058
EK202310147672,150.9011557753197
EK202310146693,140.83587736938534
EK202310229560,136.5082858447002
EK202310153109,145.8683205053043
EK202310159133,128.43233394110314
EK202310147681,126.33999612967385
EK202310154454,147.1416450767905
EK202310215971,144.01826283250787
EK202310176116,156.43595217543066
EK202310108965,137.17741777263814
EK202310117311,130.323723460282
EK202310205689,145.5846060976804
EK202310196959,156.49800469275664
EK202310208747,170.01403369952516
EK202310220306,141.38135744115723
EK202310229825,135.179522331499
EK202310156765,157.77807183926393
EK202310123916,148.38587420545443
EK202310208563,147.6632575021088
EK202310176612,140.5739883977362
EK202310150270,143.68173024652668
EK202310167920,126.34714470765942
EK202310004780,130.0919355339749
EK202310228392,146.1637613712317
EK202310162764,145.77491206839676
EK202310178248,156.426941134304
EK202310161854,125.49956169758471
EK202310184896,149.34525854405732
EK202310196454,141.24394004623446
EK202310166252,158.90475761049626
EK202310224266,140.03929368918787
EK202310228300,147.9477420141511
EK202310228517,136.08935657554008
EK202310119762,140.11946144722194
EK202310197634,139.13809133203253
EK202310163433,138.15155356900638
EK202310205791,145.92530328590186
EK202310198433,132.26108484978127
EK202310205023,137.35300372689582
EK202310139454,143.8561935509559
EK202310201839,135.81370006295305
EK202310197547,159.59895087422228
EK202310233724,135.41815118978636
EK202310153252,151.60888521531734
EK202310190922,142.03126274048063
EK202310142523,148.88347294210723
EK202310219846,146.44160428643917
EK202310198901,136.97447034006794
EK202310167227,147.74007288780493
EK202310111384,134.7392669871037
EK202310136046,156.79688167545723
EK202310214121,151.30662188665084
EK202310118169,130.33197452924608
EK202310183250,140.37241940204933
EK202310188579,139.7901697059548
EK202310131031,143.09067394291438
EK202310104480,149.07230096333367
EK202310239710,143.49247613132155
EK202310234691,123.79496016193504
EK202310168972,138.34573067222226
EK202310120008,136.89142233516887
EK202310212233,137.40765493865413
EK202310215929,134.784706529335
EK202310211484,131.83930349371252
EK202310222506,146.10405245596377
EK202310202763,155.56994081569513
EK202310220490,138.34842477617389
EK202310116375,141.4976157370907
EK202310175337,166.68935175294786
EK202310240580,135.82618116507
EK202310109905,154.5303508243388
EK202310192597,141.50146900314238
EK202310114800,136.68997179002938
EK202310132205,140.67398250522822
EK202310110193,136.75035236266402
EK202310165102,152.71740436638726
EK202310116663,138.1336756153842
EK202310218315,154.16426915637788
EK202310113156,154.10850987484963
EK202310231146,130.8166065043791
EK202310180373,145.92530328590186
EK202310232424,125.43269155232558
EK202310224878,133.58108489913596
EK202310103830,135.26409141325794
EK202310240706,134.3469305035814
EK202310120776,143.37126191373446
EK202310160117,140.03178673920104
EK202310132998,139.74128106439647
EK202310003968,149.95363173085929
EK202310209613,141.55536508118092
EK202310241092,132.9127599364657
EK202310123771,142.4456686450219
EK202310245280,132.63409458185777
EK202310244377,145.96529650076198
EK202310109713,180.16702447719422
EK202310228232,149.425650307984
EK202310148652,142.4393404491126
EK202310243472,140.52283839689017
EK202310170765,142.37651651586702
EK202310170088,129.24359698877745
EK202310004315,127.7565469665134
EK202310217178,145.45424169968626
EK202310108775,151.96981471534392
EK202310180920,135.2336388191798
EK202310246305,140.6742733105347
EK202310206922,156.62422653443323
EK202310167783,141.11358092529957
EK202310129574,144.29174186903734
EK202310174308,143.03294829114623
EK202310161413,160.07857323152317
EK202310148150,158.88441427960015
EK202310141044,150.5108047282622
EK202310231588,140.03178673920104
EK202310118970,133.49105105559568
EK202310181033,148.54050825341608
EK202310194383,151.4915414019692
EK202310183986,155.28182049122964
EK202310150419,148.26528654888466
EK202310194684,151.06691106287963
EK202310123982,168.63598759866886
EK202310167254,136.95449019830235
EK202310170710,132.04287866499166
EK202310112450,137.4320860161352
EK202310220586,153.5392001318494
EK202310189665,164.12321858518368
EK202310117974,147.3836679555809
EK202310131602,132.94558844230562
EK202310162096,149.4157711174568
EK202310243659,141.89693245082196
EK202310187107,135.49585699134704
EK202310188591,133.2776186659873
EK202310130729,146.0212339498353
EK202310207612,134.7904006458928
EK202310190165,134.14743048202791
EK202310240918,133.72606446847232
EK202310138933,140.25805657266602
EK202310124424,138.86715046509966
EK202310207452,135.8756471271572
EK202310149692,150.42292454829177
EK202310122269,146.49584374586098
EK202310178206,145.43697849061718
EK202310236928,133.66170993268113
EK202310108129,152.4480559049925
EK202310242986,139.62277351616828
EK202310153555,131.6954362417776
EK202310135472,155.47710825266645
EK202310135151,149.87762041232205
EK202310121132,151.34759403822505
EK202310159808,142.31294550544104
EK202310111940,132.3310228121946
EK202310211823,134.8297381760293
EK202310208954,157.82195173703397
EK202310174925,140.83929837175478
EK202310139934,135.80915986221228
EK202310128204,146.48221143914486
EK202310207948,144.1970496889131
EK202310194132,151.83136343628547
EK202310213757,138.9282533246507
EK202310210438,145.70590807858923
EK202310144525,141.37577466412225
EK202310125105,134.50049150824444
EK202310120299,138.4571917384351
EK202310246727,142.13877332526735
EK202310200847,142.64684285904016
EK202310181091,134.27690173717698
EK202310130669,137.44360409518654
EK202310164111,154.26923502131766
EK202310141945,148.60287958048895
EK202310238865,165.72196163627783
EK202310107320,136.60985890427312
EK202310220000,149.8052614939144
EK202310180826,143.30530377789
EK202310117534,148.95863739209904
EK202310148403,152.47979417536774
EK202310235756,144.98474497091814
EK202310215153,131.3479615951085
EK202310215909,120.24758120591207
EK202310232668,145.06673164103117
EK202310169331,156.57154946172514
EK202310168151,147.84901691807454
EK202310218890,139.62429159610187
EK202310186779,151.8220000023698
EK202310114858,132.30201220722847
EK202310152341,141.65038149329547
EK202310128217,122.20406217435095
EK202310193271,131.13404581288944
EK202310180464,149.03392833358313
EK202310205276,131.54554892817612
EK202310125640,138.36039626981048
EK202310141600,153.5918723292524
EK202310141981,169.65186711343537
EK202310167795,150.46762485369763
EK202310192334,134.88878067358814
EK202310241694,143.23220361506534
EK202310196935,128.90416720211684
EK202310180151,133.1452313238928
EK202310106774,149.53595030251887
EK202310215027,149.19014061834815
EK202310216078,146.6057022686392
EK202310163711,146.74746419682435
EK202310109770,144.2552987798992
EK202310215501,137.17186240978657
EK202310163977,131.68045599496008
EK202320007174,147.80717086391886
EK202310205844,140.63265348392648
EK202310139223,132.31040033877306
EK202310244458,134.59836954142352
EK202310131387,145.7892645261904
EK202310143831,135.62549766410874
EK202310147793,151.85913201919794
EK202310219748,120.40090298106404
EK202310155389,137.45755110118344
EK202310134466,153.49051329562735
EK202310151903,143.21089783040978
EK202310234772,140.5566669258849
EK202310131775,167.51061653045628
EK202310134952,151.18828201037584
EK202310118242,143.21954283530187
EK202310107035,136.9129995054854
EK202310131515,145.19532860535347
EK202310244132,132.18594910866133
EK202310201654,150.97222093959064
EK202310237041,166.00877630273558
EK202310171334,148.70537359002537
EK202310104916,135.98947226617486
EK202310182983,127.87909593017208
EK202310164359,138.65372652840026
EK202310112552,144.94532957945248
EK202310201546,153.70639774053075
EK202310202954,136.01861966850439
EK202310134253,145.65142390849533
EK202310004718,160.64231345250062
EK202310242169,153.84650329371826
EK202310188966,130.45538917807554
EK202310179423,133.22199962279637
EK202310218744,150.07628469919058
EK202310193025,151.43485276236635
EK202310232272,146.80010202959406
EK202310217104,137.0474141277675
EK202310245973,139.7794293360132
EK202310108124,146.28851036202406
EK202310195074,157.7687478763494
EK202310177534,164.79245029310144
EK202310220572,133.20914507102086
EK202310176418,156.5954266232251
EK202310159967,149.92820586969918
EK202310163800,145.82618335296468
EK202310154402,153.56495594028715
EK202310212424,142.46329319331218
EK202310115194,142.1067324253485
EK202310157002,141.9624200699248
EK202310236493,140.26049398627316
EK202310209384,147.3836679555809
EK202310153699,138.9283799037662
EK202310140162,140.47349052158447
EK202310191690,156.39329802392365
EK202310164321,144.9223884715338
EK202310167679,134.81190328695195
EK202310118401,140.61845143886973
EK202320006231,140.96459366347358
EK202310158105,139.33579622061592
EK202310179352,150.16908369433696
EK202310112735,134.5124666491377
EK202310144319,137.43591503331618
EK202310173893,155.51222067305642
EK202310160526,146.28164845705294
EK202310147338,153.22571230964942
EK202310164737,150.0047039946901
EK202310226429,126.41846735593523
EK202310119510,145.92897375667053
EK202310111353,148.19283211370467
EK202310121601,130.3216646037401
EK202310138216,130.51381575381393
EK202310222532,136.5157085131382
EK202310138949,144.17980640326303
EK202310214912,150.86686977227748
EK202310121057,132.41357559982055
EK202310231318,133.2277736220796
EK202310137231,143.2960347444304
EK202310136824,140.18805517779472
EK202310115476,139.99175067488864
EK202310195522,162.25147082540028
EK202310130890,117.54948725780683
EK202310161838,165.42218744501227
EK202310158188,133.18896311524063
EK202310184190,141.037952465948
EK202310106659,157.76804235540695
EK202310134400,133.23610062270896
EK202310209267,146.03819991754003
EK202310241209,147.1455876848724
EK202310214760,139.61393394347252
EK202310151809,167.41418574513867
EK202310198002,140.51174177392758
EK202310228621,143.37716908942713
EK202310162885,128.93506113978506
EK202310133298,149.9876182114846
EK202310126484,138.9282533246507
EK202310196380,126.54958074402175
EK202310143373,138.70387582268575
EK202310202385,153.75262275650647
EK202310131648,140.25225008845547
EK202310116966,142.0070212627254
EK202310134410,148.24797940125262
EK202310191544,144.60027197763887
EK202310196047,152.22479103293816
EK202310119440,142.0477992311376
EK202310132919,146.5411696998708
EK202310156448,152.81961542318865
EK202310198177,142.17701979198094
EK202310148838,148.86453655236738
EK202310171364,148.19859036263622
EK202310120500,134.76812481718858
EK202310247151,138.60720717732713
EK202310144904,128.88648949452545
EK202310174989,137.8216543474735
EK202310133355,128.5496097408575
EK202310226353,158.8876711479322
EK202310176858,133.61934085471103
EK202310227114,139.75031669873042
EK202310187693,150.491538668955
EK202310109711,170.445178358859
EK202310181780,160.87691166241476
EK202310163147,149.16448869344407
EK202310190696,140.30247367372098
EK202310165868,147.20683414262734
EK202310110400,138.86473463440032
EK202310135537,153.05482662597626
EK202310169217,157.33224346478417
EK202310195878,155.51222067305642
EK202310189489,134.55880641581567
EK202310205257,123.71056833650307
EK202310239304,144.75570493777923
EK202310132417,137.09630011313675
EK202310221095,124.56055099507674
EK202310110398,128.30444344901235
EK202310240389,142.61405912871749
EK202310185614,148.1272992367268
EK202310213110,141.23404026049275
EK202310154463,131.95228804570513
EK202310177140,160.99765685147705
EK202310175268,135.04223292709628
EK202310199152,130.02140187896305
EK202310128676,147.5060886295623
EK202310168399,158.66756845788055
EK202310201459,136.29148506212192
EK202310235106,150.36445532776915
EK202310232368,140.3319336750173
EK202310127908,130.2971826639622
EK202310182464,150.4118620041857
EK202310184852,129.33413764610867
EK202310170955,134.65671127515787
EK202310185265,148.66553456013196
EK202310114431,149.05760206375015
EK202310124741,140.1249366765894
EK202310193561,141.75738579116145
EK202310113830,148.38587420545443
EK202310229300,144.44943401330326
EK202310176918,146.49373696796832
EK202310222543,141.09185333037527
EK202310240095,150.57844986536327
EK202310208448,139.25371294023762
EK202310201172,170.31682844428624
EK202310125525,140.34458931532126
EK202310221529,138.0942424627707
EK202310120352,140.04894457648663
EK202310140711,140.39716133715427
EK202310211389,141.8783497194042
EK202310124018,168.95094365532555
EK202310143340,125.48017620720032
EK202310180385,153.08357732293769
EK202320006974,153.29309531700804
EK202310159693,153.42844665314553
EK202310181459,133.74663323169437
EK202310182182,151.38820831304963
EK202310141048,149.73423077921154
EK202310211604,139.87395460163506
EK202310141173,140.9932231793236
EK202310151648,144.52367032829753
EK202310243583,153.90998680033968
EK202310133700,129.68820388039597
EK202310152960,157.49693908256526
EK202310192543,140.06787182420948
EK202310131141,114.36486584712024
EK202310134377,148.6898142085966
EK202310174653,137.01066441746872
EK202310218574,137.5167746517307
EK202310191005,147.8992685829681
EK202310104855,133.42509955244472
EK202310178218,144.22569623414893
EK202310166318,147.55178175944314
EK202310202248,138.79914869806933
EK202310234490,158.63026534835655
EK202310225442,150.4784239306455
EK202310123331,147.8298380307968
EK202310238951,148.5428963774467
EK202310114122,138.22569937539976
EK202310202645,153.97810129537123
EK202310221624,132.01690787348346
EK202310147534,150.754577157471
EK202310197356,164.7069751026725
EK202310222430,140.93035006274332
EK202310225523,127.40984885834773
EK202310177178,151.9356581385598
EK202310153665,135.5936404820179
EK202310196238,141.58355138969287
EK202310244577,143.73786792662875
EK202310172448,165.31276586114285
EK202310225799,122.94374109561028
EK202310183968,140.95966687566315
EK202310203019,141.9866558645266
EK202310109776,152.85854622289708
EK202310111537,135.358534577775
EK202310124731,151.1086484792031
EK202310213643,140.94446524970567
EK202310146267,130.85999740934116
EK202310245701,135.4667481169127
EK202310177157,130.32398977208334
EK202310153114,152.87963828190942
EK202310004024,145.29260951328834
EK202310240323,140.53193280099808
EK202310116344,143.24461906777668
EK202310174344,131.81893813890233
EK202310166165,152.44527662649622
EK202310122743,142.8469379614598
EK202310226015,144.31654739871772
EK202310152541,153.05301369324582
EK202310189773,147.53449596158077
EK202310232097,142.3754987624415
EK202310155304,129.05056485630305
EK202310200289,144.9173975677382
EK202310208997,140.57263070327735
EK202310176430,137.08391321238108
EK202310205504,135.28243805274036
EK202310241123,149.0894403847821
EK202310160664,145.51943595978264
EK202310235837,139.60487825930554
EK202310190225,133.6179258276476
EK202310218794,120.35709532417587
EK202310244811,144.19158795366823
EK202310144333,147.1772574826204
EK202310134916,146.3719302734306
EK202310133279,140.9768278670612
EK202310230299,133.29826339711715
EK202310181539,149.04424473434847
EK202310137837,130.26581015263162
EK202310142434,161.63882734910416
EK202310108559,137.0641966024413
EK202310172173,144.28236261373655
EK202310170541,161.10973066508777
EK202310106066,137.11047882566245
EK202310242004,131.53737453710912
EK202310114374,146.330389139854
EK202310147018,144.11759320231533
EK202310193730,144.1381793789187
EK202310155054,140.30057110929718
EK202310211249,133.89138491467398
EK202310203058,151.7870925707227
EK202310224924,150.03028993219212
EK202310153934,139.45732772337524
EK202310192789,143.98058858598466
EK202310176566,132.60186219728888
EK202310215186,138.65779839851498
EK202310159944,143.64711785739448
EK202310209677,136.11349929980975
EK202310137062,144.59596174377145
EK202310209003,146.43509639226644
EK202310236143,140.9932231793236
EK202310159540,152.4123791009205
EK202310141923,141.79636714016848
EK202310214900,146.91771850712186
EK202310150311,136.53928652587624
EK202310145121,151.10644675061113
EK202310138102,139.341526266939
EK202310195227,156.16088127374084
EK202310215003,136.68471062448367
EK202310133345,149.41961033801397
EK202310241621,153.84650329371826
EK202310232734,133.02741285766515
EK202310192752,144.20786545423402
EK202310155287,139.89892175636075
EK202310230367,147.8015487354213
EK202310204826,152.0749128153823
EK202310217569,161.63011029319335
EK202310239151,137.86758284904647
EK202310225087,173.4438414773403
EK202310142211,156.3482337008693
EK202310143872,155.53022763201014
EK202320006692,142.93151098057237
EK202310243470,130.28808575457464
EK202310202312,152.21566571373336
EK202310172400,143.15772359080228
EK202310175257,155.99720071503504
EK202310156574,142.13945975222612
EK202310195996,154.15887945749358
EK202310207174,152.70271809039482
EK202310221440,147.34957102860702
EK202310229365,141.80429698064242
EK202310184849,131.27166057611217
EK202310186317,153.71583987158792
EK202310122351,129.13228744885967
EK202310147942,160.9617817508625
EK202310204767,124.38851871106269
EK202310151776,149.6396053323302
EK202310162542,163.54787138741912
EK202310149376,152.79774741057318
EK202310188687,146.62555611662563
EK202310126040,138.0042476606727
EK202310132787,132.41222395740348
EK202320007196,142.93151098057237
EK202310194184,149.57726355753826
EK202310148035,145.7004067216366
EK202310242086,143.48393086738034
EK202310158984,149.2566081551148
EK202310123998,172.68198804418768
EK202310143322,158.63652038205896
EK202310169220,163.60183586789503
EK202310163343,122.7945564946212
EK202310195035,153.2500921417911
EK202310244095,139.56153982004173
EK202310004865,163.89425608157018
EK202310202516,129.71036854777705
EK202310170156,145.09216601391657
EK202310217210,139.1668018823936
EK202310139116,156.0886054839616
EK202310181676,173.38873527430266
EK202310117650,137.7321995557777
EK202310126117,137.33569494228095
EK202310145631,134.8638853759067
EK202310194552,148.39935883070697
EK202310231065,128.76550607716055
EK202310243723,145.4262151088825
EK202310150462,149.02527003749083
EK202310175160,149.27168958477756
EK202310145549,149.32920771092304
EK202310218100,143.12127281766095
EK202310172122,129.31648462008917
EK202310195049,148.1278636505732
EK202310179443,138.86888212227828
EK202310149733,142.77624428519707
EK202310115695,126.96232834842088
EK202310149488,150.32378988268385
EK202310154087,155.60093861572352
EK202320006192,140.90883676256877
EK202310125278,138.31518147785053
EK202310241332,159.03355756531647
EK202310143810,143.69444502430466
EK202310105018,140.38910410482964
EK202310237785,141.53093375415364
EK202310223864,160.0178858840511
EK202310226433,159.4038092437498
EK202310157972,140.7311561446821
EK202310174015,138.38704765243915
EK202310183160,148.7420516651669
EK202310191076,153.82637379163216
EK202310172756,138.24693584216695
EK202310104599,129.26434680385302
EK202310238264,135.9304803921916
EK202310127187,145.4592449738838
EK202310165833,154.8270421344219
EK202310195179,152.0196950436943
EK202310153898,160.48709380551412
EK202310170585,132.1328211124614
EK202310245910,135.77700003070603
EK202310170174,146.8898719144648
EK202310115207,142.44732541931438
EK202310120317,140.90969621188157
EK202310236898,141.99421240163517
EK202310146305,148.63903861725188
EK202310112140,141.25552845844854
EK202310143217,133.10762158649467
EK202310150540,151.22429322650055
EK202310223717,140.9208159680263
EK202310219843,149.1675870543813
EK202310198855,148.19417630465009
EK202310191446,158.6939141259794
EK202310190334,140.5365922265853
EK202310184752,147.087532102069
EK202310160416,140.37482182621
EK202310173011,141.0129410254821
EK202310128863,139.33579622061592
EK202310190262,155.30953518114922
EK202310110902,152.0758492995742
EK202310193520,151.1086484792031
EK202320006543,136.5168645589889
EK202310187711,154.56855977321916
EK202310200254,143.2445672064523
EK202310155513,141.24460487481412
EK202310180642,145.45627433250016
EK202310196569,148.7150339954997
EK202320007271,147.86074973907537
EK202310179403,149.34525854405732
EK202310241241,163.95307732028834
EK202310192182,142.12794010467087
EK202310203673,148.1272992367268
EK202310163605,135.30837742257367
EK202310108085,148.49520325126238
EK202310195692,156.75422878598263
EK202310190401,137.05280263751865
EK202310192575,136.0981359274094
EK202310227513,163.9082278326128
EK202310130882,150.0600579584123
EK202310104224,141.97451864897332
EK202310144297,134.89850114771664
EK202310210525,137.81208840802947
EK202320006267,145.62775456523457
EK202310150061,144.40885258762864
EK202310189465,158.44087578850142
EK202310239884,137.94734026597575
EK202310137344,146.84320569753768
EK202310212273,138.82232839723267
EK202310205202,160.15957621978436
EK202310147736,148.38896396723177
EK202310138489,149.8826462224317
EK202310169998,153.63292241189376
EK202310123563,136.97082167810436
EK202310162573,139.6512683143176
EK202310122865,153.27756887386622
EK202310189811,147.93751677434463
EK202310160895,147.25578066518324
EK202310153256,141.7827114440204
EK202310216969,138.1722742422383
EK202310152260,149.49843825034398
EK202310141709,141.71812949628418
EK202320007373,136.3032620698167
EK202310193336,157.22102707712756
EK202310164703,145.45424169968626
EK202310103814,135.2309152503285
EK202310200017,134.75528736907228
EK202310218767,131.99313472434213
EK202310188858,137.88245218839057
EK202310192187,148.19283211370467
EK202310194207,134.15793830421953
EK202310130206,152.33414071497987
EK202310110494,140.98104808016572
EK202320006130,144.56925254756933
EK202310211320,144.19001197474665
EK202310224161,149.12749568870422
EK202310240472,140.4608411467441
EK202310209032,159.05168865010856
EK202310167634,149.86095634873857
EK202310180571,140.18386779013377
EK202310229017,143.93345062440352
EK202310131345,143.51120323106346
EK202310138019,122.88993347201152
EK202310004554,119.56394884068929
EK202310132971,136.2427395049863
EK202310141635,142.36774341093923
EK202310194247,150.31491257555572
EK202310148311,171.12449515509198
EK202310121972,141.47528087861292
EK202310142685,148.18945185107415
EK202310106949,146.0917330654308
EK202310163326,145.95080375393846
EK202310220547,137.00818185929924
EK202310104514,140.78930257945692
EK202310145431,135.26084883264048
EK202310117273,133.75721946225664
EK202310166607,142.4343640349682
EK202310189589,133.88080585586184
EK202310196074,137.19956204925097
EK202310153363,139.1406227227806
EK202310162392,136.0785916654986
EK202310229624,138.0909484773876
EK202310195898,151.60887448642208
EK202310219784,136.13839011985374
EK202310184116,148.1272992367268
EK202310223449,153.67467766321366
EK202310163821,154.00122947896483
EK202310183192,143.7655322810501
EK202310226918,143.70895921589977
EK202310154785,146.90764990275252
EK202310179367,148.95863739209904
EK202310195531,136.72726495947856
EK202310130452,142.29964362572548
EK202310121734,139.09914440125618
EK202310133991,146.76126136762755
EK202310210591,152.55329436350974
EK202310139555,170.5300211494298
EK202310228357,148.12580568261478
EK202310125608,129.20390794808114
EK202310107185,134.31468163875937
EK202310235572,143.0854042441103
EK202310230158,140.38910410482964
EK202310145383,132.998743611151
EK202310143147,142.8000156365574
EK202310164771,148.5095652162191
EK202310144247,142.39123498198785
EK202310220979,126.69044109013247
EK202310149131,138.8632484793753
EK202310196632,158.5287591754127
EK202310131051,153.04959151087886
EK202310134659,147.06592976472348
EK202310200213,125.77808846579872
EK202310146862,132.74485528573766
EK202310188949,137.0441158125987
EK202310137016,159.324138674537
EK202310239591,149.7575044467465
EK202310160714,156.5776818033987
EK202310120187,143.84548581250212
EK202310171815,140.84373076509848
EK202310197107,144.74200277481214
EK202310135357,138.60973789079162
EK202310139656,139.1316423936948
EK202310210779,139.9051448583462
EK202310238374,142.43068688873012
EK202310232468,136.44907506744502
EK202310170608,129.43796436652403
EK202310161875,135.58012813707865
EK202310154794,141.66798932392274
EK202310178981,128.79643175314143
EK202310115024,137.22175580239977
EK202310198317,169.25801299357363
EK202310176549,149.34525854405732
EK202310125448,141.8468558980501
EK202310223899,137.9953348659658
EK202310240237,153.26918438516998
EK202310194815,159.67485072357437
EK202310245437,135.17742662476317
EK202310109463,137.42758142868664
EK202310126220,143.23127124404215
EK202310162672,144.31654739871772
EK202310106706,132.64362256162417
EK202310230813,144.52367032829753
EK202310229853,142.53461365142337
EK202310183987,150.7181758928063
EK202310130317,152.15515366061697
EK202310104984,146.28252169248844
EK202310174152,144.2931443127236
EK202310228308,137.4140697385649
EK202310111938,148.02108530681804
EK202310191965,168.42645682058807
EK202310125325,140.83872158924535
EK202310235246,139.30103393211135
EK202310108851,143.1196596227272
EK202310139648,140.0136032127283
EK202310116135,132.90958516472847
EK202310195391,145.21392025643834
EK202310139056,142.6134785249975
EK202310201109,143.78133466701226
EK202310247192,162.00099115279988
EK202310119623,152.7204753195674
EK202310174223,140.57519726086215
EK202310150628,151.26595602483246
EK202310166077,142.0008668861072
EK202310178835,140.35627575393212
EK202310184672,176.84472937435748
EK202310245587,134.89295903610036
EK202310211153,143.3582777895229
EK202310148852,142.988873725045
EK202310237982,128.88181792511855
EK202310212607,134.04972887932956
EK202310188439,154.48727023541653
EK202310244428,145.32412136555786
EK202310187031,141.3476887809773
EK202310114894,149.17629978477615
EK202310140044,147.35895019111172
EK202310223861,130.40210267373203
EK202310184954,145.87066788146936
EK202310229341,142.45792832650505
EK202310193100,149.56422883384943
EK202310154175,143.88436524072182
EK202310103979,135.84978183627982
EK202310210100,146.8619418652653
EK202310112422,137.84085118821682
EK202310147941,148.0681988310958
EK202310109450,147.09661770284123
EK202310227736,142.80770377337197
EK202310147053,147.20903293663847
EK202310219645,135.6496239271597
EK202310213369,142.07892563787456
EK202310154826,154.00687811136845
EK202310119234,148.4357871608414
EK202310210678,133.95512616088286
EK202310106182,150.18689614332948
EK202310132534,137.40887050864316
EK202310220157,136.58509631638435
EK202310108493,143.0704266196325
EK202310192669,163.75495130466246
EK202310172385,149.47920535710037
EK202310133787,132.9074792136948
EK202310172222,144.52367032829753
EK202310183649,151.3359850820011
EK202310135892,125.02804268277245
EK202310129170,152.8374407805825
EK202310209741,137.57387872171213
EK202310129427,149.72292313795842
EK202310192393,140.68685819804153
EK202310245714,138.97515316329273
EK202310130517,149.91892003254995
EK202310178411,154.5532186765561
EK202310189618,144.63026272107635
EK202310143288,166.2210159004196
EK202310199193,129.98328538538996
EK202310227313,165.87995853961127
EK202310213919,157.30004043319283
EK202310244481,133.96075736108153
EK202310120478,132.27058786962635
EK202310107634,130.01033290861946
EK202310157691,135.45793856568412
EK202310215874,138.26386788967488
EK202310246981,141.40008209954007
EK202310153195,154.10440601004225
EK202310242256,160.09552641055785
EK202310123017,124.07096401218881
EK202310205136,143.36833479644966
EK202310170231,155.14625230946857
EK202310168120,129.11542536673048
EK202310003727,152.9505299216314
EK202310217369,161.44171418899722
EK202320006688,161.29976190661117
EK202310230112,132.13606245747417
EK202310177152,145.48111681100397
EK202310106847,119.38378440969646
EK202310228061,131.0799186657296
EK202310233311,147.63313958648536
EK202310226138,140.83872158924535
EK202310200931,143.4088629662049
EK202310219804,145.68866114536723
EK202310141658,138.84727553797205
EK202310207757,141.10371507014207
EK202310147486,146.5582923799086
EK202310239005,151.65055712125283
EK202310129712,151.3070423316326
EK202310148369,135.86051799530514
EK202310155404,135.6787292321948
EK202310218716,137.04250990377625
EK202310188882,140.8620467911756
EK202310221316,121.73626930948905
EK202310137120,144.1827581662206
EK202310217405,154.1900706901488
EK202310149231,143.27876535958757
EK202310174189,135.56093260682945
EK202310138929,135.11744805894037
EK202310123610,146.245585768819
EK202310200717,141.68180602639964
EK202310190751,147.28933276649659
EK202310146784,135.90013097956145
EK202310132879,162.30195184599376
EK202310133709,148.54068013406115
EK202310128722,133.0189397559573
EK202310103790,155.96072525348146
EK202310218931,136.31515173285206
EK202310218663,145.6097090438443
EK202310247844,160.4697241768828
EK202310190812,146.35938038720064
EK202310208756,152.17752060181897
EK202310156744,146.36311181705423
EK202310228838,152.92922740925695
EK202310136171,139.94005333837822
EK202310126151,141.6126540159493
EK202310173890,127.31239997025946
EK202310235680,129.51858701103555
EK202310156616,170.31144758502904
EK202310134563,155.89547591837587
EK202310211003,129.37739851729734
EK202310185632,149.91596207742518
EK202310241758,126.31903008733363
EK202310148534,139.16287680832863
EK202310182316,149.91353710041673
EK202310191280,149.67539427732243
EK202310129812,149.4839618945098
EK202310004693,133.60030879285813
EK202310172541,161.0875286096828
EK202310201639,139.68565835354562
EK202310204202,144.28256112376778
EK202310129486,143.2025259996716
EK202310203423,160.62762717650818
EK202310169919,142.0365219944146
EK202310174297,140.99221978767972
EK202310172937,144.90082632952974
EK202310109427,136.333886774914
EK202310131119,149.01617837882003
EK202310151810,161.2376706227203
EK202310137213,142.81177035873856
EK202310136572,147.58746831276372
EK202310132184,150.2285660329621
EK202310238825,137.3973524587553
EK202310160725,162.0502867189746
EK202310127240,159.85650054280174
EK202310115224,132.67966173937964
EK202310127515,122.75330765186872
EK202310130232,152.46235195726766
EK202310176152,129.72627268328588
EK202310189265,132.90401824807967
EK202310121845,129.68736709623147
EK202310248808,138.75888648809143
EK202310216603,137.70593454731392
EK202310106462,148.23548298794933
EK202310186070,141.60794667111145
EK202310200271,135.72395902488586
EK202310222232,137.55607773474915
EK202310224303,141.91563376432217
EK202310108205,144.3841339796839
EK202310213223,151.79551279011721
EK202320007747,144.25866664429634
EK202310195798,146.93926744413426
EK202310172690,131.88876127691893
EK202310139602,146.8729775190806
EK202310124892,131.97716938280104
EK202310136630,143.1229536081103
EK202310133236,127.31128666747075
EK202310109780,143.18548541580802
EK202310139773,131.25688735606894
EK202310138601,142.91280561874999
EK202310192309,146.0187036440498
EK202310201720,136.63650297089592
EK202310246040,152.98578775391562
EK202320005733,145.64118087851037
EK202310119837,141.6092957640532
EK202310235139,147.13019204340458
EK202310129171,140.78111930324778
EK202310204107,145.43697849061718
EK202310206346,157.51166034235348
EK202310126908,139.75953200603405
EK202310201951,137.03368278826593
EK202310185504,153.08244148456959
EK202310139015,147.4454783726421
EK202310164756,149.02040788178525
EK202310207001,140.7411773946447
EK202310217541,138.06166595607627
EK202310149840,138.2669501903151
EK202310218711,137.26281578545863
EK202310133519,138.35942481999842
EK202310168888,140.02150967276117
EK202310209126,153.84569903416053
EK202310189031,156.40546644954873
EK202310217455,154.5569143483381
EK202310155271,143.85026084518123
EK202310215067,161.5861802909364
EK202310161595,137.047392899531
EK202310120502,132.99279411378635
EK202310241869,155.81618868092897
EK202310103712,145.2896084928706
EK202310150266,162.1274146441715
EK202310119972,144.01558250901297
EK202310179290,135.7064735200474
EK202310192440,159.324138674537
EK202310131793,153.01223155156467
EK202310109571,144.16793004372087
EK202310230188,156.6576379132223
EK202310119855,140.23705602230265
EK202310138704,154.74583435478203
EK202310118159,129.17396198004246
EK202310166249,150.090524401722
EK202310187053,147.29579358194752
EK202310165742,138.51335728593975
EK202310183750,137.7121358253233
EK202310205405,141.10371507014207
EK202310131038,155.24423293311506
EK202310207627,154.5249455501877
EK202310220460,148.3488897205376
EK202310239483,139.98074832139335
EK202310141073,157.45904511209721
EK202310217239,130.75725654548643
EK202310146989,146.7929877880245
EK202310160800,148.4357871608414
EK202310190813,156.39206664097372
EK202320006164,138.53265225977103
EK202310143973,164.28765800286783
EK202310111799,150.48295284502586
EK202310208269,148.68463835978056
EK202310159828,159.71495979047864
EK202310113945,140.22123239968303
EK202310168361,132.1130927899753
EK202310176103,141.82387427164798
EK202310136310,130.69151343104033
EK202310200326,137.86211802996226
EK202310179044,135.92341512839843
EK202310197944,133.97538143843093
EK202310183295,162.9298320055173
EK202310240215,150.8452028528586
EK202310225695,127.0918432944733
EK202310138029,126.48104533918428
EK202310208987,146.6274967084496
EK202310156602,175.4895573711972
EK202310239059,159.9337784202623
EK202310185901,154.5830569772258
EK202310200662,143.44742105628723
EK202310109920,107.83850342196907
EK202310188247,147.8832274918692
EK202310183201,148.41402018579086
EK202310104073,144.40398411376174
EK202310183040,142.2929473887773
EK202310200329,145.52830556333643
EK202310108982,147.55002372060244
EK202310214848,149.01299744568843
EK202310194212,135.78563645031645
EK202310155460,152.01814903875936
EK202310179825,133.9445410646128
EK202310183614,156.63410347773703
EK202310233580,139.0893267199027
EK202310223060,134.90329830650177
EK202310110018,143.71479618721523
EK202310219086,143.08308418512922
EK202310210708,125.89236216304872
EK202310206894,150.79485146889945
EK202310176692,132.75042220238646
EK202310211237,130.53445215642998
EK202310216145,138.1837919019678
EK202310174790,153.26029121321997
EK202310130432,129.8219326097411
EK202310176912,143.4810002932643
EK202310239861,129.54848820893446
EK202310201821,146.2775605432744
EK202310194140,149.61349257834397
EK202310201014,148.7150339954997
EK202310211210,143.87301835218435
EK202310210215,142.27742719538665
EK202310109048,127.48924538171235
EK202310115364,140.47552315439836
EK202310125998,140.64825634557363
EK202310113308,131.0183973680434
EK202310166014,141.81736806145872
EK202310240961,134.3280705093235
EK202310192526,158.52543396528333
EK202310118614,141.30455288610875
EK202310208485,140.29551138560672
EK202310113185,134.4212542540922
EK202310123009,149.1860955817153
EK202310131866,150.59869031895312
EK202310246596,140.0273888205487
EK202310144786,128.70738323575756
EK202310188069,164.9009636501651
EK202310161238,153.74680371087032
EK202310108065,149.3000344801576
EK202310176554,146.7913605754522
EK202310172801,158.65855292804224
EK202310231997,150.4637419845845
EK202310150544,146.70033266221282
EK202310242116,157.3835640525528
EK202310228121,128.91672738710918
EK202310163938,148.43624872936698
EK202310208770,142.98373896643378
EK202310162906,143.6579473291254
EK202310171122,135.38183795042866
EK202310136574,128.48135162877608
EK202310168247,144.97642991166825
EK202310116653,141.09913747089263
EK202310225365,147.6892979058065
EK202310154568,131.54831106720982
EK202310144616,138.4650546134137
EK202310123329,154.25306550143804
EK202310184908,142.5961023589336
EK202310176975,150.6199616605479
EK202310244230,146.3161232011388
EK202310139801,165.68595469912603
EK202310140231,139.50497577435462
EK202310163109,144.3841339796839
EK202310133245,130.84961357712743
EK202310003719,137.86640008732383
EK202310128658,129.78927314165904
EK202310196514,143.01516812291047
EK202310136745,140.96326992270082
EK202310135739,128.2718452552194
EK202310167219,142.25135559976604
EK202310188340,152.68290813158833
EK202310233341,137.5516751581098
EK202310207484,140.07572173782748
EK202310145893,150.98563009353424
EK202310137850,138.64147500107399
EK202310228098,137.7207620220964
EK202310123631,149.5763199156922
EK202310233006,150.09362395612527
EK202310236781,140.87667260198697
EK202310184351,145.25329569659522
EK202310197215,151.09276840110743
EK202310134606,146.9030208821821
EK202310124613,142.1725050497162
EK202310176760,134.34126435452131
EK202310181242,148.06880120282563
EK202310146018,139.54054140222974
EK202310118057,146.8029627610163
EK202310241929,137.58214450169976
EK202310134625,160.97464788079301
EK202310226675,136.49595256885686
EK202310200650,141.13364873679788
EK202310202459,136.73141564126806
EK202310165871,138.7892330672528
EK202310190177,146.64379979867428
EK202310221650,139.5349581450959
EK202310195755,149.13659614634756
EK202310128800,137.86520360872615
EK202310103775,141.33754784665646
EK202310117228,144.42451637158126
EK202310151800,131.28301657418496
EK202310210424,140.1657408816941
EK202310208507,131.4327794003668
EK202310003803,133.9940081003987
EK202310171322,137.30395044636325
EK202310168526,158.65756969803738
EK202310197721,139.90168049147925
EK202310238027,146.43821392339578
EK202310172276,142.53522593994396
EK202310124247,137.5653953632072
EK202310158194,138.95197199727295
EK202310167282,147.516149263481
EK202310173439,136.33914334732566
EK202310125677,146.8389738176675
EK202310210177,145.49192053863047
EK202310238899,150.25086908053422
EK202310113985,135.46496560924354
EK202310209990,148.66619718250206
EK202310228124,144.78307461583861
EK202310104190,143.8051030761028
EK202310201389,132.14246729003295
EK202310123163,138.36082809675474
EK202310191131,157.137336478269
EK202310203502,151.2965166739628
EK202310123878,149.34525854405732
EK202310247275,133.49679922574109
EK202310227023,139.38113300421261
EK202310175135,138.38671080735543
EK202310226835,140.8689790458017
EK202310109034,142.79535570192775
EK202310186583,160.3383619116351
EK202310107744,134.7805363701771
EK202310220042,139.88284016833472
EK202310202298,144.59469581973164
EK202310189344,167.39520712345828
EK202310148801,150.16061304347937
EK202310172716,139.14063742947155
EK202310179116,142.738398284942
EK202310174016,144.79283018824646
EK202310108847,129.63627954860297
EK202310232003,144.2205787513963
EK202310126703,141.14073313928083
EK202310106477,129.9190161216876
EK202310123106,130.2403417781524
EK202310169334,158.51307917683283
EK202310231339,141.77607841406214
EK202310175772,154.72684298968352
EK202310196241,164.45194061666203
EK202310143871,145.5256797699782
EK202310142265,150.15056629781483
EK202310163563,132.98479082467998
EK202310244604,128.25531844758126
EK202310247610,145.2673703611724
EK202310116133,132.76946903256672
EK202310144893,127.46596776843364
EK202310138511,157.94168514782396
EK202310178199,165.11979304447124
EK202310238970,170.5685884889342
EK202310137277,134.1442079232726
EK202310195419,147.5480031083657
EK202310234603,143.0067057656074
EK202310137485,149.35786889574342
EK202310221268,121.29066061467844
EK202310166447,159.26437953371712
EK202310163342,140.3076051887206
EK202310160258,143.72513131184903
EK202320007173,144.05179345342444
EK202310166608,145.78376364259475
EK202310190777,147.9477420141511
EK202310228415,136.52124822199926
EK202310160470,132.4823275621073
EK202310199928,141.60711709474077
EK202310139397,139.47550946956738
EK202310103828,146.33612472225118
EK202310198546,145.5247620181822
EK202310168601,154.6227633474906
EK202310199500,144.4990885873128
EK202310130735,134.67325613151004
EK202310203344,144.13806909367676
EK202310149177,147.56331257482321
EK202320006908,152.55824140404525
EK202310182119,143.5722518768928
EK202310108526,152.6784221145492
EK202310123316,127.28900359150694
EK202310175509,144.0567361100392
EK202310115166,142.98620327786273
EK202310169504,139.41699029008313
EK202310191512,131.014869167983
EK202310111425,122.33834682948155
EK202310192823,145.9456631336653
EK202310159703,143.5212849553822
EK202310110465,134.12128611043903
EK202310217003,144.27481008913145
EK202310187166,146.15590431853582
EK202310225739,149.09298315012643
EK202310125501,138.4938784760592
EK202310118486,127.7974931552867
EK202310221279,134.96009547463137
EK202310194956,141.39794987842325
EK202310178722,145.2190921793027
EK202310182533,142.51181365122488
EK202310138053,140.25484669494318
EK202310231131,138.40956441911308
EK202310212157,140.84279691974896
EK202310125603,129.30221550686474
EK202310136248,154.84629670868458
EK202310115244,140.89039301676954
EK202310132254,138.18105158328905
EK202310178792,160.66898214220606
EK202310191023,151.41921594405727
EK202310162415,142.12111645336546
EK202310125102,143.10317063213446
EK202310208134,147.5294905215405
EK202310105586,139.1942548724122
EK202310213166,140.7768227110574
EK202310247801,142.8477604745509
EK202310247262,130.53119465794666
EK202310126467,143.91246514725856
EK202310176266,141.03857419000036
EK202310109933,151.22607402522164
EK202310161495,143.19092744767238
EK202310205248,143.05442859695427
EK202310224138,140.47349052158447
EK202310212586,151.44972225297533
EK202310131904,132.0740565173272
EK202310120534,140.64576160979658
EK202310109184,146.51854334954265
EK202310198723,175.15034444175632
EK202310190770,152.1041908892134
EK202310114461,147.74868738449155
EK202310223578,133.72164289351983
EK202310133222,147.54224045375395
EK202310136866,131.87366661696336
EK202310176700,149.66569538060267
EK202310126084,146.16742287809475
EK202310196727,145.19457997046146
EK202310225009,133.9131941255051
EK202310207005,150.79934798021313
EK202310222794,140.16246929524044
EK202310171893,149.48595680739479
EK202310172296,133.05921055032778
EK202310139698,168.04956478808657
EK202310128914,130.0780719318749
EK202310235545,141.52847378738443
EK202310109242,132.34757936475035
EK202310177486,148.34470634709012
EK202310199539,147.9364831650603
EK202310188301,139.76213088509922
EK202310201859,161.88805955514874
EK202310170159,143.80658376496464
EK202310148167,151.76351414606256
EK202310155933,161.16901158634542
EK202310149269,145.20400937972335
EK202310188885,139.04776032457778
EK202310109274,145.5896141592907
EK202310162745,162.51382393899405
EK202310146260,149.6330549706084
EK202310168090,126.12130024514559
EK202310219761,114.68347574754202
EK202310230205,127.22743648319776
EK202310114523,140.3742886046548
EK202310201162,172.55425567315706
EK202310188350,145.92530328590186
EK202310178664,140.26585064879745
EK202310125253,141.70662360317314
EK202310194315,129.9159472262847
EK202310178855,142.45842689526395
EK202310114913,148.00755441911426
EK202310209479,151.7424675039277
EK202310207800,156.26342052723527
EK202310205487,126.40898942818978
EK202310168431,146.74087184961326
EK202310235593,139.73489919970345
EK202310235602,144.74535719139595
EK202320007124,176.38226773785092
EK202310207771,139.9637362145163
EK202310228788,132.4199879066995
EK202310227982,135.09082083637838
EK202310194813,166.12651021992835
EK202310241087,152.78745056401377
EK202310148405,137.16576395045402
EK202310140778,138.41996753138415
EK202310198551,138.4811080965539
EK202310120216,138.21603912507103
EK202310154323,146.39507269371944
EK202310158123,156.94314197757342
EK202310215528,145.4687555474427
EK202310237307,149.6767457796333
EK202310144499,157.77018890873433
EK202310200349,143.42302684434145
EK202310199428,158.27038388166542
EK202310205917,143.41851472153826
EK202310123848,138.74114085974145
EK202310171335,146.12691236077504
EK202310113026,143.04995751138108
EK202310227460,144.10296537650578
EK202310218273,138.55427730487781
EK202310211553,153.3261985736788
EK202310196786,146.31106206591724
EK202310237300,141.79945210607
EK202310125146,137.02603852549092
EK202310118100,132.89819995504521
EK202310186326,143.77522568907608
EK202310128919,126.98293770948686
EK202310198759,130.0353437422163
EK202310236246,152.78098523706723
EK202310149187,161.90932437514496
EK202310182726,150.8467650722475
EK202310152601,146.4641737380106
EK202310220436,144.83189407282015
EK202310193514,161.01019843619426
EK202310246478,130.45613505185432
EK202310243128,160.09181551088503
EK202310127415,140.12333647914548
EK202310213162,139.1988157430569
EK202310137235,137.61640624652506
EK202310178654,146.87854412785134
EK202310118153,136.8097922265667
EK202310004571,138.6329408836096
EK202310151403,165.42116793186176
EK202310245278,154.04024124382306
EK202310143897,138.38254729881416
EK202310218277,145.47471739118964
EK202310162879,148.3919162407289
EK202310136599,140.1493080246739
EK202320006442,147.6079804504199
EK202320007344,135.79551891704435
EK202310189969,160.9143730464808
EK202310166949,167.9268532666106
EK202310114939,145.62775456523457
EK202310226036,141.37577466412225
EK202310166986,146.5263268824303
EK202310217723,125.75891546110869
EK202310137499,151.22607402522164
EK202310132371,134.47616911551717
EK202310197508,140.7311561446821
EK202320006448,161.11675825343042
EK202310217287,142.34586820684535
EK202310210663,128.66045462035947
EK202310104277,146.90600765005158
EK202310200683,151.85375289648624
EK202310225623,160.0108171934639
EK202310207191,156.9214906632035
EK202310129539,129.89356550747027
EK202310128514,151.16797210080895
EK202310140966,130.95300875114842
EK202310129386,153.95879298331747
EK202310179691,145.30323211534443
EK202310188920,137.30387062013935
EK202310247484,144.97213527621759
EK202310193673,139.87515850778476
EK202310170091,138.51858778234043
EK202310172920,153.39734928448257
EK202310223477,145.2262746261724
EK202310171073,158.7675757584377
EK202310194158,143.873900058911
EK202310207919,138.112306142465
EK202310120306,150.44148080860396
EK202310207223,132.18440097793567
EK202310244280,139.87231810426005
EK202310106527,135.40599038795017
EK202310142859,160.78250334421605
EK202310168389,158.87439460297446
EK202310143594,132.1644473671034
EK202310167480,160.0712229589593
EK202310156995,131.06046865426507
EK202310119214,145.28142191372035
EK202310148853,143.0941156441027
EK202310217497,136.58230924756842
EK202310120366,137.77914926508788
EK202310217526,156.90700617369376
EK202310195002,141.98414315835404
EK202310169241,157.99138108231935
EK202310159114,151.79875789925075
EK202310192176,139.46887736498547
EK202310159110,161.92293998613434
EK202310158664,137.94988162337924
EK202310192338,137.97844565049095
EK202310230524,132.30839642468658
EK202310210362,157.96869787848993
EK202310212895,144.50685541564255
EK202310193440,131.10889606903572
EK202320007869,132.84762431304063
EK202310167916,148.00821297738676
EK202310206630,141.26997567092576
EK202310157459,152.94474096918523
EK202310216902,148.66965194885182
EK202310198965,137.81601585963506
EK202310201874,134.8836680509613
EK202310117999,132.0746217840267
EK202310204212,146.9876727550098
EK202310183852,150.71756455124628
EK202310219321,149.79734347663992
EK202310235218,140.4611016405594
EK202310106655,140.84851096609776
EK202310109169,151.10875101082718
EK202310229525,140.2911382978112
EK202310234441,132.73757023686403
EK202310119016,147.6562376505112
EK202310003723,149.44896865004426
EK202310177973,139.33579622061592
EK202310143560,160.90966328640573
EK202310245405,161.30813577903737
EK202310123670,127.22004135699957
EK202310125143,137.2324084025117
EK202310162721,138.45341959609195
EK202310121368,148.00292538522888
EK202310207810,161.37167715164307
EK202310110877,136.80016996117186
EK202310207642,142.93540724753908
EK202310236676,130.62494571563107
EK202310178731,156.53523070874436
EK202310166361,152.80728238373817
EK202310221798,139.5090854762867
EK202310177403,157.69185668224512
EK202310134022,133.59805649991463
EK202310167333,141.9977439250207
EK202310166210,131.04573930281848
EK202310110220,147.82577811018805
EK202310145795,149.411018908297
EK202310164123,139.89166716347682
EK202310196621,154.78967477325014
EK202310120415,148.9946338153905
EK202310148912,155.2019184527616
EK202310179102,128.53625233307108
EK202310196322,136.21391367913
EK202310157568,164.79754485864888
EK202310146998,140.81018015702037
EK202310223698,148.15142902334466
EK202310234532,138.34369290678043
EK202310138792,151.98307562785155
EK202310246869,145.29507873734426
EK202310126504,139.52880401051584
EK202310113606,164.5281767108384
EK202310131578,144.43530771997447
EK202310156389,149.92106405295078
EK202310138943,138.27946610901736
EK202310105288,147.9681362743848
EK202310188558,159.324138674537
EK202310234995,137.39837990299716
EK202310181950,163.77700996093566
EK202310157098,147.25578066518324
EK202310132543,139.04006627193542
EK202310174319,144.0600769821708
EK202310225811,134.43052736015653
EK202310157066,152.01708438216983
EK202310205138,140.55555005914115
EK202320007203,150.81549631033826
EK202310227039,133.17312274851528
EK202310106033,133.7822679509576
EK202310146183,162.5535781344691
EK202310226180,135.4053140216863
EK202310162385,151.85500997956385
EK202310235946,133.14110939753758
EK202310182408,142.204237251128
EK202310155735,155.5990960100303
EK202310190520,152.72114426083152
EK202310146058,131.96675632632346
EK202310202633,149.42814380186837
EK202310196099,145.42264357866105
EK202310129632,138.70104823072762
EK202310138166,132.49125208270826
EK202310148720,135.23247807300373
EK202310145781,149.217229968999
EK202310140364,140.39947627793504
EK202310152526,131.6226042476329
EK202310109041,145.18128411896262
EK202310239518,146.6057022686392
EK202310187894,125.36406284065016
EK202310140674,141.33986997500588
EK202310133919,141.50550372634092
EK202310183378,143.31785039158652
EK202310232538,137.20293645692402
EK202310203159,159.79224215566586
EK202310114364,146.13242621548167
EK202310165382,149.92801894078218
EK202310212412,136.90778259920546
EK202310106291,136.12839007036803
EK202310136964,153.55217219978286
EK202310114872,136.44055808208915
EK202310211044,146.6558842838996
EK202310196962,148.46652959577762
EK202310229743,137.07115651610863
EK202310180091,127.06172517322841
EK202310113899,146.55177079458645
EK202310238528,153.0909291794491
EK202310167500,144.3735803373896
EK202310184018,151.26538866097107
EK202310194972,152.6782778182405
EK202310120304,144.79291950856924
EK202310142049,130.06621981071797
EK202310178765,167.00363757635577
EK202310182864,130.71056698851766
EK202310192331,144.95968443554543
EK202310164774,147.3836679555809
EK202310156817,152.6487070317554
EK202310237151,148.67587193719785
EK202310234802,146.17060950323676
EK202310210106,147.42553696342824
EK202310195014,145.1767152847041
EK202310147893,144.06471616592708
EK202310113010,142.1037574163835
EK202310183485,140.7575999207534
EK202310123549,143.6361399506978
EK202310215820,138.4230308520169
EK202310174861,143.0436187470423
EK202310170243,130.40058203792208
EK202310139779,138.26724795469195
EK202310226387,137.24881726478387
EK202310126951,140.53310860709445
EK202310122461,128.5073454591118
EK202310137617,136.67602752133092
EK202310232607,154.36927676169705
EK202310188917,140.89039301676954
EK202310230010,125.78728073770122
EK202320007620,145.71805914909535
EK202310179514,132.41833982775717
EK202310200726,126.54975833286943
EK202310145542,139.92147755251432
EK202310140934,149.69559891689167
EK202310141993,142.14219098063376
EK202310202052,145.32196256516693
EK202310206128,139.61371950421469
EK202310129191,163.12464985479912
EK202310132531,149.49473679717454
EK202310145895,137.67316255695982
EK202310150717,150.25002785833118
EK202310238478,137.46840285046943
EK202310215961,148.3488897205376
EK202310140355,149.13659614634756
EK202310107109,112.06725819419022
EK202310245704,132.84701423501812
EK202310140078,150.39580818606188
EK202310201205,159.94033703781471
EK202310105811,134.2865180679161
EK202310213056,147.41268827141437
EK202310218710,141.23291137216484
EK202310212505,143.12041201211673
EK202310222413,126.35813567826185
EK202310172293,139.83154215589548
EK202310109647,135.19108308293468
EK202310188891,149.34525854405732
EK202310137965,137.1487071748832
EK202310107117,111.74953756130138
EK202310207869,151.4863130731042
EK202310169495,151.93727250143874
EK202310114538,149.67234108160568
EK202310165920,131.53975113671243
EK202310130807,149.34525854405732
EK202310170628,150.77445720866575
EK202310117370,132.89640529104634
EK202310239420,147.92972909269906
EK202310108908,150.86173431556293
EK202310124380,139.31227249940858
EK202310114384,147.88780684823791
EK202310176015,155.16367394464933
EK202310213032,143.06207072826032
EK202310191795,137.05212422307645
EK202310203571,141.48022919991817
EK202310138185,127.0120740253756
EK202310182667,155.32783277659118
EK202310178540,150.6375868929875
EK202310173419,152.89771591437696
EK202310171759,144.35500404366823
EK202310230057,148.01991270141738
EK202310239289,147.90658608156434
EK202310203690,158.19740381294957
EK202310109021,153.7385783953018
EK202310126805,140.94562940757476
EK202310213809,127.83663631227822
EK202310174863,154.37748429200295
EK202310221636,134.78898243186637
EK202310171548,130.5861617478838
EK202310194319,144.52304207179412
EK202310233853,169.7282037715036
EK202310158671,150.54061720935718
EK202310230596,139.52209532140535
EK202310221893,127.39685946720385
EK202310227172,149.08879131289777
EK202310231306,132.1926110644326
EK202310158074,143.37488136087973
EK202310104860,154.1782712828024
EK202310216640,152.23177874860178
EK202310200103,148.68102773330213
EK202310141785,136.69758653677417
EK202310145978,133.28566266519866
EK202310004077,145.32246480084996
EK202310133888,149.738288009006
EK202310125723,142.53758695645615
EK202310136090,164.11183396641496
EK202310246571,133.91839659813095
EK202310243027,133.0772384218031
EK202310109649,156.61291483774005
EK202310176461,136.5168645589889
EK202310122952,150.31582990478248
EK202310243326,132.44215790789147
EK202310135058,161.79835502120855
EK202310200094,140.18031519994412
EK202310146558,133.82207447609292
EK202310121295,136.26978807291084
EK202310214783,152.5837045626755
EK202310172681,131.70486496893946
EK202310241971,139.05971605769992
EK202310188843,143.24791305315978
EK202310136447,138.86802900976036
EK202310231662,145.80831427792072
EK202310157790,146.1838523342422
EK202310120107,136.03666949642312
EK202310225152,148.90920147243608
EK202310200264,152.8858320686639
EK202310134521,134.1202287279512
EK202310173584,137.94485669674623
EK202310196666,145.22697392250484
EK202310164106,122.7519569851306
EK202310138379,157.06440356113112
EK202310228204,136.25132576374452
EK202310125152,145.55386928769914
EK202310216720,141.69043569767143
EK202310228063,140.5202276342405
EK202310169786,149.08938429920812
EK202310176342,156.49113676115468
EK202310163187,148.37800410913974
EK202310124025,147.46988207968965
EK202310171872,141.367150355287
EK202310137265,145.548284451528
EK202310209292,141.4390244256351
EK202310137925,134.89772791221458
EK202310199295,142.49473733419222
EK202310152826,175.68941313206116
EK202310104368,135.56621980076514
EK202310187730,147.8015487354213
EK202310181862,135.961140788337
EK202310165938,136.2268571798025
EK202310183431,151.41527699521956
EK202310236615,143.0670310749316
EK202310189593,135.24540392642643
EK202310221069,141.45909497270384
EK202310205373,144.34094308502296
EK202310142031,147.49306081130672
EK202310128716,134.10860934932143
EK202310202961,158.87439460297446
EK202310205295,138.67335475159092
EK202310116568,147.435362209283
EK202310209928,144.52038823135615
EK202320005639,146.06037513184103
EK202310133603,157.44880697630137
EK202310196192,165.87106512821967
EK202310133688,140.8409065544064
EK202310107855,141.16363038851478
EK202310138935,145.35825766076906
EK202310204089,149.34525854405732
EK202310219313,151.95683593499265
EK202310189726,145.5330900884856
EK202310152282,149.50882263852696
EK202310180251,142.08967431766294
EK202310165981,141.5970598870199
EK202310137451,138.34833527669593
EK202310126122,146.84585538705394
EK202310243998,136.91226403760308
EK202310184231,158.40333301675886
EK202310228417,136.84407713563675
EK202310241091,146.12771900478353
EK202310190393,145.92530328590186
EK202310211537,134.8945302292203
EK202310147678,139.22701446774875
EK202310242270,145.08445486875246
EK202310149069,156.54067568842595
EK202310163921,158.52968200882142
EK202310133083,134.4774206165277
EK202310224140,143.01825866524032
EK202310152867,138.71770446396314
EK202310203736,114.33979738543016
EK202310165596,134.41319161636378
EK202310214453,140.25484669494318
EK202310164740,147.85528856441184
EK202310214137,178.98675636990717
EK202310146679,147.72478832992692
EK202310104097,129.97532211704146
EK202310200834,152.73998422840515
EK202310163017,147.5552214732811
EK202310165977,150.72793418197497
EK202310243475,126.07550321800882
EK202310241365,142.34530007715455
EK202310244319,144.31654739871772
EK202310120396,139.65898851986898
EK202310241624,149.52791602944697
EK202310198761,161.49454030476946
EK202310150943,139.49495918295793
EK202310248679,165.97953978200306
EK202310215685,146.4345800923237
EK202310104356,144.7848622383877
EK202310206239,138.3761763530315
EK202310157180,136.7678249590609
EK202310131514,144.88822529705735
EK202310244801,155.2150885175036
EK202310116569,143.5766511934157
EK202310123027,134.227194164966
EK202310223311,142.91363408393312
EK202310174904,149.29979618552636
EK202310133194,150.76416897372414
EK202310184130,133.91955264398166
EK202310194455,144.1463096571527
EK202310106381,146.1172276957818
EK202310227001,148.359680876907
EK202310153912,144.82167790701473
EK202310193865,138.2179701168477
EK202310232459,135.98628223244538
EK202310198400,133.90467982505405
EK202310182607,140.98146477328623
EK202310225129,147.43019019728163
EK202310197516,143.2181894799388
EK202310131801,158.6995645745781
EK202310212554,150.41444796856516
EK202310227543,150.5114630599092
EK202310130530,131.38602380092325
EK202310193825,140.30789356221706
EK202310211045,139.38589017715213
EK202310129373,150.65575858745663
EK202310147392,129.9825153895077
EK202310187904,146.49373696796832
EK202310208503,143.35771551299987
EK202310110837,145.35220195045054
EK202310229225,136.85114139319379
EK202310164336,132.81926405474826
EK202310195313,156.80196113422545
EK202320006926,144.590746272503
EK202310174594,134.99932331921
EK202310187599,151.63017518611426
EK202310198391,144.5068315731049
EK202310224871,136.15286184173354
EK202310128469,140.71881101062377
EK202310108118,141.21661170178024
EK202310164855,149.1694053705611
EK202310157619,148.4344749211253
EK202310212148,128.34597225048782
EK202310241888,147.9216943395151
EK202310200720,145.7300692331517
EK202310178703,157.37975148917093
EK202310208199,141.67550802258114
EK202310200707,152.4625210331387
EK202310222186,162.16274449217644
EK202310235687,147.8214746882949
EK202310169723,148.2645033037828
EK202310242395,144.00133496967248
EK202310202866,159.8177776958067
EK202310137258,134.17644219330856
EK202310209819,147.39651251231294
EK202310111291,134.94212805680834
EK202310210190,141.79028413595967
EK202310181968,149.68360934645327
EK202310173847,143.23220361506534
EK202310170341,129.13228744885967
EK202310112839,142.1843191235693
EK202310207240,138.93442183769227
EK202310122514,132.3940940858081
EK202310190722,138.7766677301068
EK202310186422,129.8890344806184
EK202310154379,168.98390808844556
EK202310245323,153.2235920478863
EK202310122299,135.21099312193903
EK202310125100,142.7942693390322
EK202310118253,137.1898086510531
EK202310238969,152.73808546187772
EK202310168188,153.49998766828105
EK202310160206,137.3158546894738
EK202310222871,150.3024269656335
EK202310209611,145.5303768060697
EK202310212974,137.37282326462645
EK202310128407,134.3019755580415
EK202310222412,123.56782094189987
EK202310200939,139.63216785291706
EK202310003959,134.6329334302951
EK202310190302,151.5943928498834
EK202310186405,162.35474439091033
EK202310138957,138.31009205803798
EK202310105023,140.31005529181894
EK202310236632,147.94131862009093
EK202310162662,128.16264861350135
EK202310198218,156.05038168202245
EK202310186500,139.69410845186601
EK202310138863,146.14284608357372
EK202310241224,168.62616176799605
EK202310171644,140.69493780937177
EK202310239875,133.756448262438
EK202310187156,153.53716575474684
EK202310174507,145.87994646646362
EK202310139245,151.16063334292397
EK202310161355,156.98870371366542
EK202310131302,141.99233483952892
EK202310106366,146.40448580946185
EK202310180236,158.02593163099465
EK202310146739,142.17242303369267
EK202310122526,130.155434801795
EK202310171449,132.2625107048077
EK202310158382,148.95863739209904
EK202310003648,128.20349726209616
EK202310203626,138.24693584216695
EK202310105539,133.3822881795879
EK202310172856,151.55492299167935
EK202310247114,161.5761628911386
EK202310169299,153.47375944955175
EK202310216048,145.2748696650538
EK202320007664,140.14140814695517
EK202310106821,146.74323918886253
EK202310201424,138.50902598143173
EK202310177794,137.52044425118288
EK202310225174,138.0045400362874
EK202310236955,139.2149102514335
EK202310216158,134.08137005697756
EK202310176370,138.9591724705963
EK202310139805,136.69520817016516
EK202310129688,143.61845059009664
EK202310114179,138.62487099291954
EK202310004734,133.33065996878557
EK202310153706,167.78181940439552
EK202310159985,134.3284256787176
EK202310207436,134.6322658016996
EK202310172357,141.0223188474772
EK202310137540,151.0474147893894
EK202310246082,150.4820548582824
EK202310231504,129.0807815882453
EK202310180342,174.97531062758898
EK202310149538,153.249766234652
EK202310236300,144.08207434783534
EK202310184866,148.265283874439
EK202310236107,161.41475593055452
EK202310177453,138.04506935201263
EK202310171178,137.39106672735437
EK202310146756,144.19872503506073
EK202310147896,151.82606711579407
EK202310167599,141.12876820128793
EK202310165277,128.22875714733195
EK202310213182,154.82484061519816
EK202310231983,147.44377849304848
EK202310119961,141.16565766803822
EK202310168921,153.10087075971347
EK202310152986,144.59990579289055
EK202310222123,136.29127746287404
EK202310165121,130.67316463429614
EK202320006143,139.00371384598662
EK202310136406,147.4970746881692
EK202310113171,146.44416992940413
EK202310178750,161.0875286096828
EK202310184720,133.0741763753942
EK202310135947,141.27376020481125
EK202310106555,154.28679376717767
EK202310147773,151.2486803791503
EK202310166654,139.42498296861146
EK202310231220,147.88953103701434
EK202310179554,148.5549130772869
EK202310121805,133.58747026935237
EK202310221539,139.67988683435178
EK202310109095,136.92738016396467
EK202310228094,151.77142472575588
EK202310128632,126.9966336035751
EK202310168239,166.3550204752178
EK202310229923,129.3382786654358
EK202310182545,147.13346679629322
EK202310111819,140.5197401729967
EK202320007299,155.87577794967524
EK202310113423,133.93367893731045
EK202310141017,144.91142207594177
EK202310236316,140.9918262994252
EK202310108216,144.84694517322757
EK202310192703,158.4720054410828
EK202310123050,136.01011689035096
EK202310221659,140.0079483925763
EK202310195354,154.70641702294094
EK202310218205,142.51039689867943
EK202310142204,137.17225257667423
EK202310169069,143.4517419973565
EK202310110164,148.61549108499096
EK202310242272,130.36832978333447
EK202310171541,177.95327119818162
EK202310164252,161.12322499269325
EK202310230378,127.11703143729915
EK202310162807,141.29709579363038
EK202310125970,144.8046911834711
EK202310232037,142.93631173196192
EK202310179302,126.80866716902777
EK202310113416,141.10371507014207
EK202310120907,145.96632407447123
EK202310131914,125.86755125428424
EK202310246477,141.63572789073166
EK202310210578,142.92335779324569
EK202310224656,149.2002218750441
EK202310134643,144.77829273677466
EK202310165344,141.06087369654037
EK202310128094,153.33665664355792
EK202310212344,142.5684183202192
EK202310163429,143.13278601240785
EK202310142109,132.2613346935671
EK202310148011,145.101375751991
EK202310177720,142.7610481312571
EK202310130679,151.46950833622128
EK202310128185,168.77768374680366
EK202310157906,146.61795535592827
EK202310219715,142.18631888433526
EK202310107586,131.80327938689055
EK202310236962,139.90926329452896
EK202310133594,153.7856071598986
EK202310124136,137.31291338137606
EK202310147276,160.74228831115119
EK202310209860,148.93918141807512
EK202310170014,144.590746272503
EK202310125838,143.2445672064523
EK202310176810,134.70423790251758
EK202310104451,152.98119669313445
EK202310181648,144.3638066495651
EK202310148857,139.56635915423328
EK202310161540,162.35387843455786
EK202310109347,147.332874362338
EK202310143168,142.7749652802807
EK202310182799,143.89344577973992
EK202310183847,135.2112547597411
EK202310231882,137.10723075781613
EK202310236483,127.36828522589211
EK202320007850,142.40757573632604
EK202310171115,134.61009895182156
EK202310138799,141.95700294027526
EK202310229790,153.5722309704759
EK202310120135,140.5883570987035
EK202310165362,144.57297855361392
EK202310160759,140.260081575633
EK202310128908,149.5193939181308
EK202310126950,134.61132764454644
EK202310210878,134.638642974868
EK202310144127,135.9788338338596
EK202310103769,134.5791013701678
EK202310224658,161.44031798781165
EK202310158660,147.6562376505112
EK202310115044,133.43035854225974
EK202310225928,133.42007303894093
EK202310131183,161.1282721924785
EK202310191329,135.26721112592062
EK202310247806,149.43323046336025
EK202310128359,147.05846620857434
EK202310158015,137.0383777398707
EK202310216742,154.9795632063434
EK202310180156,132.24772667264278
EK202310156742,161.76633308469349
EK202310206889,142.15660742017343
EK202310141595,143.80496680170995
EK202310213331,143.65924802844117
EK202310110177,134.41218887524553
EK202310177752,139.9437173871154
EK202310143528,140.04288308081138
EK202310121245,141.93524137640415
EK202310121730,147.41452322042252
EK202310166696,154.14284582419842
EK202310139416,141.99098337350387
EK202310137350,152.72316730267528
EK202310173056,139.11892090893488
EK202310183242,147.78197574370904
EK202310181856,140.4107584448294
EK202310187043,154.11652127206844
EK202310146563,137.58626957922166
EK202310210145,143.18434300689407
EK202310149292,145.57008992348636
EK202310219306,139.73100135603147
EK202310180670,137.29335161649303
EK202310154730,148.12255001824204
EK202310220947,134.32392151058733
EK202310202735,137.94065179903558
EK202310123527,129.64769627915967
EK202310120644,145.65399380092543
EK202310129017,149.08120423233305
EK202310162431,155.0182634705677
EK202310150024,147.86192234447603
EK202310237610,138.65025320790494
EK202310228863,132.78230001843775
EK202310114239,137.7649219064881
EK202310111704,144.5124845491166
EK202310175377,127.56334222699452
EK202310128857,142.42984887233345
EK202310141561,145.609196147462
EK202310133921,143.6916511074093
EK202310143422,144.20370611636577
EK202310222897,131.61551499334283
EK202310127138,148.06530107517008
EK202310185976,138.91881341091198
EK202310118702,142.4120025364393
EK202310112998,151.66761234171324
EK202310134460,164.76254176322678
EK202310198419,149.48544485276634
EK202310116533,137.39767197408912
EK202310152035,144.9360051795776
EK202310186167,148.69204346500425
EK202310174777,141.93520162562757
EK202310241957,134.45982572369147
EK202310194759,140.9629917000357
EK202310209627,137.94123714016456
EK202310110386,146.34945696828493
EK202310183168,134.89202036716662
EK202310230042,139.92818144996343
EK202310173070,142.11147561189736
EK202310118014,139.6969683644147
EK202310201071,135.6565862842286
EK202310151104,121.40714481991871
EK202310150451,146.5902023556013
EK202310185662,164.8724915337338
EK202310152420,146.55779292296563
EK202310004807,139.0948810188352
EK202310123731,151.91595775187875
EK202320007290,140.96459366347358
EK202310159273,167.11311420142974
EK202310241776,160.45389787551213
EK202310240911,131.29278754877166
EK202310128834,135.10217708988364
EK202310128400,141.72108681685833
EK202310233118,137.74248051183392
EK202310234404,136.3694038320247
EK202310158169,157.96491300367907
EK202310168826,131.07008593290155
EK202310223636,151.73710001358185
EK202310228740,157.10754776361506
EK202310115835,139.08663917314254
EK202310131407,140.43889662322263
EK202310150935,144.60487256583178
EK202310225345,160.64231345250062
EK202310146990,151.06758085383967
EK202310227539,146.06037513184103
EK202310145038,127.63812349971467
EK202310134905,147.49448029825834
EK202310176247,150.32378988268385
EK202310238587,160.4831504901586
EK202310208338,135.68356348694633
EK202310202600,144.22518303921711
EK202310244941,144.17090427874345
EK202310121341,144.90147234442344
EK202310142598,167.53920694260964
EK202310198678,135.31766051438814
EK202310243034,146.1903396495975
EK202310188200,144.72103140769366
EK202310248513,120.25676237756846
EK202310247587,140.49314476853664
EK202310175167,127.55694329646171
EK202310248135,135.89217043560333
EK202310116341,135.9779042500087
EK202310187249,161.22838428788205
EK202310117946,136.92855254782347
EK202310120013,132.01965808882755
EK202310168464,135.86622057878725
EK202310188127,136.02164573068168
EK202310234954,142.62237876353186
EK202310240694,139.3225639377164
EK202310156774,149.63824172254283
EK202310242931,130.7431961507017
EK202310120909,145.2095292095185
EK202310213600,132.1526645988737
EK202310185790,151.72893638796955
EK202310189010,141.98102167525633
EK202310198849,139.93089136259974
EK202310110578,147.83517225974535
EK202310197754,150.1541456942806
EK202310224146,137.26723280019144
EK202310174258,141.62007395776627
EK202310190295,146.245585768819
EK202310215366,151.2761560851
EK202310236141,148.7150339954997
EK202310235081,150.21531868846756
EK202310113404,129.91156674846553
EK202310147836,150.5562277707348
EK202310119847,164.12317974113944
EK202320006154,147.05461220428987
EK202310181606,145.4533437129428
EK202310108458,148.97063551729505
EK202310191692,143.8493210297646
EK202310137028,140.56294664649337
EK202310186568,132.0034021009939
EK202310193659,146.6647880837464
EK202310201443,143.62521825391724
EK202310171284,144.6252436815724
EK202310162022,153.33674880530495
EK202310124310,129.41582014487125
EK202310150577,147.7046792637817
EK202310180293,151.26213963785617
EK202310233601,150.95401443124146
EK202310218244,144.25189646012922
EK202310147274,132.30677401125075
EK202310144827,145.5795148952506
EK202310188705,133.63925527653484
EK202310171879,133.63017304736385
EK202310004380,150.64446025139435
EK202310124117,138.37507420717213
EK202310139515,157.76857850104952
EK202310223076,128.30355577734164
EK202310189237,142.82286649673662
EK202310158900,159.7694752760441
EK202310172965,140.85314353950378
EK202310133331,135.00300301982355
EK202310139550,139.77741220946174
EK202310182260,142.47237754318184
EK202310240459,140.75534780831768
EK202310129723,152.29253413576083
EK202310140428,127.05770757570298
EK202310116169,133.4417391410109
EK202310121335,134.9841756967799
EK202310154424,128.33939149995456
EK202310171495,139.78606771278493
EK202310230777,146.20768778475036
EK202310207460,147.11570969904514
EK202310194955,132.21590822534478
EK202310233382,149.59498648345155
EK202310126476,146.32451774963062
EK202310112541,129.66947229077454
EK202310211941,153.2555225262346
EK202310160649,138.73849032091957
EK202310147152,143.14558532239843
EK202310226978,136.26475813258367
EK202310156779,130.58104112622007
EK202310160400,155.4349263623536
EK202310113592,135.0496610395296
EK202310173652,149.20874692244496
EK202310159519,144.2205787513963
EK202310124262,136.18915962049132
EK202310205506,131.7013657274613
EK202310219097,140.5420812877694
EK202310226057,136.1051523637978
EK202310153736,144.52367032829753
EK202310180775,131.86103699587204
EK202310169348,152.78922605059492
EK202310131502,156.4362636608831
EK202310121729,123.54844640615632
EK202310159565,139.02631342744166
EK202310204448,137.36909145531808
EK202310153462,140.41556689584425
EK202310144316,143.6345625019996
EK202310135075,155.948656197272
EK202310221375,144.88435326695662
EK202310163745,163.43801950988288
EK202310128307,142.22244963903105
EK202310117545,161.0875286096828
EK202310135049,160.20380412286912
EK202310168241,151.76281407478547
EK202310212910,144.52367032829753
EK202310201819,148.99582166048796
EK202310159317,153.02495684116582
EK202310205644,147.02866225082528
EK202310154083,130.0463434309107
EK202310229522,143.05173486806777
EK202310110884,143.30530377789
EK202310157913,134.80462371661096
EK202310178487,176.32744097549312
EK202310159316,143.05173486806777
EK202310109379,140.90110371555534
EK202310188031,133.23610062270896
EK202310198040,149.9252846545905
EK202310175083,154.9633075456215
EK202310155364,145.97326325313966
EK202310204163,141.04369228949295
EK202310199502,144.60692246525593
EK202310204489,144.8674299717
EK202310179081,151.1086484792031
EK202310233796,130.46800249661206
EK202310166659,152.243176643965
EK202310160108,152.40681369907364
EK202310189609,143.88436524072182
EK202310104591,145.957902941683
EK202310241388,130.6887153219875
EK202310141772,141.91710701234126
EK202310193970,144.19158795366823
EK202310115247,138.90030382208346
EK202310205518,135.75521848850028
EK202310169284,141.34732061647907
EK202310148744,147.46877355928262
EK202310190361,134.9528599947702
EK202310174521,158.12713809477663
EK202320005722,139.00371384598662
EK202310223637,147.11071037485726
EK202310206779,143.8541354029054
EK202310205588,136.3738953772417
EK202310173304,141.5734529776621
EK202310168176,148.24019586836496
EK202310213786,150.18773487445313
EK202310193979,159.41484955439532
EK202310126924,128.15805063683777
EK202310130529,139.9653152940341
EK202310119471,150.48295284502586
EK202310196749,139.63292401814687
EK202310113250,154.10850987484963
EK202310155906,130.6527501152838
EK202310105766,132.81017133153316
EK202310201584,158.45454217812517
EK202310106175,138.80045850038536
EK202310178826,141.0029801432499
EK202310184322,141.10330782706507
EK202310106188,139.6855002093835
EK202310124482,138.1025134170253
EK202310186934,138.95975794659287
EK202310190559,144.4127481429979
EK202310247940,132.16401821048998
EK202310161261,152.53457039086626
EK202310167492,136.77582681387426
EK202310117822,128.8202887064648
EK202310185255,152.4123791009205
EK202310209656,128.76579076761567
EK202310161945,151.9999210090977
EK202310214665,149.5201659897633
EK202310146073,130.50031988469212
EK202310160721,156.6217734948885
EK202310245095,156.26275241303875
EK202310239697,136.2322671362413
EK202310196401,150.67445218591723
EK202310245200,154.46435520535144
EK202310151874,156.1686638532765
EK202310127590,153.363748159575
EK202310172784,138.00496939209995
EK202310217741,149.43252095417097
EK202310118696,143.45360728272396
EK202310175680,160.66374456563298
EK202310248407,136.18478218435962
EK202310116779,138.1056906093889
EK202310230914,146.78918530251144
EK202310121682,142.9320164955749
EK202310124137,134.26056806858938
EK202310138758,140.53310860709445
EK202310115217,159.48067433717802
EK202310165227,136.0013925520498
EK202310198606,133.29826915220713
EK202310139887,143.27876535958757
EK202310235696,138.94658391878474
EK202310140862,143.84806373309203
EK202310245296,147.92877794282066
EK202310178643,153.4130680081339
EK202310109769,116.21654506728595
EK202310168383,137.66277993974188
EK202310173293,143.97788621399724
EK202310199278,149.77670061748339
EK202310188364,166.43412020997366
EK202310226539,126.54707478493579
EK202310104626,140.4778978211565
EK202310113611,143.9682223253271
EK202310155381,129.7555690397507
EK202310207381,153.69836309419142
EK202310232919,151.45971407035606
EK202310239683,135.08377145599582
EK202310131225,137.25848231503397
EK202310173001,144.927622728563
EK202310194749,132.3351528560198
EK202310103766,142.01749465303823
EK202310173848,141.83814944588462
EK202310134143,134.17679667783668
EK202310233093,144.46614876126387
EK202310184337,158.95476587104275
EK202310129410,142.84754280326538
EK202310118391,136.59974213425855
EK202310222008,145.84619204375707
EK202310172498,136.57541402799407
EK202310187928,128.88398754964103
EK202310159483,126.0321397276954
EK202310110871,150.86686977227748
EK202310146779,149.33793487186003
EK202310155616,134.137663872506
EK202310137460,148.61658670742088
EK202310209877,142.1219880753203
EK202310140666,152.6782778182405
EK202310122918,129.5293739126326
EK202310170046,143.6709288619573
EK202310143434,159.69350823499136
EK202310140495,139.3868312433468
EK202310174705,140.89039301676954
EK202310228168,140.24599673821976
EK202310127824,117.98051607823658
EK202310235975,139.58306013217748
EK202310190602,133.14959193680397
EK202310106408,148.00817988041655
EK202310233717,147.44691550830797
EK202310203927,131.69819095572407
EK202310106512,137.33410486790282
EK202310208972,135.616729487679
EK202310156588,170.69248348063854
EK202310242168,142.24090626881045
EK202310123091,149.7429932188576
EK202310199389,139.75774559400026
EK202310154978,145.5256797699782
EK202310158716,133.5103218001372
EK202310159396,154.93341389906485
EK202320005678,155.81992454950324
EK202310110183,132.34757936475035
EK202310225959,126.13625455622034
EK202310225303,144.52367032829753
EK202310108877,148.03889632047643
EK202310237629,148.7371395500037
EK202310211593,135.19939462437586
EK202310151540,156.50763661048836
EK202310149041,154.17936225218773
EK202310147417,135.97216212513223
EK202310229267,142.93359203688587
EK202310194169,131.10366331240223
EK202310130855,142.42053415328868
EK202310218381,135.61706527082814
EK202310131759,150.20529236542714
EK202310159130,147.89434395121035
EK202310181380,149.36023095578878
EK202310154840,157.74095998510822
EK202310155113,143.9183487432645
EK202310190213,132.49549756569428
EK202310125761,151.3065625036983
EK202310228436,148.7510056487335
EK202310245583,132.0762293207028
EK202310138440,140.55414898076197
EK202310153292,136.90366953065848
EK202310114994,135.3198979193266
EK202310172366,146.61795535592827
EK202310124479,133.79374130070195
EK202310184003,172.72026737804455
EK202310179734,139.33492743600263
EK202310185315,150.0961432906547
EK202310247954,154.2506115965036
EK202310146620,139.7823345891885
EK202310171244,158.21797684836002
EK202310134666,151.22607402522164
EK202310220005,146.8143385454666
EK202310156110,144.1882986074611
EK202310207825,168.52218296008758
EK202310168883,151.3877713419943
EK202310136483,127.17196190578302
EK202310196952,157.81404435990802
EK202310196373,135.82254333944698
EK202310118816,138.97712969001222
EK202310165110,150.95401443124146
EK202310142607,159.27766902882462
EK202310168946,136.5174221269407
EK202310105295,143.27196818301286
EK202310106334,135.81786780956514
EK202310105612,135.32888299962954
EK202310119938,145.45627433250016
EK202310192361,154.64922200380968
EK202310195020,132.24894143151712
EK202310129686,137.35368542391333
EK202320005926,164.44202005932166
EK202310210500,135.90231291026143
EK202310139090,147.3889354428156
EK202310138528,156.41318039656565
EK202310201466,134.36268438381873
EK202310230750,138.04565627515726
EK202310148719,143.94385778486355
EK202310150803,128.3796094696246
EK202310216988,155.4552591809024
EK202310111431,135.11053747526984
EK202310185972,127.12591569985486
EK202310195667,154.30843096360567
EK202310140854,148.54035793070784
EK202310210882,142.3217280600532
EK202310233837,130.20076763571942
EK202320006073,158.2965141722221
EK202310196309,149.20275446115798
EK202310206916,153.78357030077314
EK202310226122,137.1387780950553
EK202320006289,140.61246973317077
EK202310226436,156.64816788132373
EK202310169442,158.0874618115589
EK202310241543,139.3434407069493
EK202310217591,136.8214147412064
EK202310140276,130.54171118826724
EK202320007784,138.53265225977103
EK202310149529,134.77569274663793
EK202320007633,153.33020003065283
EK202310119859,149.83549424998984
EK202310230599,132.7749843865298
EK202310140256,144.57354545116274
EK202310155491,142.96798586594957
EK202310132167,152.39181779222858
EK202310224240,170.08538321370526
EK202310110704,136.0003219204242
EK202310140659,130.40975648979557
EK202310209654,142.06509065555605
EK202310210751,128.82271444399396
EK202310114252,148.66487382145255
EK202310131050,136.44753926547205
EK202310176400,130.43202928250082
EK202310225146,140.12864219125825
EK202310218218,151.06691106287963
EK202310199879,151.5021496287377
EK202310233661,137.5533357306872
EK202310225646,129.28277344133676
EK202310141379,131.05845509419237
EK202320006182,140.41435586859956
EK202310173692,124.963915891924
EK202310177607,145.7345812366583
EK202310233946,131.49009572900064
EK202310126324,139.79133081525907
EK202310191584,141.55158168711108
EK202310162051,148.24019586836496
EK202310217086,147.19806943280958
EK202310175283,138.9115762818636
EK202310161464,157.36102990402668
EK202310175429,146.22470813257718
EK202310162548,153.0463002854822
EK202310124184,131.88922093529666
EK202310175929,151.74116810051535
EK202310162414,141.88863626879558
EK202310243129,121.96530038329217
EK202310157428,167.8256600709754
EK202310155573,130.22775474749923
EK202310163052,151.6504850732166
EK202310206064,149.26459676953755
EK202310248323,140.54285989263252
EK202310168056,153.31320475603877
EK202310128927,136.90366953065848
EK202310139485,153.5881553951776
EK202310242735,137.65366019740011
EK202310134082,133.86322065407538
EK202310104455,138.53265225977103
EK202310159631,154.00772688114242
EK202310212803,148.86453655236738
EK202310104486,138.60875107846226
EK202310194508,141.9136287119149
EK202310147608,156.87226080104418
EK202310150343,138.23459373396418
EK202310231361,136.9585515916474
EK202310170149,160.963288002588
EK202320005932,162.90910322677806
EK202310211081,131.60616123688803
EK202310164819,157.30728407124124
EK202310182415,140.72854100523946
EK202310129406,152.77330860094708
EK202310186466,132.85242045724505
EK202310116340,135.23898787754786
EK202310177218,147.26990695851202
EK202310207532,144.36450736595552
EK202310222391,133.23863362485602
EK202310176449,162.38829004115996
EK202310245955,144.11564712678944
EK202310193130,139.52694026870094
EK202310158757,135.61500975534167
EK202310227627,133.9935557883608
EK202310136426,146.73079561388204
EK202310130279,158.40588594735982
EK202310140320,143.11643441743047
EK202310208976,126.5473178300056
EK202310140233,148.53275029811888
EK202310111236,149.28301728825943
EK202310106947,150.03028993219212
EK202310225392,135.61962710885214
EK202310156828,152.45724636586792
EK202310169518,123.97146841797769
EK202310112332,149.00495871184123
EK202310157079,169.10272588821854
EK202310113908,139.16287680832863
EK202310228518,131.36781608135288
EK202310162931,140.33779835975963
EK202310209191,131.03274712835713
EK202310170787,150.03577327524496
EK202310123235,132.39569746435777
EK202310155678,125.58669311888778
EK202310164712,134.18382439877988
EK202310124306,140.4251845986183
EK202310209118,152.65703072611058
EK202310198258,140.02620420651834
EK202310234831,141.99679368393527
EK202310226914,146.18802589483442
EK202310202181,135.23898787754786
EK202310181074,134.15243272975536
EK202310231524,130.17705821880548
EK202310159999,151.05452965305986
EK202310214159,153.70445210622472
EK202310104655,136.07183210769796
EK202310191665,149.6200413766608
EK202310226912,142.22474174053187
EK202310229568,140.64417244303775
EK202320006366,147.24780446749156
EK202310158803,144.04358981799408
EK202310218310,137.4252287834432
EK202310204232,137.62075882514932
EK202310186641,144.41197795398728
EK202310145275,150.7588041006937
EK202310215048,141.41349939521172
EK202310155714,138.15712820918253
EK202310154842,153.4906943184476
EK202310131202,142.2779363117263
EK202310166844,144.60518450244595
EK202310209974,134.18897129650094
EK202310111411,148.27662419849938
EK202310208383,141.54207708084652
EK202310228239,143.33717808805199
EK202310220185,126.18196760237021
EK202310177863,138.3295763772004
EK202310191386,152.0948309541644
EK202310176540,147.74775260685652
EK202310128361,154.33230816891458
EK202310127737,139.14219783838607
EK202310205567,177.43223121116108
EK202310110038,140.3855457711785
EK202310135018,155.57309555109026
EK202310152829,176.95893717869018
EK202310106061,131.8043974379725
EK202310234328,169.09056484164662
EK202310179105,158.7319697121171
EK202310106635,146.22167031529986
EK202310133437,127.99005619553643
EK202310163497,147.80828779409856
EK202310170389,134.77313468604518
EK202310176900,158.02542435076109
EK202310218778,149.59168391651298
EK202310188856,148.39935883070697
EK202310195987,162.033418960963
EK202310139386,151.91195173590103
EK202310220080,152.78608079270393
EK202310132718,142.71862622574554
EK202310184630,165.48525409270465
EK202310175811,138.55644447020322
EK202310109074,144.5377966216263
EK202310237543,139.28363199628916
EK202310229949,146.68326165990575
EK202310174243,130.90622828162395
EK202310185313,145.84903780649142
EK202310150933,151.7214559207592
EK202310114721,144.27260557333676
EK202310168635,152.3271855442144
EK202310188341,134.6114023505376
EK202310213705,141.84403798682786
EK202310239073,129.61169202478703
EK202310163500,142.98663201515592
EK202310208351,128.22350558622125
EK202310106450,146.30220738820492
EK202310115408,135.5233501150151
EK202310223788,140.90471307790665
EK202310243905,133.47790214433797
EK202310173232,141.6092957640532
EK202310147240,142.6877352929797
EK202310170514,141.78622079894419
EK202310150951,126.6465268351144
EK202310116493,143.55831365528852
EK202310195983,147.77005119736782
EK202310152131,127.84178000602971
EK202310104754,137.2242734440441
EK202310205406,140.5816316946991
EK202310160153,156.78139298309378
EK202310221221,138.370242978814
EK202310160257,157.38226395421415
EK202310137708,139.9940305775894
EK202310115489,144.44943401330326
EK202310137151,148.26237108266596
EK202310227780,136.86565084023877
EK202310214472,157.39116720685792
EK202310133088,156.57609784149
EK202310239663,138.67313938605105
EK202310215474,143.44576475651925
EK202310183236,131.66577813942416
EK202310214837,143.76245673874325
EK202310187923,130.988487515682
EK202310197935,161.28418015219955
EK202310140273,143.6914723022619
EK202310117788,132.61171327639113
EK202310170592,152.72943856259334
EK202310156315,135.0217475512675
EK202310166296,141.7951813998913
EK202310156678,146.06037513184103
EK202310197364,151.33590064535906
EK202310004739,143.81366858203154
EK202310133626,139.033955612195
EK202310199623,129.88313513054422
EK202310159296,157.5139341575084
EK202310192767,159.0288478052414
EK202310148778,143.24791305315978
EK202310156041,141.4629386107518
EK202310186950,145.18266303631648
EK202310236558,132.29485060221822
EK202310213585,141.17951816935602
EK202310184418,144.9168860282486
EK202310140115,132.57805335296342
EK202310163224,139.52593000396448
EK202310228835,124.26220611089684
EK202310162030,149.7061880440839
EK202310168987,144.95011261952058
EK202310221729,136.95053589518116
EK202310181909,127.4998363330726
EK202310149566,159.64696823756506
EK202310149852,142.57120654656407
EK202310246189,138.33506727486323
EK202310173822,151.90967621324867
EK202320006684,150.64446025139435
EK202310151342,144.22063519407038
EK202310004964,147.22283460378736
EK202310167966,145.40331787936663
EK202310184397,133.06765648371788
EK202310200638,134.72948866930506
EK202310181195,146.39792272861519
EK202310149384,141.49443127193612
EK202310192111,147.03314849932204
EK202310119248,153.22730150797582
EK202310150757,135.60517397870748
EK202310105899,121.18353886677775
EK202310109147,130.23955180515995
EK202310003890,131.48031463877288
EK202310136861,145.96187700615977
EK202310209403,143.95546006356506
EK202310143496,133.77843089419943
EK202310171668,146.77711831827028
EK202310168536,140.41079945913984
EK202310216195,151.44972225297533
EK202310117347,143.09322440347904
EK202310208923,135.94080621972554
EK202310239643,150.58949553298868
EK202310206445,134.65748150199377
EK202310104049,131.39498197981743
EK202310228180,140.17599856595098
EK202310116347,136.19184468173353
EK202310205059,132.64979941318592
EK202310248120,130.38772839162044
EK202310171398,151.0057495137225
EK202310161887,135.3425560271973
EK202310208795,149.75134393862433
EK202310211198,137.20316503029235
EK202310175547,148.72669257707986
EK202310168520,145.11379237560558
EK202310212595,140.94455210780006
EK202310116251,139.02555236592877
EK202320007851,158.6864785293628
EK202310106764,130.36741793391374
EK202310187318,127.22928833586025
EK202310158705,142.7538042917291
EK202310185110,139.16287680832863
EK202310170152,142.23238640268102
EK202310195607,159.03355756531647
EK202310111449,132.2611527600018
EK202310153841,155.98503907182015
EK202310167617,158.41767994838062
EK202310114265,135.00561617198676
EK202310133143,140.45620153442138
EK202310158293,136.5527741817601
EK202310181702,140.77163269551278
EK202310212416,134.5555095930479
EK202310231600,131.59132935225932
EK202310230507,133.99017891831653
EK202310223031,129.46340760331285
EK202310180391,129.68112619864937
EK202310177543,155.8460256035617
EK202310218831,139.33579622061592
EK202310223265,141.01230418953458
EK202310109405,153.51440249518527
EK202310138084,130.89602240304268
EK202310144834,135.18800194236414
EK202310119130,148.24797940125262
EK202310241445,144.14393951902463
EK202310187813,133.02034586860836
EK202310233825,155.4552591809024
EK202310163582,140.78064143826882
EK202310152391,130.4997077379444
EK202310236241,151.23907387719944
EK202310179557,137.64935417164605
EK202310004239,146.3912558503146
EK202310218905,134.1173301798922
EK202310132305,134.41766375307085
EK202310230005,143.19889113655935
EK202310210560,143.38472876711893
EK202310216882,147.86939028127284
EK202310176911,141.81231789960538
EK202310136229,137.9359431045594
EK202310106054,149.78946426358866
EK202310195370,140.95908424470704
EK202310173198,138.92200450101205
EK202310173224,148.97743318400555
EK202310192049,149.4287608517805
EK202310119480,147.37926816252866
EK202310173031,132.54617684080404
EK202310141972,158.83162601048102
EK202310146369,137.05120457450178
EK202310242801,136.47721896974775
EK202310206809,135.6601033663229
EK202310185734,130.3256366599365
EK202310139207,161.07252440431571
EK202310210887,137.66540388195682
EK202310105956,153.33934966244573
EK202310163503,151.99889784840573
EK202310123765,136.28245051376751
EK202310232619,143.91020209922706
EK202310205867,142.53241427508826
EK202310158665,151.61384869632673
EK202310236631,140.06639697274971
EK202310190792,144.8162227287034
EK202310210386,134.2834145484192
EK202310200450,149.73423077921154
EK202310174140,138.40170247287276
EK202310138770,147.09661770284123
EK202310237110,140.15042208834828
EK202310164459,143.0408224262522
EK202310132579,129.17154097268843
EK202310196378,141.8937506835872
EK202310193320,147.25578066518324
EK202310232595,160.4549408572496
EK202310130509,141.34303280974598
EK202310109357,155.57179789028436
EK202310231395,146.16127334087895
EK202310193035,169.65252055122508
EK202310213027,146.055667683896
EK202310138622,137.32370984907354
EK202310193234,156.31354607075133
EK202310185497,130.22373650028226
EK202310228201,134.04233091356733
EK202310230916,137.02526768229032
EK202310219136,143.9455704491742
EK202310229694,145.91324047249054
EK202310242998,142.68265756007978
EK202310118461,151.2227881248977
EK202310147273,139.58918937782
EK202310112383,153.68734033137625
EK202310161078,161.28088266616382
EK202310164392,155.72731877488258
EK202310111127,133.23835565425287
EK202310169688,123.3160186343764
EK202310111033,149.1860955817153
EK202310118526,143.41755335746942
EK202310190143,148.69896137607077
EK202310232739,134.3280705093235
EK202310199403,139.0777448588846
EK202310168879,153.41079481003558
EK202310140593,138.08490568693978
EK202310003734,141.57215551650455
EK202310234646,130.93247302643002
EK202310133170,140.53827753860384
EK202310181389,138.8017440600835
EK202310173177,142.54099006228557
EK202310164882,139.08144442541854
EK202310191760,151.18828201037584
EK202310234933,141.79885385173938
EK202310164012,139.23385043450403
EK202310207434,147.25578066518324
EK202310198243,138.71789736120624
EK202310162062,151.06767428265638
EK202310124086,146.82381644118183
EK202310159310,137.15494780441736
EK202310241058,129.92884253432968
EK202310179083,152.39831751849516
EK202310175051,142.94668298495827
EK202310149452,154.83537608980555
EK202310230416,140.91935169028167
EK202310187500,154.86292901516407
EK202310183313,148.1259244821705
EK202310237296,142.30157978783086
EK202310214789,139.54054140222974
EK202310180222,145.22304470803917
EK202310122939,152.0999762406556
EK202310181965,146.0108676495226
EK202310228380,138.15629131772158
EK202310159058,124.49279810786445
EK202310188976,145.30981754057186
EK202310172452,145.78385485025964
EK202310215052,144.30483984199608
EK202310247517,160.61261055526703
EK202310156349,145.5476420578342
EK202310242723,148.97911426909522
EK202310107972,131.48580338732108
EK202310153284,131.29360583156563
EK202310142419,155.0712226263346
EK202310202260,139.60903134184946
EK202310169840,149.17660906311184
EK202310229959,142.02869698991094
EK202310112101,152.6519099709741
EK202310170405,141.6234477278812
EK202310187604,135.88569741670113
EK202310226938,146.94690475591324
EK202310170407,133.1803816858023
EK202310188787,143.30530377789
EK202310157751,145.82203146744405
EK202310110049,143.81386304769947
EK202310171605,138.58822317558585
EK202310225647,144.68741298783584
EK202310160034,151.67166000591615
EK202310104086,144.66084031192418
EK202310133846,146.8581102101744
EK202310149687,146.78540899758644
EK202310237643,147.5555169675828
EK202310240693,146.11301464030493
EK202310209107,156.05978006751673
EK202310152954,139.0431021106745
EK202310107042,145.92530328590186
EK202310147766,138.78403395526155
EK202310157864,135.9990175846153
EK202310132609,148.06153663253272
EK202310198224,145.2095292095185
EK202310181372,149.6276433382913
EK202310107536,142.77589398935788
EK202310107339,128.814786650827
EK202310231880,155.29257945822565
EK202310121562,138.96604873877274
EK202310219911,132.942982860241
EK202310111456,142.23407346687713
EK202310230174,130.49256412959818
EK202310123273,142.35641170185718
EK202310130394,136.363968104801
EK202310125858,132.4484818612847
EK202310148270,133.6146585532982
EK202310158632,132.48538212118004
EK202310131026,123.82493093811601
EK202310204177,134.0230954325034
EK202310116255,152.6609366057154
EK202310149497,147.15558856308988
EK202310105304,150.71248493733475
EK202310188432,139.8704340637328
EK202310153241,151.17488678752716
EK202310143739,146.51854334954265
EK202310157045,153.67080848541028
EK202310221281,131.29239385529584
EK202310183812,150.59584947666403
EK202310237731,137.34083951077577
EK202310157369,150.57264264431714
EK202310162985,151.78348949798507
EK202310120645,150.346018467554
EK202310222168,128.81102416268973
EK202310185855,146.18257483779203
EK202310208538,142.18308087314279
EK202310176660,145.92530328590186
EK202310004357,135.2959397897838
EK202310131180,138.82079508826908
EK202310239429,148.89310285988878
EK202310143219,136.52900899285828
EK202310117261,136.09690937588948
EK202310185385,145.78665848443634
EK202320006967,143.16412096836507
EK202310133649,145.6244379883999
EK202310124686,140.94641426351038
EK202310158040,147.51525042258334
EK202310196688,148.8199513067532
EK202310191616,138.5311322250719
EK202310115678,127.15710660837908
EK202310147246,153.249766234652
EK202310143506,149.33089755866794
EK202310151678,124.77923601863718
EK202310154413,145.79023092677951
EK202310140205,143.72175101295988
EK202310220100,152.1743663163504
EK202310125163,144.16901768427266
EK202310220961,145.27269934297107
EK202310230382,134.12418231325208
EK202310235095,141.18157298707314
EK202310161057,151.8550801434519
EK202310118114,133.08909117864985
EK202310170808,134.2625973108939
EK202310134456,140.17863539741762
EK202310200301,145.30953236042407
EK202310159200,144.67985253712428
EK202310238472,136.77303733925322
EK202310128987,138.6681529766654
EK202310108858,146.04406360715862
EK202310226102,141.38074830810618
EK202310113124,127.63827209048392
EK202310225235,142.85899253470794
EK202310179343,125.66883544023312
EK202310178389,149.87762041232205
EK202310119599,136.40688134958648
EK202310244023,132.75042220238646
EK202310156102,147.71788221014586
EK202310130216,153.67467766321366
EK202310234897,133.14187766944755
EK202310187102,134.15758525439367
EK202310239290,135.70516259425543
EK202310136586,138.0491359582883
EK202310108466,140.69733461909328
EK202310230613,143.27559737977248
EK202310152593,153.81494243136635
EK202310196010,159.63969924460926
EK202310226253,144.67026430022113
EK202310203216,146.19736287988204
EK202310166883,147.57576797220426
EK202310129487,140.85272282754354
EK202310105043,140.5496775651546
EK202310138902,137.959323394731
EK202310202724,142.23923934182824
EK202310201811,151.12910720328242
EK202310175242,146.61795535592827
EK202310114269,127.18974083515194
EK202310231260,134.8460958145722
EK202310104135,153.0746426499712
EK202310157818,136.31150807544506
EK202310182339,144.74928090783428
EK202310147937,146.5491471526751
EK202310200292,138.83755036748224
EK202310230177,136.25813615616698
EK202310162469,142.95631587067734
EK202310204330,135.20882400187162
EK202310139204,141.2742514963062
EK202310130100,135.47496118127717
EK202310155710,146.7847583833489
EK202310233995,148.04696981057992
EK202310184497,147.25578066518324
EK202310164378,145.44661501860162
EK202310219862,146.60933824530903
EK202310125493,141.71091479188132
EK202310154947,141.57162412965417
EK202310177743,149.04907447092123
EK202310183365,122.43267123218995
EK202310195017,152.08619036902058
EK202310111369,141.25033981571417
EK202310225082,164.51646078429638
EK202310155429,139.16287680832863
EK202310226852,140.5387015486515
EK202310180504,137.29093817573025
EK202310181743,164.15875815802053
EK202310003997,151.07357600662598
EK202310205645,140.03036516651642
EK202310115820,148.87677487843163
EK202310162941,130.02865003082977
EK202310180586,131.1613776046009
EK202310220916,128.77795566133955
EK202310202555,167.9205847331529
EK202310149995,142.94611996948214
EK202310119295,147.88073758413583
EK202310187858,141.3384527747487
EK202310237992,146.6248839637575
EK202310213952,147.29579358194752
EK202310123029,135.7998771205896
EK202310147096,149.20760024961652
EK202310223097,131.8510123182606
EK202310166215,138.12792424497638
EK202310004720,148.10035357534736
EK202310163572,135.049796126926
EK202310162607,143.84223012393582
EK202310126965,136.44886029596458
EK202310140141,135.91738109020733
EK202310177046,147.27560105712726
EK202310197851,154.46955776847807
EK202310117189,137.6769285377949
EK202310210540,143.44732297970734
EK202310177596,148.53516694514101
EK202310155696,145.05603219656226
EK202310175690,150.87164789967676
EK202310219739,146.35537052377146
EK202310003649,130.1924024258004
EK202310175576,144.43530771997447
EK202310178878,147.29431395119084
EK202310211266,135.31048557824482
EK202310141670,145.13486114951826
EK202310159615,144.3892836892267
EK202310234233,153.25851215022936
EK202310229461,147.61499917825995
EK202310205036,153.23179672816622
EK202310225181,131.35430389936363
EK202310191452,143.56190752366925
EK202310146939,142.84696398467983
EK202310182164,144.8162227287034
EK202310170225,151.1628271639396
EK202310194220,137.61633009364647
EK202310197061,153.06663589182202
EK202310173373,139.17997902409863
EK202310209119,152.1521553636105
EK202320006628,151.25553744058382
EK202310136886,124.47084013588525
EK202310159668,136.8657216520759
EK202310204891,141.1523861416656
EK202310246209,148.23728218980045
EK202310198151,149.90219493838848
EK202310111528,141.10544810188654
EK202310181657,143.09368831747733
EK202310110692,134.38465477252367
EK202310187777,158.12263218707423
EK202310180038,140.15587771947006
EK202310107931,144.46897288292342
EK202310186808,147.45890763583145
EK202310229289,142.91806619313545
EK202310223469,146.55692855677992
EK202310124329,129.80431669764914
EK202310181534,148.96095965267526
EK202310132729,140.74904160615176
EK202310121382,139.5256436861501
EK202320006815,157.9400439388418
EK202310199820,148.51305801674218
EK202310148775,146.51854334954265
EK202310160487,131.54540601304134
EK202310225148,169.8727689818991
EK202310144291,147.30294681940055
EK202310177549,144.34901592422577
EK202310195485,137.94461247970773
EK202310183864,158.49973016143
EK202310120532,124.12547619475812
EK202310170076,141.7359798379575
EK202310195740,146.33075434729395
EK202310179595,134.99932331921
EK202320007837,131.90410096251023
EK202310184046,147.3696085844159
EK202310171869,142.62079976230467
EK202310223256,132.2568741210646
EK202310233904,151.4863762995062
EK202310247327,164.0293141724201
EK202310127761,143.91495288805845
EK202310131174,145.06571725473887
EK202310112799,140.3444498958812
EK202310121242,145.37533174282078
EK202310220124,134.67969995781922
EK202310118386,148.15900408273168
EK202310111074,150.4069662869843
EK202310182197,147.37454098644
EK202310138009,132.14399347729554
EK202310205273,160.72926298428393
EK202310118039,142.99545738912346
EK202310126134,140.82876784728464
EK202310130337,129.25902509162444
EK202310106788,130.9841010690941
EK202310167682,159.48403121699633
EK202310146264,146.83383529295486
EK202310138461,138.84715103744347
EK202310218689,121.8468599580699
EK202310176319,153.79039356025083
EK202310118958,138.1336756153842
EK202310167604,146.62534626557917
EK202310205793,131.25136956247684
EK202310104740,139.72958976392513
EK202310166561,134.55207421789038
EK202310110675,129.5579186175329
EK202310201775,149.01382998083784
EK202310188302,163.02944923963253
EK202310167994,146.24532284711984
EK202310135487,156.80402797471177
EK202310168143,138.31194871620204
EK202310204808,143.30143629240436
EK202310151944,152.4349589629384
EK202310224341,139.66906214607096
EK202310111538,153.67406593972214
EK202310122316,141.3253055539529
EK202310178272,157.01085609296342
EK202310174655,145.21069232058943
EK202320006786,159.54474584389158
EK202310170761,163.25453962276993
EK202310117836,131.53075096882012
EK202310197808,154.91100879876385
EK202310236038,165.79151714560587
EK202310147177,137.21776607262814
EK202310226210,142.1625650977112
EK202310128001,149.73208078419802
EK202310150524,152.73097298964186
EK202310128526,147.6423857730793
EK202310126204,131.02196681704052
EK202310117271,135.05342591153166
EK202310176809,143.33989003977032
EK202310169896,158.62378520801403
EK202310241503,137.21567232715202
EK202310159411,152.29403949668867
EK202310168543,159.84138768445132
EK202310196558,139.2950604888533
EK202310163150,154.92292287682022
EK202310235581,135.7998771205896
EK202310233161,129.7654200759944
EK202310190473,143.51691248749663
EK202310196173,131.7684190623736
EK202310208613,125.38311348589853
EK202310177724,137.45451456050392
EK202310175056,141.1661806647517
EK202310111228,151.96869740020284
EK202310234828,139.30977427172135
EK202310121915,143.5056003241169
EK202310220373,144.89781305379185
EK202310145989,146.94081758590823
EK202310246664,152.8713557784856
EK202310239676,146.73201490311467
EK202310223963,134.68359101651012
EK202310210083,150.36055618467236
EK202310165601,135.45603715010358
EK202310211271,151.95681063096697
EK202310179038,133.0071900442202
EK202310112961,153.249766234652
EK202310141004,137.88881214206492
EK202310150784,159.5149599677032
EK202310174865,148.83332621194236
EK202310123688,134.64135077755114
EK202310190962,150.92501674357788
EK202310192255,138.16950037563527
EK202310192265,145.62777948073278
EK202310193019,144.13760087857747
EK202310114602,143.98912956766233
EK202310110286,139.14187096976934
EK202310163569,139.55245535672958
EK202310174927,144.73601216829752
EK202310204027,151.2965166739628
EK202310197637,136.71142873497254
EK202310190376,135.68124670685
EK202310146945,138.54391247081008
EK202310149841,137.60624334002682
EK202310170965,152.42662224298172
EK202310107183,155.604790536807
EK202310163517,145.0685863936696
EK202310203286,145.0917133115741
EK202310146022,138.99787564784776
EK202310111432,131.39678035799767
EK202310202147,149.1382111717831
EK202310139521,162.66276140071568
EK202310214439,144.17383337128754
EK202310178903,146.0187036440498
EK202310123729,136.26103953348886
EK202310199058,143.4626033298485
EK202310136770,136.59065742422533
EK202310226727,153.5392001318494
EK202310223073,128.92717251070917
EK202310200813,145.78049763623824
EK202310123891,146.23366438751182
EK202310122410,149.36239796550575
EK202310213591,136.4307851253323
EK202310247671,178.44218932082086
EK202310168753,137.05329244382546
EK202310227492,143.19883477362694
EK202310121230,131.8311615427654
EK202310162300,150.2285660329621
EK202310138673,143.25141340119384
EK202310177419,138.56119312819695
EK202310221047,137.66921252880041
EK202310199069,133.68702154966013
EK202310124433,157.1680137723086
EK202310152193,166.3672539355056
EK202310221750,148.22671124311242
EK202310111508,145.74311035041114
EK202310225858,131.86863514578323
EK202310244419,155.20041478275263
EK202310139413,142.12541109649132
EK202310156930,141.95957941879226
EK202310160323,164.08755907889608
EK202310140167,139.00371384598662
EK202310106834,138.73689687414915
EK202310116024,132.7171487364759
EK202310221867,134.1115760724649
EK202310158833,152.5009680666343
EK202310123702,131.44492919841707
EK202310192686,140.78787144315822
EK202310210956,141.70138946670855
EK202310142282,146.20197087747937
EK202310138282,155.5694448389892
EK202310224531,144.0374807187142
EK202310165971,145.36027299744063
EK202310161662,140.89303880210016
EK202310109830,139.58294324483262
EK202310149086,149.60888121349998
EK202310128457,136.7586466149438
EK202310146894,143.1846625787324
EK202310153536,134.93630815488322
EK202310137317,126.65997069546488
EK202310109096,135.73681944905235
EK202310188535,145.50696800882253
EK202310193279,136.91573193895795
EK202310229951,154.83537608980555
EK202310110507,134.5530386270853
EK202310158912,127.05178451338318
EK202310121939,148.33569175856786
EK202310133006,149.6404669567767
EK202310123534,131.33155507838964
EK202310116590,139.25415684880448
EK202310225727,135.10912863634894
EK202310121585,129.2683257682823
EK202310204778,137.7225193696463
EK202310185473,161.8433115861386
EK202310210130,145.56884221087276
EK202310148836,138.81288949074226
EK202310119653,150.23940346592903
EK202310198898,136.9436534777873
EK202310248089,159.29255549838868
EK202310139296,150.95401443124146
EK202310179982,162.20215265434217
EK202310237915,130.19537955941024
EK202310158701,139.200275141848
EK202310200383,144.3214472738792
EK202310123263,141.6234477278812
EK202310120640,140.91411157735342
EK202310164686,143.43172325682823
EK202310172560,138.87981914783148
EK202310112120,146.0246893719002
EK202310111450,134.0398777544939
EK202310127176,170.56237149087272
EK202310155228,146.96765934469585
EK202310122785,160.38547951464594
EK202310129726,153.22064112347022
EK202310202138,149.88048641784735
EK202310174059,134.1828276883928
EK202310241322,152.89919685166893
EK202310240201,145.08185204035252
EK202310152861,176.04317533896443
EK202310190128,161.78097793303868
EK202310142222,150.79485146889945
EK202310239282,143.7610993957473
EK202310123815,131.2038164776981
EK202310135342,139.33579622061592
EK202310165056,141.6116359064045
EK202310197918,142.74543337541922
EK202310152287,148.86453655236738
EK202310118776,143.3794390790145
EK202310204594,146.5301774661232
EK202310207755,145.4122089633488
EK202310202942,140.96533498890847
EK202310115468,136.24323271091126
EK202310196078,141.87805747115607
EK202310208592,149.25535646760432
EK202310138579,136.67602752133092
EK202310221870,134.2864533278004
EK202310104365,141.37856123286937
EK202310240461,142.95670269767825
EK202310189760,146.25336930170667
EK202310190187,146.58298248925095
EK202310221590,154.3338279015987
EK202310195095,128.6659373613862
EK202310209962,135.53079761160967
EK202310236666,130.52730314171396
EK202310163532,153.84671328477526
EK202310200231,133.96263550493012
EK202310166801,139.74819484234436
EK202310137829,126.62147157731378
EK202310178645,137.93139574247547
EK202310132257,131.19821214312267
EK202310116109,140.91663937211922
EK202310170340,136.06501397516104
EK202320005685,139.6450495397565
EK202310110254,141.57025971392287
EK202310142286,136.4019024673283
EK202310113972,145.78385485025964
EK202310173627,155.64091279412642
EK202310161526,153.85661364838862
EK202310199255,133.78044467952773
EK202310127635,138.88478648717614
EK202310230652,141.04231298920217
EK202310162047,150.14926414060022
EK202310187427,145.1467472101636
EK202310183777,150.64747609211244
EK202310209587,149.8427171149324
EK202310206498,145.2190921793027
EK202310212354,128.05703239504288
EK202310124840,142.48661975173158
EK202310120474,141.1042414623736
EK202310145470,134.76145464909376
EK202310193235,141.5024375370216
EK202310173946,139.59594736325275
EK202310139407,141.99343435749574
EK202310172298,131.5002386930667
EK202310172477,159.79222738301794
EK202310136836,128.556582115942
EK202310153000,147.25578066518324
EK202310227011,143.1977168056624
EK202310116524,135.2070960398206
EK202310182080,145.5807464620103
EK202310172447,148.7898105410869
EK202310202778,137.09054799944542
EK202310173634,131.50127791646048
EK202310233498,148.65614269738776
EK202310147033,148.60405117355435
EK202310229276,130.98706898935168
EK202310149539,153.86411203136362
EK202310169898,150.77636231717653
EK202310140444,144.84776360666123
EK202310148794,143.40879301170628
EK202310168225,153.96090459459592
EK202310122509,134.91236134514784
EK202310200433,134.60342016443903
EK202310147275,147.66442357108014
EK202310173524,141.38113590863688
EK202310172383,146.055667683896
EK202310162443,149.9044378800683
EK202310136680,153.00705422534574
EK202310145392,128.02547424289136
EK202310128822,149.36023095578878
EK202310178947,125.19285705979142
EK202310161017,136.039860416354
EK202310117154,140.07624641083427
EK202310191847,136.80273763241442
EK202310235861,156.5194209986323
EK202310144219,146.15116927355012
EK202310163279,153.28745710947035
EK202310123158,139.03941152647883
EK202310130523,151.9716916173663
EK202310149646,147.68869322104766
EK202310135587,143.8631509321701
EK202310206712,150.41928690302126
EK202310114144,138.76791404080427
EK202310143984,131.44447590720011
EK202310247715,133.5901238541886
EK202310166729,146.62241454900857
EK202310166588,146.27725587067974
EK202310104103,140.39211099892304
EK202310180245,155.88996418154116
EK202310147372,156.41756630000475
EK202310153045,136.54291054848252
EK202310218342,136.362009030228
EK202310178452,140.90163138242036
EK202310215610,136.25906174203
EK202310125820,136.02881437079657
EK202310145000,151.06036666339182
EK202310123565,140.70192631125258
EK202310119232,139.0893267199027
EK202310121655,135.42313611387098
EK202310220009,149.41321251920925
EK202310108478,141.4712133733684
EK202320006810,156.74128892634985
EK202310164302,126.99993313004344
EK202310127527,135.2017431335504
EK202310158421,144.61793791316177
EK202310130473,129.37873185069444
EK202310191209,139.92354893488445
EK202310151031,132.47493161951576
EK202310242418,123.5017061869501
EK202310117038,149.10323618544248
EK202310169468,152.3868114392559
EK202310155518,130.2489470262353
EK202310160439,145.44241149641832
EK202310137675,143.04491977224714
EK202310129243,140.28613376479288
EK202310161476,154.78345334594175
EK202310117393,137.67316255695982
EK202310183468,133.70824205891176
EK202310136137,146.65908748105002
EK202310186954,165.52189326275084
EK202310149506,152.56237260848303
EK202310138751,154.157627223291
EK202310210563,146.94884091479761
EK202310153823,144.17663022975697
EK202310109991,149.28542395842703
EK202310163957,153.16987766252205
EK202310213655,140.94446524970567
EK202310200962,155.68918163937292
EK202310161409,169.6178905160998
EK202310153656,147.86192234447603
EK202310135461,130.2355840054911
EK202310192428,143.45053032129255
EK202310125512,143.27876535958757
EK202310217273,148.5164806501053
EK202310154096,151.36162868397105
EK202310230788,127.6398341752524
EK202310178884,132.92110938932876
EK202310172461,156.7851345493301
EK202320007592,140.84976382716104
EK202310199895,132.7037632091479
EK202310239443,138.13080911651636
EK202310123294,142.73067816340065
EK202310177951,147.0312406824656
EK202310203901,158.02049193632544
EK202310133270,139.49495918295793
EK202310150003,150.38459868663233
EK202310173535,149.27950738545178
EK202310177996,140.95908424470704
EK202310177998,145.45424169968626
EK202310105111,139.6213033948833
EK202310132782,146.3301482811897
EK202310147465,151.79386218204934
EK202310189373,144.49319126871197
EK202310212915,141.24460487481412
EK202310192950,141.65536185735112
EK202310116860,134.0278803027439
EK202310219235,136.99361806581044
EK202310159602,162.33961608294936
EK202310004247,143.0084307436472
EK202310108971,133.07156063090616
EK202310188852,147.26990695851202
EK202310139403,147.3859545331643
EK202310234630,146.35854760803156
EK202310003419,138.11439675629777
EK202310240718,143.56136340511063
EK202310139149,146.37932221545014
EK202310191432,139.80349939969852
EK202310150654,177.60560737655678
EK202310106818,141.59107905992852
EK202310238168,130.75436103445483
EK202310164496,141.00144954768697
EK202310187495,147.0356003110127
EK202310103974,137.2691134152342
EK202310109251,144.44099363455115
EK202310120857,132.09849368164902
EK202310170330,147.8315431960832
EK202310173297,141.21149360228765
EK202310140255,137.0737960558791
EK202310139229,144.08419018433196
EK202310174339,151.97707642266766
EK202310241642,144.95494231045606
EK202310124888,143.39752568084432
EK202310182131,136.67202255845345
EK202310204239,138.19285345576978
EK202310168111,145.60578715241957
EK202310121789,133.0719228988077
EK202310140719,127.78862131047616
EK202310192995,142.93540724753908
EK202310117846,129.4249256667121
EK202310116879,130.52367117589293
EK202310146348,133.02034586860836
EK202310161368,175.2756215650281
EK202310176187,159.83884169288956
EK202310003798,131.993131670103
EK202310147169,150.15225880696505
EK202310130622,137.78940528782402
EK202310246544,164.39258434436283
EK202310153051,146.35938038720064
EK202310185995,153.69836309419142
EK202310110814,141.4175324118434
EK202310151121,139.8062805330463
EK202310219095,138.76081390874276
EK202310110404,114.40928754543864
EK202310144409,135.62148912350702
EK202310187391,131.07043889078145
EK202310149764,150.0745710405405
EK202310201310,161.98617675375885
EK202310236862,139.14845151380834
EK202310137394,144.83230163926845
EK202310141967,149.6204361608299
EK202310116050,123.83001627434501
EK202310207103,144.58851102422344
EK202310004907,143.21972064771782
EK202310151090,138.80247147534783
EK202310172058,142.64595979560013
EK202310115937,136.9969294682665
EK202310200500,140.26256884655442
EK202310197265,154.61536260162848
EK202310156808,148.55420857976347
EK202310210778,145.20881665864485
EK202310178848,134.2482977104117
EK202310189222,146.72275112536266
EK202310245286,141.81680233320918
EK202310201625,134.45388084190142
EK202310245649,138.0924201189541
EK202310149643,142.2621411547808
EK202310136510,148.38587420545443
EK202310122753,140.94455210780006
EK202310246817,141.99869685595453
EK202310210226,141.76628005708278
EK202310172695,142.26152243189335
EK202310170665,163.4827111064822
EK202310142911,143.37491942879055
EK202310169874,140.71160998170234
EK202310198233,142.35910921954647
EK202310207245,138.96838969161615
EK202310123010,135.2641416313533
EK202310237178,139.33579622061592
EK202310199794,145.26127198242366
EK202310150744,141.6528515553628
EK202310230791,143.3809058580811
EK202310219009,139.11261290106182
EK202310156827,148.52316721127778
EK202310128134,143.65374090891896
EK202310106985,141.59107905992852
EK202310169339,161.68114654590804
EK202310235910,144.749909234845
EK202310234586,139.42600937578302
EK202310225660,126.51255356696518
EK202310004833,144.08264153204433
EK202310197506,144.57011437455031
EK202310165175,146.78306958310768
EK202310133623,152.5359258302245
EK202310188944,139.5090613797194
EK202310195388,149.94862722593066
EK202310136775,150.58817660887476
EK202310123115,130.72175321956735
EK202310236860,140.34733175151874
EK202310144494,146.51854334954265
EK202310229026,149.16298616377364
EK202310135882,132.69626311135593
EK202310212362,141.37047050409203
EK202310159458,143.95189630629156
EK202310208432,151.58544116517575
EK202310157240,135.71342769273377
EK202310209343,142.33572942733733
EK202310214206,146.9361818608095
EK202310178372,154.89512846250796
EK202310243735,140.32065162757746
EK202310148264,134.3142185501014
EK202310137796,137.81160962011472
EK202310124924,147.4014615684278
EK202310236432,143.84693595420745
EK202310175676,137.2456841554108
EK202310235955,146.23801406795604
EK202310198947,140.88949503002607
EK202310134055,145.0237536698765
EK202310174001,149.5193939181308
EK202310115167,144.15736098990172
EK202310127593,153.40471493555927
EK202310158302,145.125434548941
EK202310212755,133.51159120557966
EK202310240947,129.85302453316626
EK202310149996,131.1097363287974
EK202310150238,122.92298872644942
EK202310235315,143.27876535958757
EK202310112303,150.09963528114633
EK202310162832,151.17974227871304
EK202310168734,147.13023347445153
EK202310144612,124.94330679387603
EK202310141463,139.6663326838771
EK202310186157,142.8342421916744
EK202310196629,169.66900617427396
EK202310177781,130.6520399994472
EK202310214576,155.4552591809024
EK202310213457,143.30878734315652
EK202310109319,136.063286101243
EK202310140409,158.40079252163653
EK202310159595,144.4982734684676
EK202310221635,138.71303921332498
EK202310156425,145.297033514402
EK202310151139,143.80306268288933
EK202310122849,140.98005597501117
EK202310149074,145.83270533590763
EK202310242259,154.3148216404006
EK202310164229,156.98733409828122
EK202310193843,161.24914981398086
EK202310206163,144.8845998283241
EK202310226035,137.66390733682354
EK202310152221,149.4488154831794
EK202310105803,145.76614032355985
EK202310226363,142.10878628607142
EK202310154688,153.84642662823492
EK202310176650,129.18998973228665
EK202310145747,144.1573844363757
EK202310211584,134.85144389166254
EK202310220442,139.6994768876721
EK202310205364,135.4017842452412
EK202310247943,141.30737751061062
EK202310211494,133.89263709494824
EK202310223193,146.9727169068329
EK202310192188,157.25985699449714
EK202310182827,139.27315246693357
EK202310232562,154.03991086679275
EK202310133290,151.72536973592776
EK202310158696,138.46113388058225
EK202310217289,144.49471759397835
EK202310160255,153.29281569135713
EK202310153931,130.88097254443713
EK202310152474,131.4288598976298
EK202310202098,155.57315982868326
EK202310222372,153.69836309419142
EK202310122551,134.12179846727213
EK202310189977,153.27066712982014
EK202310235124,146.3319011748007
EK202310230811,150.8903164657805
EK202310139101,153.90998680033968
EK202310172491,137.72406277814122
EK202310217910,132.16247075001849
EK202310111343,137.86790947059512
EK202310003655,151.00014502595525
EK202310143114,143.24791305315978
EK202310199189,125.9606534161859
EK202310216615,142.65390029653423
EK202310191841,149.39759820080903
EK202310125751,146.6373036707994
EK202310138803,150.54099005813828
EK202310164581,140.1220977303619
EK202310208664,150.9284551670612
EK202310110520,141.3253055539529
EK202310121702,141.31320067653547
EK202310217544,133.63624568146184
EK202310230128,143.87845048197272
EK202310143116,137.1752780680774
EK202310240904,130.67319965427077
EK202310119417,149.35656125047257
EK202310140166,141.1063705666772
EK202310173685,145.67050420493365
EK202310183555,146.5499214136262
EK202310184119,145.4083790233921
EK202310107937,134.87870466632748
EK202310212966,146.9982437602437
EK202310161552,136.7538594919163
EK202310176844,130.06751656885842
EK202310106215,136.1566484974801
EK202310114075,139.5658249293752
EK202310130063,139.32859655671277
EK202310205703,142.11376821346855
EK202310197515,137.20138685075716
EK202310211815,127.13013760267363
EK202310201003,146.73250716610573
EK202310230991,127.41888737998751
EK202310117518,142.06450094605918
EK202310197246,167.48815994425755
EK202310172663,138.91910580120071
EK202310139483,148.98329687362414
EK202310129316,165.70686375351414
EK202310152009,147.12233427081432
EK202310202611,134.50366325891378
EK202310226354,151.1086484792031
EK202310117193,142.60717659177493
EK202310118713,144.32553199229736
EK202310172411,167.8312362377312
EK202310219644,132.49417219568397
EK202310213531,138.5881516840106
EK202310242803,123.57049320546834
EK202310152661,155.53302960270557
EK202310152241,133.01866470522506
EK202310229787,144.50708842514328
EK202310242437,141.54456287716846
EK202310108706,149.38874793501623
EK202310185541,153.15419172908065
EK202310164254,160.98588332717028
EK202310169434,145.54561442102863
EK202310140161,135.00814917413382
EK202310140926,161.0638698379353
EK202310144378,134.27539387113782
EK202310207675,132.03224986864737
EK202310176041,108.21858122127733
EK202310179507,136.04393014232286
EK202310217262,137.33410486790282
EK202310212384,136.63964282857458
EK202310236809,141.17902835308914
EK202310210937,144.1573844363757
EK202310146509,145.80393238423022
EK202310208359,143.74106364411406
EK202310196964,159.87489978238528
EK202310121297,126.48735144086206
EK202310125054,147.15478291217138
EK202310150801,136.23764995303802
EK202310124068,137.65785512786292
EK202310217152,147.4461908210227
EK202310213127,150.84521321398202
EK202310138002,139.54658011531848
EK202310137999,136.3290285818606
EK202310120368,143.67607544983863
EK202310139442,146.31478550474293
EK202310130726,134.8400822396127
EK202310227013,133.65549343684916
EK202310120427,141.08901093515286
EK202310178312,139.58168834729435
EK202310174421,143.425309841347
EK202310152720,155.85953715590855
EK202310244641,140.8906095312634
EK202310207759,137.7289544168254
EK202310150664,134.69159271181115
EK202310130175,163.67374825079736
EK202310218396,145.68271615911755
EK202310200848,150.79668803564874
EK202310169858,136.7577123013486
EK202310167529,142.15035317847338
EK202310105681,132.27556244899742
EK202310120146,144.16680426841398
EK202310119589,157.43161657214085
EK202310116721,136.07699864294378
EK202310167292,140.68695104750878
EK202310184949,144.48981703822406
EK202310114495,147.6023196969807
EK202310196817,140.04179223762307
EK202310247795,129.02939819824252
EK202310182295,150.78302113376506
EK202310104403,153.01858212686335
EK202310145319,147.26813853045172
EK202310180791,145.0686047038171
EK202320006323,149.1860955817153
EK202310240533,145.76614032355985
EK202310127909,134.84612382493876
EK202310127901,147.42935971484604
EK202310152050,140.61246973317077
EK202310129455,143.37843121825503
EK202310109106,147.9113685426831
EK202310131756,139.24624420409714
EK202310237136,140.3392874444223
EK202310120314,135.50040186715032
EK202310148251,142.95258083751824
EK202310138226,143.30748986304144
EK202310109018,137.22935223155125
EK202310208749,139.00371384598662
EK202310003722,141.1277976974037
EK202310231839,141.1489916168149
EK202310221232,130.90877126609564
EK202310216059,127.65239838381275
EK202310225575,147.31703563629074
EK202310106813,153.27066712982014
EK202310165461,145.46325564107937
EK202310233667,150.95891014844287
EK202310155049,143.37222401947716
EK202310114377,151.8235077491324
EK202310231905,146.94554342364665
EK202310205554,147.11074399617002
EK202310158652,128.28724778152682
EK202310178116,136.6820701284178
EK202310206509,148.51498129070885
EK202310203355,160.1733310155566
EK202310242205,152.3054776235975
EK202310133154,129.7436779194354
EK202310227076,145.92530328590186
EK202310138977,152.07111469824304
EK202310227762,134.7055791137195
EK202310176853,135.17862070124946
EK202310162306,138.31624333065864
EK202310210652,144.1694659958037
EK202310231471,130.9864166697617
EK202310198811,141.23541964956266
EK202310194755,152.17399055962292
EK202310213637,135.8574638552195
EK202310216935,159.0885704573143
EK202310148553,154.51993280748627
EK202310118079,136.1379967962016
EK202320006148,162.2168375280708
EK202310169315,145.71271861828288
EK202310215478,133.98115761323356
EK202310193163,161.9039647349925
EK202310166480,149.75140791260773
EK202310121860,127.5219444699552
EK202310229325,134.98034109236897
EK202310178140,129.330317399716
EK202310217881,154.1148861095308
EK202310172603,149.26998761375947
EK202310172232,145.57312026581226
EK202310215413,154.66191915702143
EK202310200194,141.1624526107497
EK202310212870,139.60668732911563
EK202310152587,143.81520256683123
EK202310138105,147.41268827141437
EK202310184620,146.3671639200883
EK202310120222,138.65769250965982
EK202310181510,151.59985267293104
EK202310209297,138.44495555329507
EK202310114316,141.61571468086777
EK202310122992,146.89620794344376
EK202310169594,132.34757936475035
EK202310130080,132.52049877703763
EK202310133522,146.62555611662563
EK202310248335,137.35759566425477
EK202310146609,143.08521731344987
EK202310125379,143.1029167872682
EK202310138254,139.59966792491406
EK202310148644,149.12695611118642
EK202310142229,140.03088875245757
EK202310179390,167.04319038836215
EK202310122502,136.2427395049863
EK202310132067,141.29245079142413
EK202310139033,142.74800567604396
EK202310174868,160.07268701084328
EK202310135426,146.51854334954265
EK202310159611,138.21799409694142
EK202310201750,148.38587420545443
EK202310182771,138.94953191984183
EK202310168375,144.3306736920465
EK202310238925,144.36045570473564
EK202310220283,132.28123009719053
EK202310141586,137.1899168373654
EK202310121160,136.16787916575632
EK202310231913,148.47016068106612
EK202310180283,134.0320034754958
EK202310131842,163.2232866102354
EK202310188406,143.23220361506534
EK202310154032,145.2132268775954
EK202310108823,163.2860802192836
EK202310120117,149.43529507870386
EK202310247965,159.95373862875113
EK202310229128,156.44248863888131
EK202310150441,134.69984676080708
EK202310211128,145.01766234951143
EK202310185601,139.69970436457174
EK202310160008,152.24634278017166
EK202310229066,145.99578391474935
EK202310180392,138.2256472619085
EK202310119754,142.29333092798973
EK202310156284,148.27333021311628
EK202310202853,153.0403444070861
EK202310122376,156.61850457356357
EK202310233034,146.89207312218699
EK202310201718,145.03960100917755
EK202310195404,145.3782551416447
EK202320006623,147.86192234447603
EK202310172346,134.28931628643622
EK202310220369,138.39638458788264
EK202310133576,142.1794850702528
EK202310203386,158.08998724806293
EK202310125524,145.52600358173044
EK202310183338,137.09074251873471
EK202310199400,175.4895573711972
EK202310232929,123.69335497736445
EK202310144777,149.00156886377502
EK202310206148,144.18669229182854
EK202310163892,134.31831702736176
EK202310226194,131.8582386637194
EK202310229083,140.2346241023962
EK202310242355,134.90596261502324
EK202310153019,134.557971881152
EK202310133725,154.50366517601222
EK202310237397,137.40087166667743
EK202310108761,150.10393874162875
EK202310202125,131.13695378156197
EK202310223149,138.355791827952
EK202310211064,142.93794024968614
EK202310206726,166.59328317231567
EK202310239457,130.72539383315916
EK202310131359,143.37222401947716
EK202310225966,169.5587462801364
EK202310162670,141.65222588389827
EK202310112377,151.60888521531734
EK202310161138,128.53699449314854
EK202310143575,124.35038397690667
EK202310140582,125.49582917544213
EK202310106691,145.11074465312026
EK202310106388,136.12686876022292
EK202310132651,137.85705590595995
EK202310235986,149.44838650797246
EK202310116284,146.78241332506212
EK202310243775,162.00329000566552
EK202310129332,156.7429210723741
EK202310004513,134.82517442189885
EK202310148366,123.46807136879525
EK202310127277,137.1608404486649
EK202310197024,138.6002993024946
EK202310132043,134.6531438354078
EK202310109603,129.80109253387275
EK202310119816,151.22607402522164
EK202310183299,142.93794024968614
EK202310157782,132.10116668501377
EK202310240073,146.51854334954265
EK202310124263,139.81708653509423
EK202310118878,135.77961310340814
EK202310159933,141.9977439250207
EK202310235851,145.29523558914727
EK202310199705,160.3340809209764
EK202310121857,145.80393238423022
EK202310135337,148.93933488461315
EK202310116218,145.36985528293144
EK202310247152,144.0399567375722
EK202310213364,167.68547139324025
EK202310117331,145.80068253134405
EK202310220060,141.15787125208536
EK202310113433,144.25956930530117
EK202310200316,139.94973700062081
EK202310204117,144.85337495496083
EK202310142962,146.82645179563528
EK202310149474,152.24634278017166
EK202310156319,151.19681587615082
EK202310111297,139.39591984674294
EK202310149401,152.65745110675542
EK202310141738,151.1286310206094
EK202310219293,136.66168429176705
EK202310228805,136.2130303588298
EK202310232975,119.09233649738012
EK202310238431,145.75043863679053
EK202310191477,148.44299232665256
EK202310107521,148.86453655236738
EK202310126862,146.8648417999973
EK202310116842,142.92176678025686
EK202310220332,147.78833583152922
EK202310191222,137.03858991498905
EK202310142584,154.52800103119378
EK202310181821,138.31624333065864
EK202310193376,139.22468038569255
EK202310220744,130.97940699132178
EK202310146397,128.761562077866
EK202310168910,141.39235032353028
EK202310230593,147.52498557641908
EK202310228617,134.04233091356733
EK202310155826,147.27890016138187
EK202310211936,147.56673247878484
EK202310210374,147.972737659976
EK202310143369,134.10751033836556
EK202310226681,138.7702714608611
EK202310222110,145.00656014917652
EK202310237461,149.39803846852394
EK202310004906,116.13980382234277
EK202310242700,142.1843191235693
EK202310205947,135.93712831185175
EK202310178378,149.04395535427815
EK202310165711,148.07363091758674
EK202310169499,134.99226999403467
EK202310146580,135.9559948251265
EK202310213522,141.59828742092708
EK202310236119,157.56938329529476
EK202310223991,146.21953809418304
EK202310121767,143.60877368182
EK202310188210,132.69429830105966
EK202310160523,145.09573459113687
EK202310109762,146.2284767556379
EK202310171055,141.79500384031925
EK202320006726,146.81587851729688
EK202310210705,137.99639867322873
EK202310152215,149.72781885515982
EK202310125726,142.41426704816112
EK202310172100,138.77341629287395
EK202310003880,142.50689812444034
EK202310128330,141.72729549224414
EK202310112999,144.16472223071096
EK202310201791,156.12548908538122
EK202310124897,139.25671102868827
EK202310218886,148.54029436626473
EK202310166286,147.53966390191573
EK202310214269,146.94081758590823
EK202310131160,154.57344157721099
EK202310189137,137.38928302520733
EK202310118145,146.70717770714916
EK202310182255,132.60186219728888
EK202310177007,142.10296523302304
EK202310205755,142.48780696037045
EK202310135629,135.5841877373571
EK202310232047,139.35810263887166
EK202310171967,139.6358883541451
EK202310184827,151.78593928900546
EK202310131897,157.00933871355505
EK202310152600,170.88643421214988
EK202310184315,149.7571906139579
EK202310106757,140.76772532986564
EK202310145774,141.40985685801306
EK202310134477,151.9970631815263
EK202310221434,141.79636714016848
EK202310183603,148.82897685462444
EK202310191157,140.603484474749
EK202310182657,134.12038825417827
EK202310174889,168.96140198105573
EK202310118138,146.6373036707994
EK202310157349,142.92047258939266
EK202310143539,150.91780827933863
EK202310106752,144.32899871756211
EK202310163158,146.66401491766197
EK202310132302,152.19650978095459
EK202310198764,162.7764273905843
EK202310237390,136.63221253801458
EK202320006875,149.1860955817153
EK202310144420,136.41265856631762
EK202310238324,133.88118576966104
EK202310199756,139.44389759367093
EK202310226741,135.35777252178036
EK202310207205,156.2352009935122
EK202310180418,133.44810968941314
EK202310110312,137.0162780699939
EK202310119768,143.81290387126097
EK202310225430,147.3284439775095
EK202310217204,146.35938038720064
EK202320005824,148.8199513067532
EK202310199269,138.15278575386003
EK202310199501,131.1138768191024
EK202310158676,146.99256682000575
EK202310224293,142.3217280600532
EK202310232892,135.01638223579087
EK202310225252,153.09849017204323
EK202310113567,133.68305958757173
EK202310224840,142.58144350256754
EK202310109292,139.33579622061592
EK202310226200,137.93149601982952
EK202310239680,125.67095311717247
EK202310173548,143.43121446421534
EK202310235032,144.25607499867934
EK202310153501,137.16701369818213
EK202310124943,140.420007410391
EK202310164539,129.73484232574876
EK202310230792,133.03983281838947
EK202310218099,133.0124533953098
EK202310229998,135.97216212513223
EK202310157394,152.63323952784842
EK202310226677,135.67842066588955
EK202310165785,144.72591778995826
EK202310148800,155.54235503919176
EK202310140528,153.11935148845276
EK202310110007,145.07411124756268
EK202310218212,140.55360038389676
EK202310237319,145.42039845962276
EK202310113425,129.49866679486473
EK202310193343,139.83184239244235
EK202310111647,147.10105454565613
EK202310219959,145.9836831212317
EK202310171010,152.56255205591881
EK202310113418,143.38220965344152
EK202310220109,136.36203991730738
EK202310231986,135.0974545289019
EK202310163423,142.5285090051377
EK202310155174,131.86289182478674
EK202310184525,137.66390733682354
EK202310229347,151.60888521531734
EK202310142923,145.3042919013657
EK202310210269,126.99668370276858
EK202310196636,136.90366953065848
EK202310158355,135.69409385435304
EK202310150025,156.68663036428612
EK202310208520,160.61261055526703
EK202310144006,148.54139213200023
EK202310142308,144.6303519435287
EK202310205760,146.11468213725627
EK202310237299,132.0161766991054
EK202310163552,141.59338137589864
EK202310221189,143.25874536110547
EK202310129583,143.77311576294485
EK202320007854,140.85314353950378
EK202310177946,146.93684767772658
EK202310184968,153.21627874516065
EK202310146300,143.6647632864589
EK202310104019,136.16799738390029
EK202310197813,154.74064821558997
EK202310175869,135.85095392800895
EK202310179266,140.73947051225264
EK202310167362,137.66907473374255
EK202310104210,135.63887035142173
EK202310202549,147.09661770284123
EK202310191743,154.58820982775876
EK202310166413,145.1488721045999
EK202310203749,142.6504343081862
EK202310165306,149.64984436245672
EK202310216846,148.46397354952427
EK202310198888,137.38762533333215
EK202310229697,141.5915413617502
EK202310105578,138.483832644326
EK202310214588,155.4552591809024
EK202310201136,167.1441758079246
EK202310228123,146.01680708754435
EK202310110127,144.09482280719035
EK202310247206,155.61415958847113
EK202310121901,150.17590766343437
EK202310166880,157.1543482320505
EK202310118097,139.16478740141437
EK202310142606,154.7587600570391
EK202310181131,142.09050319210073
EK202310211240,134.27109443104794
EK202310240803,157.72460764420353
EK202310188331,143.2294380543544
EK202310190398,140.9039761675131
EK202310192965,143.21089783040978
EK202310238010,146.14339914489057
EK202310184509,152.83116652565326
EK202310156014,137.9940682043655
EK202310175583,145.8937441990003
EK202310155000,145.9207743715215
EK202310243443,158.38635385078766
EK202310218044,143.46463251805403
EK202310170653,148.28262383954169
EK202310182360,150.87125711891025
EK202310170068,127.7458272962887
EK202310217301,126.02523798766866
EK202310227388,146.21473700811146
EK202310168221,153.84650329371826
EK202310182297,143.16516102793724
EK202310222399,136.78308639029115
EK202310231989,146.13242621548167
EK202310170400,129.84854136806968
EK202310192873,156.9176468700922
EK202310227069,131.71450365462135
EK202310167053,130.75725654548643
EK202310127994,144.7545017300329
EK202310158796,155.7862852905012
EK202310185789,134.98227621187405
EK202310111478,144.2590569985431
EK202310175233,149.1040595340255
EK202310129973,132.88967512572412
EK202310172495,139.33667176381456
EK202310107866,149.02166114959292
EK202310124298,132.67546989567253
EK202310225001,130.24234634916647
EK202310124145,133.4329811681993
EK202310127463,127.84235475281041
EK202310136106,165.65158979329414
EK202310105453,136.4700791708309
EK202310175015,148.60450652603544
EK202310230922,146.40448580946185
EK202310238898,166.031764213134
EK202310208522,148.7989902461585
EK202310178681,172.01887487147349
EK202310141116,150.36445532776915
EK202310004001,152.52880309673463
EK202310191798,128.68757562196498
EK202310201918,134.1137736859283
EK202310108606,152.6609366057154
EK202310220064,132.55760925169886
EK202310120614,133.20795549727535
EK202310131340,130.9845943384569
EK202310151419,168.25667446776336
EK202310221165,143.3370132015991
EK202310192641,138.85683483916767
EK202310191435,139.2629366828352
EK202310232224,138.02107397239482
EK202310224387,135.1917292604191
EK202310145906,143.34082616857583
EK202310230764,133.74441495897295
EK202310236583,147.60582105513018
EK202310157601,127.93447681055459
EK202310166668,155.42262648119046
EK202310244790,146.7742929151806
EK202310127133,146.01391018118397
EK202310004413,169.6255831704051
EK202310238475,128.91933926477088
EK202310136559,141.33108746290722
EK202310152026,147.06791729713376
EK202310180741,138.1219267893834
EK202310221752,133.89039194725095
EK202310228294,129.65383828351173
EK202310231601,137.38208083307165
EK202310238106,141.24091913719806
EK202310175909,147.74802297581218
EK202310165153,134.33593080007313
EK202310105565,143.62996355232022
EK202310185347,153.3092123269491
EK202310184004,161.87741218127957
EK202310183138,140.18731283410713
EK202310113152,137.62518915119463
EK202310199569,152.00726828177844
EK202310151037,157.80905136543032
EK202310106219,139.833110746356
EK202310106185,140.70428035230958
EK202310164530,150.4383734487142
EK202310166239,151.69154905971163
EK202310108760,141.4040075054129
EK202310108861,148.38134529107407
EK202310177413,163.14574715654766
EK202310211129,127.69472643444435
EK202310229184,140.19233262853564
EK202310209428,149.25535646760432
EK202310228583,140.6833863661324
EK202310120692,147.21297613230155
EK202310137642,132.37502329661177
EK202310245435,131.82552420464975
EK202310159599,146.83895550463836
EK202310148010,152.9420669898271
EK202310129728,161.04021161446803
EK202310114201,142.95356956346052
EK202310207474,161.91266557680547
EK202310158602,145.94468160449375
EK202310197691,139.59966792491406
EK202310235040,147.86377875693213
EK202310129119,140.1923036581757
EK202310142174,144.7415713021011
EK202310191253,141.2478815983263
EK202310241141,147.57576797220426
EK202310144017,138.26386788967488
EK202310182852,139.56689803228886
EK202310243301,143.89860263803723
EK202310176307,147.5214140013283
EK202310209283,148.58201535822857
EK202310216003,137.87871652486973
EK202310246200,139.02017373692132
EK202310173196,127.14937690535665
EK202310122833,129.04318997185348
EK202310118540,145.41412977974076
EK202310168622,156.6291335190257
EK202310174271,134.80585278407278
EK202310201560,144.069775156655
EK202310113325,131.8973431755684
EK202310172664,135.43598183001347
EK202310192162,155.62788088602545
EK202310134544,137.54484263423592
EK202310222337,145.2523125217522
EK202310199226,153.5722309704759
EK202310214101,158.3645653506935
EK202310188611,153.1081845253896
EK202310220799,140.8682192544532
EK202310184861,143.22296549629144
EK202310106782,125.7525175102026
EK202310232084,132.7565125849497
EK202310178435,158.60639941946027
EK202310165952,148.84380132212257
EK202310141382,149.08298546856113
EK202310163439,148.18858758945578
EK202310205428,126.19987167760841
EK202310178086,144.53868473128279
EK202310004022,154.38803892201008
EK202310114303,151.27337624791633
EK202310104436,139.7048158216223
EK202310240015,161.10973066508777
EK202310202741,166.88738234348253
EK202310226747,148.6175381803183
EK202310148639,146.74175725450962
EK202310117683,139.61894448203225
EK202310232945,139.00469742271684
EK202310220108,156.71756749297828
EK202310172683,142.94668298495827
EK202310104609,135.4734247396972
EK202310182165,141.39794987842325
EK202310112029,149.04907447092123
EK202310157969,149.56411723022302
EK202310120703,132.54198342360382
EK202310191410,134.6495781218983
EK202310156166,139.87943369603312
EK202310248074,149.56027189981282
EK202310175176,143.2993025352969
EK202310194239,130.9164485093274
EK202310162582,141.58190033793517
EK202310218787,131.49712373797286
EK202310228638,125.4763096208776
EK202310139489,165.25043509904154
EK202310210571,143.60193643340529
EK202310143902,139.98232317274437
EK202310198163,143.40046539282443
EK202310166041,155.84651959338723
EK202310242789,155.51421377314347
EK202310202040,150.87375350722803
EK202310194102,151.34721409450034
EK202310210845,142.65433565182863
EK202310193409,167.86904478022072
EK202310241561,137.53765436773202
EK202310129327,143.27559737977248
EK202310145599,155.10095807451148
EK202310155246,136.18730475642923
EK202310204706,141.7345877212452
EK202310218784,146.15135315348599
EK202310243990,150.22080368117997
EK202310137899,126.19199935224829
EK202310175650,142.099644341206
EK202310234991,140.8215191957719
EK202310221501,145.45424169968626
EK202310117760,132.28974977645444
EK202310209924,132.1464318862726
EK202310158508,149.86296760999286
EK202310188607,147.89747266761685
EK202310176707,143.34366115212356
EK202310241804,160.6580379730552
EK202310130229,141.61953341031372
EK202310196748,143.96204592694951
EK202310226961,136.1802440724651
EK202310126275,140.94799125400533
EK202310182346,141.04243802834318
EK202310215287,146.04748176332706
EK202310186469,171.2378749215088
EK202310147351,150.30976332848763
EK202310227063,151.1086484792031
EK202310239630,136.35588601694857
EK202310202315,150.06542538067976
EK202310151573,135.35777252178036
EK202310229182,129.9829457724291
EK202310197801,133.67106819989792
EK202310247336,170.55621295280991
EK202310183064,144.31654739871772
EK202310200957,154.11457810264287
EK202310112953,148.17798765081503
EK202310185221,141.44566973278634
EK202310176129,155.49116968457605
EK202310171777,134.37957189813625
EK202310186071,141.78106496617377
EK202310206123,139.16287680832863
EK202310217431,148.5104889865098
EK202310171470,108.52972471323648
EK202310246028,142.841057097966
EK202310145970,138.08413781396794
EK202310234938,139.00371384598662
EK202310156116,138.07583493463508
EK202310116714,137.8844043033716
EK202310212797,138.8954353541962
EK202310138938,136.32144629100162
EK202310148128,133.88326925430897
EK202310175673,138.20481923749927
EK202310238664,130.00827375958886
EK202310190836,143.70751374006227
EK202310196156,151.7645176272074
EK202310132459,143.36578343156498
EK202310159062,130.780878013473
EK202310147832,150.8675924239256
EK202310116029,146.18802900592195
EK202310203822,147.21848810786125
EK202310223388,135.65967015090985
EK202310208656,138.95197199727295
EK202310003650,120.96835230771077
EK202310163159,149.38307031359963
EK202310188703,139.33579622061592
EK202310144864,138.18394874967535
EK202310156884,146.35881911308513
EK202310216506,139.93746380140118
EK202310220197,145.7391427552261
EK202310234667,138.585487799742
EK202310203255,147.12468502883544
EK202310105960,141.17708375690486
EK202310115804,138.44175352152962
EK202310246112,151.17653454842105
EK202310168025,152.8963212870803
EK202310178472,147.66913101902517
EK202310181975,143.3540010563008
EK202310132905,134.47531960766997
EK202310113841,146.04406360715862
EK202320007828,152.21897815051935
EK202310192867,147.86608604203755
EK202310109054,141.44032461454003
EK202310236216,147.1744961872823
EK202310170777,138.17234633641047
EK202310166144,145.4361941741768
EK202310201844,146.02797092681888
EK202310123470,146.17536788913307
EK202310224526,131.93076369347224
EK202310151158,130.31464104626258
EK202310184295,144.50837076845366
EK202310124272,151.21721975137046
EK202310162944,136.25079660855891
EK202310224817,126.39349392216494
EK202310172859,152.32729376626867
EK202310137191,128.26362836475295
EK202310140281,153.05735772091887
EK202310114907,137.530439408324
EK202310122165,143.40512302735263
EK202310215454,148.87419695784172
EK202310243142,126.00303549180181
EK202310164187,140.90524482229242
EK202310225253,144.36450736595552
EK202310174458,162.87371006312696
EK202310176969,140.88848800837405
EK202310219479,140.73838379105538
EK202310119494,148.69734456060544
EK202310123405,153.96789256341472
EK202310231534,131.34842645177372
EK202310222489,143.31096021511354
EK202310111149,153.2053137863074
EK202310184714,139.90947966107242
EK202310196844,142.68182422481974
EK202310232521,135.1239551601866
EK202310184622,179.89121923506957
EK202310118852,134.98877560824104
EK202310168516,157.59628652619224
EK202310178071,138.6335412824355
EK202310149839,137.76799740794547
EK202310184305,158.5201913827651
EK202310222961,137.510974441372
EK202310197108,140.94997828612782
EK202310244680,130.51433767665438
EK202310164685,142.72956288196022
EK202310153568,139.20856554334765
EK202310204533,142.72185246792222
EK202310243304,138.12209073644712
EK202310122606,135.64007975050293
EK202310107843,138.170010158549
EK202310195481,138.48012626981492
EK202310195622,128.39626123981336
EK202310185200,150.80362321373636
EK202310127597,153.00126563408446
EK202310145627,132.89601364281262
EK202310157400,127.83636936133983
EK202310226857,145.77452418260341
EK202310127964,143.77448805252538
EK202310179573,145.179772518807
EK202310212013,138.6163149308318
EK202310226545,141.7307844819346
EK202310166825,142.59069281257757
EK202310163867,151.25049336993297
EK202310196745,148.61912644122071
EK202310109208,136.29445001702396
EK202310205143,137.81187068363556
EK202310136525,135.60687994963664
EK202310159137,142.13051204304153
EK202310238980,141.8506664738376
EK202310121185,135.81019934325118
EK202310142061,144.4993697111398
EK202310198507,145.80034384085238
EK202310184870,149.75498395329768
EK202310155208,150.27428386424978
EK202310124725,127.3627815076132
EK202310103880,152.5459744015979
EK202310246880,145.93688168758817
EK202310190191,135.78060192953666
EK202310241383,145.5252415011964
EK202310109761,140.36085268982436
EK202310218045,141.21661170178024
EK202310208985,142.10999273036012
EK202310126092,136.17474682870468
EK202310247678,156.50735609562614
EK202310137747,140.1918881189748
EK202310201825,139.60220092706112
EK202310130845,139.49718759463198
EK202310239295,144.36450736595552
EK202310166294,148.7449652317989
EK202310211671,130.91704062132735
EK202310248376,136.19750174952534
EK202310188903,133.17950883095037
EK202320006661,152.9802125870788
EK202310157204,143.23715121688082
EK202310222542,135.49105304173136
EK202310182598,139.52454975144
EK202310128634,158.0751948172819
EK202310137926,130.02117507096807
EK202310197018,138.74114085974145
EK202310184643,175.90510169149695
EK202310217014,137.02399147987606
EK202310200280,142.11869351898687
EK202310183028,140.8201939767123
EK202310106142,125.60332787135253
EK202310103822,133.61317941605716
EK202310157052,141.4064759422455
EK202310122614,141.1523861416656
EK202310155664,135.50293486929738
EK202310165913,140.9814113578469
EK202310191203,142.14330612069605
EK202310119226,133.91955264398166
EK202310234080,147.96249349399665
EK202310196735,134.233906979087
EK202310149314,135.44845925049594
EK202310155188,130.78964673088305
EK202310114860,138.30007416605238
EK202310118865,153.3925711570833
EK202310160832,153.26455269744844
EK202320006619,155.70298803352364
EK202310127739,135.50898879991507
EK202310115501,142.4923576587536
EK202310166491,151.43092646106882
EK202310197828,146.0799373338635
EK202310242137,130.19013701793136
EK202310235787,148.70537359002537
EK202310220464,145.67854427247985
EK202310112649,137.56295820828583
EK202310110214,132.34757936475035
EK202310164835,141.85100977295951
EK202310204462,126.3079389597023
EK202310187862,160.25987587212248
EK202310131273,131.42444611919262
EK202310128020,146.30261265549896
EK202310204211,161.89113024038522
EK202310208246,141.4524729440625
EK202310166450,142.37115032266948
EK202310171141,144.3145166855837
EK202310159355,138.99584667340966
EK202310194303,156.71953970372476
EK202310214928,138.1062627825194
EK202310122215,133.83263860703926
EK202310175732,152.02313679082678
EK202310195150,150.04018840328152
EK202310160826,149.92910068182718
EK202310159966,158.74510940729675
EK202310158608,139.90844496692742
EK202310243112,148.87677487843163
EK202310109607,146.88674019512607
EK202310149652,144.83497244976598
EK202310110860,155.36835147001872
EK202310232156,151.6217096039966
EK202310178087,142.2551040858191
EK202310196125,145.26127198242366
EK202310178589,150.95401443124146
EK202310146655,135.37617266115373
EK202310176638,153.7279244378297
EK202310183451,144.30673054597034
EK202310238783,133.1170630732637
EK202310180591,135.3634276706112
EK202310180161,150.38590224718516
EK202310160060,148.48171788021767
EK202310234699,131.30313625099336
EK202310113916,133.9240154116703
EK202310227268,141.58841181797308
EK202310237635,143.21089783040978
EK202310182258,136.05991321407558
EK202310193859,139.02341477321804
EK202310153659,150.30972926015684
EK202310203955,136.33223114881073
EK202310236094,138.71587328039772
EK202310187734,162.4014102529939
EK202310216149,134.93875013563851
EK202310168413,159.03355756531647
EK202310116401,136.66515215425773
EK202310201191,172.98876375123126
EK202310190480,141.0311417636826
EK202310161074,160.7582574404804
EK202310140353,146.23060062541606
EK202310173633,143.17656942127937
EK202310158068,139.31749329414055
EK202310154103,143.02585132129235
EK202310113546,151.1086484792031
EK202310204238,139.19486869576
EK202310104944,136.61077674858203
EK202310234535,132.02478008257478
EK202310126859,156.55268643909878
EK202310117542,130.2355840054911
EK202310210903,145.48473712916305
EK202310157130,148.10942581848212
EK202310145116,135.25333424883817
EK202310208124,142.02720357044285
EK202310245982,153.10656341411675
EK202310133043,154.12980021231888
EK202310149054,144.77715731399385
EK202310190190,150.62262656705792
EK202320006047,140.0065878422091
EK202310134850,129.92503480837564
EK202310202384,133.55374713960578
EK202310154117,133.8888773393281
EK202310133365,140.46620080475597
EK202310108193,144.13704917633925
EK202310203056,155.0182634705677
EK202310149046,144.13704917633925
EK202310165578,162.37237345698838
EK202310186659,154.1569568399133
EK202310196955,157.43761432554993
EK202310197552,173.06446294873888
EK202310212202,141.69043569767143
EK202310224513,130.20097185122987
EK202310004468,151.44736601508933
EK202310216094,137.0161151057354
EK202310230966,137.25736396715726
EK202310118412,136.45220778910806
EK202310247101,144.9325503492321
EK202310178117,143.56457555519574
EK202310219876,139.86774235148616
EK202310215307,158.7619446563438
EK202310218134,146.2955203513835
EK202310221530,145.92530328590186
EK202310154982,131.4277612122786
EK202310182970,139.33579622061592
EK202310214235,159.90809906161425
EK202310220158,149.17863517663946
EK202310104394,142.6716566108771
EK202310111159,125.64207980197938
EK202310158577,138.18105158328905
EK202310110382,131.11652616311713
EK202310133639,139.2137925944128
EK202310246509,147.55533640064354
EK202310149660,151.41776321198287
EK202310168884,143.00716970734518
EK202310243940,144.08011856530675
EK202310191906,130.71517027586216
EK202310127477,140.82182235264617
EK202310225432,128.82887465585185
EK202310233319,137.3431352329459
EK202310162668,154.9023857398998
EK202310148695,145.92530328590186
EK202310178807,153.18349314605518
EK202310106771,142.84800674500318
EK202310155396,145.7966838600441
EK202310189899,158.65321437516812
EK202310106717,159.66093946237686
EK202310232588,141.16580123620213
EK202310226348,144.4632272370047
EK202310109931,146.4495146685507
EK202310226884,144.08089846776414
EK202310213466,147.1905785410455
EK202310121691,130.2922771463466
EK202310198701,162.9355903529263
EK202310131737,149.97972112544423
EK202310166136,149.05742776914994
EK202310116855,135.50657841820052
EK202310138351,149.25535646760432
EK202310191381,151.9732112149533
EK202310003663,141.50797273335323
EK202310172884,163.03777557043514
EK202310185550,141.9802967898841
EK202310148380,144.3306736920465
EK202310149387,169.5500381875556
EK202310236333,132.08834761162964
EK202310199352,149.01382998083784
EK202310137894,145.9207645476897
EK202310133727,149.09234282605456
EK202310178526,156.5160356179153
EK202310189610,153.1151329440265
EK202310109350,143.98943729665902
EK202310218617,137.23641934464717
EK202310109125,173.3671996682064
EK202310163826,136.54286179872403
EK202310130248,162.7620179863194
EK202310221541,156.93800979175407
EK202320006518,138.10808499234994
EK202310229391,136.66957368292046
EK202310211450,145.58931354562543
EK202310193482,139.9143876556022
EK202310198828,148.41309945240056
EK202310183006,142.2213404628188
EK202310003501,143.07812418484102
EK202310121041,140.9215060265547
EK202310211350,132.3581834894122
EK202310246075,142.42821357894425
EK202310127204,159.44714174247903
EK202310234563,136.45275794215826
EK202310139042,132.3570013028764
EK202310171256,150.29497761564846
EK202310139647,149.95225990961148
EK202310122462,130.04798871219415
EK202310144293,135.28110675485746
EK202310168436,142.98196528541985
EK202310120536,134.9432150875582
EK202310166379,141.1028170833986
EK202310180256,129.41143685333918
EK202310246761,146.55889311726858
EK202310219864,147.30437315942714
EK202310190068,171.2019445665349
EK202310181556,132.92899538757263
EK202310230597,129.35931921382175
EK202310130866,146.6373036707994
EK202310205037,152.51329229258684
EK202310209585,152.97514354795945
EK202310185564,153.51935245107705
EK202310176944,135.5937430806743
EK202310176381,135.30602561396717
EK202310141448,147.6623117259529
EK202310148056,151.11563213856866
EK202310182965,145.54513973680807
EK202310135422,131.5134564772696
EK202310122191,131.10277641513008
EK202310145667,152.59350860513496
EK202310202035,148.860528751135
EK202310136887,142.8983503998472
EK202310200020,142.3217280600532
EK202310184127,160.73028537180355
EK202310107122,125.89236216304872
EK202310134379,137.34477523847096
EK202310211319,139.0690571290335
EK202310212855,145.26062608991265
EK202310242461,145.97326325313966
EK202310200853,132.25293692034768
EK202310200401,159.0536532052526
EK202310189295,144.56180953982474
EK202310105500,147.86217012832256
EK202310128584,144.3841339796839
EK202310209825,137.05385050347758
EK202310204586,144.27312713881656
EK202310179426,142.1757072497548
EK202310180912,136.79566593323793
EK202310173571,144.7667069362178
EK202310112070,142.23023593315412
EK202310199038,150.20529236542714
EK202310126021,142.14067409008425
EK202310155509,136.84213517599127
EK202310197401,136.4041972340422
EK202310107626,146.5392842313403
EK202310105142,149.92772313806705
EK202310243059,131.56133984469037
EK202310174039,136.24432664520725
EK202310201047,146.78450922792118
EK202310204579,150.09407248606098
EK202310187739,143.72253283635115
EK202310181773,145.28142191372035
EK202310128097,148.47924146663215
EK202310222975,159.50097477790362
EK202310132503,152.497026790369
EK202310188182,163.10126437375547
EK202310133046,152.31241968375443
EK202310176947,155.3691685732628
EK202310167628,131.38414568386423
EK202310134899,129.4625041010065
EK202310115714,131.54907276579524
EK202310225258,138.75161186980745
EK202310181522,140.52210371723933
EK202310190839,157.13878689365384
EK202310217264,143.6134164753503
EK202310123146,151.79386218204934
EK202310142906,150.56861716196872
EK202310165063,144.97451171100545
EK202310004149,137.39767197408912
EK202310222025,130.49837569467522
EK202310201396,156.15483985875804
EK202310140521,157.66412478758156
EK202310190410,130.54291282449876
EK202310237623,143.05776843517256
EK202310207648,135.00561617198676
EK202310150068,161.90932437514496
EK202310199516,152.82426820253298
EK202310214499,154.46052046815288
EK202310193968,142.8523397404913
EK202310199178,132.97962428721303
EK202310226312,141.49771555611326
EK202310171202,141.64125612782976
EK202310136385,162.05462813721888
EK202310240675,140.06052366744697
EK202310131075,136.68554672250832
EK202310213481,137.8248399527941
EK202310212831,143.9152424603149
EK202310163142,141.45351193614297
EK202310107446,137.68580270785225
EK202310157890,153.53716575474684
EK202310214663,146.13970573047203
EK202310163666,138.95237921755356
EK202310117353,142.2434420039245
EK202310209794,137.4661616770865
EK202310123734,130.9295567934213
EK202310224602,143.60286129546688
EK202310218073,148.34555573410444
EK202310247816,155.55388248380336
EK202310234711,146.29579799402052
EK202310145443,132.19955120382772
EK202310246298,160.89849541178376
EK202310110010,150.28702969036544
EK202310159895,163.6810553395112
EK202310111143,147.48173347437262
EK202310209834,138.07944868399287
EK202310209444,150.36445532776915
EK202310192938,148.25125703296933
EK202310132559,132.42066434217296
EK202310152101,153.57351974866918
EK202310180196,135.01016054180496
EK202310194423,130.1563296590134
EK202310200390,152.44444678566362
EK202310180474,133.64073704484528
EK202310116603,158.40306679009626
EK202310171924,138.91132240415524
EK202310212746,138.22303991510915
EK202310146529,141.77636887747255
EK202310215859,161.47132926439335
EK202310141533,148.5317965081751
EK202310233067,144.4846070275946
EK202310214675,151.4914808991804
EK202310148386,139.49495918295793
EK202310168758,149.56565856204648
EK202310222971,133.67886649013488
EK202310109333,145.9186814104992
EK202310243241,134.33222240768202
EK202310146985,140.33739042491322
EK202310232878,169.2974003843727
EK202310234120,142.64733496779547
EK202310162882,152.29413311279717
EK202310190206,145.19220560747428
EK202310159348,174.3407571902086
EK202310201231,140.49587729778943
EK202310178530,157.74956370473743
EK202310189794,144.31654739871772
EK202310236784,141.78319005383682
EK202310175553,140.58851656353315
EK202310241797,139.86852855436274
EK202310114344,139.5080012045195
EK202310239590,162.15453039838619
EK202310227224,152.15138769163482
EK202310121744,146.90280724735626
EK202310003715,153.5492131548462
EK202310116073,128.30037219684087
EK202310197067,135.8779082512903
EK202310115532,136.47411419275036
EK202310217365,165.3465176590644
EK202310148754,152.07111469824304
EK202310109024,147.72378470577328
EK202310004073,145.31313775622763
EK202310198767,146.0356600647587
EK202310125904,148.641993607217
EK202310189747,116.4725617392921
EK202310121824,153.71830710923152
EK202310183939,141.61332343903612
EK202310207963,144.99845520176527
EK202310004477,140.47349052158447
EK202310184855,138.77781238667944
EK202310121710,145.7144168061416
EK202310155103,146.33128050476856
EK202310127606,147.79142081702238
EK202310237460,130.92674421530305
EK202310189005,138.03350553169963
EK202310163144,159.37988251437915
EK202310195358,163.6117114785412
EK202310114203,135.76113416467692
EK202310200907,150.04010297125967
EK202310149290,144.77102372512385
EK202310186674,140.21912768578915
EK202310219434,141.5960278822943
EK202310113939,144.09111414920773
EK202310144604,139.34926758076156
EK202310202520,142.60840572972353
EK202310199251,139.86484942867105
EK202310171909,151.34862484814641
EK202310197493,139.54986319103907
EK202310200738,157.8103557324754
EK202310242193,156.90045188869186
EK202310166469,148.93277566374906
EK202310179577,154.03881470410863
EK202310199333,144.80158949944087
EK202310208438,142.66957612076814
EK202310243666,146.7995932127087
EK202310113305,138.67828494123478
EK202310189666,177.92726327338832
EK202310233041,132.19497419941604
EK202310127498,144.7288222261675
EK202310208207,137.0721624678274
EK202310161596,128.84300577099998
EK202310175979,142.853040484209
EK202310222437,143.31755477264622
EK202310139352,148.90612778373648
EK202310120360,139.5025990479151
EK202310183484,149.45216534849115
EK202310206451,133.00140258721726
EK202310163448,158.33732297463467
EK202310113067,143.73499323002085
EK202310217739,125.81494835764765
EK202310120891,125.18267699426477
EK202310144456,146.51854334954265
EK202310243976,149.13175776694519
EK202310126697,152.9674036421558
EK202310221562,131.60746028307142
EK202310245501,138.61013795064974
EK202310227085,140.1337334765124
EK202310124539,144.93684995105244
EK202310113359,155.44057290490997
EK202310127238,150.54858153688653
EK202310186281,151.26057435502187
EK202310231780,131.04725265049146
EK202310218693,138.56514069574246
EK202310166062,152.34661649672643
EK202310194807,147.46379792641073
EK202310145164,141.3377308616462
EK202310139520,131.6726815191215
EK202310202232,146.5888779449735
EK202310106234,133.234819131501
EK202310150099,137.38691412813498
EK202310148854,154.1608223006327
EK202310207751,140.92892771330244
EK202310119385,151.44972225297533
EK202310247407,128.83590219919196
EK202310187815,146.45224288405518
EK202310180649,133.34373044020472
EK202310169614,126.2146253397899
EK202320007494,141.9719759800247
EK202310123604,134.17605395183278
EK202310115115,134.77392118435233
EK202310247203,143.64580383936794
EK202310128939,142.1556930836626
EK202310151766,160.27381781597006
EK202310154684,149.34525854405732
EK202310147564,151.2037711801066
EK202310217040,134.30985737823696
EK202310219269,131.83841051358547
EK202310177587,144.51414927965433
EK202310172628,135.37272030405896
EK202310193264,166.9611621545106
EK202310204129,134.97878620758866
EK202310227714,129.27352739503283
EK202310174368,149.84709995062278
EK202310115514,135.9788338338596
EK202310114314,128.95705344452057
EK202320007053,152.02688173100935
EK202310196358,148.39594810750594
EK202310223590,133.24963153412412
EK202310186191,147.5141327527611
EK202310169460,150.58787015627937
EK202310206652,175.115632958261
EK202310176776,154.8261754876224
EK202310112945,134.8286525823553
EK202310243798,138.4782087769929
EK202310173522,140.2237584326063
EK202310147691,146.3580178179933
EK202310221131,131.33796077563085
EK202310193542,143.97788621399724
EK202310110806,144.03242499132622
EK202310140872,143.94385778486355
EK202310115723,131.9629165955288
EK202310227673,144.52367032829753
EK202310104188,148.8572123077888
EK202310176128,146.691234619849
EK202310179757,142.61872370121708
EK202310217690,129.0049244270145
EK202310114918,144.26276471220015
EK202310160022,140.3038463331812
EK202310117222,146.9116529072543
EK202310181651,143.21089783040978
EK202310202302,146.48179927960356
EK202310141935,141.3253055539529
EK202310166006,148.03291059262602
EK202310141835,147.6023196969807
EK202310113039,144.0038042858601
EK202310171526,141.2956357772994
EK202310231390,137.04459515390255
EK202310111326,138.0264185292434
EK202310104950,143.32328393070708
EK202310234139,152.99868398647368
EK202310207302,140.2556321484977
EK202310202018,134.89331807019175
EK202310205260,148.07363091758674
EK202310221441,150.82311403847876
EK202310174816,132.47409481887746
EK202310138649,148.70537359002537
EK202310208013,148.03942740029422
EK202310181493,147.9681362743848
EK202310243648,137.44206182543934
EK202310113262,148.14992558705495
EK202310171352,146.07720511570233
EK202310189555,139.2786005065616
EK202310154506,146.83340385766374
EK202310227922,139.33579622061592
EK202310243180,149.31390404376887
EK202310145403,125.67082155203707
EK202310229261,138.03787948721174
EK202310125086,140.72443880922745
EK202310188059,139.89511551158685
EK202310175935,157.43783877034548
EK202310104930,141.9555918623536
EK202310207696,154.4144797863774
EK202310176769,147.7023628223536
EK202310241580,133.69496073672818
EK202310128189,138.46326640743158
EK202310116358,134.47084839569305
EK202310203206,143.80872660941512
EK202310224617,122.7022028053928
EK202310216139,133.47696410989673
EK202310175157,134.5362361962058
EK202310148792,147.41268827141437
EK202310127748,127.18117380857973
EK202310183427,148.02787707150216
EK202310151784,139.30244482659197
EK202310202141,146.2869789641325
EK202310211204,147.92396685152767
EK202310230323,127.07872657428804
EK202310109892,144.1573844363757
EK202310187574,136.79566593323793
EK202310174395,139.46893723406336
EK202310205384,152.86112211123873
EK202310139355,136.1364917309965
EK202310161479,144.10098494523433
EK202310135561,129.18134670459614
EK202310165218,145.4780968478337
EK202310183022,161.8433115861386
EK202310125772,124.236231096151
EK202310105325,144.46748224539397
EK202310205291,151.67995732417273
EK202310183115,133.5669015061303
EK202310142673,134.8460671040975
EK202310144959,132.8688426404704
EK202310156704,143.84548581250212
EK202310132122,138.242067775498
EK202310174428,151.35485123752184
EK202310238510,143.16906209333072
EK202310004299,150.32378988268385
EK202310225687,144.54321625479918
EK202310152553,142.25562223603967
EK202310180231,138.08413781396794
EK202310189895,152.35147302261817
EK202310115789,136.5891344533547
EK202310107016,150.263424506098
EK202310174702,137.72201425344616
EK202310184083,127.35895260818069
EK202310193580,155.82380339489688
EK202310217608,159.70731517869595
EK202310143791,144.09719530623127
EK202310171379,153.249766234652
EK202310151018,143.9663783966462
EK202310167547,139.36088026232974
EK202310113875,153.5761480065849
EK202310242027,145.21754241488875
EK202310236948,145.90768367298023
EK202310241638,133.82159324822106
EK202320006399,131.55142080668924
EK202310155475,150.37334190279861
EK202310183498,144.2544605808079
EK202310175183,143.01509164923314
EK202310212112,138.77586834083485
EK202310219895,150.1533458050659
EK202310136160,160.92418706371546
EK202310237484,147.55871924780385
EK202310165481,141.52459218297983
EK202310240928,137.12017845883628
EK202310103807,137.77137031934933
EK202310138400,141.31197650128098
EK202310206371,128.44641074386882
EK202310194193,151.20108483451293
EK202310148048,157.74372362742005
EK202310215728,144.45248071973032
EK202310131760,145.53846873203668
EK202310123574,145.07424554729226
EK202310141515,148.0508830050876
EK202310237561,155.25973963298355
EK202310217955,126.95286441139676
EK202310208062,140.50240930523927
EK202310163578,135.94995872094034
EK202310116460,132.55553691035797
EK202310181932,164.01973649818234
EK202310190411,139.6422032222683
EK202310229861,153.5392001318494
EK202310246656,139.37816825476102
EK202310118260,144.11194176736115
EK202310115843,146.21410129791735
EK202310170542,156.69035790968135
EK202310189836,137.52216242306554
EK202310176951,145.5708600413547
EK202310116213,155.3104924480621
EK202310128876,143.68044791772422
EK202310210854,136.03121244888217
EK202310217897,143.1276488518324
EK202310213279,137.1168834222313
EK202310203346,142.91146724694224
EK202310111168,135.50288633864142
EK202310205607,144.2095471689441
EK202310181632,160.80339667730465
EK202310163875,146.89395979838508
EK202310106796,140.0676326561941
EK202310172056,166.8341098093807
EK202310195599,136.77749266152048
EK202310140727,141.3161179162709
EK202310208341,143.31072319660632
EK202310129380,134.07871560632367
EK202310140408,144.56850958779157
EK202310196671,165.4336004661164
EK202310164630,141.01926181369865
EK202310147505,143.23220361506534
EK202310110408,111.74953756130138
EK202310189343,165.66467699894378
EK202310232277,155.8509101718647
EK202310113134,127.43559996612828
EK202310154457,140.94460502947277
EK202310192875,138.91448966194145
EK202310116376,125.89646849757749
EK202310198131,137.14485887456146
EK202310200171,144.59969654962535
EK202310200642,143.41210455685456
EK202310123172,146.3161232011388
EK202310182386,154.94399786819957
EK202310148751,156.37700530549822
EK202310109301,148.17230260741238
EK202320007005,142.27979170899766
EK202310118442,140.5614396374747
EK202310132586,141.3384527747487
EK202310137853,138.04813700692435
EK202310175957,141.8841929821061
EK202310137878,146.99151399794772
EK202310141392,149.33414388957178
EK202310150895,131.62953977454052
EK202310234943,126.44126756852243
EK202310180019,148.48239515323172
EK202310118936,158.44329317089418
EK202310140493,127.24392513613162
EK202310175748,142.24901545367933
EK202310139140,141.2589040331359
EK202310194407,136.35706101430117
EK202310174235,134.65585778058497
EK202310171740,145.86764693505435
EK202310135496,156.20961196423582
EK202310219315,134.01016376481167
EK202310209481,150.70584319730472
EK202310142378,161.01118482591724
EK202310213131,142.4111420917568
EK202310126847,141.78258037272133
EK202310139757,141.3886229670483
EK202310166582,162.7464881662383
EK202310177776,129.14661238459215
EK202310179499,140.14014242426958
EK202310243445,137.07115651610863
EK202310176421,136.751699835588
EK202310219058,129.2599799676418
EK202310108023,138.15182306189024
EK202310140417,174.89585143333153
EK202310130436,147.15040875776344
EK202320006321,153.2415578869319
EK202310220044,144.30048691021017
EK202310131037,138.21934125364288
EK202310248111,132.73051216338212
EK202310106861,130.77176206762076
EK202310110253,146.23060062541606
EK202310201245,155.3610814151036
EK202310138402,137.45857660597053
EK202310233866,156.62204306967277
EK202310003560,135.16073495698458
EK202310120345,139.0475961282778
EK202310201242,131.00360945983562
EK202310190427,152.11214826860683
EK202310148725,131.77916228188013
EK202320006763,146.22107594424716
EK202310196906,153.06738384609446
EK202310241763,145.6419148769116
EK202310204305,147.92829724449138
EK202310190705,153.49851262478774
EK202310107647,141.81641058449404
EK202310178205,152.71740436638726
EK202310226329,144.44333631891152
EK202310155075,148.47174264692302
EK202310161375,155.6352985373415
EK202310184194,160.36935587177697
EK202310146287,140.334824645177
EK202310151428,176.68357983878892
EK202310169581,131.4388804216346
EK202310159986,142.11439511323778
EK202310235054,146.13242621548167
EK202310232794,153.45225827935005
EK202310237245,141.7496351568942
EK202310159951,170.8951704849198
EK202310137689,141.39794987842325
EK202310104122,123.63579719959304
EK202310237215,141.24091913719806
EK202310224167,154.10850987484963
EK202310165353,137.50722297627652
EK202310003464,135.8684128277658
EK202310146423,149.88208610030043
EK202310175125,136.93447644263244
EK202310229556,141.6876025955731
EK202310227408,143.6838536261042
EK202310243062,137.1852241328985
EK202310213464,138.54644547295715
EK202310111472,149.79734347663992
EK202310108233,135.44484569696033
EK202310223065,142.2367105228397
EK202310230558,146.10613154876648
EK202320006897,140.51441506223568
EK202310200032,142.1625650977112
EK202310187191,153.17139451390668
EK202310161900,146.66556903338991
EK202310121241,141.79636714016848
EK202310225448,140.8746261334859
EK202310227739,143.71847275077184
EK202310216508,139.76433234213465
EK202310233619,150.953116444498
EK202310233918,153.40492762335842
EK202310202411,130.05827671315635
EK202310186765,151.16063334292397
EK202310241519,133.74376446089397
EK202310203547,146.81278640496186
EK202310186570,165.34833778428649
EK202310146153,137.18281652474607
EK202310226412,151.61601405562593
EK202310214773,147.67345817584862
EK202310141684,156.41987331219693
EK202310149333,146.245585768819
EK202310144706,146.49584374586098
EK202310104027,153.000591167196
EK202310109413,154.9101839805038
EK202310193755,139.43288739273427
EK202310166019,154.74530588984405
EK202310203410,149.56742441325125
EK202310211531,135.49829672439085
EK202310196157,134.5523226727698
EK202310244349,152.9872181971695
EK202310145494,128.91609916273376
EK202310212588,151.7424675039277
EK202310139780,144.27481008913145
EK202310240088,144.39755997732374
EK202310111166,160.78250334421605
EK202310188435,144.17075813441346
EK202310177633,142.4743039440953
EK202310112926,153.84650329371826
EK202310234867,134.64784598120298
EK202310185802,139.6076302959623
EK202310162594,164.2600884248367
EK202310180089,153.249766234652
EK202310217336,130.73087457914335
EK202310192546,134.0135432731978
EK202310214169,139.49495918295793
EK202310140770,151.5709775003006
EK202310133498,135.93699282700817
EK202310118801,147.79260822142635
EK202310142404,147.767815424603
EK202310147891,147.13872085018244
EK202310210538,127.03162467607223
EK202320007456,150.2502961952124
EK202310144587,135.71063428410486
EK202310124235,134.04850103046198
EK202310158438,143.4051820424843
EK202310215490,138.64535310391219
EK202310174451,157.17306123837795
EK202310212066,134.81635166214627
EK202310222526,121.72474944391152
EK202310188934,132.21491123108706
EK202310227893,136.23257126392866
EK202310181260,148.1272992367268
EK202310202577,136.61343904306437
EK202310120212,153.15667021520295
EK202310149119,151.7835858441313
EK202310154393,153.9838904072944
EK202310152225,133.54124830772753
EK202310105646,131.43915175453046
EK202310119351,136.39332456192085
EK202310148657,135.39834560757637
EK202310196509,138.4713296256779
EK202310194902,143.7610993957473
EK202310148288,135.03037808680858
EK202310215542,140.47318277803248
EK202310167939,146.47663729031387
EK202310167455,150.9498092779581
EK202310117792,129.1619528896808
EK202310173362,140.87941122765835
EK202310124739,164.45498337841207
EK202310175587,146.19869765512027
EK202310213185,146.35854760803156
EK202310152468,141.8030512877034
EK202310131120,154.9633075456215
EK202310124976,150.9080011288064
EK202310112499,153.8834179275446
EK202310195528,137.74168427083893
EK202310239210,137.04182524265343
EK202310142674,146.46032689605914
EK202310243104,144.8124463381611
EK202310237267,151.80944510266355
EK202310169374,130.81518824190516
EK202310234090,132.832751494113
EK202310233816,143.2542408832114
EK202310196376,147.53841360283016
EK202310148225,149.76162183546637
EK202310228837,141.93524137640415
EK202310181830,142.9658369524118
EK202310191899,152.44444678566362
EK202310229263,130.7441147756223
EK202310141990,146.42737508148917
EK202310169654,153.53791928235214
EK202310123584,146.61795535592827
EK202310109674,138.29484620167068
EK202310106658,144.53104966231044
EK202310237324,135.17336830138603
EK202310133847,163.19041801500322
EK202310177544,132.88467027224635
EK202310123823,139.9344791027397
EK202310240866,131.2983612735287
EK202310200799,138.35376964934127
EK202310004956,125.16546607102653
EK202310109116,159.76304087785863
EK202310181159,156.03761749447588
EK202310128546,147.25314310868455
EK202310206764,145.21335947639554
EK202310203787,127.61727381191412
EK202310193227,154.15485099759036
EK202310157337,178.56320447151163
EK202310190691,150.36067141687164
EK202310126193,151.1086484792031
EK202310223219,138.0942424627707
EK202310161546,153.51551470087165
EK202310220676,143.5212849553822
EK202310142344,141.19066657906671
EK202310182666,132.95264126449197
EK202310217828,138.49462306066172
EK202310240257,136.1379967962016
EK202310125068,135.68768472763145
EK202310166358,150.03028993219212
EK202310177216,156.98270299491506
EK202310146952,137.00858558639828
EK202310199886,157.5908860672166
EK202310147741,140.45323286108334
EK202310143091,147.88244051419872
EK202310199575,142.4833502559791
EK202310187305,147.9435956145648
EK202310222496,135.27291775678785
EK202310216424,139.01771261121232
EK202310104377,146.49007038388285
EK202310227219,132.62150978354757
EK202310140922,137.60673759088803
EK202310165008,174.29165645360254
EK202310135583,135.9278957183682
EK202310171535,145.9113668133167
EK202310219272,134.7795871732965
EK202310120647,135.69892921063686
EK202310140490,144.74125372504852
EK202310173840,129.02859662379026
EK202310208109,135.69667154226153
EK202310175605,151.2632216512541
EK202310194297,145.34007420548537
EK202310116012,126.66850694833435
EK202310133738,139.8904770353497
EK202310003422,153.96420984606561
EK202310186980,144.33563913766375
EK202310157421,144.52723370384288
EK202310145922,140.62151785503733
EK202310203349,151.8140482526113
EK202310230457,165.52906868600823
EK202310230009,129.40256886977738
EK202310144393,165.30896199287403
EK202310155684,133.76187814403244
EK202310243499,151.88512476206944
EK202310148155,135.41105863438614
EK202310162141,139.95824357030475
EK202310202043,138.51731845206024
EK202310165608,140.57193645135354
EK202310193544,136.53928652587624
EK202310164222,136.37920309310806
EK202310154530,143.63357218781144
EK202310185022,142.22980268333274
EK202310167516,157.31268716932541
EK202310165006,132.5439670880556
EK202310138314,143.47160675681022
EK202310213702,137.40911106157267
EK202310223111,145.97326325313966
EK202310183009,132.3405718999071
EK202310175427,135.9610803597427
EK202310198303,125.01857023957965
EK202310142355,161.6919069183269
EK202310190847,138.93630767628946
EK202310165750,153.16560139611315
EK202310163376,135.56959927071682
EK202310146237,145.55456416697464
EK202310228171,138.10040010250657
EK202310222340,143.31755477264622
EK202310119317,130.34205229253544
EK202310209759,146.19736287988204
EK202310188992,147.54809840515762
EK202310236787,144.55504839238108
EK202310235111,135.77378974005043
EK202310192259,149.94928042324347
EK202320005738,148.21875619132632
EK202310143173,172.5498965098539
EK202310188740,138.9312395516585
EK202310106354,147.09456736353698
EK202310235348,142.672324000354
EK202310234038,165.74961711577365
EK202310172622,156.25383355611208
EK202310172486,146.63072471600933
EK202310121194,140.59970538712986
EK202310221290,145.41446336006302
EK202310207879,146.49315378721914
EK202310114510,143.09430881086354
EK202310179068,151.75503775208017
EK202310163368,146.47274400263308
EK202310232807,140.81471530897005
EK202310120523,132.36211784608662
EK202310103969,146.245585768819
EK202310004188,138.42953052184188
EK202310170648,150.83445203720152
EK202310139767,135.04099735719046
EK202310138473,164.28155161158745
EK202310235505,139.57585933396714
EK202310178729,130.3794457036602
EK202310246801,141.23337803356972
EK202310120603,139.17367616544544
EK202310114895,139.57573623736144
EK202310223798,139.2220016022343
EK202310128963,129.24359698877745
EK202310133013,131.32090547489398
EK202310180731,160.218138455799
EK202310113860,121.0278549377096
EK202310201583,123.86838787794152
EK202310137449,137.92857453773385
EK202310149678,164.62839501897355
EK202310199061,145.9111012408451
EK202310206139,126.67827608011186
EK202310178048,153.22571230964942
EK202310206902,143.31000140283462
EK202310135879,140.16361056842553
EK202310118974,135.4703451170796
EK202310240661,154.89564736763532
EK202310247702,138.53265225977103
EK202310108959,138.88406607924273
EK202310139148,133.5212367724286
EK202310213608,141.5042942656795
EK202310200833,146.19982724311666
EK202310205491,151.26175199892126
EK202310151833,160.30344062163957
EK202310170507,140.05500374464663
EK202310204695,150.6589906030242
EK202310190993,141.34605836446403
EK202310181846,153.5707211623967
EK202310191614,145.78377417011947
EK202310146281,144.58395554119883
EK202310239715,137.88322574048323
EK202310224583,129.5559601399512
EK202310225752,143.05466234532994
EK202310004050,147.1366306196055
EK202310112334,126.30517060769039
EK202310178782,136.48695459452594
EK202310162090,138.54391247081008
EK202310221447,144.32540205343668
EK202310219812,145.85630928543964
EK202310161855,138.63990611650217
EK202310127861,149.55748617831102
EK202310114282,149.45263459943214
EK202310105617,129.67804441455536
EK202310209302,143.24461906777668
EK202310115118,155.5866532931147
EK202310003916,139.50281025618847
EK202310153698,133.8333505324107
EK202310229027,148.36505165135097
EK202310125705,144.69359490808264
EK202310123526,142.21511470439543
EK202310226530,142.3217280600532
EK202310136267,118.84913358061878
EK202310126875,151.97080713581528
EK202310219223,138.19701752831256
EK202310169669,146.47152554569428
EK202310136907,140.73451729716047
EK202310167168,129.51620600814593
EK202310225793,127.77984517097121
EK202310178640,146.4203737788698
EK202310130165,139.7635280127952
EK202310154261,144.81757126355495
EK202310220444,135.62684506946948
EK202310237028,147.79130949645037
EK202310165818,133.00678727538264
EK202310122598,143.8430165884462
EK202310220372,148.44526018813602
EK202310137417,143.062919138952
EK202310143378,149.68907330093745
EK202310175009,147.7417106456578
EK202310211432,132.93133838413667
EK202310207842,137.10239225460165
EK202310180149,136.4369124094788
EK202310190554,136.02335056625333
EK202310223988,138.05764765658026
EK202310130954,143.29487811452393
EK202310116904,149.32033040808497
EK202310161528,165.39861987596322
EK202310148911,128.04904764341575
EK202310153873,137.90516614764695
EK202310144622,143.24221885124823
EK202320007179,141.70443961978532
EK202310213291,139.4356904362327
EK202310248459,140.92688829220765
EK202310129665,128.06717820259377
EK202310105584,125.13099789410998
EK202310223037,123.56300302250932
EK202310173189,135.2325231010942
EK202310174998,142.6493136020132
EK202310128550,136.09460271103777
EK202310192354,124.22156822479465
EK202310118760,138.83292736652692
EK202310131373,139.33579622061592
EK202310168865,130.04037730190478
EK202310105103,141.74925375769257
EK202310242757,134.17241996126347
EK202310164146,161.22792167850272
EK202310165707,149.34525854405732
EK202310157341,151.49036785028125
EK202310161673,143.9352231307304
EK202310203730,125.70298520727086
EK202310165334,142.50848699675993
EK202310149964,145.73828355199942
EK202310109435,149.0137764511323
EK202310105784,140.61064419084582
EK202310004512,127.14210067182886
EK202310129345,153.93586538364858
EK202310168741,151.22607402522164
EK202310225441,145.85969276107835
EK202310189863,132.200326706291
EK202310181790,143.84806373309203
EK202310223107,146.48006610076013
EK202310117337,137.67459579764812
EK202310247125,145.44661501860162
EK202310146172,137.7183184545313
EK202310229871,137.20922232264076
EK202310167352,153.31784357176224
EK202310197659,168.2665637804496
EK202310237148,146.7375034167765
EK202310204685,139.05506799754622
EK202310241003,138.889919227605
EK202310148969,147.44182149790672
EK202310217817,152.57027560025134
EK202310154285,144.00060643898865
EK202310241422,141.10330782706507
EK202310238083,150.85927847255442
EK202310177368,162.12661288804844
EK202310161506,144.43530771997447
EK202310159694,147.91446795524473
EK202310233873,131.21460514612994
EK202310159627,134.16863315441427
EK202310204809,144.9286882379079
EK202310221148,145.11643979351018
EK202310203840,145.19819086937522
EK202310175485,138.38645533364144
EK202310157943,150.9494855168611
EK202310166246,137.4187680307211
EK202310104784,145.92530328590186
EK202310123376,157.88811246083245
EK202310204029,148.71047790658702
EK202310185358,142.48661975173158
EK202310108669,130.89954771907492
EK202310236018,157.5908860672166
EK202310238742,147.5977236179108
EK202310111453,144.69942983009852
EK202310113005,154.93495112036092
EK202310234668,148.35199507604668
EK202310231883,143.95719237993626
EK202310170221,148.44603322297274
EK202310004896,127.45985124198387
EK202310161173,144.98857213811434
EK202310145172,142.14566388585905
EK202310173181,148.23332320967316
EK202310188825,143.8660850576628
EK202310179888,150.42738461903707
EK202310232212,134.35880525611543
EK202310162487,148.23431200380978
EK202310136794,133.3733767042032
EK202310169969,143.08122127987693
EK202310165477,134.67776243022152
EK202310177712,149.1537967777325
EK202310129186,131.824242295105
EK202310127134,159.13956330514654
EK202310228641,142.8183140244485
EK202310195004,139.90934939239784
EK202310196656,148.1272992367268
EK202310129468,153.37544170750266
EK202320007200,143.44369833312487
EK202310153589,145.11473489888283
EK202310212764,147.29579358194752
EK202310205885,163.02137951638292
EK202310198505,134.83072888592838
EK202310222811,146.44948567038728
EK202310168127,151.2695748473696
EK202310143599,144.27481008913145
EK202310227359,134.63375120415475
EK202310135358,135.77589245002102
EK202310171217,158.86441750991153
EK202310191424,150.36445532776915
EK202310149689,170.61031207533753
EK202310195376,147.9681362743848
EK202310178299,149.34525854405732
EK202310210228,145.6030046635452
EK202310107326,129.77522714336376
EK202310152535,142.44187345125965
EK202310154473,150.41487081900047
EK202310174554,145.467456295754
EK202310163286,150.94184501501553
EK202310111638,136.12987296937206
EK202310196108,146.3643146262375
EK202310212686,136.31150807544506
EK202310231718,147.98924450083192
EK202310137776,133.99180156938127
EK202310178405,162.45330205265338
EK202310117455,133.55242289180666
EK202310118568,137.62211726007828
EK202310222315,148.805692081381
EK202310160822,149.83106181934858
EK202310118020,140.40771707414189
EK202310194677,169.10319756828957
EK202320006977,146.5499214136262
EK202310214502,169.8406912553598
EK202310146297,134.7202674616485
EK202320005953,152.84701780616564
EK202310200023,132.3462228336601
EK202310147399,148.55448326451793
EK202310110181,112.0017607653519
EK202310225409,161.0875286096828
EK202310107374,142.38410326968372
EK202310235775,132.92281007997673
EK202310154935,152.41854062961508
EK202310160129,151.50074674245636
EK202310136819,144.31654739871772
EK202310212339,135.31048557824482
EK202310186377,141.0308802110586
EK202310149686,160.2922596087193
EK202310137146,148.82088719063145
EK202310219413,123.25044673868437
EK202310224119,136.73865831472486
EK202310124397,142.8414163317614
EK202310118844,153.4196022414076
EK202310178888,132.48085404023286
EK202310203695,138.88558958189245
EK202310215102,137.65845546588287
EK202310116309,138.0909484773876
EK202310177340,164.36948175759622
EK202310155692,137.05053914287188
EK202310209761,123.6690993488724
EK202310192459,142.2466626331237
EK202310166094,148.5237395564504
EK202310106639,147.53610206895164
EK202310122597,138.8045160662542
EK202310176641,141.41021975610263
EK202310128106,131.03274712835713
EK202310164373,145.29711137015815
EK202310172650,146.2188449122102
EK202310161760,144.37968047163218
EK202310175173,150.64446025139435
EK202310220355,129.39700195312858
EK202310134340,132.64841691970636
EK202310200856,149.56742441325125
EK202310198775,173.79836190720602
EK202310237814,153.51928382405848
EK202310144745,141.55734371539864
EK202310116937,140.94455210780006
EK202310180183,136.9602691431408
EK202310123116,132.9318233682135
EK202310111360,139.99280792884292
EK202310218124,138.9275801975909
EK202310146929,144.461614146905
EK202310144079,171.03975160105762
EK202310212540,163.8627786109443
EK202310206504,146.331986034214
EK202310126991,129.06423935882412
EK202310159652,146.23374252018004
EK202310132965,139.58984404420457
EK202310203675,146.9556313041433
EK202310003467,138.4360045258969
EK202310178560,133.6650564730234
EK202310115094,134.807008943545
EK202310127215,138.97447123480904
EK202310116379,138.23069094368427
EK202310121118,137.20849771032442
EK202310196670,129.73484232574876
EK202310159655,134.43915479637235
EK202310201991,130.6733529033291
EK202310173068,136.37190204940654
EK202310117260,140.569194407235
EK202310130209,144.44943401330326
EK202310183122,130.4627334391948
EK202310216257,136.92566680968977
EK202310176511,149.497499043054
EK202310187962,155.58960050674364
EK202310245277,159.7354867308303
EK202310181710,132.0995253915047
EK202310227487,140.33767671064294
EK202310210107,157.44880395170787
EK202310175757,133.66081457566736
EK202310229135,142.33881379892102
EK202310150766,141.49368859302078
EK202310164086,142.04123519574728
EK202310121488,141.4871292182586
EK202310122656,137.7765745581235
EK202310176310,136.494532735674
EK202310207786,146.00061656884893
EK202310116196,148.87677487843163
EK202310166658,140.67467286889487
EK202320007269,157.3547539696415
EK202310240222,142.56499177395676
EK202310233074,137.57000159231933
EK202310003785,134.45374714862984
EK202310218333,130.45104281957953
EK202310199829,147.03692482496137
EK202310141201,123.57029540455827
EK202310152509,142.18205160967727
EK202310213008,133.2589357830027
EK202310234244,148.95709337160915
EK202310185496,147.46353612176915
EK202310123939,144.1548727715916
EK202310245118,142.92964032119755
EK202310126945,138.0909484773876
EK202310192940,148.52421461369298
EK202310154479,144.23535896092895
EK202310238968,139.090289384682
EK202310220804,142.2515970311692
EK202310121547,142.81827113018386
EK202310156977,149.45343303891818
EK202310220913,135.10388866496723
EK202310153791,144.89310217064747
EK202310231371,140.46779727625784
EK202310155012,151.60888521531734
EK202310106729,129.42009953167016
EK202310121458,137.66921252880041
EK202310129298,147.24485077544853
EK202310185168,162.51585603822764
EK202310171342,141.77618261079795
EK202310182043,145.96512443073954
EK202310159692,148.95863739209904
EK202310198219,138.44732600926847
EK202310186486,160.25987587212248
EK202310194185,127.60004986136386
EK202310135060,163.77889468613225
EK202310151875,135.7779319757533
EK202310148212,134.63123768355078
EK202310158337,151.18270819688465
EK202310160093,149.0032881909974
EK202310176986,150.80098093777968
EK202310142751,146.36666038705695
EK202310186987,139.90947966107242
EK202310213398,130.2365271600244
EK202310227507,148.24303015703146
EK202310230539,143.62461881317364
EK202310233022,139.01844345865217
EK202310112067,142.15595664627728
EK202310191571,161.17019506844653
EK202310128575,150.41923944561967
EK202310116429,150.5369568843763
EK202310222260,142.64787814503222
EK202310167112,141.6826186005969
EK202310197671,133.61900670527666
EK202310133983,140.7405420255967
EK202310125081,145.378246952026
EK202310165303,126.76712854866031
EK202310245022,140.79504214418714
EK202310168737,147.93600740676652
EK202310224066,142.71986586145678
EK202310112653,135.3290489650628
EK202310163794,135.02787723618738
EK202310177672,151.06691106287963
EK202310113138,129.0170116979146
EK202310198082,132.63227937120456
EK202310186324,148.84579574949922
EK202310245063,125.77955862101334
EK202310162008,137.64653609627382
EK202310187033,142.67808380127445
EK202310165002,145.6375208977021
EK202310179112,140.5056324748923
EK202310136261,148.06932016542038
EK202310107886,137.5798749544641
EK202310178081,155.11512924226068
EK202310107978,154.40253388266365
EK202310186291,158.7319697121171
EK202320006194,142.73713103204406
EK202310162147,139.80421250209852
EK202310145820,136.34596177178506
EK202310208270,148.6830829295222
EK202310244610,132.4053174609292
EK202310115965,135.61965034782298
EK202310173325,151.35210378876562
EK202310200487,147.69526503129364
EK202310151600,153.39808915485312
EK202310174873,139.36998674988925
EK202310154656,146.05121319318064
EK202310186158,172.28488521401982
EK202310159695,139.43694780221125
EK202310153171,154.33355696915183
EK202310116138,149.8453418856363
EK202310241920,118.82536744133684
EK202310172803,138.08777287982494
EK202310003408,134.6920231114355
EK202310113293,145.24544898810117
EK202310199063,144.45816881992232
EK202310151401,165.0148423526543
EK202310154601,135.0745239217003
EK202310111616,141.31811751471224
EK202310135809,153.33934966244573
EK202310123689,135.90326551619654
EK202310125344,131.39449584985016
EK202310204834,135.76405702387385
EK202310154600,145.85659203692006
EK202310171105,131.9125094682156
EK202310192374,136.04754257369888
EK202310137424,137.15359809378668
EK202310004414,135.57848293851632
EK202310157406,148.66965194885182
EK202310194870,160.25987587212248
EK202310184853,140.52868477892198
EK202310176587,140.99095375401458
EK202310211243,144.41782960663835
EK202310116843,139.48442875614808
EK202310167978,138.47834539802176
EK202310199028,144.3757314807551
EK202310178842,145.49336330977548
EK202310003563,138.67835224918218
EK202310113491,133.91955264398166
EK202310202425,138.09710152206884
EK202310156026,144.33058196403775
EK202310235868,134.75098999472416
EK202310129923,142.88030964215443
EK202310115347,147.3645602973845
EK202310136092,159.72506006392263
EK202310212411,135.0575780825043
EK202310198783,165.71063924984804
EK202310154295,134.17453929240298
EK202310132080,143.5421986485099
EK202310115510,134.21535366703523
EK202310186713,127.3575669094612
EK202310246486,130.60387874367112
EK202310220909,134.93368732841512
EK202310133930,138.03937854542096
EK202310230327,150.4029268054386
EK202310227578,146.47663729031387
EK202310147328,161.50524370028404
EK202310174500,141.6876929357081
EK202310121141,142.85909570289832
EK202310218136,158.90754124749083
EK202310187497,146.88220081339406
EK202310219497,139.79495535883933
EK202310158430,163.18716256714427
EK202310232072,144.28568040367327
EK202310161910,139.44472516599237
EK202310232257,142.22980473750934
EK202310109324,137.80743549812263
EK202310117586,137.88434809589378
EK202310145201,147.20911192998688
EK202310191458,139.03655609952432
EK202310163905,134.23733164544487
EK202310200681,148.7898105410869
EK202310190561,141.96841228437893
EK202310144363,128.30503206651403
EK202310196397,150.53416860207153
EK202310168831,139.25003572742517
EK202320007357,144.03242499132622
EK202310125955,135.81915506787936
EK202310210692,137.82744252178293
EK202310202677,135.87104353482138
EK202310212296,148.62147449596287
EK202310228282,131.50929657072584
EK202310198392,151.9237801067255
EK202310189017,144.87833434620248
EK202310184070,151.16282488365871
EK202320006398,148.63064757874488
EK202310221409,150.66388878251914
EK202310229971,132.40417115650894
EK202310202941,146.5263268824303
EK202310131905,127.72658055482017
EK202310112775,145.1661054154323
EK202310209245,148.39745260714074
EK202310185710,140.94455210780006
EK202310155827,139.992273708698
EK202310158156,158.02505428760813
EK202310143080,157.38413288335403
EK202310217821,129.5801175679029
EK202310205060,143.15626170994412
EK202310152230,153.5025522877801
EK202310215647,140.93898337958802
EK202310216568,153.33934966244573
EK202310173496,142.73334094180674
EK202310132220,133.53750923843285
EK202310229606,130.05014120755305
EK202310197847,130.60115732612013
EK202310114444,133.87252070560623
EK202310212587,136.9585515916474
EK202310128678,131.0277125151819
EK202310129009,136.59237175376487
EK202310135868,140.43406220303046
EK202310004655,136.02471238486302
EK202310004666,129.34770508820745
EK202310172312,134.43639832636697
EK202310212324,132.98070235639443
EK202310234071,145.067777399531
EK202310237714,134.0885419523725
EK202310227143,133.9125743452553
EK202310106080,153.6172729460445
EK202310115972,149.37663660814087
EK202310223416,146.05121319318064
EK202310185745,145.60733442551538
EK202310108584,150.06135790073048
EK202310244398,143.86765731621443
EK202310104476,155.0182634705677
EK202310243111,153.18266943682093
EK202310182118,146.46741259034084
EK202310231776,138.8901635166876
EK202310114793,149.72197775224737
EK202310107506,134.3662294558139
EK202310203271,147.4970746881692
EK202310206441,141.0782793512032
EK202310197006,134.793357690562
EK202310213977,142.85841049591588
EK202310174608,151.10089582666657
EK202310126126,140.57845149300783
EK202310230545,139.52215769515794
EK202310103903,142.79155208120136
EK202310234105,157.60271372916824
EK202310165010,140.03178673920104
EK202310181940,141.49368859302078
EK202310118673,137.3550538280122
EK202310188868,165.29457297058119
EK202310170989,154.43571066216455
EK202310213961,144.69848166694027
EK202310236748,129.5357617778138
EK202310128144,148.14992558705495
EK202310131032,140.8725479606652
EK202310199927,138.1566398084685
EK202310228569,139.76817292215324
EK202310137099,146.53266964287144
EK202310216503,152.78416549732268
EK202310225348,132.26744148650576
EK202310188082,134.94893382158764
EK202310107466,147.09661770284123
EK202310119468,161.64895399430347
EK202310177435,145.90166886597672
EK202310226065,165.99855330767824
EK202310238474,143.31173229226846
EK202310178935,134.26277723212763
EK202310111288,150.97866066675974
EK202310231278,151.6575102316523
EK202310195743,144.84545149123232
EK202310177642,152.105282163795
EK202310159731,145.20400937972335
EK202310233199,145.00640481800414
EK202310164963,150.13937709158594
EK202310108728,142.15259731983775
EK202310241516,131.18218503523912
EK202310114502,139.69125342415765
EK202310163597,147.4208980962117
EK202310194099,134.39116660742638
EK202310191390,147.00750556359247
EK202310136653,151.63469921970733
EK202310132780,157.73200346108834
EK202310192296,143.65665307350662
EK202310210820,134.20593367241713
EK202310157545,145.00800900292248
EK202310117978,139.61371950421469
EK202310128805,128.77228286409326
EK202310239206,144.1652677252091
EK202310184728,148.61425640356697
EK202310188346,131.55314695943403
EK202310115220,139.00371384598662
EK202310136091,180.94316927346017
EK202310187000,142.92306905927347
EK202310004481,150.34880948034692
EK202310142481,140.841243583758
EK202310241665,124.31019853217641
EK202310172530,134.7600744059249
EK202310242247,147.2849310113363
EK202310201108,142.44896528365393
EK202310157151,147.85434165600316
EK202310248777,152.9703845711552
EK202310234150,139.04932647902962
EK202310245991,136.3934945848272
EK202310196183,141.35849433042222
EK202310112151,143.21926825591302
EK202310240040,156.82394659423056
EK202310122111,138.59624883109808
EK202310237646,150.29276824414578
EK202310236751,130.26233401274908
EK202310110678,135.72454061184484
EK202310175472,140.21283282370337
EK202310104032,151.89672694867244
EK202310130367,135.65084748156374
EK202310218178,158.25386783969577
EK202310190059,174.15599681755154
EK202310154040,125.80183164246499
EK202310104704,136.04872762579961
EK202310234675,132.27978530342952
EK202320007076,143.07304065272334
EK202310117416,143.28293888220924
EK202310106592,149.34272277709624
EK202310218855,152.08332334962947
EK202310112951,140.26026382459273
EK202310198510,141.37723813569508
EK202310170591,135.42363827521376
EK202310171607,142.97760247411188
EK202310188047,154.64413209890557
EK202310106176,133.08296834820874
EK202310139729,150.385250592465
EK202310188177,146.06037513184103
EK202310216551,137.6066138730625
EK202310190746,139.27315246693357
EK202310198445,147.97433548822758
EK202310167557,146.65289993031033
EK202310232345,138.95418634004866
EK202310205089,150.46619360408422
EK202310200704,142.36090970726784
EK202310168328,161.0794600821248
EK202310117660,127.10656112930356
EK202310241204,152.1521553636105
EK202310219555,140.21618469254236
EK202310108822,143.9520930897463
EK202310178261,148.87419695784172
EK202310170803,136.8587871093956
EK202310180578,138.35889120186744
EK202310183233,159.92568460158512
EK202310214067,168.0031517888775
EK202310177910,145.22668806965507
EK202310184628,168.10265870602632
EK202310236640,147.53610206895164
EK202310189443,173.13155019323784
EK202310219770,136.0347625545862
EK202310188035,161.27889952214676
EK202310110194,148.39550759896568
EK202310244334,135.2857509561741
EK202310196346,160.39092084611167
EK202310239240,136.31855607344608
EK202310190697,148.66965194885182
EK202310183845,149.7571906139579
EK202310173568,140.71327328149786
EK202310122648,133.393516442898
EK202310138573,135.48647123504605
EK202310107238,141.52746150944813
EK202310123716,144.13092930402988
EK202310222719,142.86506335038402
EK202310119574,133.23610062270896
EK202310106379,135.92190724493713
EK202310179487,153.57546645397304
EK202310204316,141.13745105245974
EK202310112072,146.78471907896764
EK202310103891,144.96083748575413
EK202310121527,149.27950738545178
EK202310147901,149.33809460180424
EK202310129747,142.30599584604246
EK202310216313,126.29237044331033
EK202310138904,138.50604955539248
EK202310148441,146.35938038720064
EK202310153870,135.92425319545393
EK202310108732,136.27519804688455
EK202310180949,143.46764924431997
EK202310108710,141.1854016606089
EK202310198670,136.93909906285006
EK202310150197,158.8530770883214
EK202310213492,141.06796892755054
EK202310136448,142.82016383152126
EK202310131230,152.90822088375245
EK202310231399,153.1095401434666
EK202310121599,142.12536930971987
EK202310179738,147.155910914575
EK202310167476,165.4590339910199
EK202310131623,153.91441970570125
EK202310140730,137.81173070473668
EK202310144389,144.82588516912028
EK202310245102,149.10323618544248
EK202310132691,134.227194164966
EK202310106449,140.70568939082924
EK202310167353,133.99264184732047
EK202310236989,128.79155328374665
EK202310111119,127.3151886887955
EK202310186689,169.40823845427656
EK202310209031,158.3173518940779
EK202310139037,149.12161356388478
EK202310158574,134.23733164544487
EK202310235776,140.19099843140305
EK202310149594,154.730856866546
EK202310106989,156.51534893523714
EK202310207828,155.67142194808866
EK202310129283,131.04168573384266
EK202310103761,144.88707145254395
EK202310117820,133.02510782763042
EK202310170386,141.57778704806825
EK202310200918,141.86434209109777
EK202310104618,130.7441147756223
EK202310211311,142.3217280600532
EK202310217151,163.23151607705378
EK202310197688,143.24963004936427
EK202310141161,132.6054560442183
EK202310200723,131.67633230952347
EK202310192613,137.34741096571523
EK202310231385,144.72394982193296
EK202310161421,131.87581061773045
EK202310185090,145.83886505692084
EK202310118323,140.94455210780006
EK202310179435,148.08826782617462
EK202310246748,166.32838723840547
EK202310203308,135.99068888178607
EK202310166549,145.2190921793027
EK202310231043,153.49270756709038
EK202310144171,144.32697622242821
EK202310171076,143.51302067820805
EK202310234671,147.51501709449218
EK202310178258,149.2351264578683
EK202310123111,132.90401824807967
EK202310105273,154.442387722038
EK202310232779,122.56421531398334
EK202310245923,122.81521600664533
EK202310232934,143.49374170908715
EK202310206444,141.79885385173938
EK202310199292,144.49279801242525
EK202310172407,139.00694761894323
EK202310110982,138.4873206790515
EK202310136670,152.52220428678308
EK202310196416,160.12320967205332
EK202310147370,134.80006308630968
EK202310203187,146.14672718071088
EK202310127574,147.05537090578576
EK202310223109,145.6812411629654
EK202310210815,143.78689240578183
EK202310132728,154.51993280748627
EK202310195728,137.75843262061514
EK202310162562,160.98710170524086
EK202310122166,143.24791305315978
EK202310133502,146.3161232011388
EK202310176748,138.74738613792786
EK202310149681,143.10434469334342
EK202310133367,152.78503888271
EK202310233308,147.63313958648536
EK202310111956,152.72943856259334
EK202310213087,129.47755430655099
EK202310163861,138.2349978969771
EK202310183017,136.91298398928637
EK202310148049,142.18505806927476
EK202310159587,146.6714614904754
EK202310120104,145.8886997587823
EK202310173791,141.586418807499
EK202310120609,138.1410391099352
EK202310120220,137.5169216631394
EK202310164643,148.63064757874488
EK202310242480,133.8555140021895
EK202310237393,128.89894861166886
EK202310110258,130.35192492639638
EK202310203310,149.8366849387262
EK202310244388,128.3576052423761
EK202310142420,135.48091678816093
EK202310127247,146.4260593965327
EK202310245410,138.31285430835328
EK202310198231,140.20981691648097
EK202310224714,134.8075899516377
EK202310112152,146.60495322107923
EK202310219634,155.86037535297643
EK202310120507,156.67607653046525
EK202310121024,148.90836636127187
EK202310162609,153.10849649723716
EK202310198139,137.33086953495618
EK202310115733,149.1718868260656
EK202310197648,162.50626921612744
EK202310152061,148.39935883070697
EK202310246184,132.187313259703
EK202310175646,156.13830536414014
EK202310195357,154.5444521472757
EK202310180995,149.01744610076983
EK202320007602,144.36450736595552
EK202310125780,145.36507519427633
EK202310141209,147.32912075633155
EK202310241145,155.25625718866698
EK202310214473,170.5673485426642
EK202310104412,146.07087944119505
EK202310145300,139.08850210249418
EK202310178546,137.12213261539387
EK202310222192,135.75649670622462
EK202310003791,131.6345797199546
EK202310164084,136.9638503942034
EK202310247625,131.4077282656924
EK202310179777,145.3594794039123
EK202310204086,132.0334481020906
EK202310199051,145.4788295847929
EK202310199503,143.45535604879106
EK202310124201,137.86560825460003
EK202310111462,145.44661501860162
EK202310149507,158.44723645711827
EK202310149626,142.601206484996
EK202310196221,155.0668833458166
EK202310241259,165.58174230462748
EK202310110599,140.73058073668668
EK202310234816,153.15455579984152
EK202310179926,149.95261341653955
EK202310158821,150.05658639581776
EK202310203000,141.5958346315851
EK202310162317,141.07242312123944
EK202310125499,141.56880142250935
EK202310171521,154.18894367085048
EK202310155121,139.1706193821533
EK202310246662,143.5652814396482
EK202310222404,129.83409769010956
EK202310119271,133.59199723543543
EK202310179293,139.90947966107242
EK202310162370,145.0557530728989
EK202310185317,143.63425637462473
EK202310192836,153.25896953395815
EK202310197187,158.16774647846592
EK202310119438,133.89065567913804
EK202310154800,142.01555816551598
EK202310162887,146.37963314407637
EK202310114407,145.7576615217122
EK202310107541,151.79386218204934
EK202310165391,134.88494800471
EK202310114222,141.74228229569525
EK202310108463,143.23220361506534
EK202310160505,153.76415859643095
EK202310175819,130.722174370314
EK202310224211,144.64568778628473
EK202310181094,152.38301332211662
EK202310209683,149.03623005955833
EK202310144068,165.72253866903688
EK202310185016,171.610787408476
EK202310242866,123.49656307290844
EK202310136700,115.70442247539906
EK202310129667,149.11082465141746
EK202310185490,149.24643633740715
EK202310180615,136.71737509680761
EK202310106120,141.54393465491205
EK202310139529,143.37656920551743
EK202310208712,151.83792687530956
EK202310202493,145.1526197854059
EK202310127493,152.4123791009205
EK202310185646,132.71166941586947
EK202310236048,137.57133603899803
EK202310215422,144.12643583256977
EK202310154768,141.1438992874368
EK202310156660,148.50063887320965
EK202310215522,134.27269063888434
EK202310191431,153.9158785307152
EK202310219661,145.7863072103412
EK202310111217,128.51485729875284
EK202310142283,143.16412096836507
EK202310152451,153.90376771633962
EK202310131900,158.97826580244038
EK202310118813,166.5889786132305
EK202310158474,144.77872663514242
EK202310206038,163.07158795880062
EK202310140824,134.34228214614754
EK202310193053,139.9878963824051
EK202310239738,136.4192781593186
EK202310183514,162.68489415796603
EK202310228473,143.17736350145034
EK202310187727,149.6046628315984
EK202310208678,136.46419554346036
EK202310151445,145.95642798739476
EK202310129744,136.80887089924866
EK202310242221,142.5273387517612
EK202310140908,138.37733931457583
EK202310213034,143.35261730761874
EK202310162066,143.91495288805845
EK202310166091,130.61652191545193
EK202310168349,131.00231099600785
EK202310204830,136.381090963781
EK202310119237,138.3635844446026
EK202310177687,143.00716970734518
EK202310194046,135.7709011024879
EK202310120099,135.3114322061674
EK202310139982,153.71799435622518
EK202310172126,128.7267267926478
EK202310225892,144.17061232320665
EK202310204605,144.31654739871772
EK202310166382,150.33402919620846
EK202310164816,142.45474840652906
EK202310118373,125.75491625381987
EK202310141696,149.22868710255784
EK202310229964,135.1290762191434
EK202310127949,136.073366557556
EK202310239375,164.9273367319357
EK202310173625,142.85240087029865
EK202310141849,161.9364440528467
EK202310115485,147.94532019642466
EK202310129234,143.73108658664566
EK202310105793,140.88360177156946
EK202310158046,145.61943234093627
EK202310192078,140.5324748491866
EK202310211785,131.1723475166977
EK202310194018,156.57742480245432
EK202310223067,130.9289785916272
EK202310131851,157.3306350368855
EK202310146819,129.52980306746414
EK202310240643,156.01780722669133
EK202310156305,137.45689430985996
EK202310207011,131.9588968519044
EK202310225288,153.249766234652
EK202310246090,147.55445182475674
EK202310159743,141.49619889500912
EK202310160951,167.8733170458923
EK202310164394,140.44640688084115
EK202310172687,139.3897385026404
EK202310157664,136.95267198335827
EK202310186799,147.74914670755143
EK202310177813,148.85629698832227
EK202310135564,149.36636531301664
EK202310109869,135.5459690246722
EK202310232529,135.65997998028405
EK202310190796,147.13543743248061
EK202310157371,151.8127580714391
EK202310248440,146.2938036447656
EK202310236433,140.67955862690334
EK202310155362,149.21264144310334
EK202310178291,149.87762041232205
EK202310236912,139.56165077030911
EK202310104076,138.6596216744923
EK202310192380,136.18303630263824
EK202310138804,136.91442625449469
EK202310151241,137.33727308658203
EK202310199540,137.95656958312404
EK202310173988,127.08111218323064
EK202310173002,144.2632563930616
EK202310243625,151.26373796562703
EK202310193531,142.2574417827891
EK202310114242,142.59296068471664
EK202310138736,130.75725654548643
EK202310190347,145.4497127853059
EK202310236408,145.15198460450668
EK202310120734,158.1330845031407
EK202310199091,148.98940901037753
EK202310163422,137.37125679827759
EK202310204728,142.99377712114344
EK202310130979,128.61822691913582
EK202310183928,154.00141981555018
EK202310149172,148.02108530681804
EK202310112222,139.17700310165742
EK202310135593,162.75194434836786
EK202310116248,133.45544417872247
EK202310139060,154.2722847613996
EK202310119677,165.48591384873316
EK202310158107,135.79630769573873
EK202310132346,154.5867491885325
EK202310134894,154.03389936193352
EK202310136486,141.4182337019797
EK202310129929,157.62652744970333
EK202310105561,141.59663654541995
EK202310154663,141.76710963345346
EK202310170691,154.86070285120593
EK202310129385,150.20999526430222
EK202310201900,145.3566583957358
EK202310167771,140.1981788143935
EK202310157806,147.4503291271047
EK202310149813,163.0856486040298
EK202310176321,149.99010117825821
EK202310114996,152.26538554230845
EK202310190897,153.96311298500856
EK202310166461,141.1063705666772
EK202310137821,139.2872155605874
EK202310112150,139.67660431044567
EK202310192173,140.98978960479673
EK202310173654,146.19736287988204
EK202310220329,148.76004941851093
EK202310202774,145.7952347098889
EK202310150939,138.2645603761623
EK202310155941,129.4026870621663
EK202310185382,149.448931356188
EK202310237219,147.99140830191874
EK202310244185,126.40820361991487
EK202310221987,132.56134685264544
EK202310193216,147.96674810939788
EK202310145019,145.19112338455045
EK202310193312,160.78250334421605
EK202310121038,137.91161165122364
EK202310210609,149.90219493838848
EK202310198874,147.6408298901386
EK202310144516,151.16363763349173
EK202310110453,130.5900883470077
EK202310135805,131.7285948819489
EK202310128896,138.03787948721174
EK202310183544,149.73935497514424
EK202310181264,134.47130906981053
EK202310204958,146.19736287988204
EK202310168271,144.1573844363757
EK202310219179,132.45475085279833
EK202310224962,146.73757085128574
EK202310210604,135.69263709083816
EK202310159739,158.19960784385236
EK202310132707,142.36157243292524
EK202310105567,142.55572073423335
EK202310226814,148.58580226945688
EK202310217907,137.959323394731
EK202310199396,129.88779991892824
EK202310105066,136.39687274086398
EK202310200675,132.12275018422605
EK202310237294,146.78306958310768
EK202310157377,143.2167025582956
EK202310229136,147.3908224941099
EK202310186430,126.77334994315173
EK202310163802,125.43740363909443
EK202310142202,158.22352835625304
EK202310195256,145.7840917006368
EK202310004248,150.21044925020036
EK202310195944,133.07769210529835
EK202310152129,131.93798492831604
EK202310235567,156.77430609228207
EK202310239108,155.98762104916713
EK202320007089,143.68777299186544
EK202310188372,145.31048638849708
EK202310177026,137.56771159740322
EK202310130893,146.90326954917794
EK202310145973,146.08680097316915
EK202310168876,136.60307523502073
EK202320005981,141.79636714016848
EK202310158643,147.76466020571996
EK202310186188,155.88996418154116
EK202310134495,134.2207832749761
EK202310247686,147.443418067045
EK202310150624,147.98380470238502
EK202310205684,125.31187748534997
EK202310130971,147.59247281769234
EK202310109938,142.78695700714013
EK202310157726,141.2031168555055
EK202310217250,135.93299195193669
EK202310232228,141.71519087575373
EK202310212931,143.30761248498484
EK202310224251,138.04306111894397
EK202310177088,138.96930570028331
EK202310178114,127.48804240670614
EK202310133902,147.32543858040194
EK202310243447,136.5168645589889
EK202310203833,131.82076991576054
EK202310205106,145.95550782217614
EK202310244839,161.63982902217333
EK202310153612,164.52137645804805
EK202310168129,132.19785497116212
EK202310210315,127.37271200450529
EK202310221450,134.506299345769
EK202310229011,144.03242499132622
EK202310109445,146.83277904087828
EK202310172449,145.20139564954226
EK202310173624,138.77383589615891
EK202320007778,138.97743547854148
EK202310191821,136.38764278604458
EK202310163402,154.14031810097845
EK202310198726,168.63565086474995
EK202310235035,131.12731362883085
EK202310190400,134.76059536064565
EK202310223143,140.3392874444223
EK202310134393,165.0073889627655
EK202310190107,154.7315454284164
EK202310199104,146.72155851205505
EK202310198171,126.99394940108537
EK202310126236,147.50475211652613
EK202310110975,132.74842856180962
EK202310163529,135.89478421968298
EK202310208517,129.4855230739384
EK202310229161,123.9691635809894
EK202310224145,145.8473268371858
EK202310245526,133.51364186023173
EK202310105925,131.37189750759447
EK202310241775,137.94718005180513
EK202310131256,141.4844685162949
EK202310167720,151.49507986804045
EK202310128585,148.70615668837158
EK202310171250,158.86557518842608
EK202310136309,137.84890257128367
EK202310159794,134.86578437818056
EK202310147802,144.1360548313208
EK202310217371,140.71909106464398
EK202310142272,141.61571468086777
EK202310192020,137.5149462059983
EK202310121935,148.6950390666479
EK202320007881,151.63469921970733
EK202310144741,156.4362636608831
EK202310237080,156.38128754649927
EK202310121787,133.60159656268115
EK202310157606,135.63026703500148
EK202310171437,161.1195002061211
EK202310108122,143.87007369760875
EK202310151362,127.70302602566292
EK202310115777,131.36436744198397
EK202310239193,144.5412969206182
EK202310233042,137.415755821072
EK202310202833,171.33733639562627
EK202310113174,150.12786672802343
EK202310167499,144.24554053771448
EK202310126289,140.89636347819558
EK202310129491,141.2595321065103
EK202320005784,142.47762168818832
EK202310170372,137.1403444313871
EK202310213906,141.37258079420286
EK202310199476,133.49470851561983
EK202310247011,157.0766180729606
EK202310195117,146.1485312331798
EK202310120294,149.9815088814059
EK202320007259,141.25988987787892
EK202310188597,142.15668923335642
EK202310165978,137.6451938358739
EK202310115867,127.37256912447789
EK202310193317,177.49041004758536
EK202310203873,133.23610062270896
EK202310205284,131.74103416425143
EK202310111575,126.30379988429706
EK202310225817,135.0740600764512
EK202310231254,125.70225083736774
EK202310183664,165.2561111052846
EK202310104179,125.62039565867134
EK202310230497,134.10408131526555
EK202310193284,143.8401128673791
EK202310147738,148.5565956126498
EK202310241264,172.48794575063468
EK202310199094,152.5459744015979
EK202310128153,143.146140815548
EK202310177426,141.95921481812326
EK202310106407,150.43855213592838
EK202310224168,136.81215166261487
EK202310182894,140.72897684330206
EK202310196624,164.1042666641552
EK202310174799,137.0795830066507
EK202310244287,146.73734511429856
EK202310158225,136.75167938306214
EK202310158700,163.72166586715903
EK202310194647,143.24461906777668
EK202310176945,141.8032957479977
EK202310242585,143.4573005876177
EK202310168424,159.4591764825175
EK202310155163,141.65371026383517
EK202310124200,131.68132829164657
EK202310167074,152.8388485898026
EK202310227610,176.59050125595382
EK202310172440,169.69677708030582
EK202310224828,121.03231190658951
EK202310125087,133.57124275782036
EK202310172624,149.84893486840633
EK202310212981,142.9970987476021
EK202310212038,126.29094857309273
EK202310181888,140.69744050094585
EK202310151373,145.75089156441052
EK202310151400,170.69047161980748
EK202310129480,152.9837320033331
EK202310105531,150.3777939220343
EK202310168802,148.6329403339069
EK202310143364,133.58773007120467
EK202310124872,128.07448772046502
EK202310204355,143.41783704685787
EK202310151111,175.38788354756647
EK202310208992,125.45304788504191
EK202310214546,155.3432288174192
EK202310149411,130.70279768881795
EK202310142260,146.46242690008432
EK202310164059,138.9819031515476
EK202310109215,142.45685207868965
EK202310199582,148.8032342374622
EK202310127468,134.5074201745156
EK202310142858,152.4564809818697
EK202310203332,148.02787707150216
EK202310158565,143.24204774101318
EK202310172619,133.90467982505405
EK202310107206,114.16961494104173
EK202310211213,130.3024307100464
EK202310172337,137.94284555162696
EK202310220668,138.085003984209
EK202310153800,139.36649749873916
EK202310211090,124.08302837535123
EK202310189907,151.24180730940162
EK202310187277,131.09523616842097
EK202310196375,142.56469700189945
EK202310133091,143.37536020962787
EK202310126566,133.85930116044076
EK202310157696,127.22134033506426
EK202310170462,128.29671090982657
EK202310187255,150.80362321373636
EK202310123459,150.20906422354014
EK202310145959,144.43530771997447
EK202310220363,148.4770997062717
EK202310139815,125.21381077675609
EK202310181913,153.38896242435536
EK202310109098,145.7196083769355
EK202310132727,161.0875286096828
EK202310122252,143.52593826339296
EK202310167093,178.0148557736459
EK202310139661,144.76640031310131
EK202310174818,162.23310196556494
EK202310166691,143.93676585297797
EK202310003691,152.78404790767127
EK202310237525,131.00218732068106
EK202310117373,140.4911494467387
EK202310179546,145.67077627377466
EK202310126077,132.19762582599185
EK202310184499,174.0705612649672
EK202310186109,157.60931877490813
EK202310106103,147.74663127510573
EK202310112500,142.12794010467087
EK202310133741,142.79935138439586
EK202310109783,140.80505648161846
EK202310117249,140.78305572243661
EK202310203878,147.02096485053295
EK202310196452,139.5631534319905
EK202310181760,152.7080668266876
EK202310112276,145.9244052991584
EK202310190428,138.06942298994912
EK202310217583,150.63915468723116
EK202320005844,144.590746272503
EK202310206265,145.9811023890605
EK202310221855,139.43695667545515
EK202310152502,139.5191750157274
EK202310119997,126.48189778061408
EK202310234516,133.65875145219727
EK202310109706,161.0875286096828
EK202310148105,135.47630312530157
EK202310154560,138.5960665427003
EK202310236829,127.66804171220419
EK202310167010,146.5872192225341
EK202310240372,145.21069232058943
EK202310129679,149.96141010573348
EK202310213367,137.7590637062876
EK202310198361,158.03754514878688
EK202310154494,133.392217301028
EK202310247393,159.97315142094982
EK202310233217,134.29340258287644
EK202310147827,160.20676318444578
EK202310115117,142.22298993011105
EK202310148420,145.9548744706922
EK202310190832,155.77975648252735
EK202310134924,124.6725574285
EK202310188986,150.77176094278937
EK202310129065,149.03300699923457
EK202310191867,138.7777725944668
EK202310134983,148.98329687362414
EK202310113731,143.21089783040978
EK202310201726,146.9058672573423
EK202310230201,160.218138455799
EK202310168525,153.3368554650394
EK202310244486,140.83859112572065
EK202310189155,164.2226550074639
EK202310140440,132.87944189034013
EK202310106749,132.11705299756568
EK202310179762,135.03165626903865
EK202310129836,138.5479568242019
EK202310220701,147.66166404870458
EK202310186360,141.26625767089547
EK202310109349,144.31654739871772
EK202310201338,139.5714458044801
EK202310212253,138.37131061049087
EK202310155921,140.13127434661777
EK202310205532,172.3232532528749
EK202310128471,149.08636793852014
EK202310201094,146.3671639200883
EK202310190383,142.1843191235693
EK202310110189,107.85113719682538
EK202310147602,141.19711542829
EK202310198097,127.26037397392496
EK202310216064,136.6869750138002
EK202310211013,143.21089783040978
EK202310160719,146.4527468144789
EK202310176494,143.8676919338645
EK202310145249,145.08579299013815
EK202310235596,140.90028020451086
EK202310110412,130.31283292317886
EK202310200832,145.85602640625243
EK202310204509,151.9732112149533
EK202310149049,145.38916229401383
EK202310183661,150.09555988340276
EK202310216447,139.1668018823936
EK202310200320,159.03355756531647
EK202310161067,135.34846461042017
EK202310207130,136.47276791900555
EK202310145591,158.22506375872817
EK202310127977,145.6573270654771
EK202310161518,162.5420446414764
EK202310138156,126.66505233912898
EK202310244709,139.61371950421469
EK202310142566,142.09916694162425
EK202310124071,132.0286938491237
EK202310152858,178.16910978673465
EK202310190782,141.49368859302078
EK202310167544,135.16234201217299
EK202310192845,133.85082537692702
EK202310160817,132.78825465996877
EK202310196420,139.60220092706112
EK202310004827,145.29507873734426
EK202310227825,149.5558191566792
EK202310194467,157.17246715127817
EK202310113608,143.02129600067397
EK202310103781,131.85594932617428
EK202310221275,144.90038953648758
EK202310169673,127.20668046440771
EK202310190005,145.08348757327227
EK202310188898,151.95316963920368
EK202310183079,147.91446795524473
EK202310166912,155.5885186740074
EK202310142437,151.7846599598743
EK202310212298,131.21463383757842
EK202310109551,138.78403395526155
EK202310222094,143.3150284570195
EK202310202049,145.75105442855735
EK202310212471,140.94455210780006
EK202310187583,161.2368177489667
EK202310188837,134.1123157552229
EK202310220895,139.54053442518912
EK202310108270,143.95730581077984
EK202310186872,141.26367765517816
EK202310156937,139.28200033632154
EK202310242846,154.9931340711449
EK202310186481,141.82655503028627
EK202310221455,141.53801325693144
EK202310180574,142.45961449413454
EK202310168049,130.776594602147
EK202310133898,153.0565093294941
EK202310168746,126.80537514715911
EK202310212474,136.92865380651074
EK202310161742,138.74797559582032
EK202310181202,158.58138829122737
EK202310200036,136.63315205502482
EK202310184172,161.44673491474552
EK202310239220,143.5734974206999
EK202310165958,130.7342044337719
EK202310212102,141.76628005708278
EK202310218823,148.76028833073354
EK202310151307,127.75695625059953
EK202310204250,152.9252212316352
EK202310183865,148.86453655236738
EK202310149510,148.7150339954997
EK202320006769,144.1573844363757
EK202310227796,137.43089321758757
EK202310248710,141.86565333828528
EK202310198205,134.53803823846144
EK202310135989,130.5518778842849
EK202310124456,135.6072699759927
EK202310221007,141.8995176743655
EK202310126207,148.0732558808992
EK202310181795,148.52603266543485
EK202310168767,140.8061281025857
EK202310119332,136.31646822708586
EK202310135427,142.62639376763005
EK202310206685,140.77163269551278
EK202310241653,137.69131420069607
EK202310196379,135.552761356286
EK202310120248,141.9555301025105
EK202310172212,144.92124936070564
EK202310181585,143.73108658664566
EK202320006780,156.9694603641808
EK202310133161,125.05671861907555
EK202310109841,143.60286129546688
EK202310152371,162.04107317733033
EK202310125316,143.41903797024182
EK202310127854,131.65856832241835
EK202310208551,137.54873593134167
EK202310172019,132.51467025946792
EK202320005655,145.47223436836387
EK202310117833,124.99826336897932
EK202310110950,140.43564295523635
EK202310244018,132.96177533318502
EK202310234592,140.76308360712966
EK202310136966,138.40496110395847
EK202310185914,141.58482808804894
EK202310236175,142.8844737878718
EK202310187917,156.38147559244098
EK202310004461,148.99456384836603
EK202310131974,147.93049312952155
EK202310184967,149.87762041232205
EK202310185067,149.1860955817153
EK202310236069,134.02704311135747
EK202310186869,151.418591478988
EK202310149914,142.65675959937724
EK202310154439,131.43534992955915
EK202310117130,140.56785494237937
EK202310192819,148.518843839249
EK202310158666,166.49252499211366
EK202310197005,129.84686656067618
EK202310203581,142.0163765319258
EK202310178102,136.47425562602592
EK202310224457,149.4878925217452
EK202310118618,139.49495918295793
EK202310185500,156.5577475010523
EK202310213431,134.5370852773231
EK202310201151,160.6625277971092
EK202310228224,141.8361770707392
EK202310148041,156.4903903334916
EK202310178742,156.40097966825192
EK202310227550,135.93280013083796
EK202310119869,144.59559225605534
EK202310146474,147.58025109246964
EK202310123299,127.20043591953173
EK202310187842,138.49379375906219
EK202310155425,147.38574261003492
EK202310210739,140.67173454728953
EK202310177302,165.5173029213164
EK202310202123,150.23664522371988
EK202310104749,147.4453654201668
EK202310185079,137.77237711702847
EK202310132781,141.3438249420874
EK202310193932,149.48289165923703
EK202310189612,133.6152150197586
EK202310201902,160.70854482395535
EK202310208534,141.1846278250507
EK202310189130,149.8453418856363
EK202310215684,133.70307770437196
EK202310160446,147.02567450705172
EK202310133958,160.28224654267265
EK202310176688,147.77499797176796
EK202310211793,131.32327224456375
EK202310210111,139.00371384598662
EK202310232666,127.79899713759441
EK202310128743,141.70115570857763
EK202310130719,131.31750572921445
EK202310004334,147.94515964500934
EK202310126855,141.414284986957
EK202310152426,149.01002159261614
EK202310188746,146.96229244798946
EK202310236429,138.41985525445423
EK202310170500,139.001081656897
EK202310124582,138.64336394399797
EK202310181729,176.5980076786636
EK202310224787,136.12072949249608
EK202310108930,148.30629027077907
EK202310104434,127.8254485002102
EK202310115530,134.32880793208815
EK202310184629,162.03731789436213
EK202310217615,126.56160038302703
EK202310228010,132.44306815259574
EK202310199351,147.60484991631247
EK202310231067,150.85060561651002
EK202310215633,141.9555301025105
EK202310142323,163.3025645198007
EK202310244740,144.05089010877703
EK202310173913,147.6978633208033
EK202310218786,144.36450736595552
EK202310215448,147.37445198781913
EK202310114357,142.23552604816038
EK202310197601,147.25578066518324
EK202310247322,153.69228006992594
EK202310231270,144.5883814740641
EK202310142374,143.5026726387148
EK202310117138,144.22129396579382
EK202310176849,136.1471905679678
EK202310109114,148.92802840449707
EK202310182696,156.10113290743692
EK202310135900,149.57080698735606
EK202310123905,141.4021883607899
EK202310130761,128.71305890292757
EK202310122276,139.44685599454834
EK202310121513,147.7334157132422
EK202310168032,151.63725222792112
EK202310213827,132.75042220238646
EK202310115189,129.53598392944718
EK202310138716,134.6507897192324
EK202310246376,136.71404511101238
EK202310227795,138.7052547362311
EK202310138696,140.3295286733874
EK202310194234,139.43841807485683
EK202310184761,160.54553804921233
EK202310162543,159.34183549913095
EK202310236480,133.9642123821716
EK202310209507,132.6650517931238
EK202310136499,142.4243582698155
EK202310204660,139.19298862861783
EK202310111522,139.41551636415886
EK202310105606,130.77954324417652
EK202320007453,140.28990218789997
EK202310232384,139.62621737951045
EK202310206748,131.38482450298113
EK202310241912,159.60243139699153
EK202310124064,140.80771140817308
EK202310122759,142.5495247386901
EK202310190369,151.7613725575376
EK202310186879,150.57241225660275
EK202310149694,131.26461323052916
EK202310223534,136.94552141769367
EK202310159550,148.7140760396289
EK202310221243,140.1004386085133
EK202310244635,146.48323648498285
EK202310198162,131.22566154063912
EK202310125552,138.19970778491418
EK202310132850,132.43944784382197
EK202320005964,148.9944510258508
EK202310126781,150.24142335111915
EK202310147128,137.351995022812
EK202310226818,147.98292802932883
EK202310124338,143.78433289309376
EK202310225790,142.23808860021657
EK202310144382,147.58128833468535
EK202310160141,147.69464274768984
EK202310177663,151.67251094401388
EK202310231419,139.3597058682711
EK202310141307,134.13291059909608
EK202310119017,154.13730849190486
EK202310219691,140.3150641683786
EK202310114034,146.5411696998708
EK202310207177,148.58067893169246
EK202310120353,142.786048090585
EK202310003709,125.45840967579826
EK202310208102,146.7413237427182
EK202310117194,146.0727999331602
EK202310160414,154.43159480792542
EK202310128750,126.88414902765544
EK202310236926,153.00089245635724
EK202310230067,141.07742040342688
EK202310209445,145.66515548255217
EK202310237314,150.9662894076954
EK202310232234,139.45074605611583
EK202310150354,156.14703779079724
EK202310196951,150.152211527044
EK202310194465,145.08619806678888
EK202310193016,157.6841166713245
EK202310151083,129.0584631813348
EK202310184367,141.9267407965877
EK202310112469,150.86527778936923
EK202310192489,132.66598351558025
EK202310224546,131.24964591861576
EK202310247421,157.49187110330666
EK202310194417,147.75745459533022
EK202310121339,135.13678529348854
EK202310190360,139.34545440673327
EK202310226836,140.69823243112432
EK202310168945,129.170890732511
EK202310227078,149.09572093918123
EK202310232895,130.53457027592657
EK202310230495,143.12546608686415
EK202310246097,135.23620749757114
EK202310202842,138.2948427861499
EK202310220262,134.8747578029387
EK202310134200,133.7412413354805
EK202310203601,153.248780462405
EK202310190558,141.20617544908208
EK202310232949,139.2583073635982
EK202310195423,151.9732112149533
EK202310164136,145.7201428604454
EK202310111473,147.67579333320552
EK202310194752,152.17399055962292
EK202310139201,153.21590061067332
EK202310215712,147.4208980962117
EK202310126580,147.1108293626044
EK202310143206,154.59739782294182
EK202310222539,139.86556583346345
EK202310239797,130.01493739676843
EK202310157767,141.93200160853175
EK202310237925,142.87367681553386
EK202310227346,138.13171658613663
EK202310222227,139.98232317274437
EK202310231460,139.14063742947155
EK202310105762,149.45194339744126
EK202310149701,142.7711729053171
EK202310231185,128.87770570567466
EK202310187011,149.34525854405732
EK202310188048,135.9150680169955
EK202310147979,151.2828414807782
EK202310136963,161.27889952214676
EK202310223233,140.63468611674037
EK202310147717,140.87341203954597
EK202310235875,133.3135872599512
EK202310146872,149.8005007902705
EK202310114622,151.2483514393797
EK202310127235,151.7973185490555
EK202310170129,132.068095097189
EK202310174462,140.0584173135785
EK202310239145,146.44940318376635
EK202310103947,151.8777982394495
EK202310118725,148.19014280882115
EK202310181241,159.3326251048836
EK202310215016,146.068085981463
EK202310197863,151.45001248661342
EK202310162387,128.71056092272622
EK202310108126,137.1221358957365
EK202310207445,148.40100597159983
EK202310003781,151.06691106287963
EK202310153594,133.7834016450153
EK202310234731,138.39083870370666
EK202310112047,141.14934913806027
EK202310246932,143.21089783040978
EK202310218014,132.82228460258963
EK202310159032,141.8078050972339
EK202310108938,147.82358653342214
EK202310126068,146.4298134585847
EK202310146294,133.17379597493962
EK202310197490,148.11061223223535
EK202310235805,156.90045188869186
EK202310244213,135.09236477712915
EK202310169974,138.7980105329987
EK202310180762,147.93983514549822
EK202310117588,135.84436965238746
EK202310146489,135.86537139107756
EK202310242008,132.71166941586947
EK202310175256,152.71740436638726
EK202310183438,147.82358653342214
EK202310216482,152.6206864389321
EK202310150432,140.498929766855
EK202310224664,139.8514528862342
EK202310182573,150.86686977227748
EK202310227828,146.54529828851972
EK202310183759,160.01644770902922
EK202310168521,146.12386198901342
EK202310183715,140.33690524055464
EK202310142868,132.53810202344636
EK202310202199,138.79280903493094
EK202310167759,140.14111678602788
EK202310229275,152.546657842465
EK202310229628,137.1752780680774
EK202310190352,146.1748803439067
EK202310234142,161.5699499005403
EK202310141693,139.49495918295793
EK202310133997,134.5494454142999
EK202310180676,128.89847139717176
EK202310127990,147.36752494426062
EK202310194053,176.34404341464133
EK202310240865,139.8960031976267
EK202310238191,141.10371507014207
EK202310218152,150.31865299608972
EK202310192642,137.08528280943742
EK202310113518,143.6863228501601
EK202310177048,147.00352799048386
EK202310003870,132.17916650569762
EK202310184101,142.95356956346052
EK202310123625,133.51159120557966
EK202310105534,137.4191619146219
EK202310130598,145.2579748821319
EK202310183150,157.2602624377885
EK202310223939,139.2166789746681
EK202310151237,145.78385485025964
EK202310150186,134.28484702226766
EK202310119286,166.21863646376394
EK202310147962,147.92544196478474
EK202310195618,133.38771857109478
EK202310146717,146.16257154522506
EK202310226225,137.0161151057354
EK202310108305,141.98437722790777
EK202310132381,126.38522310664239
EK202310130474,130.4364543200144
EK202310123530,134.8257667719748
EK202310207610,153.34203993017812
EK202310142942,151.78721715567505
EK202310181486,147.9681362743848
EK202310227391,139.40686116884854
EK202310219674,146.64379979867428
EK202310231118,133.67284065724803
EK202310156122,147.36385882990035
EK202310168356,140.86566023249338
EK202310152965,149.85398770249654
EK202310240478,157.73759258242785
EK202310220260,127.14513061860673
EK202310166323,146.00314356441055
EK202310130108,165.45045455311836
EK202310139786,130.3484220256052
EK202310163761,132.25869979811972
EK202310221197,139.15491076291374
EK202310194216,166.1227178863949
EK202310209659,133.94758373926203
EK202310214603,164.90568776307418
EK202310108794,146.63455862566562
EK202310152434,142.84754280326538
EK202310134754,135.31916123413097
EK202310236812,147.60797590910744
EK202310167567,138.80222053744222
EK202310203493,140.3271255787519
EK202310175040,146.93201081622192
EK202310205734,149.29805237955065
EK202310104881,148.3303143992392
EK202310188034,155.03185574105626
EK202320007581,142.09712701474226
EK202310004300,142.49628686509735
EK202310126491,131.37476748187072
EK202310236882,145.4981877900616
EK202310151164,145.86397116036667
EK202310106280,152.0111932597881
EK202310163693,145.68677919748353
EK202310168683,132.06070006828568
EK202310189719,163.1992992412143
EK202310233687,142.5075220259974
EK202310201579,144.70298373745572
EK202310202351,139.47661621247266
EK202310180846,147.79885674402738
EK202310170131,137.5148350807976
EK202310113992,147.57185123375638
EK202310225909,148.24414866096677
EK202310118201,146.47980392364144
EK202310184100,143.55673189463178
EK202310169994,138.72944493738697
EK202310186322,144.2095471689441
EK202310187689,129.44068698592517
EK202310241609,132.1640122938975
EK202310112492,136.90808762929464
EK202310216335,139.43667118545955
EK202310207022,165.0148423526543
EK202310125948,138.30013936235792
EK202310127865,141.19100546422504
EK202310174681,147.71731615219372
EK202310233071,144.12000845612152
EK202310193133,143.99367037462034
EK202310132000,137.37473111687407
EK202310103983,148.98604287692444
EK202310191233,151.1729783092248
EK202310231154,136.15735176064345
EK202310116716,141.12855964144467
EK202310179545,135.67409420976156
EK202310206643,143.71897314939122
EK202310134367,146.36205857771765
EK202310176122,154.67782300721524
EK202310214013,140.82876784728464
EK202310134741,142.0663549183959
EK202310174213,147.70234650280256
EK202310141096,165.92174041837214
EK202310206920,158.59025044757104
EK202310194809,164.24090519717603
EK202310202514,127.2233349372581
EK202310110026,146.6124077377533
EK202310104374,133.63559822864698
EK202310120332,126.24904065757288
EK202310157554,143.79753822546093
EK202310204383,127.91323534515148
EK202310208398,129.10436523872255
EK202310118265,135.31846008771694
EK202310231010,123.97031436633257
EK202310213437,127.8542668408366
EK202310146583,128.2304934990257
EK202310195386,138.45341959609195
EK202310228443,151.22607402522164
EK202310123135,147.4986240401336
EK202310142556,145.65252627211748
EK202310245462,138.4230308520169
EK202310234824,131.38120772692415
EK202310197141,164.34887027184627
EK202310229145,142.93540724753908
EK202310209147,146.53659376339237
EK202310214152,168.17036597972947
EK202310164947,131.63116325375722
EK202310222842,140.01293350777576
EK202310211770,131.2096778906807
EK202310004960,140.67107374845182
EK202310239260,134.33362762778586
EK202310115431,144.65846875017598
EK202310202893,130.7967529198628
EK202310205187,135.26200004100295
EK202310202065,147.40000615836678
EK202310127001,134.5782381049713
EK202310181721,167.09889814954562
EK202310161325,146.4495146685507
EK202310140540,161.05106176878766
EK202310167097,145.5046118140296
EK202310140718,133.76612700916817
EK202310149480,133.25728624367952
EK202310183531,138.7637824975821
EK202310148864,147.25578066518324
EK202310003701,155.24611428816903
EK202310144900,132.15111386597707
EK202310144750,132.41833982775717
EK202310162709,145.56695640622272
EK202310186895,139.5617490298053
EK202310226408,146.43821392339578
EK202320007110,143.4550359827396
EK202310162496,145.03898731491827
EK202310212196,144.26957927477847
EK202310239361,134.63123768355078
EK202310125997,140.07652550840191
EK202310246168,141.8937506835872
EK202310193381,154.4193782615913
EK202310190604,139.00019488620993
EK202310111954,144.99597457762607
EK202310176791,141.56033078405605
EK202310141476,144.78295075124205
EK202310221421,157.94414634723748
EK202310129409,155.88996418154116
EK202310122129,131.65872279960837
EK202310149924,161.0875286096828
EK202310179998,141.11239079262828
EK202310195558,145.37128800458026
EK202310112050,143.146140815548
EK202310136298,149.49843825034398
EK202310146636,144.98179798764016
EK202310239762,149.95650643898193
EK202310200996,141.10371507014207
EK202310223066,135.66243740956315
EK202310167187,135.33778397924092
EK202310124533,168.94991414319517
EK202310143956,171.99295329755176
EK202310178323,140.82076319798713
EK202310224950,148.497927509702
EK202310179276,144.82076212005836
EK202310246017,140.93014196019394
EK202320006428,161.29976190661117
EK202310241114,135.61965034782298
EK202310217472,142.4998040025226
EK202310162260,145.7215345403422
EK202310240436,135.0256967301511
EK202310198123,130.22492029374496
EK202310156200,139.36974449956523
EK202310141977,154.28694469074549
EK202310223019,133.46548400284226
EK202310193508,158.74535300484288
EK202310222293,144.2186990532476
EK202310156492,159.1179015176092
EK202310180531,130.42891678582936
EK202310225433,139.51199977818663
EK202310127891,141.74855264814084
EK202310228056,136.57272588463968
EK202310106710,140.2686303203946
EK202310183113,145.22523020933795
EK202310180843,136.73514814231376
EK202310204705,141.38299684794973
EK202310140212,148.39935883070697
EK202310179669,117.49004780809352
EK202310212869,132.94566884096045
EK202310203115,137.6479370641031
EK202310131490,143.89004870311075
EK202310109872,143.069327213941
EK202310150034,170.66030805633682
EK202310174047,148.05179070215695
EK202310247649,141.78666887429202
EK202310217502,161.33079727137175
EK202310133755,133.4919845468619
EK202310169961,141.4288751271692
EK202310188670,149.84510052380782
EK202310238912,150.87329504056962
EK202310113770,150.2996850635935
EK202310146729,136.17304487289056
EK202310185503,147.41455390320428
EK202310245764,147.6000735783897
EK202310242449,124.70235830893533
EK202310206998,141.7837068098024
EK202310215872,136.79271120432648
EK202310130322,152.57016703400603
EK202310107786,139.81624392525262
EK202310201622,153.28395144876086
EK202310125291,138.8194030536808
EK202320007483,153.6310985204586
EK202310232956,130.89467263185463
EK202310134707,152.62941529387325
EK202320007480,150.9367826814579
EK202310203884,143.34978481226992
EK202310209390,137.32842751027746
EK202310105328,130.3947469678331
EK202310144128,147.9798355632346
EK202310115260,146.51854334954265
EK202310136404,134.8514703220772
EK202310200686,158.1791211864672
EK202310149205,137.86575126304393
EK202310224673,129.42531119312898
EK202310233927,135.59655768750105
EK202310231452,129.81811189417442
EK202310147484,128.2780817504734
EK202310227688,134.51633167029428
EK202310119870,145.1460441813415
EK202310230862,131.43864250057885
EK202310124325,132.9925029931457
EK202310174689,141.33490159014008
EK202310241097,136.83433048016897
EK202310201197,162.69171348307702
EK202310133296,147.09661770284123
EK202310233451,146.5804675942096
EK202310135940,122.05134836240671
EK202310107985,144.45964987255218
EK202310157602,137.20559385256468
EK202310139763,128.3522125249352
EK202310238145,142.91670998463098
EK202310168639,160.26255232772186
EK202310219394,172.22001942469188
EK202310216358,122.19644603510939
EK202310127032,136.02329316777914
EK202310148206,146.05025426566877
EK202310227757,150.50831032879395
EK202310112688,148.59157897164374
EK202310214245,145.3015783495884
EK202310124215,142.82059586851494
EK202310132325,142.83129859130023
EK202310245630,139.9687884454783
EK202310159135,110.59730528592483
EK202310153895,137.68870142773616
EK202310211988,132.98951976917695
EK202310185598,152.34511993970384
EK202310192392,140.2686303203946
EK202310242881,157.77100666815514
EK202310153163,142.55014390518753
EK202310179601,148.88119106264097
EK202310241826,158.37878551136146
EK202310125720,141.36087474163602
EK202310106591,146.93747020969923
EK202310162420,144.13704917633925
EK202310133893,146.75636565042615
EK202310168619,160.3666884230954
EK202310142512,152.55966179329243
EK202310197943,141.77607841406214
EK202310176141,153.93247182187994
EK202310149618,138.02229010181347
EK202310226109,133.75204474663255
EK202310122228,144.590746272503
EK202310176047,163.0482513427189
EK202310198997,154.49630734207724
EK202310232656,130.61259910527875
EK202310182446,138.6587877876107
EK202310139943,136.49729588260163
EK202310165615,133.9914371110003
EK202310142885,133.58797705900568
EK202310193296,142.93794024968614
EK202310121667,129.90855284869104
EK202310223883,145.21575185093565
EK202310143204,142.61813368094295
EK202310205226,139.34999987968095
EK202310119065,145.4361941741768
EK202310213461,146.65908748105002
EK202310120362,127.71619363189848
EK202310194154,157.13528099539704
EK202310107601,148.35006492995112
EK202310204833,148.22607243976466
EK202310176205,146.61795535592827
EK202310154960,138.35011091134626
EK202310130425,151.1850918652086
EK202310126003,142.53567947820903
EK202310192656,150.87164789967676
EK202310213037,151.9732112149533
EK202310243222,143.9676726782365
EK202310132202,117.55289473012124
EK202310235252,143.41920493816903
EK202310160890,147.54490557237693
EK202310198189,138.14459282172126
EK202310119695,139.57615325242514
EK202310172550,139.8451348383265
EK202310229494,144.26324695972687
EK202310004450,127.5219444699552
EK202310146462,147.27982997677114
EK202310113248,148.58260234860492
EK202310221078,138.55611199638645
EK202310124198,147.8856225310247
EK202310212260,129.96791410165932
EK202310134794,142.32698432694812
EK202310221523,136.18478218435962
EK202310219960,143.6863228501601
EK202310121234,144.97574653863413
EK202310233970,145.73073400031413
EK202310188001,143.41201880492093
EK202310163334,134.35231548390126
EK202310208205,141.7304800796841
EK202310130304,128.65595524356456
EK202310154503,131.83895524197564
EK202310170798,138.17234633641047
EK202310152846,156.9422899849367
EK202310130702,140.87091913853405
EK202310203151,143.62342336085766
EK202310217313,146.01888624916592
EK202310233757,140.46476794261815
EK202310138726,158.8763384297257
EK202310156939,136.89162186629815
EK202310129985,138.09488529427506
EK202310190426,141.44013663920262
EK202310171121,143.3503175311426
EK202310214542,133.91955264398166
EK202310168552,130.66739000206337
EK202310183003,139.04836443763884
EK202310123726,152.57055558881493
EK202310181506,150.68196020972408
EK202310237990,136.5595476928771
EK202310162825,136.7891055026291
EK202310224013,136.97010388626276
EK202310158873,124.63683942888325
EK202310137354,163.71369495722575
EK202310123420,142.41241982761022
EK202310225576,131.30948895484426
EK202310229941,146.58522235887472
EK202310229623,142.97166148705304
EK202310107612,137.25491670643592
EK202310246113,143.4792798770419
EK202310144693,132.6831856218856
EK202310116502,143.00412068244466
EK202310139421,129.48428737469578
EK202310112631,149.92801894078218
EK202310106168,130.44221269513852
EK202310207682,138.93569817531719
EK202310157085,165.79767015353852
EK202310245691,141.30358305859272
EK202310200879,133.99480858148507
EK202310131443,142.48661975173158
EK202310196154,151.154081239991
EK202310231226,138.47061028737582
EK202310210056,137.4506744773264
EK202310114898,133.30273519972323
EK202310203643,140.20500471828223
EK202310160283,144.98688121899949
EK202320005966,147.4647608401653
EK202310167009,155.13797366335166
EK202310191878,138.48257994881934
EK202310152713,164.59361353685077
EK202310179861,147.50421008553764
EK202310153872,145.08090675651744
EK202310106053,145.29403763863561
EK202310189085,140.04872499083706
EK202310212320,135.98762587931782
EK202310147327,154.85922787316045
EK202320006343,141.20148380839507
EK202310178068,147.53610206895164
EK202310216051,134.61652978429592
EK202310120390,142.2963057497693
EK202310150611,148.98985550954487
EK202310170657,150.4813630653389
EK202310132614,140.96512760079537
EK202310130044,143.97147944982387
EK202310230130,136.61653064615993
EK202310142200,130.8134972574744
EK202310142024,164.56020616589961
EK202310199015,145.47702750633422
EK202310129011,136.89735624106032
EK202310162645,140.8899669884012
EK202310165075,144.9325503492321
EK202310242200,157.62961764135008
EK202310216319,141.10371507014207
EK202310168191,128.4145734853944
EK202310173505,134.2198167108111
EK202310197116,138.88424166133296
EK202310196993,168.19366360095367
EK202310190097,143.07100349388736
EK202310243824,132.27757179996667
EK202310185884,160.90966328640573
EK202310115378,128.49679228122255
EK202310203204,159.42403344239247
EK202310118547,146.226580783685
EK202310228351,130.06329838203567
EK202310243844,140.87847736522718
EK202310169224,129.1172486293969
EK202310173833,153.0754290868988
EK202310182027,137.33182496219425
EK202310128404,136.11121211256963
EK202310221581,166.49963224437164
EK202310202028,133.99082021769087
EK202310140548,130.7509759817365
EK202310134135,134.2150457027143
EK202310192158,153.32291535566708
EK202310112502,138.97292669609988
EK202310113790,151.5870035252482
EK202310218316,137.31155140795215
EK202310188343,150.55403148844127
EK202310176251,149.34525854405732
EK202310201210,144.48431153813232
EK202310231157,143.96681373086668
EK202310195345,161.44673491474552
EK202310151257,140.091234524105
EK202310156988,138.20123330746847
EK202310225915,165.01046221775064
EK202310239080,147.64252470609563
EK202310210523,126.99668370276858
EK202310130378,140.18369438814554
EK202310152365,137.47174503183257
EK202320005984,143.82105290578494
EK202310228471,141.2929144449068
EK202310121673,124.39564096063107
EK202310239395,154.336678728007
EK202310198842,148.87419695784172
EK202310241420,133.94359468049208
EK202310231742,147.1747223832319
EK202310131099,141.25696613171073
EK202310188446,121.01285154025398
EK202310190252,133.34812607758263
EK202310236866,147.2306666332997
EK202310207108,148.1272992367268
EK202310184757,171.7392182550996
EK202310104389,139.13107794819905
EK202310217076,143.42178780240945
EK202310106797,139.32572994834467
EK202310216511,141.82943307279263
EK202310209342,152.0279953328038
EK202310183200,150.022776072975
EK202310145433,167.75184918346162
EK202310140014,130.57584307251784
EK202310125223,129.5829307129113
EK202310140119,131.88084969257247
EK202320005700,138.19898913293585
EK202310194061,151.8140482526113
EK202310195873,151.19673281793854
EK202310220232,144.52067549579536
EK202310216119,139.17550075447434
EK202310134968,155.3952171643478
EK202310174540,147.14688208864087
EK202310185424,135.27186461776586
EK202310125685,141.9335511984003
EK202310234710,137.7920864119799
EK202310214117,173.0665853976553
EK202320006910,144.96650859301795
EK202310231049,136.68201629253323
EK202310195331,163.67078611480983
EK202310194304,151.81508660739448
EK202310171159,133.30998262885686
EK202310138049,128.0297250775912
EK202310198003,132.41833982775717
EK202310159099,152.24074643454705
EK202310216629,139.2480269816438
EK202310191293,153.29027008465593
EK202310174065,145.94619977298245
EK202310191081,152.95458038412207
EK202310122728,126.99371109196606
EK202310244744,142.05096065778005
EK202310226033,137.9240327609346
EK202310232759,143.51598135846274
EK202310196945,144.06316896127495
EK202310223385,143.25292913917468
EK202310219176,148.55271785645886
EK202310131076,149.25420191591812
EK202310204889,138.86804682244178
EK202310125633,164.1009254624947
EK202310153304,151.68372519003844
EK202310138923,146.84510681665685
EK202310110215,143.14536624020474
EK202310212666,137.21433021442462
EK202310219342,129.00519127671498
EK202310161803,145.883093931864
EK202310120553,131.51938785521463
EK202310230584,144.92905385145795
EK202310224579,128.633673534259
EK202310171422,142.54632085984824
EK202310106867,142.1839848111906
EK202310121769,136.7661520632931
EK202310215792,139.6552238692398
EK202310138205,128.0533221873457
EK202310189070,152.28241593714796
EK202310151230,139.17335863779496
EK202310108779,146.00061656884893
EK202310167488,147.78629593651203
EK202310243336,129.75054892292465
EK202310124223,131.78301317634794
EK202310240547,141.75887937844982
EK202310191562,161.07828363354247
EK202310140508,131.6793945211033
EK202310119457,137.81729523184504
EK202310179610,124.85304729742536
EK202310146453,136.28827615391802
EK202310163261,161.2514700690228
EK202310214487,160.97615371134955
EK202310195013,141.60794667111145
EK202310129643,136.47771903578808
EK202310106761,140.4984504067643
EK202310132636,145.25998054326297
EK202310205792,136.55307182729518
EK202310176096,138.61196919308165
EK202310132675,141.10856211842832
EK202310203792,127.02937998019166
EK202310188904,142.08121903159648
EK202310233751,139.01499795715367
EK202310105923,133.81035417195142
EK202310176082,155.82638152222026
EK202310231901,151.1825335228815
EK202310117263,130.23968233475483
EK202310189853,150.52370708880468
EK202310161443,130.53444605196162
EK202310245106,158.40697647819147
EK202310203080,150.20529236542714
EK202310229771,134.45129687710158
EK202310178345,140.9010925560283
EK202310212555,151.21952962573383
EK202310183797,159.68328175319775
EK202310247956,131.13542948280514
EK202310137158,146.75697718662272
EK202310121175,143.0067057656074
EK202310142530,141.41727917673384
EK202310145622,149.8300197331319
EK202310110044,141.17884227062004
EK202310141565,150.70770680993547
EK202310203553,142.4308400173282
EK202310186294,148.59157897164374
EK202310232455,144.17447254188033
EK202310234707,129.32371713924587
EK202310190127,160.36935587177697
EK202310116984,132.88050905199418
EK202310113225,156.3512689537096
EK202310153087,150.60102219466265
EK202310162145,129.24359698877745
EK202310241242,155.72731877488258
EK202310199480,135.52768950027885
EK202310133097,147.6064476907506
EK202310148951,145.85946863475803
EK202310164526,158.93072965932467
EK202310157028,145.88831880098505
EK202310174361,148.3952364730963
EK202310186033,137.02483381172038
EK202310218703,125.31199837896706
EK202310179140,136.16865589538588
EK202310185393,145.18733670187441
EK202310109267,134.62391732679964
EK202310188479,138.12232654147115
EK202310132207,156.40097966825192
EK202320007399,159.321511374836
EK202310118229,139.6968893384697
EK202310125154,142.19568495675662
EK202310140377,145.7245999230588
EK202310198868,143.84050171276917
EK202310209658,138.00495433180868
EK202310241949,160.07301170384576
EK202310179752,172.4839876421738
EK202310117086,135.26470151490537
EK202310166263,152.1891131600204
EK202310203482,143.8647320277239
EK202310164665,159.708010939976
EK202310168393,149.2418954736695
EK202310131582,139.0529765242457
EK202310150017,135.08836406798963
EK202310150912,137.56796447035785
EK202310117341,142.19568495675662
EK202310181073,124.23188631817922
EK202310172053,141.7043657100399
EK202310239963,140.7753150320018
EK202310132072,148.34007861198862
EK202310192876,144.8101508578388
EK202310152121,150.15225880696505
EK202310213403,137.23666362197199
EK202310239334,138.25807064500268
EK202310148570,148.0136929688876
EK202310155053,138.778462749115
EK202310132986,139.11398950459156
EK202310110729,153.56112811782108
EK202310174910,147.55533640064354
EK202310187690,152.33160598512495
EK202310127998,151.46387787864006
EK202310137683,130.63914685091785
EK202310108081,137.50140611812955
EK202310239262,147.43665199720002
EK202310182783,129.97360113029532
EK202310204488,142.84800674500318
EK202310199126,169.26814289468186
EK202310107243,129.7421067817145
EK202310105267,140.13340990731413
EK202310152097,165.04645481737947
EK202310125739,136.54861457546303
EK202310170277,144.03382244264358
EK202310237606,149.04412153762684
EK202310234522,123.57942938796117
EK202310161698,132.5129947620483
EK202310165822,135.78166607121554
EK202310248288,141.39174519605197
EK202310136063,168.70459199456238
EK202310117203,146.4381076315043
EK202310154981,145.68484273232022
EK202310232175,151.0331975682474
EK202310144896,136.04645016515394
EK202310142768,139.29576342291418
EK202310160960,123.24734701333186
EK202310163131,138.87648659808448
EK202310239813,134.93242901248627
EK202310144375,134.29904213901992
EK202310175307,159.19944695672183
EK202310227665,138.28305091875043
EK202310132201,153.07206672631756
EK202310143654,151.94976995750426
EK202310197398,126.30664839992541
EK202310247650,136.46066710276497
EK202310218583,150.19256875904756
EK202310185132,143.21926825591302
EK202310166220,139.94219840913027
EK202310183470,134.30057999626626
EK202310193070,149.0522658222308
EK202310127467,131.50691928973788
EK202310208200,139.76220672051664
EK202310230712,148.3692691728459
EK202310137427,137.0688123401209
EK202310140112,140.94455210780006
EK202310223686,127.08989777111583
EK202310176982,148.36415295675556
EK202310118244,129.82296707412243
EK202310151713,138.08918111461125
EK202310212261,139.0079375242099
EK202310134611,127.22614970579761
EK202310120945,144.8845998283241
EK202310151019,148.90530018465347
EK202310141095,150.2183956024031
EK202310137745,133.2762136427514
EK202310225567,151.38076642131725
EK202310216872,151.34685187411006
EK202310212300,140.37749096235586
EK202310225881,152.48649613356565
EK202310151821,127.58443442192242
EK202310129868,151.0685979972718
EK202310156170,159.66903677385878
EK202320006992,137.0161151057354
EK202310173073,146.3913497258812
EK202310240592,146.0372973055719
EK202310128981,128.98803761819386
EK202310225347,155.52478522290244
EK202310107505,143.73108658664566
EK202310004769,131.79920163020492
EK202310192529,151.4715378778349
EK202310205344,144.60692246525593
EK202310241518,140.41102267508268
EK202310188554,146.474928458203
EK202310185562,147.82829398136718
EK202310154855,133.82958766597838
EK202310175481,153.57351974866918
EK202310157901,146.12142996035482
EK202310221152,144.51552099145115
EK202310200465,150.89355982365825
EK202310183211,124.57318092824008
EK202310194651,150.58300268176905
EK202310116691,137.51894695847395
EK202310219488,135.83719137634847
EK202310155631,150.9684956766746
EK202310168504,142.85222234449148
EK202310199253,130.07288895044425
EK202310221668,134.71865932197252
EK202310212285,133.22356354779555
EK202310172945,144.42302962989228
EK202310186658,145.85954068170778
EK202310222256,143.24859217903645
EK202310224152,137.91262391086175
EK202310128793,141.79636714016848
EK202310120896,133.99641351012068
EK202310120399,149.94321175242575
EK202310169743,140.18029615531896
EK202310248477,145.2896374291017
EK202310116273,127.3098966968534
EK202310247694,145.13190189813977
EK202310215708,130.6936324963929
EK202310236946,130.3255245414667
EK202310200762,159.216670699242
EK202310178415,141.78775444503572
EK202310144132,167.70218601694194
EK202310225926,130.53666422972432
EK202310148881,152.10612724709893
EK202310177347,161.1953731299903
EK202310213539,138.4393473416087
EK202310208401,153.18065345037118
EK202310238371,133.7652206061256
EK202310234534,147.54885111520178
EK202310136323,138.6236328493426
EK202310135243,135.608782959014
EK202310202317,139.34180044012183
EK202310226279,150.75501243900604
EK202310203743,131.74934100306956
EK202310205749,145.30654319669475
EK202310004277,157.67462258066703
EK202310113847,128.7684552284126
EK202310194210,151.1392462868248
EK202310183278,137.32700418542015
EK202310145260,132.17830989652404
EK202310239730,138.62487099291954
EK202310228304,139.940635700718
EK202310152088,148.7655404462421
EK202310154058,136.62921027523512
EK202310136681,144.6774768987443
EK202310117313,138.22266011902062
EK202310233274,137.11850335583858
EK202310179794,140.43649662403936
EK202310135084,163.11460558151364
EK202310206633,151.63021823841143
EK202310234183,137.619886891172
EK202310143964,139.98232317274437
EK202310158947,144.8928973591943
EK202310137263,139.16478740141437
EK202310203360,152.7480275819981
EK202310004905,150.2145116142571
EK202310140955,134.7055791137195
EK202310214327,148.2231163491678
EK202310222556,133.217827465039
EK202310128510,159.84718445005927
EK202310119821,152.4123791009205
EK202310120108,139.07151576804011
EK202310212000,137.09768832136888
EK202310105271,148.39935883070697
EK202310229500,145.41792634287094
EK202310110970,134.61732620057717
EK202310105364,148.50637159778995
EK202310108637,138.38527028997993
EK202310164376,169.54441966031786
EK202310230032,141.01792079456285
EK202310236376,136.9572204976043
EK202310181052,124.13261304918177
EK202310203281,140.89039301676954
EK202310181885,137.97451265304218
EK202310138885,132.0746217840267
EK202310121415,136.2069346194375
EK202310186231,138.12970497148982
EK202310212814,146.41026485775222
EK202310233197,137.97490453222193
EK202310184928,144.31654739871772
EK202310109218,143.85408492864568
EK202310189923,147.23571529762788
EK202310212951,141.6096043213175
EK202310166071,153.5326405974056
EK202310151335,129.85302453316626
EK202310106930,142.4064941782368
EK202310146184,161.4430081195994
EK202310178125,139.57654937384243
EK202310167170,139.1184613612957
EK202310144047,164.3196047031288
EK202310161545,144.6916712952472
EK202310110114,141.34250550495432
EK202310197034,140.17420347059453
EK202310125522,142.71451385319185
EK202310239777,143.4719510639387
EK202310183013,156.8616808197136
EK202310201498,154.42269833031736
EK202310233357,141.36875724322394
EK202310193361,132.84691517515387
EK202310160811,138.57179611421475
EK202310167037,150.7530473967237
EK202310209597,140.49717018194144
EK202310196969,148.50497695374915
EK202310123103,143.39573836588707
EK202310122187,139.6513325198808
EK202310197780,166.18463542653353
EK202310217861,129.63634556721425
EK202310239177,156.61776215955888
EK202310184410,150.34147241196192
EK202310198476,135.97362132797437
EK202310145712,141.2538869679779
EK202310125391,147.2562033091182
EK202310162973,146.05383443257446
EK202320007481,143.6219779890788
EK202310211032,151.61345051866525
EK202310184725,152.84285414470352
EK202310121942,148.8044319223737
EK202310146503,137.31866417359592
EK202310186497,148.0011405685417
EK202310141946,133.94663882827473
EK202310188222,147.7763271889228
EK202310237766,132.95504785218458
EK202310224087,148.2062838859085
EK202310245643,143.29986832138525
EK202310153868,136.61613128342745
EK202310117630,147.6507845861981
EK202310150168,139.94508093166326
EK202310104804,148.39935883070697
EK202310227586,128.52841265962297
EK202310226962,152.7856143528283
EK202310204684,132.79042244325953
EK202310106991,146.85242596717927
EK202310219834,140.76236473317107
EK202310240450,149.56741860203752
EK202310214713,139.46915650595085
EK202310153479,144.50889743336734
EK202320006589,160.9283656473408
EK202310151125,179.73697132703836
EK202310170205,136.92344507020374
EK202310174684,136.05105500751105
EK202310145286,150.64160072481963
EK202310174584,147.41402615439398
EK202310183058,142.30393718969657
EK202310233099,132.88967512572412
EK202310144550,155.40423058140456
EK202310207112,135.72395902488586
EK202310232978,135.89021119438834
EK202310115348,136.1262363919147
EK202310183741,153.10685836512067
EK202310144742,146.87356729681716
EK202310178484,151.64101034746784
EK202310151424,179.0882309610853
EK202310223346,144.24154226420274
EK202310138234,152.24986408339342
EK202310190044,160.4756456808172
EK202310210164,155.48199450800232
EK202310175594,140.3972802031219
EK202310139802,142.12970746783776
EK202310133593,155.26833281108824
EK202310236059,132.4901503135978
EK202310247892,138.1855814915854
EK202310228841,142.6901548808124
EK202310142116,147.73939488597532
EK202310139752,139.4964032985484
EK202310247535,159.8051536894074
EK202310204858,140.00992956050754
EK202310127198,152.0457785459855
EK202310212663,128.0899135326516
EK202310133054,128.91330965300972
EK202310116254,153.49851262478774
EK202310140288,148.01991270141738
EK202310242550,143.3534196022928
EK202310208841,146.70998952610896
EK202310167295,165.9355939460362
EK202310109419,140.98433111036732
EK202310233386,139.3223297877121
EK202310214181,154.890019828888
EK202310180240,143.22502412373856
EK202310181535,150.71446544071287
EK202310191715,152.61422214801942
EK202310157953,154.1179846005984
EK202310234893,129.67842815912002
EK202310160253,146.40233575128582
EK202310141553,141.41434416514707
EK202310207337,170.9846015774004
EK202310131278,132.30454520937553
EK202310178817,170.9379488864548
EK202310106002,143.7109994464351
EK202310166631,135.96195228277787
EK202310107493,139.06955780414535
EK202310194394,151.4007632536118
EK202310222252,147.27762579827595
EK202310247371,122.87953891657743
EK202310160792,136.36677324370334
EK202310225122,154.5624185090819
EK202310214184,159.03355756531647
EK202310191751,136.5168645589889
EK202310237163,159.1421216743728
EK202310225188,147.82829398136718
EK202310202616,165.79151714560587
EK202310143696,142.57388561550542
EK202310132352,141.4696088844819
EK202310214086,141.77607841406214
EK202310137011,170.53027835843744
EK202310248717,144.1573844363757
EK202310200235,127.63827209048392
EK202310144103,148.1252209790874
EK202310111910,134.92587321174057
EK202310225339,131.87366661696336
EK202310246108,144.02323605490193
EK202310180876,132.57707132457568
EK202310237122,136.3109162084889
EK202310112441,136.91199355376662
EK202310179395,134.4223592565655
EK202310157137,143.76090078729908
EK202310136914,168.6062673439784
EK202310127925,136.14459719396595
EK202310210485,135.94060810778257
EK202310215065,141.75024202227053
EK202310113641,146.5263268824303
EK202310204283,138.79430893173856
EK202310150194,139.48780968624376
EK202310118749,120.64886563685076
EK202310186678,152.4123791009205
EK202310110316,140.3399927209398
EK202310190151,133.52213177401015
EK202310119041,141.17708375690486
EK202310140703,141.80041909017177
EK202310236754,143.3100836844594
EK202310200936,139.87395460163506
EK202310200923,146.51854334954265
EK202320005983,141.70540047286454
EK202310173120,156.03020399108513
EK202310131266,144.67886139432804
EK202310182913,142.07323832408
EK202310126468,136.4959441309794
EK202310240681,149.5902963145149
EK202310163541,139.99865259613244
EK202310133063,139.0649978027975
EK202310187205,132.94345734217657
EK202310176435,141.91237236794973
EK202310113625,148.4357871608414
EK202310153932,135.91395015490377
EK202310216429,150.2964656616171
EK202310124022,149.94606073944684
EK202310187335,162.64470568570863
EK202310227041,149.58195127248837
EK202310173817,136.18303630263824
EK202310131798,157.41966325050566
EK202310225142,145.36998749212793
EK202310180166,139.55693845923975
EK202310119416,140.94455210780006
EK202310200200,131.06487919239908
EK202310150439,130.8628038546985
EK202310130027,144.42464877177272
EK202310179043,146.67469662104122
EK202310183695,145.80393238423022
EK202310175077,143.84328560569276
EK202310112086,137.413220748271
EK202310225730,141.3384527747487
EK202310215244,143.65374090891896
EK202310191753,142.17531145000171
EK202310174965,142.82794972457205
EK202310157557,145.40738186255146
EK202310159970,150.04010297125967
EK202310129081,150.0144068020457
EK202310107248,134.36376922464643
EK202310180853,147.5333417532818
EK202310181698,173.57335709474984
EK202310222641,136.59895725497825
EK202310189633,148.59823052954405
EK202310105178,151.19192670364407
EK202310109844,131.67295258701853
EK202310239039,158.0207392738175
EK202310114472,138.38474950846808
EK202310179622,134.61966442094027
EK202310115407,150.03802678927207
EK202310106728,149.1860955817153
EK202310206467,135.25168552021677
EK202310169318,136.01913960017052
EK202310113553,162.4702755907492
EK202310148432,141.09020589184075
EK202310224899,150.92807721306022
EK202310218411,131.44646193896324
EK202310108919,136.45756676577753
EK202310175334,131.36141384800942
EK202310225062,147.88780684823791
EK202310158879,147.99607603834596
EK202310226440,137.04699041881042
EK202310224115,121.00838705178502
EK202310148638,147.45063275329952
EK202310233064,143.74906094589014
EK202310158419,147.9681362743848
EK202310241484,134.66924749169812
EK202310163712,143.01985629745005
EK202310186217,147.45549242964344
EK202310142453,158.68990024911693
EK202310137405,139.1184653510578
EK202310185670,131.22110209053076
EK202310150583,126.88187094942688
EK202310227556,138.9532323141422
EK202310234889,142.95356956346052
EK202310111783,150.95401443124146
EK202310127384,143.11313860657307
EK202310113072,157.48297017463088
EK202310160328,149.60888121349998
EK202310188693,159.311697555639
EK202310104466,148.70537359002537
EK202310143296,148.68943961908056
EK202310212529,159.66373968651786
EK202310207081,156.53616826784022
EK202310239036,156.04173302845203
EK202310114317,134.1373468370757
EK202310004599,154.85910050822568
EK202310165205,145.15225013844702
EK202310162068,175.0313414500917
EK202310109742,151.8624676924768
EK202310151519,169.21956401949603
EK202310164727,128.4832360618165
EK202310193975,151.10875101082718
EK202310176843,135.6084483578683
EK202310238118,147.52707604424782
EK202310231683,147.3699683719105
EK202310170288,169.17557841343378
EK202310233487,119.65317449938932
EK202310144532,129.4196145573075
EK202310118690,141.56728119705915
EK202310236135,146.61795535592827
EK202310220057,139.7786856307119
EK202310136020,160.31961275694002
EK202310120718,144.78217957874546
EK202310205363,147.20428535198397
EK202310110765,134.76258312678104
EK202310130164,170.42520922708732
EK202310170195,146.3662714823785
EK202310131195,138.38379090576842
EK202310197794,163.90160410796076
EK202310189698,165.3215780986005
EK202310180559,123.4232807366193
EK202310193333,152.38101901506803
EK202310164974,137.62096406802686
EK202310126083,137.2242734440441
EK202310189770,141.61755275691698
EK202310123085,150.94998873536122
EK202310130001,146.51854334954265
EK202310141464,141.73372338648613
EK202310116699,134.8186940667983
EK202310126001,130.85899354649402
EK202310153591,144.216544147278
EK202310110843,146.35938038720064
EK202310234696,136.36347568632698
EK202310218654,133.23863362485602
EK202310160361,141.22247539139883
EK202310232799,138.73846462432607
EK202310172223,140.90471307790665
EK202310107432,136.44589381572146
EK202310115124,143.8092859451119
EK202310240700,139.1051532862517
EK202310166544,143.16256353047456
EK202310116517,145.9207743715215
EK202310209466,138.03787948721174
EK202310115034,153.5761480065849
EK202320007112,166.12068775710017
EK202310155572,141.2772743703589
EK202310184647,156.34334605507263
EK202310237715,135.4808131952177
EK202310140880,134.4487552471083
EK202310171935,141.21661170178024
EK202310110649,145.70372569805164
EK202310235243,149.2414431248617
EK202310222984,161.47433604147864
EK202310103848,138.26386788967488
EK202310200981,130.46648052439812
EK202310138670,155.9325020847322
EK202310116342,132.46875655025332
EK202310148866,137.8456018157387
EK202310136555,131.2320485785064
EK202310155446,152.40862085319904
EK202310147661,154.2143702832926
EK202310168674,141.73342249889822
EK202310142524,151.1086484792031
EK202310248385,143.6863228501601
EK202310165956,144.72714610541576
EK202310120604,125.97209475764159
EK202310158534,147.82358653342214
EK202310138524,161.1536613939956
EK202310231297,135.98725882238844
EK202310231319,144.40359059630276
EK202310133278,132.4484818612847
EK202310142657,153.2817264596796
EK202310114071,130.54095892175334
EK202310116075,127.10749043219536
EK202310139321,130.09010878101654
EK202310232658,140.50375227766327
EK202310185531,152.4115719609692
EK202310231623,143.85354224803493
EK202310183491,146.16654024754345
EK202310171783,150.16452737321598
EK202310116076,129.0444571438509
EK202310200347,141.38244566889364
EK202310189649,152.6106975054008
EK202310135957,140.3785611204484
EK202310245361,141.7575383915871
EK202310138713,144.27441178639472
EK202310169366,157.14991378933775
EK202310246917,148.82687991458243
EK202310183943,159.60953959604646
EK202310110540,139.51943830102317
EK202310170711,136.1379967962016
EK202310246548,166.16922427606346
EK202310174376,138.0259284611549
EK202310180261,144.11106173198746
EK202310232346,130.3757579881759
EK202310237154,152.57027560025134
EK202310171359,135.7073743783122
EK202310136595,136.76343354866904
EK202310144015,135.82571893700964
EK202310209121,149.39568048626123
EK202310222216,125.4068182897575
EK202310107905,140.11539428042173
EK202310188461,139.22170179301307
EK202310222800,138.8656588704638
EK202310217737,137.23349425018787
EK202310218371,133.46349509007135
EK202310208739,121.38521506787636
EK202310219741,148.9604100808682
EK202310211457,150.75335442145274
EK202310182740,159.49568881100294
EK202310163470,151.2822700909137
EK202310245687,150.64446025139435
EK202310168480,121.69357801382394
EK202310185027,168.51967496316155
EK202310194951,141.1846278250507
EK202310190588,143.895028906995
EK202310177991,136.64531870806286
EK202310162069,136.099229449704
EK202310125865,138.019747980405
EK202310220126,148.99456384836603
EK202310158441,135.63068499994276
EK202310145659,150.3195315396307
EK202310129542,140.8113354354145
EK202310151845,140.80610488410406
EK202310230263,136.54556470838764
EK202310111108,143.31031316815967
EK202310171363,146.1604252051635
EK202310127866,161.95162602335412
EK202310129063,143.5212849553822
EK202310144099,143.9456608948767
EK202310140594,145.88831880098505
EK202310154125,157.01954438823353
EK202310131342,135.1659157847121
EK202310203912,131.8564352336226
EK202310118762,129.0487477690752
EK202310131877,157.63678148470308
EK202310106187,142.21415442382403
EK202310120319,140.77163269551278
EK202310209664,136.2485195378821
EK202320007072,143.59341587575852
EK202310121959,133.03489220721121
EK202310153089,145.4214273845672
EK202310151971,137.20138685075716
EK202310151896,153.10407238177888
EK202310135751,133.59230119383832
EK202320005711,140.90670454145194
EK202310134604,159.164975712195
EK202310130128,151.8140482526113
EK202310241667,154.4777178289901
EK202310140220,144.1573844363757
EK202310190478,153.24984256957538
EK202310162552,134.00155505134302
EK202310169398,126.31727951394457
EK202310110027,132.2668838624832
EK202310242977,138.18897964617963
EK202310182314,140.84866588966295
EK202310147967,168.7649996899642
EK202310107549,151.9126225033061
EK202310209315,144.08713543982077
EK202310216226,145.94534484157538
EK202310172171,160.52398967986534
EK202310198531,147.85858389743092
EK202310108550,138.52123048728043
EK202310201297,155.41870645360092
EK202310168808,151.44972225297533
EK202310212662,140.14942640907108
EK202310244470,142.60984836837926
EK202310111112,151.56908782134235
EK202310212061,156.5577475010523
EK202310131027,128.91136241760114
EK202310168347,143.8134911665795
EK202310138779,165.97883292167185
EK202310228854,129.4563381172476
EK202310156047,148.20291163228657
EK202310209290,132.55731700723538
EK202310121347,128.74327338601458
EK202310171158,140.819869364497
EK202310233104,144.03242499132622
EK202310155615,138.57930166198406
EK202310179680,136.17193750598474
EK202310125362,145.68987484414941
EK202310107378,140.0997524796589
EK202310206995,148.92641881910913
EK202310205548,145.40851728533227
EK202310181487,161.35852102286336
EK202310165214,144.05270248577781
EK202310243818,136.58316700395574
EK202310139297,129.10436523872255
EK202310176765,145.01349600136774
EK202320006044,142.9604966603852
EK202310226154,137.66540388195682
EK202310246712,140.76907273033746
EK202310190930,148.66179226662058
EK202310216412,136.94874247406221
EK202310123615,149.24461784565207
EK202310155164,138.43268903813424
EK202310193422,166.4896574458899
EK202310183961,135.60341152761794
EK202310181902,149.36305920715253
EK202310123760,150.94351509237129
EK202310147302,145.12578277225495
EK202310210787,136.53952876399157
EK202310132847,132.54873885783937
EK202310126696,146.35854760803156
EK202310232230,140.3477470705511
EK202310223850,145.99288986686804
EK202310237551,141.88192972062362
EK202310188279,125.63972617065657
EK202310152561,144.31654739871772
EK202310197741,129.96142705691562
EK202310241557,151.1722709286191
EK202320005587,148.46811983185952
EK202310173993,135.21534764297095
EK202310139298,146.38976358775807
EK202310226418,139.16287680832863
EK202310120554,147.29316208318025
EK202310210326,130.12707706400133
EK202310124646,125.67348611931958
EK202310243187,133.57759661818366
EK202310111546,152.25893528212222
EK202310225889,143.33390521549435
EK202310239244,142.39112985881184
EK202310226952,143.53411529534395
EK202310154546,124.07314418349746
EK202310209747,124.35563210697046
EK202310208437,149.84740262660753
EK202310217996,149.95650643898193
EK202310154333,144.03267155965904
EK202310199044,151.43531904744202
EK202310193652,153.10950037456269
EK202310199108,141.1523861416656
EK202310138541,132.66123072030518
EK202310109275,142.17170721561422
EK202310241877,162.562973175766
EK202310247060,141.09516598175895
EK202310233675,143.3100228651885
EK202310127980,155.88362697189268
EK202310216345,126.42533983473687
EK202310124692,132.10243403777372
EK202310214703,146.97036795675587
EK202310125176,143.20219296551969
EK202310230402,143.21089783040978
EK202310204376,140.77354328859852
EK202310003738,147.45856001767305
EK202310177361,166.2743683937221
EK202310142175,149.3747594808644
EK202310121737,120.83011644802443
EK202310231332,143.80789129430153
EK202310126428,142.85408992831793
EK202310208151,146.18811309986972
EK202310160932,145.32974223934974
EK202310201461,141.3219715675197
EK202310190429,137.46332448972166
EK202310180683,147.66442357108014
EK202310216976,155.15978840984954
EK202310125226,142.95343230137422
EK202310201559,145.91870200154247
EK202310201026,149.3645473999829
EK202310241612,140.4407799632906
EK202310159055,144.44159354049597
EK202310128633,161.13318840500418
EK202310241584,135.81299916279022
EK202310124066,138.47453527193764
EK202310143999,135.6909842684384
EK202310127055,137.09054799944542
EK202310109477,142.33715397170678
EK202310142422,137.8161558259281
EK202310170493,150.69391979594042
EK202310245660,135.52117444206576
EK202310174604,148.88119106264097
EK202310145956,141.00248864805616
EK202310170744,142.39404186445182
EK202310137459,135.26232222481198
EK202310205343,139.10947206940304
EK202310113624,150.41071498395385
EK202310230917,129.47234526323416
EK202310131938,140.4670808229034
EK202310192653,146.4348056711267
EK202310233709,143.2910068859778
EK202310125722,152.89792415517323
EK202310167315,150.55258867239223
EK202310155548,147.2041107330052
EK202310143279,138.297169295011
EK202310150075,143.52710600732445
EK202310122318,140.30243145295793
EK202310126189,142.45754219254798
EK202310226757,138.5643184122777
EK202310243030,138.7999807803622
EK202310130445,152.72943856259334
EK202310243191,143.53219573593188
EK202310203273,136.42020249583086
EK202310188485,143.89571100629118
EK202310230409,142.42217491295204
EK202310183553,138.78345958207066
EK202310220994,141.68065879511093
EK202310207037,139.44810468397253
EK202310165758,139.1364906118587
EK202310106826,144.3306736920465
EK202310120683,147.75787877191377
EK202310134934,142.85352504585202
EK202310165051,140.94455210780006
EK202310189221,128.49381508689078
EK202310157513,135.04093433248298
EK202310190280,160.64141546575715
EK202310123034,143.54239381546478
EK202310206344,170.06535006464802
EK202310135546,156.07288727105524
EK202310246417,127.94851694984675
EK202310220955,133.55845404232394
EK202310109848,137.0565999754261
EK202310154849,142.29008879757913
EK202310110348,147.76528305040807
EK202310167034,148.28547770271302
EK202310113223,140.5696016033425
EK202310165666,134.04233091356733
EK202310235856,146.93249867504517
EK202320005842,132.4695584412527
EK202310154000,147.2041107330052
EK202310142071,144.29982774639566
EK202310209033,160.74712250551426
EK202310196340,131.98836341570401
EK202310216529,157.68630764844454
EK202310164553,150.45607050346368
EK202310104021,138.34091354322953
EK202310239632,137.01020399007967
EK202310225277,160.4831504901586
EK202310175861,139.65734816843536
EK202310129169,152.06849755995808
EK202310122145,138.4348816852509
EK202310227448,128.54833484729627
EK202310177969,143.52844901280852
EK202310193062,145.60018460689398
EK202310182763,143.31693182586642
EK202310235087,146.24229747580628
EK202310121651,147.3064373835649
EK202310212604,136.9129995054854
EK202310226694,125.88658910106803
EK202310004579,141.8785736351885
EK202310159373,133.42650674578462
EK202310177799,146.19736287988204
EK202310119324,127.58786962640359
EK202310129405,142.25326775029453
EK202310237885,145.34222775404697
EK202310135421,145.80798937483817
EK202310175226,150.58284354111035
EK202310173605,158.12713809477663
EK202310111658,132.07006548654914
EK202310185671,140.59805958556464
EK202310196715,132.4721735310126
EK202310196589,140.1767812458735
EK202310199584,140.9431967068467
EK202310143146,141.78482318423033
EK202310121051,147.20194019212602
EK202310231042,134.63924786495582
EK202310194606,152.9804862162931
EK202310212236,132.4097616926536
EK202310153083,153.41001669526545
EK202310141649,144.74583038627773
EK202310192808,135.5609472075832
EK202310169365,144.18076012221246
EK202310189768,153.7515593546152
EK202310233720,137.22928009158449
EK202310247878,166.88738234348253
EK202310178488,134.3007523641937
EK202310151955,153.41435678632718
EK202310104506,131.47456514638986
EK202310205228,145.39669978021053
EK202310116841,128.0054090178703
EK202310105208,155.8962098249773
EK202310168242,154.970771281411
EK202310172150,159.164975712195
EK202310199656,162.77218190763116
EK202310202819,144.8879851885095
EK202310118069,130.8592344057014
EK202310226761,142.25496411952608
EK202310158901,123.19817670392702
EK202310221031,146.42591483898207
EK202310204076,135.20882400187162
EK202310146995,157.80611265304879
EK202310126768,140.4771408455926
EK202310167991,137.18850540895718
EK202310142215,130.48605005378644
EK202310128249,138.25369192378486
EK202310168392,150.81492154979864
EK202310241392,135.6033089231596
EK202310167654,147.26849649649293
EK202310124170,136.408371092699
EK202310211894,142.31645960253707
EK202310213128,147.8165916715579
EK202310223813,135.04575747851533
EK202310106169,142.8984984954836
EK202310110167,142.5155015979047
EK202310237365,158.83595352919016
EK202310153054,149.60221599634306
EK202310138889,146.70285434770858
EK202310136676,133.0673971747093
EK202310177777,138.2470234723774
EK202310183311,167.45783619974196
EK202310192034,148.24019586836496
EK202310161294,141.5283826182115
EK202310215386,140.69464202386044
EK202310237862,145.85134116088628
EK202310124110,132.75903902671368
EK202310105757,153.13282244117002
EK202310131681,139.7533723703053
EK202310122852,134.48527733325713
EK202310106485,124.38617561420061
EK202310182695,132.6151123057091
EK202310238540,138.11070342968324
EK202310104101,137.46638173928022
EK202310121381,128.96755472630107
EK202310200186,138.0729514306445
EK202310190609,135.21813180529367
EK202310230288,130.3169464691243
EK202310166620,156.84547577430803
EK202310147442,132.75644399324486
EK202310137943,138.74114085974145
EK202310208851,140.13438319460016
EK202310128623,137.45129436189288
EK202310179932,143.2169367749296
EK202310191123,140.15828715939443
EK202310222467,145.08628602575916
EK202310120128,132.02205478712875
EK202310143211,123.61040617543703
EK202310158431,152.04071043559532
EK202310200191,141.50916613153416
EK202310121797,116.93336173519408
EK202310246836,136.8732348562578
EK202310122588,141.6234477278812
EK202310212376,144.11567891436786
EK202310202020,129.5038657374134
EK202310003990,142.68309954088306
EK202310195950,155.44725388434162
EK202310215709,143.77150586356242
EK202310140933,133.43974095957876
EK202310135948,129.1047619407086
EK202310156397,162.56890250549074
EK202310160468,134.41385710399481
EK202310181061,170.43070077526042
EK202310165217,146.98261860587272
EK202310221056,126.22465242048638
EK202310168493,135.48579644133468
EK202310136547,125.67907848495575
EK202310247972,148.66487382145255
EK202310167486,136.7856116592716
EK202310240744,147.20823169738387
EK202310148632,147.39732798061283
EK202310199792,149.49843825034398
EK202310200958,158.53412250961887
EK202310171502,139.11831647536778
EK202310164924,154.10793915885097
EK202310175724,130.72175321956735
EK202310139433,129.6684205772712
EK202310217068,157.61409343147582
EK202310110561,144.5004278378631
EK202310248008,148.8032342374622
EK202310157048,133.0605791336581
EK202310141117,143.78308873018074
EK202310195935,146.76863671948206
EK202310168643,129.07849659475096
EK202310004252,127.16753896570168
EK202310151231,143.00384763065344
EK202310221120,134.22981491868833
EK202310115802,155.3610814151036
EK202310217669,143.68890077075002
EK202310179308,147.7806721831562
EK202310190511,138.1958978233626
EK202310189661,138.9366217082657
EK202310218561,135.99879929758725
EK202310216544,155.6076952899001
EK202310130093,138.75952741745405
EK202310227470,147.61064310830227
EK202310149720,137.07115651610863
EK202310123936,139.7078523849803
EK202310185139,148.8815250672276
EK202310164969,132.65283008752115
EK202310159566,142.6811458763303
EK202310153493,136.57560747662254
EK202320007009,170.59354089882459
EK202310149916,151.16406332196064
EK202310195613,127.66829243854673
EK202310234039,145.47067896816094
EK202310109288,133.28550902630465
EK202310212808,132.53089781716957
EK202310234197,133.43368251074438
EK202310157802,145.2775286373439
EK202310207417,144.20667641386527
EK202310245686,140.22410252358938
EK202310159054,158.97826580244038
EK202310183850,132.6607618577833
EK202310118502,158.4668671494481
EK202310128627,165.90229087901915
EK202310220287,134.12717166243422
EK202310199273,138.3349328379075
EK202310142033,151.24465548135532
EK202310229082,131.8747936168946
EK202310143807,135.3754658492289
EK202310206645,129.19038637825838
EK202310211819,140.4400613244841
EK202310197690,149.36239796550575
EK202310197678,134.9878155446973
EK202310234454,133.68603853063823
EK202310120882,151.92857751520447
EK202310169899,173.04946494230484
EK202310202826,144.06909113061752
EK202310161402,164.27963193519562
EK202310121220,133.58747026935237
EK202310125862,138.15007327129325
EK202310197968,131.34557102888164
EK202310237174,139.27925511251482
EK202310134475,141.49122242661818
EK202310247308,158.64893860758298
EK202320007435,140.07412535444888
EK202310164160,137.21519502655062
EK202310122449,154.73738388290187
EK202310139591,135.4486903031057
EK202310141624,138.32160093553753
EK202310138255,150.90362267413215
EK202310193958,149.44697279039806
EK202310222645,131.56249330737694
EK202310105689,146.06037513184103
EK202310219882,147.53405865990283
EK202310178757,161.1081657247275
EK202310241650,142.2637723323238
EK202310246447,144.938358698429
EK202310217078,146.60370457528236
EK202310139978,153.10116938426032
EK202310241716,137.2398908055317
EK202310133093,144.0089466900339
EK202310243929,157.8000953006376
EK202310140929,162.81272271007282
EK202310191115,146.90490031344896
EK202310207003,140.53310860709445
EK202310145248,144.10955335009962
EK202310239401,148.55759680198176
EK202310155225,148.42422063152802
EK202310151560,143.30670532834327
EK202310177641,138.38085215822278
EK202310222696,124.86902471819239
EK202310150293,151.8140482526113
EK202310195144,150.6083642854907
EK202310243924,140.8159896386998
EK202310178439,144.02231568183774
EK202310195750,138.00219517474162
EK202310166551,148.07632002560732
EK202310217145,164.97396166957458
EK202310240066,140.61246973317077
EK202310199715,161.78889300122495
EK202310132904,139.04324208945357
EK202310154841,147.95615859365597
EK202310234469,134.90690550291856
EK202310114515,140.55869223050288
EK202310117966,152.18639929839213
EK202310137867,137.68580270785225
EK202310205349,137.88582060919927
EK202310112816,142.01553569456865
EK202310168065,149.13659614634756
EK202310169737,139.43567230977766
EK202310148917,150.5114630599092
EK202310196463,132.90959996555014
EK202310231207,130.3155743949527
EK202310128533,142.05408856837522
EK202310197226,128.46360641135436
EK202310154933,139.8734489768045
EK202310117103,138.00861274189873
EK202310165309,148.0613922378343
EK202310104246,145.94187306551436
EK202310105130,139.49495918295793
EK202310216979,138.64459281982553
EK202310193989,143.08545610543467
EK202310147207,146.23060062541606
EK202310135301,156.37872157897806
EK202310180058,133.76042101896007
EK202310150495,143.53799132297945
EK202310184503,155.4543352298335
EK202310107823,147.77864592585684
EK202310241936,144.68483720832026
EK202310186182,148.97911426909522
EK202310003976,140.0717124957451
EK202310156046,140.06276505119683
EK202310129628,154.95255881299258
EK202310142854,145.35352101675787
EK202310241326,165.85732565218987
EK202310160722,140.77589399596062
EK202310143237,126.71059009157797
EK202310107245,152.62842325127863
EK202310114305,148.5522745696821
EK202310134035,143.96950455319953
EK202310199912,135.5620358400768
EK202310140410,150.40644108595075
EK202310183615,151.52996717434056
EK202310147371,136.25892508759833
EK202310111631,139.72607648164774
EK202310139777,136.33170368830588
EK202310176357,136.3109162084889
EK202310105349,147.25143708809324
EK202310238051,141.50229437300322
EK202310123087,135.4883273061902
EK202310199824,141.03770188128124
EK202310225713,133.70545766240298
EK202310156653,142.54792182664139
EK202310238527,145.92530328590186
EK202310148824,165.3674430031819
EK202310186203,155.52462220483164
EK202310105194,141.55536508118092
EK202310141266,145.26127198242366
EK202310126789,156.56353556405998
EK202310135067,165.15326035469974
EK202310222780,129.210739529744
EK202310191104,141.037952465948
EK202310244171,167.76053669747762
EK202310166225,149.0340708849928
EK202310217237,142.68640419595684
EK202310225459,147.69284850058136
EK202310109489,147.924775739423
EK202310167581,144.8185758428861
EK202310127053,125.148093832571
EK202310158488,138.95464551487478
EK202310134328,147.05461220428987
EK202310155326,142.97529720693822
EK202310181981,137.9176898888902
EK202310237066,145.84145360650692
EK202310123955,139.87515850778476
EK202310228593,136.57506382387652
EK202310190125,151.19247251657129
EK202310115548,136.5254095458805
EK202310111782,145.49701546290146
EK202310243482,160.10071290978047
EK202310163452,140.17863539741762
EK202310123894,149.30817967033946
EK202310154308,135.0341540931305
EK202310125766,140.40322375396264
EK202310176942,149.25535646760432
EK202310127476,145.36628559245474
EK202310158246,145.89668019269297
EK202310194016,158.16875250879485
EK202310227342,150.2524118523567
EK202310134667,161.84530475692026
EK202310123740,147.07957945268387
EK202310105769,142.21366217100794
EK202310228947,139.8582428936417
EK202310169454,150.58787015627937
EK202310104666,142.88526404899523
EK202310151168,139.49053159533622
EK202310233283,137.25144475309725
EK202310172969,142.00005267678708
EK202310209511,139.81744048787922
EK202310185148,149.72340995215325
EK202310181055,152.87852299135903
EK202310153153,152.43099422861425
EK202310187550,156.0178230367477
EK202310107176,146.40448580946185
EK202310144598,127.85402684458452
EK202310139318,134.77381984233145
EK202310160272,152.77463859514208
EK202310195091,148.35653040355425
EK202310186267,130.1060279455194
EK202310204034,150.44910608238126
EK202310128110,138.58063077877165
EK202310119313,141.78158498510882
EK202310157152,136.7976502921853
EK202310189194,150.95401443124146
EK202310115332,137.62772891505256
EK202310213972,137.16254105836677
EK202310174634,148.67763455028492
EK202310141976,139.9457738221697
EK202310217725,143.98351482426986
EK202310240779,144.1573844363757
EK202310133212,154.8557529142001
EK202310198208,150.18692830231507
EK202310185889,143.73010024313655
EK202310189206,145.77771872524616
EK202310177011,149.29602629984427
EK202310179732,139.49495918295793
EK202310224354,133.974189798883
EK202310163111,140.63961894637933
EK202310194747,142.43304216867404
EK202310166854,157.11260491547858
EK202310242694,139.6380205999875
EK202310141362,140.95718470263154
EK202310183977,147.09661770284123
EK202310179207,119.23802918942386
EK202310247546,153.41435678632718
EK202310140989,148.19963402855728
EK202310196104,147.4796196685724
EK202310004793,143.9802097366796
EK202310185123,141.29604804723786
EK202310160604,152.94005918085895
EK202320005906,161.71913710877973
EK202310216868,140.20558718291707
EK202310164383,172.12623374252829
EK202310135531,145.92645356051148
EK202310225232,128.20245622188162
EK202310152968,141.66119969722737
EK202310193329,147.53329868148796
EK202310208494,144.94897312527917
EK202310120865,135.79055811827368
EK202310160731,137.08837698632453
EK202310143803,167.78320004562676
EK202310216607,137.2361482390249
EK202310183415,152.7335740370397
EK202310200013,133.98708374452968
EK202310104115,145.88569151820877
EK202310133379,148.54179307038527
EK202310131060,148.8199513067532
EK202310149753,152.72943856259334
EK202310148087,149.34525854405732
EK202310172156,175.134473589931
EK202310118569,118.89716486615632
EK202310204670,143.56387874661763
EK202310234858,146.89646335804503
EK202310203722,139.5549949727617
EK202310232168,142.88532863437672
EK202310213536,142.18653568931728
EK202310113341,141.68170923353685
EK202310134517,155.1325330391657
EK202310175096,147.51586549070808
EK202310118503,143.04060902008078
EK202310206791,148.50571085911054
EK202310133225,133.91428449792377
EK202310139427,135.40783376055967
EK202310242973,138.84783146751775
EK202310230311,136.15559971329571
EK202310192098,142.9165655495968
EK202310139654,139.79865174572922
EK202310104039,149.8420405138218
EK202310218808,139.41557162528042
EK202310112932,147.25578066518324
EK202310139942,142.55946326340353
EK202310155659,138.44143477050054
EK202310225247,148.3141486209219
EK202310126309,145.5405413142921
EK202310132111,161.27889952214676
EK202310242286,157.08688591019933
EK202310123840,133.37462347171638
EK202310210407,139.97364288608628
EK202310144692,159.5871417082103
EK202310132665,162.2868097679296
EK202310142951,160.4411380519059
EK202310239672,136.7595553178924
EK202310228540,133.46081300346447
EK202310134450,135.83666963277577
EK202310202201,143.12546608686415
EK202310237145,144.1573844363757
EK202310248506,142.79105200375727
EK202310181213,145.6504854055075
EK202310197495,141.71742574104817
EK202320006060,151.63469921970733
EK202310240535,154.9467867675756
EK202310238367,155.2668136828464
EK202310105848,133.83078099543403
EK202310153010,132.19522894814156
EK202310245093,136.96467942105323
EK202310133381,135.44845925049594
EK202310132940,136.45395373216695
EK202320007659,153.6940143164488
EK202310125644,144.749909234845
EK202310141453,134.76258312678104
EK202310217985,126.52893662956535
EK202310105477,151.13782362910175
EK202320005870,145.40967924853075
EK202310148401,151.9126225033061
EK202310218056,139.65436891351055
EK202310104777,141.74758039419152
EK202310136506,126.45681666953567
EK202310243986,141.65848743082043
EK202310217742,149.46383071297342
EK202310149440,136.80331770474274
EK202310176195,125.67348611931958
EK202310147405,140.63159865966554
EK202310210916,143.4076215021164
EK202310136871,147.14794051548805
EK202310204028,135.97641137889718
EK202310236173,139.0552761855227
EK202310144792,130.51810383885535
EK202310199783,141.70548472638163
EK202310115630,133.38152191885234
EK202310171734,141.12036412774765
EK202310219359,148.0908798421085
EK202310136081,162.7226110789459
EK202310238195,144.96650859301795
EK202310168013,163.73877647630684
EK202310171083,151.2632216512541
EK202310211010,141.24274608982233
EK202310212579,139.33579622061592
EK202310129157,151.80675924669694
EK202310123465,151.30467673447484
EK202310192944,146.13242621548167
EK202310104057,134.92736696335868
EK202310140551,150.90322636321264
EK202310243448,140.69254827602012
EK202310238701,145.1512896519895
EK202310243934,144.1573844363757
EK202310225403,143.08029088314115
EK202310194134,151.06691106287963
EK202310223407,138.10809831236918
EK202310164382,152.71310138969733
EK202310136103,172.22917710794934
EK202310208188,137.12465160600607
EK202310145816,141.81052650900418
EK202310214812,146.26196951802368
EK202310202835,150.1541456942806
EK202310125645,152.72943856259334
EK202310121206,146.3352807966239
EK202320006076,137.2140733539163
EK202310184640,160.76581816876217
EK202310141217,150.20529236542714
EK202310150527,137.95124937432192
EK202310125769,140.84359279628197
EK202310197697,142.70808571464048
EK202310206446,147.33538474406174
EK202310151327,138.5663176273693
EK202310175105,140.46191508014107
EK202310139134,166.68988026058452
EK202310119006,147.81353964520648
EK202310109789,146.26852737240395
EK202310205096,141.53782921609468
EK202310118587,147.8856225310247
EK202310171349,159.86828994113768
EK202310212106,132.99279411378635
EK202310191242,138.46164930606835
EK202310200352,159.80600004337037
EK202310128949,136.60576959273217
EK202310122161,127.60961213906165
EK202310201553,139.335791734026
EK202310139788,132.0331601171453
EK202310244144,145.3100667109671
EK202310003717,169.25230219030482
EK202310130693,143.24461906777668
EK202310183999,163.62807987252205
EK202310172800,143.8090593629851
EK202310161242,155.15951054194124
EK202310146441,149.99470972856403
EK202310117631,131.6814875033808
EK202310212373,142.22650140725153
EK202310113819,138.43400928048297
EK202310210848,140.67006632039528
EK202310158047,141.45657927829083
EK202310144950,146.33287584934178
EK202310229677,150.19637899211475
EK202310128529,137.07115651610863
EK202310224957,154.378865161983
EK202310111880,150.95401443124146
EK202310104750,146.02370365645592
EK202310230949,124.94312281425539
EK202310123557,159.38719808626973
EK202310235606,148.27333021311628
EK202310198394,143.54023179957605
EK202310161777,134.61750229632963
EK202310134912,149.37483149586498
EK202310118238,124.77543204872141
EK202310154314,144.16228015357711
EK202310195062,134.86885968653584
EK202310144785,143.88233711796352
EK202310225938,127.5219444699552
EK202310145864,130.54114166814927
EK202310219409,144.08226812479757
EK202310140726,143.84806373309203
EK202310132055,138.5347862184162
EK202310176826,134.49121966652785
EK202310136603,151.4223846135961
EK202310131597,154.06284929672478
EK202310246396,154.6227633474906
EK202310238453,142.71021756962938
EK202310210356,131.75478274748266
EK202310238874,154.25670448782498
EK202310243980,150.71722699201212
EK202310130204,151.02324086189185
EK202310232972,143.6914723022619
EK202310132480,140.52892424060414
EK202310123064,154.3916725925286
EK202310116125,146.59368877945977
EK202310216605,137.17955644726632
EK202310135031,165.2005842565978
EK202310119678,146.86915248845096
EK202310156982,167.5656254388781
EK202310181434,149.13659614634756
EK202310160699,150.5003597016428
EK202310206737,144.70298373745572
EK202310179993,129.74404710392798
EK202310141387,141.79636714016848
EK202310210766,141.5343946160066
EK202310109069,161.6217920926269
EK202310183082,149.55863048267148
EK202310184893,147.32743049976594
EK202310246516,139.47240085733688
EK202310229143,152.03399523431125
EK202310131062,159.41484955439532
EK202310185681,151.77684404421458
EK202310185540,144.33385336783795
EK202310114449,151.5554769718369
EK202310165928,148.2547188439274
EK202310107191,160.27719076810683
EK202310228437,136.0972535325385
EK202310143843,145.37500448840018
EK202310180377,163.83715406982938
EK202310241530,141.23855662806307
EK202310162708,161.2717667163377
EK202310138305,147.03387659975925
EK202310103875,136.35141584137466
EK202310125471,140.9064683368209
EK202310152377,135.73087231156023
EK202310113683,156.70199965216236
EK202310181927,143.1711649959528
EK202310176699,142.01250552525258
EK202310179246,120.67561715137235
EK202310218837,136.92865380651074
EK202310156548,152.19971792933114
EK202310169871,131.021446137128
EK202310183587,159.46865820932445
EK202310223255,133.87689869764822
EK202310174418,135.40570542080454
EK202320007116,144.940812164602
EK202310224284,148.7620194753939
EK202310174549,145.3865524607938
EK202310161579,158.08234353188038
EK202310147194,150.79013637399902
EK202310112625,119.20358122517223
EK202310142795,150.11056318569211
EK202310187355,124.0613995447593
EK202310166085,148.38587420545443
EK202310173662,153.1170223820883
EK202310179128,147.1703162923733
EK202310178324,147.42230745057
EK202310141982,125.86787235921479
EK202310200610,149.03292521388346
EK202310116989,148.24605955798356
EK202310148385,159.1336179835416
EK202310003411,136.65892493778324
EK202310247578,127.69146188401511
EK202310244685,163.22770238850606
EK202310129901,134.78194080012508
EK202310200914,145.45269915211784
EK202310129257,147.05846867249005
EK202310240699,146.90280724735626
EK202310216215,146.64774320210242
EK202310156174,144.46147029646
EK202310221194,140.36512235354812
EK202310103999,147.41573564032402
EK202310192191,134.15241400841163
EK202310140596,142.99246278205683
EK202310143276,147.5393880389966
EK202310234844,146.5935008581023
EK202310187581,140.44700676839244
EK202310140028,160.87580428724326
EK202310246026,140.5239609026537
EK202310227430,152.71653534160097
EK202310132042,148.82687991458243
EK202310177593,149.76993771948517
EK202310141118,146.31958816750551
EK202310247138,149.4072389464685
EK202310130201,160.1332195408412
EK202310131399,148.5333484677686
EK202310175507,136.2229618381398
EK202310216063,157.96738088838174
EK202310247001,146.6902798630042
EK202310003515,138.35815209527786
EK202310174264,127.78765334075686
EK202310169815,146.74271358041628
EK202310110931,143.92291138549334
EK202310116115,144.941026322909
EK202310124245,146.71648242638986
EK202310201777,136.3304713571475
EK202310166287,150.40870155457586
EK202310212681,143.73254892840674
EK202320006340,144.1573844363757
EK202310155270,148.5858563336959
EK202310115765,130.43375113285197
EK202310179416,135.65084748156374
EK202310115011,130.5666793402429
EK202310159851,142.47801906954416
EK202310185875,150.32378988268385
EK202310195751,151.65744617398937
EK202310212496,144.0410020693113
EK202310134077,143.84548581250212
EK202310125764,139.80678481984646
EK202310219281,136.8929495808355
EK202310138192,127.60371536976089
EK202310227717,135.6792145398351
EK202310178143,140.1559012060366
EK202310137761,146.27217760264693
EK202310239906,132.34780140256333
EK202310190459,139.93746380140118
EK202310115727,131.86376125359342
EK202310244833,153.88240248408474
EK202310107229,109.1339664907154
EK202310224274,152.35026166773548
EK202310194396,159.91393372880466
EK202310134831,145.94319633840882
EK202320007479,160.76307133049903
EK202310170018,138.77383589615891
EK202310177337,178.06341365339568
EK202310119476,140.5747391856404
EK202310213475,144.37929782247218
EK202310206650,149.13016988851246
EK202310231785,139.55076105095145
EK202310222833,142.63300680428716
EK202310187301,140.17863419510343
EK202310111784,150.95787985315556
EK202310227788,135.61368267821092
EK202310150141,152.6511020332062
EK202310161536,154.38490485475546
EK202310137661,140.2988953793209
EK202310226163,138.12764697123498
EK202310223040,141.20806871253686
EK202310111512,140.4161574103505
EK202310211220,146.3382984154398
EK202310122194,134.7524399096431
EK202310182104,139.44701719100038
EK202310179334,164.78225608596554
EK202310179331,166.06194013081495
EK202310145350,143.53018320837867
EK202310201986,129.636717268893
EK202310196946,149.3722542514268
EK202310217855,128.22367505720842
EK202310236350,139.29035355160136
EK202310229165,125.31650690193567
EK202310171617,140.08105032442404
EK202310115459,145.04722367771453
EK202310196848,139.79155601375112
EK202310127398,142.24966615444274
EK202310205390,146.04748176332706
EK202310142325,155.2960962185604
EK202310196201,150.57844986536327
EK202310238646,133.52736432857006
EK202310230272,157.99064024556205
EK202310241132,141.41207617175203
EK202310212259,149.4702653523287
EK202310228514,139.59258447374194
EK202310238485,148.3477505517978
EK202310158861,149.45415750059925
EK202310227360,131.1303014675238
EK202310136436,144.25416705944787
EK202310231528,132.170614376325
EK202310221158,142.63949789877898
EK202310211507,151.64101034746784
EK202310190845,144.1573844363757
EK202310157714,146.62555611662563
EK202310135990,144.36450736595552
EK202310164365,148.40684052116455
EK202310153926,167.43919888312382
EK202310150008,144.83905027815402
EK202310141032,137.90043789393292
EK202310193812,145.46570615903676
EK202310137931,140.9894126308315
EK202310156495,163.70214068185564
EK202310122480,145.9458019268426
EK202310216486,148.44722586687786
EK202310222820,153.57354571299462
EK202310111196,147.74459745560748
EK202310150248,137.343822833263
EK202310136916,143.37587487627957
EK202310107139,108.0657669227415
EK202310181412,155.3231872617457
EK202310206211,129.28484685987456
EK202310109768,143.87424983866006
EK202310206447,157.4393828161291
EK202310211977,132.99279411378635
EK202310235013,133.7650124155829
EK202320007348,144.03242499132622
EK202310128131,140.8566281687816
EK202310107501,141.90094161390078
EK202310247682,139.16287680832863
EK202310227429,156.90045188869186
EK202310204611,136.8412330907598
EK202310133183,145.60578715241957
EK202310218119,130.2333431534649
EK202310183206,130.59177704577127
EK202310232942,129.1578471184944
EK202310205411,143.09185010929184
EK202310166033,151.0397606305602
EK202310134596,158.1260909078323
EK202310136873,169.47569026670183
EK202310203514,144.77055452004953
EK202310126038,140.4790287740038
EK202310191150,147.26990695851202
EK202310129389,149.00664484430513
EK202310222819,147.277489034858
EK202310152891,149.0545562868365
EK202310157272,149.6344903734264
EK202310135873,146.0246893719002
EK202310197559,159.23777695478677
EK202310169845,150.71248493733475
EK202310165585,154.09109423704493
EK202310159036,141.38244566889364
EK202320007295,151.63469921970733
EK202310133662,137.40909199064555
EK202310189827,145.85969276107835
EK202310148841,162.4747170820362
EK202310146896,133.68718395516993
EK202310235090,136.25979467224218
EK202310119567,131.7174512265975
EK202310172433,164.18165953026684
EK202310247849,151.5870035252482
EK202310207306,143.81383992765288
EK202310183094,143.8699235711207
EK202310216955,147.25446623366705
EK202310192760,160.30431331461887
EK202310164280,134.59898611667305
EK202310203989,159.90378559523012
EK202310239786,136.79197164148093
EK202310105979,144.6931380619993
EK202310003640,153.0102276742181
EK202310240750,141.6082260205358
EK202310179109,140.69324430211387
EK202310150944,149.1860955817153
EK202310201413,145.90333857553722
EK202320007436,142.81783654867903
EK202310113726,139.9518712596146
EK202310122262,123.72393929022624
EK202310224480,142.54441972098184
EK202310194020,138.58112940046016
EK202310183018,159.8935031238636
EK202310181414,148.24605955798356
EK202310113303,134.1401607417223
EK202310108976,148.70537359002537
EK202310160184,137.88842662433893
EK202310210774,133.92256646258778
EK202310161905,152.29344270651498
EK202310142271,148.70537359002537
EK202310172860,141.1391185910284
EK202310145464,136.74008009319812
EK202310004728,148.6823301736198
EK202310166310,148.10035357534736
EK202310105822,132.68742384626867
EK202310147953,150.2649786974154
EK202310108291,155.88555170485822
EK202310240186,159.42475071893517
EK202310136365,148.41548692817636
EK202310221390,137.77622990467836
EK202310229925,125.37339811865596
EK202310141278,138.44780654080668
EK202310246624,152.20359440545354
EK202310220360,136.335369773332
EK202310224653,145.651430485735
EK202310160368,132.40417115650894
EK202310126911,139.5317274356612
EK202310222925,145.3651235946402
EK202310200594,138.22476062786595
EK202310150819,129.88494296254584
EK202310129913,152.88679497407745
EK202310187155,164.85490171385769
EK202310221177,133.15136370551676
EK202310117855,145.61841949431084
EK202310114109,139.29577881726172
EK202310212056,142.9033183154867
EK202310235416,137.33378470192835
EK202310119909,148.0361048814957
EK202310234670,142.95356956346052
EK202310191663,151.83044323481073
EK202310157791,130.36368484400876
EK202310232045,134.19773270085403
EK202310177127,145.17365743787798
EK202310175989,136.7535120999831
EK202310127307,142.56233077293484
EK202310105741,143.9212314345354
EK202310174633,130.48541942477107
EK202310114332,139.26294105039545
EK202310176623,139.58879340331757
EK202310157384,134.75165969838787
EK202310230266,139.9437173871154
EK202310178822,145.88289092217607
EK202310174964,137.98961715456522
EK202310149670,139.06915925280208
EK202310189731,148.86453655236738
EK202310134729,161.9866650194358
EK202310198042,140.05456731124107
EK202310231499,133.63813123079404
EK202310155095,144.08313393137928
EK202310180485,140.30730726217718
EK202310198871,124.16304206823231
EK202310004386,141.01986539074713
EK202310165308,131.14699416900802
EK202310131429,137.0721624678274
EK202310141545,143.97834324560446
EK202310184517,145.1392239471603
EK202310199293,125.76556796002852
EK202310152428,149.04424473434847
EK202310148889,165.77232226285838
EK202310187273,151.541744248003
EK202310179239,166.6759709634262
EK202310235514,140.56988236979063
EK202310169287,149.20991906158898
EK202310240454,160.68315264220735
EK202310206328,141.0432909517063
EK202310108495,142.77920648178457
EK202310213966,127.81935364619157
EK202310196327,136.96208606486724
EK202310167665,151.9636177862913
EK202310171391,145.0760489905906
EK202310183683,131.3353640223517
EK202310157793,132.09065249687953
EK202310156197,141.58869125940618
EK202310198098,137.2704304364789
EK202310146704,129.74972870729047
EK202310218935,141.29604804723786
EK202320007401,140.95193445745963
EK202310137190,139.8760038418761
EK202310154815,146.0799373338635
EK202310126612,134.52974888698756
EK202310120357,147.42242665524796
EK202310165826,143.6913586982739
EK202310214388,153.77860461259795
EK202310204549,151.10875101082718
EK202310209491,141.86031867091964
EK202310208295,147.05461220428987
EK202310196248,128.7842361242166
EK202310242787,146.28623278592843
EK202310225423,153.50120289252013
EK202310110863,143.12323030985672
EK202310117182,150.45544422011318
EK202310217191,141.1539679480979
EK202310193055,144.79957876948538
EK202310212058,142.80392535638086
EK202310103911,145.65461904989772
EK202310213355,121.39914810795662
EK202310175342,149.62327990043696
EK202310237346,130.71365692818918
EK202310186492,158.07347572013686
EK202310147951,147.9936669307306
EK202310191447,141.64041402568176
EK202310215972,148.50805268287962
EK202310199031,136.92865380651074
EK202310152507,151.6561534514242
EK202310143892,121.88092418033278
EK202310129112,148.98329687362414
EK202310152184,138.04861186184417
EK202310227166,132.08375077323527
EK202310182576,142.57416922977427
EK202310004383,141.37265629204123
EK202320005865,171.6791525556463
EK202310199455,148.07868615065317
EK202310230815,137.05385050347758
EK202310209305,143.57858963834613
EK202310138624,147.95482590684807
EK202310126039,133.2310257040621
EK202310131814,147.13543743248061
EK202310184163,153.29105529074783
EK202310118608,132.55711863823606
EK202310227117,139.42570710109038
EK202310152007,145.62262104848503
EK202310229187,132.48433940504614
EK202310139035,153.33809878096423
EK202310175328,146.35938038720064
EK202310159155,144.17980640326303
EK202310239122,118.70521329663728
EK202310167140,146.31106206591724
EK202310186155,159.0759211177118
EK202310193982,151.8139207766832
EK202310138270,163.38666211545058
EK202310117049,141.21181644319708
EK202310142284,149.62463859162395
EK202310164426,139.6713605317599
EK202310176396,138.96783044678392
EK202310201189,176.27054770464102
EK202310004591,134.71431305540614
EK202320005991,139.33579622061592
EK202310231608,131.9658372564374
EK202310136139,142.3921869508721
EK202310113238,147.05537090578576
EK202310158141,165.42218744501227
EK202310126316,144.1854227279822
EK202310123281,137.8391302993014
EK202310167569,144.4740429497394
EK202310174151,143.60005096487478
EK202310116527,130.1238502825693
EK202310193916,144.97072533924919
EK202310227923,142.97996051966152
EK202310240783,143.51120323106346
EK202310143752,130.2760354490479
EK202310106162,149.76162183546637
EK202310107199,143.1334527677796
EK202310213671,131.76203092476575
EK202310208384,149.18680411714945
EK202310196006,150.4357409935842
EK202310134465,155.84840312282526
EK202310151047,135.4553690563745
EK202310124565,130.51094099605484
EK202310183135,144.1174074760468
EK202310213685,136.19056277525098
EK202310143407,158.60169087793741
EK202310210115,151.4387534370279
EK202310110851,156.03257441824357
EK202310229392,148.4137125662161
EK202310204386,132.9127599364657
EK202310235968,144.31654739871772
EK202310199913,145.47304443354295
EK202310138545,128.6992829706415
EK202310116537,143.8596121058309
EK202310134658,168.47831373082207
EK202310224022,163.95709119715082
EK202310234186,132.13331671117805
EK202310163888,152.54217628445863
EK202310212249,136.3272801412553
EK202310140225,137.25649564409775
EK202310140896,153.11264984710462
EK202310186538,138.90404552093378
EK202310136216,140.25484669494318
EK202310108888,155.66203785140198
EK202310182062,153.1221636194218
EK202310163277,148.39550759896568
EK202310107567,130.1945067045583
EK202310120960,151.79386218204934
EK202310180719,139.43497692243378
EK202310131600,139.96033857033706
EK202310177372,161.20976794578405
EK202310126121,147.70852664920028
EK202310162878,146.42095414767505
EK202310201167,156.65763548641863
EK202310160968,150.79485146889945
EK202310197271,135.1017186395287
EK202310181868,134.59823964758365
EK202310151314,146.5117355876154
EK202310164572,152.04733783646122
EK202310205777,153.7237502119875
EK202310138104,135.981706301789
EK202310167840,133.5665195512768
EK202310226831,152.13942152019686
EK202310147830,151.77142472575588
EK202310197709,135.97718195232295
EK202310213022,137.70604064638414
EK202310193283,144.58939647502967
EK202310205081,134.5183930248475
EK202310122178,147.4449545718126
EK202320006555,175.02485909598784
EK202310237774,134.14925721683713
EK202310124965,146.32001886245348
EK202310186156,140.6143427341774
EK202310117980,140.63794453874348
EK202310125951,134.59751852055012
EK202310151873,141.1843438760845
EK202310207092,134.65039940199105
EK202310117489,148.82937256353628
EK202310216348,161.73080863543487
EK202310220010,134.65341289785178
EK202310214618,171.63240570412665
EK202310206863,136.94739811808773
EK202310109000,154.42597224475665
EK202310188574,168.4366727752651
EK202310165717,146.60476530309728
EK202310128017,150.50208362157346
EK202310165060,139.18332842976272
EK202310200674,147.58558912623965
EK202310221350,133.69018961086434
EK202310235065,151.42267833404523
EK202310163335,158.52647018054267
EK202310120881,135.37813560014743
EK202310137678,143.35427411678663
EK202310128015,138.4665009776375
EK202310234830,134.06456653986612
EK202310167377,143.43644243751262
EK202310164502,147.1416189680756
EK202310127391,150.67502276291728
EK202310179523,146.0187036440498
EK202310223246,136.01893491674616
EK202310108837,147.19701607125276
EK202310200232,134.9878155446973
EK202310204659,134.1365198925795
EK202310189046,149.23381187215324
EK202310137247,134.59025941750394
EK202310132734,138.47568301343227
EK202310136878,129.90345880009502
EK202310236360,138.1855814915854
EK202310228358,130.36097150485801
EK202310134060,135.34944613666633
EK202310165565,146.1687243355962
EK202310226873,141.63198076899133
EK202310189864,134.67858981416612
EK202310119822,146.5551581383712
EK202310139438,148.44290727217594
EK202310190768,140.09335089346214
EK202310165094,160.7356680174589
EK202310138047,132.2748640838634
EK202310166258,153.783703592003
EK202310229510,150.9684956766746
EK202310226767,147.88780684823791
EK202310141133,149.88094000891766
EK202310109811,138.90030382208346
EK202310150474,184.23719967466826
EK202310179190,129.75054892292465
EK202310196236,135.04820218803863
EK202310209246,146.35938038720064
EK202310197990,148.27333021311628
EK202310207124,143.25745586829055
EK202310212257,140.79059278588642
EK202310108488,145.48878218747373
EK202310103709,129.30757316955058
EK202310232504,142.84900826901045
EK202310134238,137.6086337624889
EK202310123117,132.90958516472847
EK202310121605,148.09380917585955
EK202310173315,145.26131903651415
EK202310121739,137.9317855150456
EK202310208354,146.0187036440498
EK202310161392,150.65669249986144
EK202310234724,136.14237745684878
EK202310111484,143.9439099459387
EK202310187014,136.69573576909505
EK202310104426,138.2246279434264
EK202310145898,133.10409287324077
EK202320006067,153.12541936367828
EK202310188463,166.6399524941813
EK202310140762,147.26990695851202
EK202310218714,153.6950928242783
EK202310243661,132.55615844816813
EK202310177326,147.82829398136718
EK202310234236,142.66705018991505
EK202310227958,135.77256430622128
EK202310118900,135.54888580566765
EK202310165267,142.95990148281805
EK202310230827,141.4668764072971
EK202310171222,148.39935883070697
EK202310162860,140.21254149600017
EK202310235544,151.43092646106882
EK202310161220,139.4934839937976
EK202310121708,161.240983308324
EK202310179835,144.0858738641793
EK202310239604,139.26732564261036
EK202310219818,142.78412768270985
EK202310161568,139.6716331309399
EK202310160061,158.00630456654554
EK202310110380,138.91910580120071
EK202310246413,130.12019634315917
EK202310235850,139.1365984408835
EK202310165684,138.70967323255047
EK202310104090,134.86294318832836
EK202310243966,134.29154066029298
EK202310228270,137.60241107284955
EK202310110387,142.53497769523239
EK202310152984,143.30530377789
EK202310223888,139.54986861248145
EK202310204934,140.98693653308285
EK202310162381,156.86809621765374
EK202310197868,142.06023884446662
EK202310107186,111.74953756130138
EK202310163263,128.54437166322128
EK202310198200,149.0122937737861
EK202310211345,141.59309981084135
EK202310226051,138.29685973090346
EK202310123297,158.15256050201762
EK202310140795,142.83402857370865
EK202310207289,136.9235139503774
EK202310225168,139.0498633117702
EK202310183349,125.27170757072439
EK202310105114,142.96053335549232
EK202310176080,142.8496750243822
EK202310179405,154.45114003247085
EK202310190274,145.91324047249054
EK202310132186,144.2231235940958
EK202310146444,135.22822896284273
EK202310225702,132.75042220238646
EK202310218239,142.9031748629702
EK202310147577,143.45248015272838
EK202310183811,169.99765928116508
EK202310162937,140.3840226061112
EK202310157881,162.2959449247671
EK202310207952,144.095582160808
EK202310141225,143.01723784543748
EK202310193030,145.45627433250016
EK202310122847,133.8970410101034
EK202310165669,137.25390977752693
EK202310114924,157.75113377740004
EK202310218309,159.17045437989015
EK202310208489,159.1698714293964
EK202310179997,144.07794161757664
EK202310147027,149.53242148171591
EK202310004319,126.32583765112528
EK202310175632,137.22968581582973
EK202310189340,166.91250338610135
EK202310177526,159.45050662880314
EK202310207611,159.0503035102154
EK202310194660,149.2445425847909
EK202310229979,156.1196484519425
EK202310240147,163.89854609360594
EK202310211637,136.64227687970387
EK202310149224,135.80036812514598
EK202310177662,149.29453080103903
EK202310179984,158.03061118515603
EK202310228864,160.99041192498396
EK202310180524,141.91563376432217
EK202310229356,158.30094036931425
EK202310149225,134.33407312209616
EK202310188850,145.37956869139384
EK202310237876,152.42396969851174
EK202310219004,137.04074088999715
EK202310125299,124.9056816058953
EK202310156188,142.54138305569694
EK202310238230,141.9555301025105
EK202310187694,139.44389759367093
EK202310158043,130.91641950782844
EK202310214647,154.8306469541545
EK202310221207,127.73133284514815
EK202310173575,167.30229096250895
EK202310113008,151.27140591771212
EK202310239053,137.41307273986894
EK202310104640,148.1185218685437
EK202310241514,135.71199030713402
EK202310004700,158.50392375129104
EK202310162482,143.26559768967434
EK202310119906,144.05982241034096
EK202310153205,155.58772669724542
EK202310114919,146.28799924526226
EK202310235152,140.2143828698699
EK202310203791,124.64860921816431
EK202310123842,144.8057193876535
EK202310141447,154.9186130900275
EK202310192629,150.28894844080875
EK202310244491,149.664159026864
EK202310216050,132.23916255693555
EK202320007061,144.20529745274573
EK202310217253,150.71845523756068
EK202310187351,165.5312369153571
EK202310247064,140.0273888205487
EK202310215396,138.20983991068817
EK202310109791,155.75158799476202
EK202310238972,156.5711302493684
EK202310210241,139.93055893925927
EK202310138585,161.6049922238828
EK202310215255,142.34348208591132
EK202310181801,155.19124930655573
EK202310124314,137.49110026985127
EK202310175289,161.43466933194244
EK202310198498,140.81766490471918
EK202310154216,161.08735385231012
EK202310226242,147.29997768978095
EK202310127354,154.4844869293973
EK202310179264,147.1940555559471
EK202310139507,154.95501852524558
EK202310129883,144.68766492595495
EK202310232951,147.6671226915055
EK202310233288,142.54227061414056
EK202310121403,136.96319663073058
EK202310158908,152.44051578286664
EK202310147431,132.88816113574248
EK202310138917,146.81344134768176
EK202310149611,148.61912644122071
EK202310221612,150.57075415473327
EK202310143554,141.5183352117822
EK202310172722,133.8215586769026
EK202310199773,138.64535310391219
EK202310127375,145.77452418260341
EK202310225978,136.21425440548634
EK202310227248,135.16073495698458
EK202310116384,145.56537533985838
EK202310180690,159.26728695354447
EK202310122858,134.43584391670296
EK202310226310,137.17028155088735
EK202310195569,153.57785135752746
EK202310198823,142.62287763503193
EK202310121439,150.7675272478327
EK202310161947,147.4304990267597
EK202310232604,133.2699117305517
EK202310149617,143.10409125977392
EK202310146783,127.08138090065191
EK202310176164,147.35802651474026
EK202310135912,146.23060062541606
EK202310229257,163.23345068146486
EK202310235094,138.44655798905342
EK202310118246,142.1002460068683
EK202310185828,151.04727683731952
EK202310106494,143.6863228501601
EK202310146544,140.20500471828223
EK202310227579,136.24569247606496
EK202310248311,144.47019957375736
EK202310204884,135.64314178134106
EK202310117059,143.338036176825
EK202310231772,136.70740769442153
EK202310139447,119.17674169896473
EK202310189968,161.26201430148913
EK202310185749,145.40738186255146
EK202310110703,131.22466599956562
EK202310237233,136.7611308734605
EK202310240881,147.62916423172825
EK202310125013,151.41408955978864
EK202310128536,134.49702270041678
EK202310153537,161.7487040895609
EK202310190471,146.06268031100336
EK202310151841,144.31654739871772
EK202310202685,127.28208702331528
EK202310105765,138.12294036481896
EK202310136470,129.40152417582382
EK202310202012,131.73416682527687
EK202310125711,147.85434165600316
EK202310157673,138.0093306766964
EK202310164027,148.2862324718526
EK202310151517,164.87739028432296
EK202310180147,134.12499705872398
EK202310198373,146.6932159777746
EK202310204349,153.51513468354102
EK202310219251,148.3477505517978
EK202310172594,144.49458872875107
EK202310179118,131.48306007398554
EK202310150133,143.88389215741984
EK202310165331,141.40778105134703
EK202310163772,143.15599948079145
EK202310126377,137.9576536327893
EK202310145984,148.93068629232204
EK202310246976,136.27475473255834
EK202310113703,149.2351264578683
EK202310232392,144.9825184139464
EK202310236403,133.48588110228644
EK202310139475,146.46325158666656
EK202310192609,138.6939491807582
EK202310224294,150.28056704610935
EK202310152213,146.07240343483255
EK202310108540,146.19869765512027
EK202310210085,145.8878920846333
EK202310226804,142.6488930653166
EK202310137397,152.08332334962947
EK202310117951,139.2816371295854
EK202310193300,160.40007444097395
EK202310106304,137.07115651610863
EK202310129954,150.37759860137848
EK202310215057,160.27444476480653
EK202310139115,133.5904840879585
EK202310212736,140.68555457097298
EK202310135023,146.34145374550542
EK202310139581,152.31173818522885
EK202310199274,147.21377516663188
EK202310211965,129.5948251781229
EK202310246061,139.72018054725137
EK202310203442,136.23312557354205
EK202310181526,152.653551737763
EK202310193412,133.99085515457062
EK202310139031,126.09348194244934
EK202310221231,149.84423887513347
EK202310134998,163.4683677884169
EK202310141687,170.80497452736154
EK202310197304,147.82358653342214
EK202310201782,135.27670451747878
EK202310135431,168.52218296008758
EK202310208259,130.6293494643913
EK202310161380,124.27003553877033
EK202310186230,148.66487382145255
EK202310152403,148.08950939169566
EK202310116913,125.57323696186452
EK202310244061,136.47771903578808
EK202310135475,152.7931122936702
EK202310165270,145.15172758415147
EK202310138939,139.41824625050873
EK202310141892,137.94282715001663
EK202310124993,144.19158795366823
EK202310170388,143.02714736892548
EK202310157255,134.77992553974323
EK202310133503,152.5985401281693
EK202310175284,146.9556313041433
EK202310241462,138.18145354121947
EK202310154232,133.8196162402113
EK202310163615,161.44845810970938
EK202310197907,146.6373036707994
EK202310186389,137.26650809978716
EK202310245749,140.61246973317077
EK202310219676,146.37077023490687
EK202310190121,160.4831504901586
EK202310209264,144.94427659585003
EK202310210983,143.51598135846274
EK202310187936,143.4517419973565
EK202310133895,138.38788269298482
EK202310186472,151.61209806165039
EK202310206380,140.44610969340658
EK202310193643,148.31673052564597
EK202310225084,154.9693001147593
EK202310220518,147.61719969924985
EK202310169406,143.65374090891896
EK202310237549,141.5392152516191
EK202310109909,172.71497796275935
EK202310212592,128.07448772046502
EK202310179751,125.95610411211476
EK202310112820,143.3421288071682
EK202310195293,131.59453056418394
EK202310236702,132.09940413322107
EK202310145993,145.7966838600441
EK202310222902,136.3500008326411
EK202310189301,165.4702917036904
EK202310205807,145.18524046666218
EK202310163101,146.50683579282102
EK202310203688,140.26026382459273
EK202310174439,172.89544696115593
EK202310156353,154.91515813237223
EK202310162723,141.68379439024946
EK202310212065,131.23320655608958
EK202310004255,133.86959161306214
EK202310222006,130.68749531076384
EK202310194790,151.3756499042706
EK202310106043,141.50821621536596
EK202310242730,145.6739965675314
EK202310242586,144.90628307079317
EK202310176604,148.68703762156483
EK202310109635,140.8940896818074
EK202310216117,134.1163196988348
EK202310116981,143.69317637161055
EK202310221657,130.7085207452186
EK202310144341,130.12030724682904
EK202310228428,129.34838753641793
EK202310146265,145.85946863475803
EK202310209443,143.14448034185733
EK202310218588,130.11360447267134
EK202310108618,149.41367402643365
EK202310121760,131.7525683145315
EK202310107369,142.85448147528678
EK202310115437,152.04733783646122
EK202310187394,153.6926580052035
EK202310165757,140.175661682835
EK202310195111,154.9954997316952
EK202310188262,165.44630778646817
EK202310124663,133.1767036139192
EK202310143110,135.9901536362179
EK202310211384,157.01085609296342
EK202310118553,152.55824140404525
EK202310149358,157.9762828405622
EK202310164859,145.8937441990003
EK202310207799,145.37896968417095
EK202310172115,133.40817240851493
EK202310215359,148.06456538954373
EK202310161036,135.49215350371134
EK202310223447,132.2693131189856
EK202310181639,135.02234785880853
EK202310204435,141.36881562404773
EK202310104184,147.88958853958806
EK202310160295,153.1374752927741
EK202310192033,147.7321464400722
EK202310168110,143.27559737977248
EK202310189097,146.0041851055572
EK202310167385,133.91858889142992
EK202310109968,139.47814769465177
EK202310198949,153.80177133700292
EK202310197617,155.31237420109798
EK202310108360,130.6437284590297
EK202310159270,153.80462116173504
EK202310145269,145.7144567687513
EK202310188812,137.590737833583
EK202310125988,144.5753370121273
EK202310112939,134.69040801634222
EK202310247895,145.73691419116074
EK202310131311,130.35998062449912
EK202310183854,147.37803043042717
EK202310219712,151.51726277893565
EK202310160911,156.91900210454116
EK202310231162,148.06345914471697
EK202310135041,165.63676575753215
EK202310212037,139.6605611849134
EK202310226698,138.00396344038117
EK202310134750,140.76103032866575
EK202310148234,145.4934591083584
EK202310174532,152.52530631925316
EK202310109167,136.494532735674
EK202310197750,163.48402966760312
EK202310164476,134.74412061767794
EK202310233270,158.47897703288038
EK202310135322,153.41435678632718
EK202310209231,142.97946873507695
EK202310202820,148.00502184502093
EK202310174302,151.53373521355937
EK202310125602,137.7041177841327
EK202310158386,148.4031893891286
EK202310242062,139.4269095364606
EK202310141111,138.88424618720185
EK202310136233,138.83849892172086
EK202310236818,139.6513325198808
EK202310184555,136.1471905679678
EK202310198830,152.57027560025134
EK202310151478,175.6378653634195
EK202310231437,135.47888091318143
EK202310150468,144.00764130607197
EK202310241943,146.9743038339512
EK202310231053,137.72569713856714
EK202310154428,137.33182496219425
EK202310192603,148.75064275471613
EK202310161912,147.86871410916015
EK202310130902,136.25899769926355
EK202310183672,151.73463780504832
EK202310227046,162.78361726399257
EK202310166255,147.24845642060467
EK202310137864,132.70400205916232
EK202310116959,145.70848397271234
EK202310238412,148.4866835830928
EK202310171649,152.45167755790544
EK202310193766,145.68271615911755
EK202310123847,160.95273038629375
EK202310146498,132.01739047786384
EK202310239626,138.70638425094063
EK202310195302,143.2469391617994
EK202310212103,138.65583844353355
EK202310192877,132.19785497116212
EK202310111009,139.3031956717015
EK202310136743,129.67476864527987
EK202310195641,143.13567647099322
EK202310227516,153.51872224174005
EK202310115577,146.5263268824303
EK202310215165,137.51399959461781
EK202310138284,153.75072338713804
EK202310126665,133.74663323169437
EK202310239150,133.4160749524969
EK202310203149,146.04748176332706
EK202310193960,124.19092842589953
EK202310171451,141.3182836806426
EK202310121337,134.54841546521985
EK202310117375,145.05181368318097
EK202310220920,141.24570467343895
EK202310115368,141.23620855081052
EK202310156865,170.84301059846325
EK202310185189,132.5001608856926
EK202310122055,149.13659614634756
EK202310215356,154.92221833563062
EK202310147958,141.02904079272028
EK202310121750,127.63827209048392
EK202310173060,140.0163294532491
EK202310163776,140.61246973317077
EK202310220192,142.8869634129057
EK202310218549,145.60157445876033
EK202310157001,174.184630070286
EK202310225119,151.9451575717194
EK202310204051,144.54226075038477
EK202310122949,130.05047292085524
EK202310121503,132.58190618374172
EK202310131147,147.6815130551694
EK202310108909,140.93633464837478
EK202310151114,133.40756900470103
EK202310233392,149.34525854405732
EK202320007141,144.03242499132622
EK202310164522,142.10213168621362
EK202310177297,140.93014196019394
EK202310210546,146.77711831827028
EK202310184589,144.00068137747076
EK202310212117,134.41214943844898
EK202310133272,130.47115719489867
EK202310205158,138.94871727738072
EK202310174636,142.61348892933796
EK202310140946,145.76235827429178
EK202310117042,141.7345877212452
EK202310134320,136.52645318469925
EK202310229429,150.87087452426005
EK202310106153,143.94469055004603
EK202310247761,154.60836835827243
EK202310227271,128.48537468580645
EK202310239428,131.06247442568628
EK202310215784,134.03066302568064
EK202310210318,127.33937217902351
EK202310141900,146.63072471600933
EK202310184802,170.024372998332
EK202310165235,142.37019785314715
EK202310171404,141.38113590863688
EK202310210573,148.0815549441573
EK202310210122,144.66601837798456
EK202310150189,139.77139597691726
EK202310156048,143.8537658221197
EK202310172500,160.10071290978047
EK202310132244,130.6391660085972
EK202310245342,141.52878164704768
EK202310139313,134.78358116403285
EK202310207856,150.1541456942806
EK202310116311,138.8375513301314
EK202310208589,149.94862722593066
EK202310136325,137.43682859142302
EK202310248759,137.45317998609846
EK202310198653,139.63192613049273
EK202310195491,164.43702771523755
EK202310103816,141.25344883206222
EK202310207373,148.193163716891
EK202310227064,137.82147816962774
EK202310138546,152.1703562221301
EK202310205952,137.8643071635259
EK202310212677,147.6167101652098
EK202310228148,136.18478218435962
EK202310107729,144.0262733729929
EK202310211277,150.93932815524903
EK202310195545,149.3593848373861
EK202310116564,145.19327284397824
EK202310184823,147.36745258800616
EK202310170543,155.4552591809024
EK202310193619,127.36399700013321
EK202310239035,153.81323223659146
EK202310133171,139.27423755991833
EK202310227136,144.4846070275946
EK202310142625,138.05321554680975
EK202310244169,151.4230862574774
EK202310246581,115.39318073602914
EK202310165380,141.32717790158515
EK202310193395,130.71383749914548
EK202310109332,156.37754390427855
EK202310163291,155.36924147561564
EK202310124290,146.73500672782552
EK202310215739,145.29241775913474
EK202310241146,143.00334763925383
EK202310124580,139.93328040810368
EK202310211475,144.9102670935042
EK202310004503,146.1380218625749
EK202310143151,131.21273454525246
EK202310136531,154.26681898265394
EK202310119568,144.31654739871772
EK202310107515,145.59478241663652
EK202310189886,152.07111469824304
EK202310124398,144.71776728904862
EK202310125848,145.26018903720222
EK202310211088,144.99352360428261
EK202310156421,168.68103801094136
EK202310157177,148.79947442975703
EK202310211323,144.5723506469363
EK202310202592,141.9555301025105
EK202310194894,148.24019586836496
EK202310215071,137.6394638959553
EK202310202956,142.84800674500318
EK202310234488,136.45282613121216
EK202310187089,133.31771302459376
EK202310227517,154.18795352877643
EK202310170551,159.63969924460926
EK202310189993,144.15395696627465
EK202310149202,137.07115651610863
EK202310229780,136.61343904306437
EK202310245465,142.59296068471664
EK202310218891,144.25025389529947
EK202310124812,158.26613082843275
EK202310208935,152.72943856259334
EK202310140658,133.38152191885234
EK202310183874,153.87324337743394
EK202310107413,132.13585086619904
EK202310194042,132.90958516472847
EK202310157446,148.47924146663215
EK202310199004,139.00371384598662
EK202310135601,131.6992089392414
EK202310201970,141.78424521430563
EK202310139356,137.27091394319945
EK202310134175,142.33572942733733
EK202310108539,141.7926110785563
EK202310177643,129.5131668725845
EK202310103821,137.78150525904366
EK202310206740,152.2037332372953
EK202310131433,128.93544309463857
EK202310204350,138.7115803105577
EK202310225071,139.1383448814795
EK202310211718,138.26935625395237
EK202310131849,143.4463607728665
EK202310153172,135.70651816297857
EK202310132642,145.40438893689344
EK202310112845,137.1024920108775
EK202310177008,153.81900117103882
EK202310130444,150.85895354245505
EK202310147078,149.53242148171591
EK202310208564,147.09661770284123
EK202310194298,143.34309392069522
EK202310228548,145.70590807858923
EK202310187217,153.1150602524661
EK202310171794,146.35037911962897
EK202310174423,138.6619910076211
EK202310186521,153.69836309419142
EK202310189274,168.91445762101134
EK202310128594,128.0815034496424
EK202310213657,126.2593651990633
EK202310136140,108.56202178460957
EK202310144986,134.90950090665072
EK202310117312,153.68734033137625
EK202310165610,174.24108242919988
EK202310130595,140.62863889440567
EK202310004575,140.8120514469558
EK202310119145,152.83969226638098
EK202310179788,135.9431726984072
EK202310247106,150.29967187940414
EK202310118131,144.1715107297045
EK202310144354,144.36847259042094
EK202310192108,128.5347516127179
EK202310169582,129.67238487272246
EK202310227386,146.5853080084055
EK202310174182,139.056260179545
EK202310222783,136.63259704642394
EK202310178639,148.4652547636563
EK202310245259,136.27262511341038
EK202310167257,148.19953798983252
EK202310162914,133.7688425939785
EK202310004463,146.50020655091407
EK202310207893,164.20314798307456
EK202310148230,132.84701423501812
EK202310116055,136.06097781874695
EK202310224157,154.60943810274043
EK202310114888,141.13887095215176
EK202310195337,152.94474096918523
EK202310216934,169.95946953139295
EK202310216677,159.57795336717334
EK202310188580,145.54602702498724
EK202310219727,141.6774981741242
EK202310166001,145.7955603058733
EK202310229705,138.1855814915854
EK202310209871,142.09966020887498
EK202310196361,143.49434700717092
EK202310234245,149.37663660814087
EK202310138920,152.19650978095459
EK202310122618,140.70192631125258
EK202310175727,137.99615737834384
EK202310155478,143.89276092251538
EK202320005560,136.93996766249424
EK202310110719,152.6015721796086
EK202310136240,151.22826868478975
EK202310186251,158.83851745669526
EK202310216248,136.4065795455471
EK202310205301,150.06135790073048
EK202310211409,133.64931851146736
EK202310154889,148.50386930943213
EK202310133167,149.5003455005689
EK202310190742,146.51854334954265
EK202310181049,152.76431369869135
EK202310190345,145.1574891926983
EK202310223134,147.36400273976437
EK202310248510,133.458645913107
EK202310177287,154.89065701050757
EK202310127550,143.28291733064543
EK202310118313,133.52736432857006
EK202310222760,133.88327129240594
EK202310112189,149.69158444405792
EK202310141089,141.0689444383861
EK202310132200,152.12891399065336
EK202310221040,144.4952100003834
EK202310111716,146.553373684757
EK202310206062,125.59378700666049
EK202310209855,144.75023300467913
EK202310104428,139.29576342291418
EK202310177723,132.57639964739383
EK202310003367,132.16403446333646
EK202310182125,149.23759626183764
EK202310194084,143.45053032129255
EK202310211789,129.57794945940395
EK202310132488,141.04902323745213
EK202310142803,145.11149040365976
EK202310181723,163.47664261978272
EK202310103735,147.02432064750087
EK202310219083,135.17678403034296
EK202310215988,144.63545936223903
EK202310234414,122.81333833488961
EK202310203900,142.52239780407163
EK202310137717,143.41228692521625
EK202310112769,141.1562021240449
EK202310160354,132.30201220722847
EK202310105028,144.2089932331186
EK202310128626,155.333472589272
EK202310206626,147.4453654201668
EK202310247911,129.8144242822867
EK202310156966,141.1489916168149
EK202310111774,149.1860955817153
EK202310141388,138.4928939768335
EK202310105367,135.12712511009582
EK202310138470,133.07693766036695
EK202310238177,149.79455039142192
EK202310169946,142.98729418267314
EK202310189158,136.0087162034143
EK202310231981,153.13555241162715
EK202310174508,140.49867511478914
EK202310110650,129.141886139106
EK202310195172,151.17261768939235
EK202310188961,135.25474725167336
EK202310219185,135.08666266852202
EK202310208623,140.8697462033735
EK202310128662,138.56855928286672
EK202310185661,149.60221599634306
EK202310157894,133.72606446847232
EK202310200928,154.059292594218
EK202310004224,147.8886192906914
EK202310150214,133.046622078214
EK202310111969,144.65846875017598
EK202310129506,140.48997670126505
EK202310127186,161.35492917974776
EK202310173377,130.27987001350596
EK202310163570,142.67431207521537
EK202310196742,139.96705220814493
EK202310167664,154.62838680351337
EK202310148814,145.18733670187441
EK202310200567,175.1724722123915
EK202310168414,150.72272438969478
EK202310203613,152.94474096918523
EK202310247919,153.5761480065849
EK202310200083,158.67943375503467
EK202310148844,140.7058700913187
EK202310159721,149.0511184251662
EK202310131910,137.34048942449664
EK202310153522,134.5768860296654
EK202310212250,146.108235561889
EK202310111147,154.10897887327582
EK202310170237,144.62104718349136
EK202310166954,143.69492196630367
EK202310193804,138.8102768012869
EK202310180730,164.39258434436283
EK202310004363,159.4054025362021
EK202310123533,139.7026759226517
EK202310235018,146.22074692243055
EK202310176008,145.16485793669713
EK202310151334,131.78181222069622
EK202320007865,151.89253076619553
EK202310236423,144.25071274757389
EK202310130270,152.24012871692108
EK202310220333,141.8169434859565
EK202310196344,142.61684962005276
EK202310218805,143.55665961109167
EK202310116838,139.43122677588548
EK202310185359,149.1860955817153
EK202310150318,142.48661975173158
EK202310121733,113.8406679769121
EK202310242000,163.25191770029977
EK202310193114,134.72035185361642
EK202310171559,135.7285408252235
EK202310122635,130.1531102873792
EK202310167040,154.72722190231417
EK202310166470,137.07285866684535
EK202310195612,138.61510425720067
EK202310233457,146.128951107199
EK202310185055,138.81678974318442
EK202310177519,146.17890283050272
EK202310247329,151.03958684181288
EK202310195549,154.07393929449165
EK202310144213,134.87048942816324
EK202310135438,151.83801274174172
EK202310226468,138.71099183928146
EK202310105289,129.77759609887647
EK202310120252,143.11906444516006
EK202310176662,141.07344406756118
EK202310114289,148.41020851240643
EK202310126976,138.71503995479932
EK202310207593,155.4552591809024
EK202310114272,131.72655473888852
EK202310199080,149.53561763479004
EK202310122669,135.6958743562208
EK202310180804,148.39935883070697
EK202310204732,154.24115014282697
EK202310200464,150.90964792516294
EK202310203808,125.19151496771214
EK202310212010,132.78811912991537
EK202310245942,146.94798437047635
EK202310004694,152.24634278017166
EK202310155200,134.9554246674578
EK202310164369,134.12721576456187
EK202310126268,146.80899872743228
EK202310170105,159.3897933978874
EK202310225963,143.1640178001747
EK202310114547,149.00239453326623
EK202310236239,134.0564572068961
EK202310112862,146.5411696998708
EK202310109972,152.54217628445863
EK202310132643,136.42932750249548
EK202310132419,140.09568373260117
EK202310161002,151.41188678983124
EK202310189189,130.8223299602362
EK202310148790,141.8937506835872
EK202310169154,153.98147552087826
EK202310196747,163.40528286387215
EK202310122266,141.77814920325008
EK202310115421,125.3939493731732
EK202310180521,146.76541530948842
EK202310167786,142.29924401533322
EK202310167076,155.77202833402623
EK202310168839,136.33697291644526
EK202310110674,136.24086763013318
EK202310236684,127.81978142708248
EK202310128770,133.32587307956808
EK202310244917,152.02313679082678
EK202310128367,147.25578066518324
EK202310129004,134.45388084190142
EK202310231478,135.72612920432127
EK202310178172,151.62432653564306
EK202310180564,144.816390470044
EK202310112326,137.42919811487346
EK202310200330,140.61523398591459
EK202310138725,149.70229016945922
EK202310177009,135.66429943722142
EK202310220598,176.74074645777858
EK202310200436,151.42616307069613
EK202310242674,140.78817220006965
EK202310222668,172.49449270113158
EK202310118184,136.22397441979834
EK202310138203,133.5781865768252
EK202310118829,135.53318827295558
EK202310185969,146.13242621548167
EK202310216351,143.44410634264298
EK202310187284,140.48970446619217
EK202310218216,152.25837697637775
EK202310219259,139.76903205596267
EK202310120929,138.1855814915854
EK202310108093,146.28252169248844
EK202310142267,139.00867954886175
EK202310174980,142.19568495675662
EK202310114009,151.60888521531734
EK202310242966,147.82727234231385
EK202310147064,148.6924770542979
EK202310223815,129.9414122434465
EK202310185149,149.9900958002037
EK202310173756,137.9246201877113
EK202310212549,147.38481023490434
EK202310122123,147.76913428214937
EK202310148593,126.00303549180181
EK202310203858,136.42741387284408
EK202310194323,136.99848586792194
EK202310210067,148.892523562592
EK202310247362,142.8050829118472
EK202310179728,171.47404144115322
EK202310135263,144.32587253714493
EK202310228041,145.50195448767312
EK202310198439,151.5932847256737
EK202310224121,134.25447950557935
EK202310176263,149.1860955817153
EK202310210520,133.87989360661592
EK202310153558,133.95609431793682
EK202310201528,152.2532161385785
EK202310204700,141.24091913719806
EK202310199855,151.24018750632408
EK202310133334,131.73570836413745
EK202310125891,134.49282078819994
EK202310149237,144.1573844363757
EK202310207352,121.89461718544015
EK202310143244,151.21772054409269
EK202310173902,156.75684648560807
EK202310204441,144.03242499132622
EK202310154510,151.66645326401692
EK202310197593,147.93801583366465
EK202310139918,138.6146729338169
EK202310143944,132.14284924488646
EK202310182605,138.4564576498604
EK202310113041,136.18303630263824
EK202310108339,133.4097921233478
EK202310177699,149.290594605202
EK202310158001,146.460499582082
EK202310243619,130.39964989436726
EK202310225367,144.3191667718696
EK202310148561,141.67371264113896
EK202310242689,133.58747026935237
EK202310146006,137.79192287821658
EK202310200037,132.96552924824854
EK202310186473,132.92593645985696
EK202310105390,128.91272725844124
EK202310150556,140.62448254371316
EK202310180347,158.7688732841088
EK202310203230,162.77305010507152
EK202310200016,140.03311756397707
EK202310154269,152.06678555759595
EK202310128087,150.68105685051782
EK202310122816,144.67522404454044
EK202310134877,150.75501243900604
EK202310195490,145.4150867869453
EK202310209715,136.51927591188732
EK202310236837,141.0656312991629
EK202310196435,140.9215060265547
EK202310139068,150.9261791521448
EK202310171012,155.28006278327217
EK202310150360,142.5591030191056
EK202310222353,155.26349399411544
EK202310197842,144.137170761862
EK202310188412,147.28124583711002
EK202310153874,144.6774768987443
EK202310213199,148.97911426909522
EK202310127730,148.82649688613398
EK202310215194,145.50625078767362
EK202310126576,137.1977248826743
EK202310248182,143.97890613133475
EK202310198801,159.9960448355688
EK202310198160,128.14586910417202
EK202310198294,150.6219796427398
EK202310167705,139.8086557914697
EK202310217704,137.76557648711315
EK202310145831,141.4513801065093
EK202310105308,144.68569097918802
EK202310230902,142.53458935513086
EK202310202412,139.06551742335054
EK202310130126,138.0368671140993
EK202310193563,150.53545679047664
EK202310130811,141.4569922211479
EK202310169126,158.07886927473862
EK202310107052,151.1392462868248
EK202310134315,134.73533556944756
EK202310230590,134.34573437821788
EK202310212377,130.8047768899022
EK202310227080,150.79485146889945
EK202310124256,171.74510961732054
EK202310219252,155.4447164093636
EK202310230033,131.05383559419664
EK202310117668,140.85541965969114
EK202310228344,133.15539061475653
EK202310233855,135.28464711304972
EK202310147814,149.24957255036472
EK202310107881,148.38134529107407
EK202310230203,163.76271032229994
EK202310177383,166.154505681564
EK202310122567,146.28847195796718
EK202310207619,149.1860955817153
EK202310202333,134.81973761418078
EK202310189380,141.93904990586336
EK202310180057,141.27966544074644
EK202310202234,149.2566081551148
EK202310233426,147.7262688733995
EK202310175207,138.49467423969122
EK202310204631,146.86515768515886
EK202310194398,140.95527021096282
EK202310139820,134.8334719044967
EK202310116562,156.75799806969331
EK202310229058,139.33579622061592
EK202310247161,133.63224986428648
EK202310189860,142.11129348125905
EK202310104099,149.14062980163672
EK202310244738,143.17929766549915
EK202310247933,138.9963966401073
EK202310149446,138.6986643271181
EK202310161930,142.15259731983775
EK202310116286,152.91045034595479
EK202310109850,150.14610203004898
EK202310204890,138.664361956538
EK202310124176,134.5851654419388
EK202310231512,129.4995318778866
EK202310157031,149.87057075153004
EK202310219683,136.63650297089592
EK202310105922,135.25407235163195
EK202310003444,144.52087777914855
EK202310128205,119.34621500563665
EK202310136781,144.83336788526645
EK202310195373,139.71972961966347
EK202310140338,127.39005819861626
EK202310178676,153.68755841645623
EK202310234329,162.1344998343618
EK202310115125,156.51066518371258
EK202310219503,132.60021841855254
EK202310201769,143.40512302735263
EK202310139458,133.26383633823747
EK202310194338,154.30580929609258
EK202310223572,139.93014056889507
EK202310125065,151.8127580714391
EK202310227016,140.39984309885207
EK202310176702,143.17338445314985
EK202310155243,154.76233124163494
EK202310192723,152.00049518616032
EK202310198191,148.108129840469
EK202310105422,149.01458097779243
EK202310105777,149.13659614634756
EK202310187970,130.04398302242757
EK202310236294,161.41475593055452
EK202310210632,133.31717505954688
EK202310122661,147.00158972377136
EK202310132816,159.03209697106246
EK202310221993,141.64097546441775
EK202310235308,152.8053762856902
EK202310232426,133.23259266590279
EK202310225207,128.98803761819386
EK202310120329,155.7190316485607
EK202310174955,140.61246973317077
EK202310233002,153.98691690266557
EK202310226820,144.36450736595552
EK202310231561,138.63413212107739
EK202310178128,136.824340144199
EK202310231088,129.5666807831992
EK202310147614,154.3840250451476
EK202310192044,133.70890886274583
EK202310207423,126.72207678446264
EK202310144998,145.52094602360876
EK202310160433,146.06250735295785
EK202310182388,138.76543882292697
EK202310004163,144.52367032829753
EK202310178635,136.8843153149063
EK202310147316,152.74884875638145
EK202310137625,141.6622837956805
EK202310234674,136.72881544180166
EK202310206395,141.5768168756155
EK202310198108,163.8153545470159
EK202310230135,128.64554847413558
EK202310124667,137.00188264293286
EK202310197608,153.45686591147413
EK202310239140,147.4977867633566
EK202320006708,144.7251903046146
EK202310141682,124.81031609914017
EK202310173078,143.45053032129255
EK202310180684,155.43611848481498
EK202310168825,143.15851915391386
EK202310196603,141.9802967898841
EK202310143301,157.63269447876516
EK202310198024,148.53275029811888
EK202310238866,144.82836804426032
EK202310174309,127.60902626406511
EK202310169127,134.19986347453587
EK202310118888,150.4069662869843
EK202310219211,134.5168762273324
EK202310117888,128.05760982944741
EK202310203714,126.5274183334921
EK202310212227,129.8718313150018
EK202310224375,133.95467041551112
EK202310169753,133.0741763753942
EK202310218369,148.68222111485252
EK202310229422,139.39245430305994
EK202310114027,141.1116473008925
EK202310191499,135.8686893633265
EK202310123832,148.22671124311242
EK202310117550,144.40567417113232
EK202310153034,152.47163260192733
EK202310147526,139.9923574811184
EK202310240029,132.16177804526043
EK202310208321,144.84444138625264
EK202310110615,133.37197283113983
EK202310172001,145.05603219656226
EK202310245514,146.24532284711984
EK202310113405,139.5784768346998
EK202310133712,151.54921151040242
EK202310220573,143.98482734526706
EK202310127361,150.94281482123358
EK202310203296,122.82723631307627
EK202310205467,123.61053608312609
EK202310182859,151.58916145646702
EK202310116644,134.64811232821592
EK202310143055,141.53759196963208
EK202310137541,149.3186172661499
EK202310240346,143.35875510492818
EK202310231920,146.86915248845096
EK202310003793,134.1131926796578
EK202310179099,137.8985449475202
EK202310182101,145.39730804805438
EK202310180654,139.08394752131932
EK202310203568,151.83909265640074
EK202310201589,149.86227184752468
EK202310185227,148.04696981057992
EK202310204045,139.7477835133019
EK202310231962,144.19158795366823
EK202310206237,131.91601267729862
EK202310129023,153.8405248149499
EK202320005658,139.52633724704148
EK202310155013,139.49367631239565
EK202310207955,138.93606869338856
EK202310175039,130.6631620834825
EK202310189095,141.42566512570693
EK202310222588,152.18658381928833
EK202310194826,139.94145635077948
EK202310116127,139.33579622061592
EK202310186036,142.5741407162681
EK202310228425,131.47883789475605
EK202310142709,123.47127834232109
EK202310212132,121.77652542199971
EK202310106890,139.5167012446766
EK202310244866,142.99548600430538
EK202310185150,141.84087728780895
EK202310137324,138.97737610204538
EK202310171191,124.44171992371055
EK202310113505,127.76573650547365
EK202320007023,140.09568373260117
EK202310119257,163.24374159303528
EK202310149918,150.36445532776915
EK202310223014,137.27417085203786
EK202310201000,143.59541175171074
EK202310172203,147.0958954851338
EK202310203943,147.37108084297336
EK202310120010,138.35318111615868
EK202310108002,139.34694190878776
EK202310241637,144.89227657822573
EK202310174800,147.09661770284123
EK202310127377,160.88501226119791
EK202310122799,156.11321453577168
EK202310229843,136.86930447612787
EK202310226129,143.32328393070708
EK202310140081,143.14633815587484
EK202310229999,132.1251333505119
EK202310203546,147.6990114137264
EK202310209757,140.20051042547877
EK202310116016,139.8514528862342
EK202310165012,172.5803294480763
EK202310122837,130.01424948143114
EK202310146822,156.5381708123539
EK202310112044,140.37063444650045
EK202310166309,153.2673474877316
EK202310172353,143.8901994611249
EK202310111013,153.69228006992594
EK202310134532,130.67626084983658
EK202310201623,140.89767934015362
EK202310207833,130.4489205766701
EK202310153627,139.52439531545485
EK202310173741,150.00073400488532
EK202310233377,156.60709008640995
EK202310108336,140.97903232683902
EK202310144097,135.0957200514804
EK202310242026,157.82861163442476
EK202310123987,173.34606364399286
EK202310201556,150.11056318569211
EK202310141802,144.8799908105931
EK202310160116,155.72183793546594
EK202310208420,148.2354006097818
EK202310201286,144.44599881971158
EK202310242784,139.00371384598662
EK202310207678,130.258049254504
EK202310235367,144.033063021253
EK202310138835,153.84650329371826
EK202310126496,146.80899872743228
EK202310210203,144.21440751210073
EK202310160698,147.84242279046185
EK202310131627,151.0410656843021
EK202310192509,132.89803075704336
EK202310237182,157.09315486597234
EK202310195225,146.22685998449555
EK202310209548,135.13668126844843
EK202310170414,127.787114383652
EK202310178511,141.65536185735112
EK202310169436,146.83053994275312
EK202310163299,145.7149441301049
EK202310197411,130.10236544426107
EK202310208679,131.50220071302024
EK202310178121,133.65909740706468
EK202310126051,141.54421454629426
EK202310158375,150.8831491708745
EK202310190778,130.74965893969343
EK202310154851,126.65374128742131
EK202310179709,126.95649822364386
EK202310114702,146.38976358775807
EK202310167850,130.65325935500277
EK202310004729,135.25541893870297
EK202310183539,141.3307627346981
EK202310196615,140.0982638424513
EK202310162856,151.67615920703346
EK202310133076,133.7834016450153
EK202310230396,143.7692888799978
EK202310158633,145.96161872609088
EK202310161117,168.58521143205132
EK202310004351,145.92530328590186
EK202310174767,154.82484061519816
EK202310183707,144.02824420161838
EK202310201085,145.51109753644374
EK202310117365,139.42881718168476
EK202310211525,141.74856594096852
EK202310174033,147.66337304787965
EK202310133029,156.8628042930131
EK202310109257,147.52953025870565
EK202310208465,147.88780684823791
EK202310003437,144.5363823505422
EK202310147849,136.8412330907598
EK202310172875,144.38220182278428
EK202310195261,133.7967273552993
EK202310124700,139.73489919970345
EK202310209462,139.9623347849932
EK202310190370,160.9143730464808
EK202310166689,136.63650297089592
EK202310125440,139.42140909453198
EK202310242447,160.9815020483485
EK202310208224,136.72425691155058
EK202310164938,150.90260263134692
EK202310171017,142.90373496959307
EK202310221295,141.23413517896134
EK202310116789,127.90288242613596
EK202310245230,136.58983397808043
EK202310196239,146.53297843711366
EK202310217020,155.72731877488258
EK202310149091,143.32551546657427
EK202310188633,139.1942548724122
EK202310145175,149.70293307515706
EK202310184944,132.66136770096003
EK202310116881,146.45242685329188
EK202310133865,137.91682110676922
EK202310170575,145.1340499809433
EK202310217837,129.94320248191906
EK202310142127,143.20449056218987
EK202310220280,144.58313492783793
EK202310220011,153.9331604705025
EK202310136446,135.32477864683148
EK202310167400,140.67542724714167
EK202310136757,148.4991618614871
EK202310219947,132.30872503494504
EK202310215446,154.51818673423782
EK202310113390,157.99064024556205
EK202310231430,137.82378461545508
EK202310190750,145.1487714114672
EK202310218203,141.18843907277025
EK202310232673,153.6184906042618
EK202310172719,133.81495391092022
EK202310238088,144.27675616465734
EK202310122490,130.15547808392057
EK202310141767,140.41764374191806
EK202310164189,144.1573844363757
EK202310131789,159.6681188506697
EK202310131787,141.95231264955535
EK202310111463,150.48080556978752
EK202310189888,131.64925869134265
EK202310123502,148.95863739209904
EK202310248489,142.96031172746123
EK202310104974,140.9215060265547
EK202310133434,150.56786451691787
EK202310122152,135.46592900094643
EK202310223645,154.09124872244396
EK202310218467,127.18279753905706
EK202310200984,138.1006388609191
EK202310246962,144.4740429497394
EK202310138658,147.0344790435571
EK202310135971,139.5089742781736
EK202310145071,139.77773072706
EK202310236227,163.44790466962542
EK202310161820,143.92018664303225
EK202310116560,138.03241093801728
EK202310147855,150.23740947425668
EK202310198848,146.84242676142935
EK202310126318,142.1625650977112
EK202310168761,145.2428623003088
EK202310236060,142.5986706740092
EK202310194911,147.91889179755273
EK202310232213,139.6855002093835
EK202310123619,141.23878691608124
EK202310129238,150.76826988117932
EK202310239622,137.66390733682354
EK202310130274,147.39246209022093
EK202310136862,129.81409925669521
EK202310144925,145.78565756485995
EK202310117994,142.88139815876457
EK202310145721,152.69208419321924
EK202310166110,137.34982187071657
EK202310153689,129.1812608831823
EK202310167524,136.29842925795313
EK202310171110,143.30530377789
EK202310194242,137.50951591932815
EK202310128824,133.28332924974714
EK202310217802,147.6167101652098
EK202310174759,151.22607402522164
EK202310163258,137.51896529749294
EK202320007136,137.52131953971224
EK202310223074,137.8122055236802
EK202310127999,144.7514267376943
EK202310210697,142.3217280600532
EK202310187479,140.77268760426722
EK202310229648,154.01763529661997
EK202310223615,149.46914096575355
EK202310205259,166.42286963084152
EK202310207915,146.89620794344376
EK202310161035,152.1338986262434
EK202310211684,144.50216756076938
EK202310217627,136.78308639029115
EK202310188184,144.8162227287034
EK202310179703,143.73484671690858
EK202310191167,142.86939369278332
EK202310206412,129.66564752821807
EK202310138851,158.19247981193416
EK202320007328,143.00485483783268
EK202310211346,152.68572507507272
EK202310169209,155.2530053406377
EK202310145302,132.57810487296314
EK202310203140,144.74613034661797
EK202310209732,135.81688458737148
EK202310117958,131.78274262109065
EK202310155922,147.06630429034666
EK202310184930,141.00328579739931
EK202310150832,132.77284416927378
EK202310208806,144.4961857298248
EK202310172410,154.93768369765596
EK202310230235,151.29755509111416
EK202310203566,141.5392152516191
EK202310123801,147.60221818115576
EK202310141762,172.0822981218378
EK202310245120,129.69140158845104
EK202310183959,136.88840382907833
EK202310128037,145.92530328590186
EK202310004669,141.60959617049974
EK202310217022,132.3053873606931
EK202310110060,153.13562046542617
EK202310231754,144.09032968269528
EK202310132866,132.33854432896374
EK202310246978,140.56153370846118
EK202310111800,131.49009572900064
EK202310141316,148.92944356408302
EK202310225078,138.4230308520169
EK202310224113,130.4928557321228
EK202310229156,146.56908659833175
EK202310158924,156.1645624213753
EK202310193952,140.04252121030075
EK202310134851,147.04756560950918
EK202310107778,143.33860353322925
EK202310201914,156.44653046013073
EK202310226477,129.37636244148476
EK202310200818,153.80577433235726
EK202310178725,142.24756463952994
EK202310136843,127.78022051642996
EK202310188878,148.4602254182063
EK202310192998,153.77788681165188
EK202310123605,146.16654024754345
EK202310109206,130.07169224322746
EK202310110309,146.61486828940286
EK202310201669,147.82984571694624
EK202310228267,144.83728565202526
EK202310120920,131.7757292759374
EK202310239638,162.16274449217644
EK202310138789,146.19736287988204
EK202310187947,174.26336421410923
EK202310143793,140.58692906957248
EK202310231992,144.36450736595552
EK202310243082,139.32029370185745
EK202310174903,142.02832506494104
EK202310004153,160.5410104855665
EK202310211574,138.23861164633487
EK202310133648,145.51718625303167
EK202310145095,156.12270001360852
EK202310180354,154.81803585060013
EK202310111206,134.5167539584817
EK202310182140,143.63545700161026
EK202310202202,155.56815581254057
EK202310158892,132.6686833518036
EK202310193967,140.199971867753
EK202310222297,124.17379684213242
EK202310121931,146.60243597154877
EK202310170526,157.90685393301672
EK202310119454,159.8692903956293
EK202310235204,148.47200765107524
EK202310123917,149.64646860281434
EK202310157703,144.46626809647492
EK202310149315,139.27315246693357
EK202310146815,145.2348426203346
EK202310126049,158.72946798635041
EK202310232396,145.7025165718386
EK202310199056,146.6425779570795
EK202310141228,135.9422997989385
EK202310196032,144.03242499132622
EK202310107291,138.9297129608153
EK202310122690,133.11702247876775
EK202310236528,138.78211041682258
EK202320007677,135.43657267527428
EK202310210488,140.67173454728953
EK202310207172,157.15658840269796
EK202310182902,130.9930058659688
EK202310139806,181.45655162246715
EK202310148583,152.34855733888602
EK202310220644,141.8506664738376
EK202310112733,135.97945711333054
EK202310204401,145.9967413561938
EK202310160356,136.6556962257871
EK202310225435,141.49619889500912
EK202310196076,155.14257583445425
EK202310203598,140.1436519124114
EK202310140544,155.43330881814947
EK202310212327,145.70634142920218
EK202310235705,144.8343850696843
EK202310202376,128.95506106037735
EK202310196089,145.5414038999178
EK202310139122,139.73476810548365
EK202310176023,148.86453655236738
EK202310117387,143.30474828474044
EK202310192216,137.49920370434145
EK202310122067,150.60396406843802
EK202310224886,131.68365904767802
EK202310234937,141.04369228949295
EK202310196488,145.0322045402484
EK202310140986,140.70263869505055
EK202310104819,141.90738752462238
EK202310192016,156.46506357209122
EK202310230705,136.91199355376662
EK202310191079,156.8614707183499
EK202310224030,150.70770680993547
EK202310116108,135.45525848399402
EK202310216944,138.28188672397994
EK202310239270,141.09063385263437
EK202310179674,145.4827519145696
EK202310135614,148.32437248491073
EK202310196625,136.75110471989103
EK202310244109,147.56208765428184
EK202310211711,137.214470496792
EK202310175336,148.0236925906972
EK202310155402,136.27902319760017
EK202310110776,164.25774490684742
EK202310246416,140.9117985505286
EK202310180852,135.2959397897838
EK202310173163,137.51331892600027
EK202310146639,147.53080727340517
EK202320007618,146.2181235173001
EK202310245395,142.1843191235693
EK202310175505,145.18733670187441
EK202310196444,143.62006294630285
EK202310172044,140.9524843385505
EK202310140972,175.84221282894572
EK202310236512,141.50916613153416
EK202310141653,151.10100797735754
EK202310236235,145.64843070903024
EK202310111947,138.19728108868526
EK202310129970,133.29012852098288
EK202310156921,148.50805268287962
EK202310111882,145.62775456523457
EK202310142671,146.53742173448936
EK202310225816,145.55184548021268
EK202310129016,149.5193939181308
EK202310216107,139.46950992474598
EK202310192345,138.5467280236219
EK202310115608,143.3202150095976
EK202310218293,144.43951779319423
EK202310105946,133.29826915220713
EK202310194919,141.67665592538194
EK202310138207,133.2722922774077
EK202310199908,142.21159597386418
EK202320006707,145.26274297976835
EK202310162516,148.3477505517978
EK202310121312,137.35372033322295
EK202310240696,136.4708916163467
EK202310124904,145.92530328590186
EK202310238291,144.1573844363757
EK202310127974,142.0365219944146
EK202310136024,171.76815945280487
EK202310187265,134.76982332087397
EK202310108072,127.79743505282595
EK202310240013,146.37994234958668
EK202310212042,144.0433805788755
EK202310237376,146.9244432250583
EK202310220612,133.5882746098038
EK202310194509,146.529859490636
EK202310209569,143.27565852834937
EK202310114438,136.62848097928716
EK202310132881,144.9976512424831
EK202310175705,142.14389203032573
EK202310004055,149.26998761375947
EK202310175229,147.74663127510573
EK202310174345,145.9105130280984
EK202310212490,136.54480096801396
EK202310136810,143.30977665014544
EK202310157304,139.77811374143369
EK202310169599,132.7511526954129
EK202310107717,149.12371903309798
EK202310105279,148.24605955798356
EK202310110848,140.96502278364397
EK202310178772,165.69767802788297
EK202310245828,127.7560358317236
EK202310219817,142.32463078585087
EK202310200575,146.46325158666656
EK202310105122,139.9633247626325
EK202310162052,134.40298505884658
EK202310150697,139.32036315962617
EK202310158553,143.55831365528852
EK202310210487,143.4155239920298
EK202310219594,133.03301512432586
EK202310234064,150.8353211507573
EK202310147076,150.5941292246429
EK202310168891,158.37530552361736
EK202310230477,168.12296341424357
EK202310151700,148.52350226215043
EK202310105830,153.66013123712423
EK202310150350,142.90895748930802
EK202310221753,134.17460475880188
EK202310117832,134.23556952726946
EK202310192005,128.75809113861928
EK202310236133,145.76614032355985
EK202310128003,139.44810468397253
EK202310192879,150.29893880297126
EK202310127978,135.3842193142476
EK202310145508,136.5811906097737
EK202310112586,144.1573844363757
EK202310241863,168.22242153087802
EK202310221932,143.66340446439384
EK202310132949,140.8433900842499
EK202310223688,172.9993010537249
EK202310143982,138.37655277899648
EK202320006378,145.85954068170778
EK202310104123,137.15124017703027
EK202310185565,148.02430254790622
EK202310229086,137.73452407588795
EK202310133226,146.51854334954265
EK202310118081,144.58569789817983
EK202310150049,147.2833186511288
EK202310135400,136.4700791708309
EK202310116088,140.3477470705511
EK202310231696,134.69948629737726
EK202310146749,148.29736293124535
EK202310111238,139.87515850778476
EK202310191666,156.6975721104897
EK202310135953,141.7052762078114
EK202310161122,154.46265248875775
EK202310228253,138.81224209019481
EK202310153608,152.19776748799597
EK202310138495,169.0056114944518
EK202310145050,143.64529375606267
EK202310206747,142.63384570355234
EK202310203488,160.7206130122568
EK202310183419,169.31316417417833
EK202310129584,143.0039430484276
EK202310131950,133.40495218706536
EK202320006497,139.33579622061592
EK202310158313,146.61676489010662
EK202310156450,139.94630610706406
EK202310206931,162.22734616363547
EK202310224192,141.41905284022093
EK202310181248,139.16287680832863
EK202310139477,138.27510906807072
EK202310106863,139.24960597266505
EK202310113902,144.8005584077199
EK202310177431,148.36705682480854
EK202310189561,145.4778866965301
EK202310206223,131.15996443030528
EK202320005580,165.20211540599925
EK202310240584,140.35747735399514
EK202310193474,135.8956325427858
EK202310106515,146.57070608211106
EK202310134230,132.49988658855014
EK202310184191,143.3756148845827
EK202310120682,137.51015006956797
EK202310169684,125.87734708420999
EK202310119557,146.8946454285712
EK202310126983,140.23157710883495
EK202310167903,143.15830556857244
EK202310133442,141.0353396765609
EK202310210959,142.26301195061004
EK202310212306,137.1622200910268
EK202310230307,137.07110086859007
EK202310212565,141.4933568950533
EK202310192899,146.10613154876648
EK202310170190,142.5190747012441
EK202310153027,161.57493852362148
EK202310114380,147.66913101902517
EK202310133567,159.324138674537
EK202310214756,142.97166148705304
EK202310114168,144.7142113547231
EK202310217065,154.0788092604487
EK202310169361,143.81345580462246
EK202310165708,145.8261013689722
EK202310228615,127.74962414268498
EK202310209019,165.4061430600802
EK202310132985,122.8156835573262
EK202310110233,113.4327900814181
EK202310143464,129.673152178031
EK202310136141,136.4019024673283
EK202310226017,148.40664561176257
EK202310155663,127.34549590052163
EK202310195009,146.34051787956614
EK202310126196,158.85741543700325
EK202310108026,153.7812568107209
EK202310172643,141.0627996800444
EK202310153423,134.1478367150819
EK202310243003,134.81989105875505
EK202310153678,143.24321081007466
EK202310169206,149.19960918202986
EK202310196881,141.49619889500912
EK202310247696,143.24461906777668
EK202310160692,136.66414478051007
EK202310157186,167.09174352968432
EK202310156752,124.56824222216932
EK202310114419,138.3675050237973
EK202310117232,145.90124658676194
EK202310221881,138.49923914962744
EK202310202289,133.73963026269487
EK202310221155,138.37819661147395
EK202310197000,156.95930300256873
EK202310183680,138.41757229524742
EK202310166065,135.19204980204498
EK202310224104,125.77955862101334
EK202310198490,143.25633866758793
EK202310185320,146.51854334954265
EK202310112969,150.8740346059054
EK202310122531,126.7888129294314
EK202310223294,154.80950498142917
EK202310243257,144.60692246525593
EK202310227369,159.13742876478238
EK202310132379,136.9210429468408
EK202310207889,137.49379050597096
EK202310155220,133.8210029379381
EK202310149989,153.5903121985128
EK202310116304,144.38231336874523
EK202310207654,158.19960784385236
EK202310233148,136.98578202173655
EK202310133990,161.8433115861386
EK202310131881,146.245585768819
EK202310147674,161.0875286096828
EK202310161848,151.71774523617688
EK202310113742,144.41038161907736
EK202310107292,135.99605189709683
EK202310157457,140.10288034945742
EK202310159983,135.35362703721006
EK202310222436,123.35307567162545
EK202310116722,132.23873726109764
EK202310228029,135.33722648281616
EK202310226778,136.91442625449469
EK202310223904,128.10298739603078
EK202310205019,148.86453655236738
EK202310119364,141.07015380437775
EK202310003651,143.60509888370035
EK202310212861,131.80310385951518
EK202310110710,153.22930413726664
EK202310131651,153.67840264725933
EK202310144906,136.4517931239328
EK202310188544,151.0151400833668
EK202310133839,160.579479893032
EK202310118694,140.90944621431547
EK202310110720,129.3228802412476
EK202310128544,137.40020497623618
EK202310193628,148.38587420545443
EK202310148648,152.4191266124956
EK202310153778,143.05295000619736
EK202310188918,145.7801855874538
EK202310126546,147.9571275717734
EK202310214084,150.1855116833141
EK202310191915,146.26299534086078
EK202310230973,143.79257816984534
EK202310220076,145.73523884837968
EK202310198281,126.81462645449298
EK202310210973,136.66124633464975
EK202310116202,142.3947601481913
EK202320007382,155.34361241884417
EK202310140017,123.84288229267932
EK202310235458,140.0209541773936
EK202310224553,136.46431324998719
EK202310131411,137.9863485308831
EK202310172944,147.4970746881692
EK202310187715,150.32378988268385
EK202310117160,142.28454911368442
EK202310223783,138.78403395526155
EK202310208505,138.31297236904595
EK202310177144,147.09661770284123
EK202310141554,138.97566061312656
EK202310153806,146.19736287988204
EK202310178651,131.43734987250792
EK202310207053,145.68271615911755
EK202310121285,151.6575102316523
EK202310129917,131.76950519150685
EK202310178974,139.18984878825324
EK202310139959,139.73489919970345
EK202310240930,150.52097322193353
EK202310184143,148.29228743859716
EK202310141627,139.07670220298002
EK202310248495,147.71788221014586
EK202310210251,141.57770889311396
EK202310181393,142.36612599655655
EK202310203408,143.4768954974661
EK202310210221,138.34845167228158
EK202310153228,135.20981386196055
EK202310181161,139.22930189301724
EK202310122291,139.97702684621618
EK202310219649,144.51718190708365
EK202310108802,144.6509301648459
EK202310147915,152.27002076224994
EK202310219111,131.51938785521463
EK202310004516,145.7451319621364
EK202310187796,140.31237947111882
EK202310152632,140.88848800837405
EK202310234189,135.02257497616475
EK202310248401,132.20640003961475
EK202310198077,144.74476813174482
EK202310182281,136.829092703312
EK202310173305,130.84796566962044
EK202310191194,147.7069168501365
EK202320006641,162.77991273589552
EK202310187839,147.58025109246964
EK202310166786,153.84650329371826
EK202310104248,149.768044175842
EK202310140808,145.5952944143175
EK202310154881,145.57137393588835
EK202310158734,148.69440505424672
EK202310198034,135.9675334067292
EK202310210288,136.649516199492
EK202310115555,152.4123791009205
EK202310122253,143.8939652045893
EK202310208001,142.3720600971103
EK202310247301,154.08970218865218
EK202310158412,135.22895024621067
EK202310133516,125.22642302009373
EK202310199724,146.07240343483255
EK202310203434,139.22825517175752
EK202310149601,149.50640325206632
EK202310207662,135.8839005664524
EK202310155823,153.90702198526694
EK202310155070,139.6923544849512
EK202310003692,153.93011090001391
EK202310112220,143.74842492258261
EK202310210474,145.29722912216468
EK202310174563,147.52953025870565
EK202310178481,158.33732297463467
EK202310161746,140.7058700913187
EK202310184759,142.58219207942764
EK202310214382,167.46975711840685
EK202310220383,137.71292212627813
EK202310181896,149.80782789388658
EK202310109101,154.74340153174685
EK202310111874,143.75457471405275
EK202310239939,143.3531669274869
EK202310146648,124.69673265224894
EK202310147888,147.4208980962117
EK202310228585,135.8701324679911
EK202320006300,168.4028565264541
EK202310157823,126.19345783599312
EK202310175416,146.81704394384565
EK202310191246,148.42153404500797
EK202310241025,137.08550828094138
EK202310175713,135.3650769700632
EK202310165199,143.13719035308776
EK202310229611,136.9383942904636
EK202310167463,160.3383619116351
EK202310125411,138.79172317087819
EK202310247310,134.74336402482933
EK202310131556,152.91304219700797
EK202320007526,148.8404871954615
EK202310109396,146.6218780695352
EK202310243612,148.63064757874488
EK202320006821,151.63469921970733
EK202310191818,149.83554432859586
EK202310206573,134.04677071007512
EK202310176203,157.9973287142228
EK202310113063,141.8531147284049
EK202310152411,149.80989436374895
EK202310186297,152.88144112161828
EK202320006177,146.1071025356523
EK202310184504,159.66269045282857
EK202310118343,136.84885804795704
EK202310166342,158.6275532627804
EK202310238948,166.23269386584113
EK202310226471,135.1524840761915
EK202310153486,137.26035189837654
EK202310146780,141.10330782706507
EK202310129676,148.24605955798356
EK202310230251,138.41910466059562
EK202310227178,136.88436491080617
EK202310148962,147.7685613872359
EK202310235140,149.25711825807798
EK202310158736,147.595087634893
EK202310208299,147.390415467156
EK202310205311,144.17980640326303
EK202310140268,132.57750279009917
EK202310158411,148.01251566343217
EK202310120168,142.68304894654307
EK202310120164,138.60596948123236
EK202310191318,141.05180964705372
EK202310124551,147.1531979214485
EK202310133393,132.34520825451267
EK202310244048,142.88575680990513
EK202310209487,143.17409065197342
EK202310130550,133.842392089001
EK202310134976,155.2951722674915
EK202310113614,129.3749762485184
EK202310237767,154.7054569249729
EK202310120386,142.48498750336677
EK202310190693,148.19612638076995
EK202310158340,134.67012810231944
EK202310185631,138.74100306468358
EK202310193894,139.05219098667575
EK202310232391,130.04893095202598
EK202310129047,149.5193939181308
EK202310187052,137.98337139599954
EK202310174623,142.6668742590966
EK202310149978,149.59550575243622
EK202310238712,134.8727930000999
EK202310172389,160.69419006340254
EK202310187833,136.95380700399073
EK202310238335,162.8674590230987
EK202310232031,153.88278603657577
EK202310224185,147.5584324338015
EK202310166575,152.3955340355618
EK202310119974,130.8047768899022
EK202310195917,137.54911562337028
EK202310174762,153.73398175461
EK202310237282,135.76405702387385
EK202310112142,148.43624872936698
EK202310107661,149.85331049135763
EK202310197179,155.33291035583153
EK202310154174,157.75856980911357
EK202310241892,137.36886429937027
EK202310178171,140.03443064083933
EK202310134220,155.24611428816903
EK202310200711,144.4109060833142
EK202310190031,163.07643332012483
EK202310215938,146.8029627610163
EK202310125861,141.17067350034995
EK202310143873,149.56264562358368
EK202310165035,156.77939161613853
EK202310157391,142.2652032623731
EK202310216624,139.67580567256522
EK202310136516,130.3070836339679
EK202310175267,173.12199170109977
EK202310139527,144.39885758962023
EK202310145890,146.35938038720064
EK202310207934,143.00716970734518
EK202310216534,146.83652355334326
EK202310243402,140.65465137732323
EK202310125822,140.49314476853664
EK202310210671,142.14706657888962
EK202310118842,140.33065751685157
EK202310242780,138.5140993559095
EK202310183963,143.9682223253271
EK202310192132,143.53602291413625
EK202310158172,153.0985546720912
EK202310107920,150.7267323947524
EK202310116588,146.89395979838508
EK202310157004,146.50479541728708
EK202310203397,160.76774407108883
EK202310145727,171.24308643839524
EK202310134294,151.1084000999223
EK202310161573,147.60452838250882
EK202310163914,146.14689376971268
EK202320005749,140.05702173020035
EK202310004457,153.487953670071
EK202310198895,125.46647815068673
EK202310200079,140.99863554417752
EK202310236220,140.9591395038602
EK202310167195,146.73552521136338
EK202310190621,135.5680394801165
EK202310126857,145.85954068170778
EK202310221597,143.80637660599297
EK202310139743,148.5159323121834
EK202310173860,140.25923634888161
EK202310212130,132.33900122964678
EK202310238113,157.5097221955614
EK202310232782,151.11121823458026
EK202310231990,163.01755524390273
EK202310154189,140.44640688084115
EK202310111012,142.95051512373183
EK202310208334,124.38054106331543
EK202310222126,135.67802841400646
EK202310206217,130.78443916805912
EK202310185801,129.61635271166327
EK202310207901,127.54386306332096
EK202310121054,145.92397693610982
EK202310188410,148.66487382145255
EK202310203904,132.8927060168346
EK202310230514,132.93573782382245
EK202320007184,149.3969128792696
EK202310196925,158.97826580244038
EK202310201983,139.73474177159042
EK202310242071,160.0868654495302
EK202310242487,139.66450622067754
EK202310174134,176.61875086922691
EK202310221304,129.5093695551704
EK202310146366,132.7168275097215
EK202310242718,134.59711873101833
EK202310158582,148.42444951122667
EK202310182050,152.63079556426933
EK202310110321,138.13791461753647
EK202310126720,132.03601725683131
EK202310145134,151.33565506049095
EK202310134228,150.31491257555572
EK202310151176,134.03919105588867
EK202310159471,129.46490214712753
EK202310197298,141.89741942518134
EK202310114442,147.19534634304316
EK202310216170,133.23005712255951
EK202310126914,134.09708876884437
EK202310160897,161.15665516602084
EK202310241296,144.05558801530307
EK202310145492,128.62061100718944
EK202310142012,164.9160363267181
EK202310141538,143.14145405116906
EK202310154638,149.0084424310184
EK202310238848,145.18713063999343
EK202310139821,134.43129869645531
EK202310108173,145.76614032355985
EK202310119610,133.51159120557966
EK202310242565,147.25578066518324
EK202310186446,152.77075424260389
EK202310144153,145.93409949008588
EK202310234883,140.32885969614944
EK202310124017,161.70290457118566
EK202310163758,144.11344261099475
EK202310203597,147.51178086334195
EK202310104417,128.20340444923937
EK202310202155,151.13782362910175
EK202310245823,134.35574710068008
EK202310203079,129.18054953130036
EK202310161636,143.95138697874776
EK202310144165,138.22162078801716
EK202310204775,130.37062507024538
EK202310167770,168.27924239868133
EK202310215963,153.63731499826696
EK202310133633,136.74008009319812
EK202310214866,129.0592556993964
EK202310180646,152.72943856259334
EK202310167541,142.69050693192048
EK202310136641,153.77152718820878
EK202310148939,150.1230708120528
EK202310103722,146.06857920085739
EK202310179303,142.82105372856523
EK202310200620,137.6655950458833
EK202310125714,142.4628926763445
EK202310204522,148.2547188439274
EK202310150835,137.08528280943742
EK202310130780,138.6283016563072
EK202310105814,136.99703282526977
EK202310172033,139.5435305682671
EK202310201852,146.13242621548167
EK202310148715,141.58989978487975
EK202310221644,131.90341066011788
EK202310114274,145.02891911057606
EK202310178264,154.03881470410863
EK202310164025,150.00796526000303
EK202310204651,147.65364326060035
EK202310141344,151.50448297176175
EK202310185886,169.67379475065962
EK202310203443,149.3597310106811
EK202320007693,152.95278237797245
EK202310236673,141.5343946160066
EK202310205537,161.6420925333525
EK202310215661,137.66921252880041
EK202310116840,142.55907594403556
EK202310179840,143.1997719824228
EK202310178802,156.846492424213
EK202310124043,146.4495146685507
EK202310160029,139.65912934200594
EK202310166756,156.50553011308625
EK202310234362,132.28033827838195
EK202310130046,129.36257723835828
EK202310175285,137.52937835615398
EK202310155324,145.51943595978264
EK202310110760,135.37015608428104
EK202310167871,140.70186442929176
EK202310111911,141.53687502147713
EK202310105964,134.90596261502324
EK202310187240,145.58711333881607
EK202310228002,145.92127167010648
EK202310202448,159.97741870561194
EK202310144304,141.17708375690486
EK202310132248,152.6782778182405
EK202310200767,137.11398520981393
EK202310246600,127.79899713759441
EK202310156024,146.33595431444857
EK202310124951,130.3674075028159
EK202310127803,108.69655511309345
EK202310212512,144.11564712678944
EK202310237901,143.06656576931235
EK202310123799,131.8564352336226
EK202310122255,146.6373036707994
EK202310140607,134.8944060891625
EK202310214168,163.00168572481124
EK202310205290,139.50193110997216
EK202310201590,135.9788338338596
EK202310246716,146.94884091479761
EK202310211043,135.8075198054952
EK202310245155,135.50081186496408
EK202310146684,151.4983472693103
EK202310224856,163.10136702939306
EK202310149244,144.23413084441964
EK202310130714,124.57300646515976
EK202310185702,148.74538650678966
EK202310105075,136.18571012464776
EK202310103937,150.59593840994154
EK202310219458,139.83406788530837
EK202310220878,136.18478218435962
EK202310114846,155.91630375269193
EK202310165810,130.88074841291896
EK202310188784,145.7941854075697
EK202310119305,133.53472284797098
EK202310142173,131.25675355661602
EK202310218752,140.99480498575588
EK202310191456,151.21971448466658
EK202310110108,137.27314817215594
EK202310159818,160.52493569794112
EK202310151468,162.06848733748697
EK202310107315,128.4093864788931
EK202310200556,145.295369458484
EK202310217485,148.74291665736348
EK202310206013,133.59323161913315
EK202310004134,141.6234477278812
EK202310124207,145.55167689441754
EK202310216869,142.3199382557181
EK202310112622,154.92462339700268
EK202310239660,140.3349450137991
EK202310236964,137.31179938200756
EK202310182396,143.84797507220068
EK202310213788,150.14259634685015
EK202310193031,163.92839611655407
EK202310181134,139.5099735859432
EK202310232914,143.7277336922294
EK202310229534,140.61246973317077
EK202310187612,139.99987395845218
EK202310186706,143.26158696940186
EK202310146528,151.79306774981194
EK202310201671,133.3415434639897
EK202310155878,148.12828655916903
EK202310186935,133.3059727050495
EK202310165048,135.11285385341859
EK202310214244,154.90088821973853
EK202310003448,144.01430521056352
EK202310237813,133.31717505954688
EK202310229380,131.47219402589556
EK202310136410,128.87039717012559
EK202310181792,137.06724953651283
EK202310174073,149.25924534044185
EK202310230921,136.738322914051
EK202310131346,140.47349052158447
EK202310167144,160.8561867130087
EK202310198792,135.492212808451
EK202310230863,142.15595664627728
EK202310116803,137.3628885957156
EK202310161651,160.69419006340254
EK202310140098,131.54167903839263
EK202310147311,167.43506892174128
EK202310228798,130.43109361744678
EK202310166857,160.9143730464808
EK202310204207,139.79835413755518
EK202310181214,145.9268611423996
EK202310163102,143.83825072893592
EK202310132529,141.23771563350002
EK202310194194,140.64339609022133
EK202310185194,143.50566423778088
EK202310139315,143.40060643255603
EK202310133963,166.44165934015865
EK202310107375,131.74242729466678
EK202310183190,138.9079857462496
EK202310150967,138.4540091640127
EK202310235477,135.11428479697165
EK202310231329,136.95449019830235
EK202310151218,141.39794987842325
EK202310117961,135.10872873137689
EK202310115637,136.10917083994002
EK202310148316,146.69180850864615
EK202310189439,167.2073894475422
EK202310183291,168.52211437910856
EK202310180341,159.83967358180698
EK202310195359,133.42039062594225
EK202310168437,154.35994653271777
EK202310239724,142.4213817004844
EK202310120281,146.27725587067974
EK202310154084,145.39963342272628
EK202310202226,140.0268259245687
EK202310211847,127.43180076385416
EK202310225040,147.74663127510573
EK202310148021,135.7672356844451
EK202310219384,141.0536022976955
EK202310189651,154.90821103664524
EK202310172718,136.46215306768084
EK202310154499,141.0719636993847
EK202310199387,160.377301418141
EK202310109346,146.1838523342422
EK202310151918,145.57697821251125
EK202310138435,130.10317105040707
EK202310208281,141.3532921281469
EK202310144236,138.53486645004395
EK202310169290,137.41974554497943
EK202310120393,140.16289208829033
EK202310183688,142.3217280600532
EK202310192046,132.9946223552114
EK202310141942,149.85354863796823
EK202310120519,128.79402402887234
EK202310226413,139.19477696756525
EK202310177117,147.46353612176915
EK202310217940,141.8764367588475
EK202310170501,146.51854334954265
EK202310223357,154.27181164833155
EK202310245835,129.54426483289288
EK202310137793,140.62234886027105
EK202310174008,145.63099688697702
EK202310209155,134.44446850081965
EK202310177866,147.94296258968072
EK202310137396,142.10796399473574
EK202320006094,139.08149540420098
EK202310237036,147.0365086721361
EK202310177476,151.02097286144934
EK202310218927,138.19119974818202
EK202320007708,160.09486979494153
EK202310150749,143.3745040741851
EK202310226921,145.327749493362
EK202310134168,151.88944602232
EK202310198694,161.07100123308098
EK202310153758,143.84717747841836
EK202310164887,147.0888157215824
EK202310235542,165.03733401484652
EK202310175801,139.17150774331233
EK202310201383,149.98834281271144
EK202310003604,151.80813417448914
EK202310132259,165.51508347364617
EK202310223451,146.05382089891273
EK202310232766,154.66207578952262
EK202310162702,134.8326373211543
EK202310191785,135.2875471974398
EK202310222647,139.08618095816792
EK202310120606,129.72578635717014
EK202310196738,145.97602710163022
EK202310167031,148.59050296817978
EK202320006878,145.24935432299026
EK202310128617,150.88925353226946
EK202310156730,138.89283569718404
EK202310154328,120.81200571349659
EK202310199723,159.3862985150911
EK202310204015,151.20657523514373
EK202310165125,140.77123655314526
EK202310128837,147.31124061653438
EK202310109283,144.11635534227827
EK202310140754,158.49648593697668
EK202310133445,155.08812383437996
EK202310215163,148.04696981057992
EK202310152379,152.71740436638726
EK202310222153,132.72857163069975
EK202310168369,130.70059058798768
EK202310146927,135.0417407468495
EK202310233613,149.87762041232205
EK202310194475,133.22212078549828
EK202310176902,138.59744975448203
EK202310109845,137.10560949641274
EK202310143688,144.32738211292968
EK202310223718,143.70067494892928
EK202310114527,140.26366252422594
EK202310120556,138.93887493602142
EK202310228552,134.12729036545838
EK202310149970,149.18129665387457
EK202310199626,148.0955558815854
EK202310214977,140.0969607372192
EK202310184953,136.06770132811684
EK202310004437,136.59657143188144
EK202310213912,156.80596350640903
EK202310151119,134.91087692002912
EK202310171466,122.36439013652212
EK202310152063,147.1463082578529
EK202310137186,157.09315486597234
EK202320007104,142.23721494719487
EK202310202185,151.36424430092006
EK202310226204,134.42348751508138
EK202310189423,145.02138916083496
EK202310192491,140.84302042499738
EK202310187212,149.18264132868694
EK202310192179,151.42865671976224
EK202310126111,127.54969761845237
EK202310175586,146.5582923799086
EK202310194758,153.8315682106698
EK202310214384,153.89401561861908
EK202310179433,148.73252478653845
EK202310118937,136.78090125627565
EK202310230656,150.28139154439208
EK202310212922,149.78036937617387
EK202310223591,130.5117808839856
EK202310182731,151.1850918652086
EK202310197092,140.88452932715094
EK202310188601,143.146140815548
EK202310185962,143.71135693948418
EK202310154873,138.2960361867285
EK202310140333,138.79438416158297
EK202310239540,144.43530771997447
EK202310207256,127.84332685506807
EK202310193996,149.13659614634756
EK202310196769,146.18841333777593
EK202310123958,139.9716498800442
EK202310240085,139.4509375906617
EK202310246484,131.6664471261674
EK202310147689,144.0176207215715
EK202310189701,146.58430931957017
EK202310237575,138.47979573458744
EK202310219357,137.81536440006886
EK202310120804,128.19442280397084
EK202310125732,138.28092668723116
EK202310167873,134.04563889833003
EK202310247821,142.46224240716808
EK202310206331,168.99223925713494
EK202310131746,146.60933824530903
EK202310125465,137.8665025830638
EK202310137591,136.63400709162516
EK202310146755,148.77423480418196
EK202310145331,161.78695137628992
EK202310126909,128.25395402715307
EK202310176521,134.8582300839265
EK202310160650,142.97856540629812
EK202310114819,124.98839741743807
EK202310218236,152.71740436638726
EK202310204841,141.4844685162949
EK202310004910,135.93766172039562
EK202310146653,139.43403480257257
EK202310188782,127.55553755035879
EK202310125945,139.70842964499525
EK202310176437,146.3943227749812
EK202310193288,128.6067344523869
EK202310178658,151.1086484792031
EK202310150054,140.26232241299866
EK202310142919,150.8181535653662
EK202310222262,133.67850080955336
EK202310235742,164.7586835841531
EK202310113166,148.29635868734567
EK202310224000,155.4552591809024
EK202310198993,139.2270281366372
EK202310228553,138.97618416518756
EK202310190794,141.95231264955535
EK202310201535,152.96652065277777
EK202310165775,149.41102451408483
EK202310173099,130.35486913379947
EK202310152431,159.8914867796308
EK202310232652,161.50105709269826
EK202310182578,135.00814917413382
EK202310176081,148.9202916403579
EK202310168495,131.09367412302151
EK202310243081,141.50164560861413
EK202310214666,139.49495918295793
EK202310173376,132.08723270485618
EK202310185049,148.52664041007728
EK202310151788,148.69259093523115
EK202310142398,148.99456384836603
EK202310191734,152.62151491960967
EK202310185366,138.60459110910196
EK202310110653,128.66401436672882
EK202310197984,142.85222234449148
EK202310212461,132.2599073584416
EK202310220987,137.13363330240995
EK202310114458,136.08977457468652
EK202310167289,141.4983001968988
EK202310178582,146.25854070715286
EK202310135726,145.86622653524785
EK202310208307,131.73008339781342
EK202310186529,155.5849389160744
EK202310163685,135.80229997281734
EK202310204304,151.3599480500319
EK202310174269,133.7895401431976
EK202310169002,141.5197578489596
EK202310195183,145.37264191718822
EK202310172158,149.9639503406734
EK202310195251,145.71322331898398
EK202310217760,142.22262363723468
EK202310233545,131.35404919166982
EK202310146187,137.35372033322295
EK202310201834,148.54818860690253
EK202310172626,150.46318396797108
EK202310173313,138.88175600536547
EK202310151898,156.98635818683746
EK202310112427,134.09522057239175
EK202310202848,151.94810177996598
EK202310106441,147.68869322104766
EK202310200903,138.2118300961808
EK202310211769,127.5741458147614
EK202310210065,126.70312725005994
EK202310243416,143.04060902008078
EK202310178697,160.80042364816768
EK202310161358,139.2886750145066
EK202320006190,144.03242499132622
EK202310180462,144.24390231353797
EK202310162539,147.80097286544301
EK202310148977,155.4257759537324
EK202310194237,138.800637963416
EK202310223514,143.09322440347904
EK202310162269,144.70316677557227
EK202310121844,132.7539044320476
EK202310124866,144.36450736595552
EK202310107700,155.1325330391657
EK202310221161,136.00611941150015
EK202310245562,133.20860864983717
EK202310179235,124.38681733448199
EK202310124532,143.21089783040978
EK202310128389,145.99199467638365
EK202310129800,154.45974929468832
EK202310207578,147.26040539804725
EK202310193457,150.1034294347477
EK202310206549,134.6791460928483
EK202310192075,145.1664593114865
EK202310234817,141.3692196558695
EK202310152042,134.26715049152904
EK202310199732,153.52223302455934
EK202310106385,156.26873935475763
EK202310232034,136.5168645589889
EK202310225160,135.43869508125184
EK202310168514,167.23253204159073
EK202310196347,144.07382995300242
EK202310132598,142.32745678938957
EK202310193609,145.47139632195118
EK202310112508,145.28897496993233
EK202310155472,144.59107004233712
EK202310177321,135.2978018358904
EK202310128022,146.38083866884523
EK202310206990,134.36540954109697
EK202310142239,143.70497389551335
EK202310129832,147.74514531620636
EK202310213810,148.39109275106057
EK202310198404,148.24019586836496
EK202310003754,136.64911687262068
EK202310133307,144.70298373745572
EK202310155718,149.860616122793
EK202310124975,150.23664522371988
EK202310238569,141.06586750379395
EK202310155626,144.69421199261882
EK202310109451,145.95239231655984
EK202310156701,126.3030090672694
EK202310112702,140.8366262389679
EK202310219593,133.28146661602926
EK202310236091,135.12194379251545
EK202310109465,134.1828276883928
EK202310239232,134.02456492650813
EK202310153092,134.8265365621003
EK202310142926,155.52538079252537
EK202310195282,160.31830819979535
EK202310144631,147.57470466665845
EK202310158174,133.23610062270896
EK202310130498,157.34229871713012
EK202310152250,143.2295191484634
EK202310154816,144.58405309412237
EK202310187452,143.6934647894701
EK202310130712,134.5246575069636
EK202310225931,139.13440730288866
EK202310212154,144.20966645260646
EK202310180982,161.65474752736696
EK202310187065,131.89858212371038
EK202310231143,134.08880662604355
EK202310244459,127.44747291427821
EK202310117863,139.16287680832863
EK202310104458,139.00268197367888
EK202310228846,136.4206802397428
EK202310129898,140.098419546042
EK202310160315,149.328891233833
EK202310146629,143.18444155009772
EK202310166930,164.2600884248367
EK202310242374,152.70758690023726
EK202310210376,143.0975866969452
EK202310197387,143.1871199555593
EK202310136364,138.47161381550424
EK202310204149,144.55504839238108
EK202310107806,150.4097145475419
EK202310233474,137.16769610759457
EK202310228559,142.3217280600532
EK202310138215,128.21379778766465
EK202310143063,146.0484009618088
EK202310157985,142.59659108791874
EK202310190599,135.44493622804788
EK202310114903,139.0260359550594
EK202310133276,136.13977341435444
EK202310132588,136.7099076275437
EK202310004157,149.06404144919074
EK202310152358,155.3655795763335
EK202310111141,156.5713558254538
EK202310200435,138.63650381269022
EK202310204982,137.75113334403292
EK202310212495,130.7337279367396
EK202310183601,148.42444951122667
EK202310214375,155.6299115427473
EK202310210198,139.0665031806362
EK202310167063,156.4362636608831
EK202310149576,139.6513325198808
EK202310132215,141.03472106967985
EK202310163904,153.25822763130557
EK202310200956,149.3320018484691
EK202310180120,148.30115914361542
EK202310121104,146.02440168253153
EK202310203655,151.6513063354548
EK202310194561,146.474928458203
EK202310222799,134.66021771272548
EK202320007041,137.35372033322295
EK202310119052,146.31812371629584
EK202310137233,152.18163395863385
EK202310187775,149.63332874444944
EK202310232434,143.50496178451345
EK202310205717,146.5263268824303
EK202310221339,140.8201993163912
EK202310123835,153.33934966244573
EK202310232532,143.04813249482854
EK202310107165,140.26026382459273
EK202310203436,142.87555477994704
EK202310169851,139.99055460380148
EK202310193274,158.35044752441453
EK202310151878,136.89335293632325
EK202310180128,137.52175467164565
EK202310150220,138.95237658422656
EK202310187751,142.71451385319185
EK202310162881,147.37488788917446
EK202310192822,144.3786336592843
EK202310195620,139.16287680832863
EK202310135344,142.90939999192517
EK202310190721,144.26803526819054
EK202310121180,143.91682798247012
EK202310197995,153.86646858895384
EK202310238294,139.78073353978724
EK202310181201,145.65941968826715
EK202320006195,144.36450736595552
EK202310144714,131.52231585925597
EK202310174694,165.3991407692884
EK202310130143,147.3406629170039
EK202310213402,134.83987567064926
EK202310164458,149.93717375856414
EK202310138233,149.64984436245672
EK202310196325,143.88912504402708
EK202310230287,130.73087457914335
EK202320007443,150.79485146889945
EK202310237310,145.7072095250143
EK202310188028,157.41285963425054
EK202310221385,152.17262414726855
EK202310201433,144.6697493818323
EK202310210894,137.63065840376638
EK202310144757,141.84673262256777
EK202310230555,122.9108841151499
EK202310127197,158.93170063092933
EK202310210367,147.68869322104766
EK202310107406,142.48085159994716
EK202310201552,152.08622479763284
EK202310163315,146.53336771861197
EK202310106204,137.83636516937042
EK202310189865,134.6159631024543
EK202310143319,156.3167270233749
EK202310187989,144.88435326695662
EK202310204280,146.35364333408864
EK202310166053,150.36445532776915
EK202310179719,148.39935883070697
EK202310119334,132.59181186896396
EK202310212088,128.37522276648056
EK202310123364,151.7653722184458
EK202310235184,150.95401443124146
EK202310150098,135.5998996275622
EK202310219013,133.23610062270896
EK202320005598,146.7333783324367
EK202310122400,146.15562557029577
EK202320006069,144.35758116133854
EK202310240606,130.95825880768706
EK202310192122,150.37392676404008
EK202310239991,149.94862722593066
EK202310129077,142.27280299109734
EK202310246377,136.15986982948638
EK202310242482,144.6774768987443
EK202310162862,135.76984226355822
EK202310217556,148.04370195102013
EK202310136375,147.05537090578576
EK202310193072,149.67920299167147
EK202310232709,132.9866924199376
EK202310137784,141.28656387832916
EK202310195933,139.83811701917787
EK202310190342,129.5120680594267
EK202310128675,145.85954068170778
EK202310156867,132.85326385680634
EK202310148670,131.27166057611217
EK202310176460,136.4231462852264
EK202310129961,160.1150124236271
EK202310146909,131.07906122757865
EK202310138497,153.41435678632718
EK202320005583,138.0942424627707
EK202310139679,152.40133966799317
EK202310138331,142.17598472221874
EK202310183937,155.04784388295548
EK202310180455,144.16420704319376
EK202310197763,138.07573569042032
EK202310196627,157.6659747275116
EK202310219790,142.0745580330757
EK202310185905,148.7201834476015
EK202310004706,124.01565301641321
EK202310181268,129.35153956383172
EK202310219922,136.3765207661089
EK202310149625,151.60888521531734
EK202310200086,148.7836341427093
EK202310214446,148.9020796197055
EK202310244555,136.33036288534558
EK202310203678,145.5708600413547
EK202310121725,144.7117820071922
EK202310178580,150.6375868929875
EK202310231258,142.10232628063412
EK202310116413,132.5367039574159
EK202310130519,152.5647814438436
EK202310114605,154.37549577983833
EK202310104328,145.03642801688866
EK202310217095,147.82829398136718
EK202310159014,140.62195634090577
EK202310240255,147.3189788538011
EK202320006678,158.62641201354842
EK202310127358,155.90573673822252
EK202310228371,141.88020780577898
EK202310212880,132.41833982775717
EK202310184252,161.95586371439663
EK202310222457,139.01227888492616
EK202310106525,146.95213332269708
EK202310212900,145.1661054154323
EK202310164200,159.39170030251134
EK202310141506,147.58998374520942
EK202310124179,123.87602029979871
EK202310210747,132.98356599960061
EK202310104325,140.86780192740852
EK202310171837,141.40020917100136
EK202310183388,133.665609709372
EK202310175474,159.06085231391964
EK202310161361,138.45306195669502
EK202310163883,156.6008542718196
EK202310233128,135.50720479142743
EK202310199650,161.11973655980475
EK202310107707,137.65785512786292
EK202310112036,146.9828230844596
EK202310152162,133.41795792521418
EK202310115154,146.2284767556379
EK202310106295,141.5455757043285
EK202310209811,148.6925517182447
EK202310170779,137.03856192033228
EK202310132319,141.34806743168986
EK202310176117,156.62640459825465
EK202310109117,133.37555988562897
EK202310146050,133.41141116388016
EK202310189377,165.31112232192942
EK202310108901,146.35938038720064
EK202310129280,145.80034384085238
EK202310186201,153.47375944955175
EK202310125879,135.50687880983907
EK202310223489,161.0875286096828
EK202310195362,133.8416909441515
EK202310168199,136.67064645465075
EK202310123430,135.72146063125635
EK202310169481,149.5842870656995
EK202310212350,130.20780026852904
EK202310204165,138.33047889836166
EK202310116597,138.59356126575926
EK202310178940,139.64678408114005
EK202310181172,139.39191278819033
EK202310232407,134.15028580020413
EK202310120201,131.59719881692936
EK202310132088,164.68018703983523
EK202310176583,147.05461220428987
EK202310116485,132.57385142371686
EK202310232488,135.60473055722596
EK202310185248,143.36160333632458
EK202310114195,127.71626886933784
EK202310171527,134.3189019183993
EK202310239847,140.9800822642347
EK202310109025,144.43530771997447
EK202310188543,129.3170100808364
EK202310164772,140.87847736522718
EK202310220946,128.10038066191203
EK202310157893,160.2422110075194
EK202310130096,153.1347215107642
EK202310215475,147.85858389743092
EK202310175525,147.73422401673983
EK202310241739,139.40413026500173
EK202310149577,140.86196634481104
EK202320007764,148.7150339954997
EK202310162677,146.5365074289674
EK202310118455,149.0927607265219
EK202310144170,139.69629207733652
EK202310123446,148.57716807887502
EK202310111614,153.63292241189376
EK202310148681,139.27315246693357
EK202310135706,147.25578066518324
EK202310169610,131.40915091619502
EK202310154626,154.52870245860092
EK202310186396,136.11777790587206
EK202310130384,141.71452804352293
EK202310139999,132.02723941585162
EK202310173443,141.55052531946643
EK202310172753,147.09661770284123
EK202310150539,143.80681684192785
EK202310197972,149.9080238016063
EK202310167038,143.01623387464966
EK202310121549,143.6863228501601
EK202310144749,146.51854334954265
EK202310129763,134.58617631735092
EK202310105138,130.6193827512874
EK202310145803,137.3913247266384
EK202310150239,129.5488187491691
EK202310169489,141.0045131532124
EK202310138665,144.24985611204394
EK202310123078,127.4329489170112
EK202310219135,141.5215190358602
EK202310116443,130.72448117886833
EK202310195859,152.5459744015979
EK202310118292,138.85954518158343
EK202310134982,160.49440591531544
EK202310236579,146.40448580946185
EK202310145251,151.7963597452891
EK202310144320,130.1642270260315
EK202310165413,138.488650467421
EK202310164223,145.64118087851037
EK202310178660,157.6069783725679
EK202310152292,151.53354718941893
EK202310232276,141.8959718767719
EK202310227732,139.71262231379023
EK202310155773,137.35940379525178
EK202310188232,157.08614194139116
EK202310182770,134.97640508917343
EK202310202719,143.00522541961672
EK202310138556,140.76755581413371
EK202310239172,152.88773148092253
EK202310151877,131.77618482408295
EK202310116662,146.4100791206086
EK202310206983,133.95299924833682
EK202310161922,143.79902369430127
EK202310116370,126.11936311233055
EK202310216242,152.71740436638726
EK202310223914,143.27077892083759
EK202310183638,139.78383944145187
EK202310180955,163.25728078622853
EK202310135432,143.95719237993626
EK202310220264,128.49212744581789
EK202310241824,165.07700582950778
EK202310175340,147.54761247561055
EK202310123572,131.80944656856715
EK202310228745,137.59220282734094
EK202310150402,147.122082874768
EK202310123048,135.91965237519108
EK202310245625,145.57595564999866
EK202310004596,145.42624917454663
EK202310187568,143.39435770102924
EK202310004796,143.04465777103033
EK202310206482,151.0685979972718
EK202310152723,154.0594941591538
EK202310144324,150.86068044732448
EK202310182703,157.93455988782756
EK202310207031,148.3477505517978
EK202310224829,133.35054342378902
EK202310194916,142.78173756586438
EK202310158171,161.8686088781516
EK202310237739,153.7489308480496
EK202310233535,153.38372180533426
EK202310159582,150.30972926015684
EK202310157407,137.51710093974884
EK202310222554,150.0224866929047
EK202310209992,132.38854014391634
EK202310197773,163.84938929522764
EK202310219559,141.5012059901504
EK202310149590,142.8834561593038
EK202310172229,143.8090593629851
EK202310179759,144.55928416422677
EK202310141351,148.75773712017076
EK202310202674,144.52491299141047
EK202310150237,143.44827600957703
EK202310131854,161.63741074502622
EK202310209299,137.44365358451563
EK202310152323,172.17150396200643
EK202310130424,149.2623991477845
EK202310219110,137.8658053235612
EK202310208971,141.42681772620884
EK202310175417,133.88187372942056
EK202310178979,141.90109109243335
EK202310149330,142.91859526617927
EK202310214732,141.87227372402924
EK202310151284,139.62462214638558
EK202310246323,149.94480843823206
EK202310162754,145.7091289148799
EK202310142435,160.43066210998015
EK202310218666,140.77163269551278
EK202310221049,152.38301332211662
EK202310173708,136.88308101253523
EK202310192941,128.81687599716375
EK202310126047,173.9334193655452
EK202310241369,151.07729397891467
EK202310183820,148.00657458528866
EK202310243559,148.51970782420958
EK202310148350,144.65700183413003
EK202310224931,145.31966662245088
EK202310236248,151.5550750616037
EK202310156811,141.95498213332021
EK202310224565,135.81961345971413
EK202310203958,142.25187733170372
EK202310119312,138.46235513455875
EK202310178028,141.68751148748228
EK202310186588,156.95902686237264
EK202310139697,142.9788283170264
EK202310197136,146.89529183328557
EK202310220806,150.16061304347937
EK202310222987,155.66288107845662
EK202310161970,128.9808649681243
EK202310208174,158.34342012246822
EK202310118068,126.56053520348722
EK202310131022,144.90824418347907
EK202310122159,140.56717626210119
EK202310216067,129.4747768668724
EK202310245924,137.43089321758757
EK202310111788,145.74847650796744
EK202310127853,153.36712275196902
EK202310106238,142.56113345072467
EK202310158124,131.62161622231775
EK202310132835,152.8826335471848
EK202310148914,145.22645315197957
EK202310231691,143.66730452205033
EK202310247000,156.4223260498059
EK202310192115,148.32802314595006
EK202310104130,133.18142486608866
EK202310139212,130.79330760523652
EK202310197454,149.88208610030043
EK202310192429,136.9176888236242
EK202310167625,128.407310179545
EK202310199497,142.93359203688587
EK202310153618,146.3671639200883
EK202310181484,142.07304352164527
EK202310198186,145.2170648407629
EK202310152220,139.27540814528265
EK202310159039,134.77741920186682
EK202310191546,145.91490497340737
EK202310133158,144.2231235940958
EK202310201688,144.75509930886258
EK202310235017,145.64270286993198
EK202310135857,148.66965194885182
EK202310218208,161.65872051390863
EK202310118595,151.18487299138724
EK202310163828,137.30011269455807
EK202310141421,132.80116100376927
EK202310180807,133.9783066205868
EK202310205637,134.88798102347184
EK202310105788,148.77231054419244
EK202310216219,145.7276448281551
EK202320007125,168.47269533303037
EK202310104911,138.1328642590356
EK202310189159,171.0497274423405
EK202310195473,146.66988783931936
EK202310118604,140.58595192597613
EK202310195319,145.28963561562674
EK202310240500,154.27756595710696
EK202310113748,152.71740436638726
EK202310004313,152.39665742303634
EK202310143650,145.4150867869453
EK202310165864,156.02421418966173
EK202310197618,149.67421752530058
EK202310147381,134.20535819808867
EK202310204456,148.8032342374622
EK202310168795,142.2864423031159
EK202310162071,158.5952283221938
EK202310155041,126.92168371229702
EK202310116293,139.1883354936517
EK202310111802,140.39645285736026
EK202310143876,146.27466463979258
EK202310170107,153.28984966457904
EK202320006604,164.35729782195438
EK202310181395,152.38301332211662
EK202310128405,143.9236183074266
EK202310172117,148.24899358331967
EK202310173280,149.4369505772194
EK202310114735,133.3059727050495
EK202310124558,131.3726965789376
EK202310122475,130.7626768319256
EK202310137618,138.5383905236559
EK202310105474,131.2595916519648
EK202310209280,130.27021613469813
EK202310142912,142.95631587067734
EK202310246004,130.4203407409505
EK202310186374,140.4298289474663
EK202310139853,148.70537359002537
EK202310243432,132.4107981735
EK202310135700,132.69443249349183
EK202320006074,169.91680953236897
EK202310207199,144.41071101620025
EK202310114736,143.23824565033982
EK202310129145,137.35733901208053
EK202310135339,156.1645624213753
EK202310105627,142.18283871031863
EK202310114046,133.90717724635408
EK202310121749,132.6183619259099
EK202310160579,151.402995267476
EK202310132059,141.9493889531065
EK202310158407,146.61795535592827
EK202310115805,143.95894243751874
EK202310165675,142.71451385319185
EK202310223393,141.1249922976996
EK202310166586,145.01131248931824
EK202310142763,157.40381026000918
EK202310169174,140.0797379192452
EK202310118007,141.10330782706507
EK202310188453,130.89222350594147
EK202310186603,131.9650412969004
EK202310115518,149.927781438899
EK202310237777,152.50614686482916
EK202310245509,141.5455757043285
EK202310149571,153.11264984710462
EK202310238699,129.777427236713
EK202310162044,146.74621100186542
EK202310178900,129.89949957880586
EK202310210189,138.1131577407467
EK202310246044,156.37444463897813
EK202310169510,154.2420095238875
EK202310224019,142.30496331575085
EK202310196916,144.38808836804685
EK202310110545,141.22713188989255
EK202310158475,147.3075831981706
EK202310240666,143.7610993957473
EK202310147702,135.88911838313894
EK202310240541,145.84903780649142
EK202310165419,141.17538618852134
EK202310158944,155.07377503021382
EK202310154741,147.9364831650603
EK202310183411,142.50970245749056
EK202310150802,138.5615299575709
EK202310236647,135.122611692751
EK202310168877,158.00368804866977
EK202310177550,146.3319011748007
EK202310161815,140.57076421116292
EK202310205936,140.11156576251065
EK202310236918,135.42989457773407
EK202310231978,144.06141578905428
EK202310145447,146.78112620343782
EK202310113081,139.58986253069023
EK202310245380,147.52353172394405
EK202310226536,139.72605120537452
EK202310171629,147.09661770284123
EK202310142578,153.93444924869576
EK202310154571,144.9071935554291
EK202310133424,150.70224523372963
EK202310205232,132.8445830310293
EK202310125353,136.4702349168585
EK202310129062,144.082624970602
EK202310148286,151.69231540072585
EK202310217186,167.53448106159772
EK202310240058,151.47493478796702
EK202310004925,158.0518717240674
EK202310121900,143.32116243019016
EK202310193811,141.29981638485563
EK202310236073,132.25539581770448
EK202310209661,137.9982746222892
EK202310183452,125.9179105961132
EK202310198390,135.6797656824876
EK202310194814,145.75043863679053
EK202310154258,142.94345582319949
EK202310225570,136.19184468173353
EK202310236562,139.491374761411
EK202310125786,140.6017699094822
EK202310227228,131.00620729297455
EK202310104334,139.71842824617082
EK202310247598,158.9948675053346
EK202310163731,148.5104889865098
EK202310153854,144.43530771997447
EK202310209072,149.9361414938568
EK202310130417,140.60371502126333
EK202310161714,132.38623112411298
EK202310161726,147.8820753700686
EK202310214070,144.72948820550033
EK202310174019,150.60440765933495
EK202310197029,147.48519819226047
EK202310236341,133.23608460309774
EK202310218675,136.5809171308561
EK202310124319,136.86868451067124
EK202310231778,150.78142515562365
EK202320006401,122.59515284151311
EK202310107779,137.90550714760045
EK202310133015,130.6151337025528
EK202310181550,138.82906495736805
EK202310247332,161.94711779881925
EK202310111163,138.57691601519824
EK202310145310,143.4294511538662
EK202310126094,137.7509660940078
EK202310161397,140.2547434623243
EK202310146374,132.4366132247313
EK202310136414,136.7756964818501
EK202310141425,159.97315142094982
EK202310138405,148.50571085911054
EK202310173668,150.98001335745832
EK202310184285,135.64189050733663
EK202310176095,161.67546497742117
EK202310211570,138.41418403894596
EK202310208829,135.91802414551324
EK202310147190,148.98329687362414
EK202310191735,138.74114085974145
EK202310213951,153.48236146943051
EK202310140049,141.51904342727101
EK202310169326,149.45518926218628
EK202310157230,169.31174383886034
EK202310124090,138.63645414760575
EK202310142146,138.534989232344
EK202310107242,142.45856716223284
EK202310192993,136.71205729464754
EK202310149787,153.06813854563381
EK202310177888,132.48067779097187
EK202310212815,149.25535646760432
EK202310223609,150.61542686888941
EK202310189733,162.70078178941776
EK202310218104,138.530420071877
EK202310111896,134.21912919602258
EK202310132753,150.67345970856147
EK202310112173,139.16287680832863
EK202310167323,152.32054895680685
EK202310140969,137.11500564900473
EK202310214853,147.5364330000799
EK202310105928,130.93889414853535
EK202310213446,138.03947549367265
EK202310134309,149.32385468136786
EK202310177619,138.93630767628946
EK202310004283,137.88498081094292
EK202310176874,139.33548035691382
EK202310160131,145.70918534460645
EK202310201219,169.4222685110063
EK202310004099,140.25484669494318
EK202310167947,140.87847736522718
EK202310155342,135.03166040061316
EK202310209163,138.61929978677298
EK202310242285,134.95407797405875
EK202310215045,156.73372923940698
EK202310245674,129.19840594989134
EK202310192087,136.67739305019902
EK202310182851,133.7915526316185
EK202310184176,159.91427617391238
EK202310205303,150.0914977470455
EK202310108199,154.39828015139622
EK202310124913,148.43624872936698
EK202310140458,142.69378110116295
EK202310142132,141.97054450549575
EK202310147065,151.10133833900665
EK202310143393,126.88967756368044
EK202310139964,130.5453215075831
EK202310225775,144.19158795366823
EK202310127142,138.1740355303909
EK202310179582,148.63747571513125
EK202310207922,144.66084031192418
EK202310195810,147.25578066518324
EK202310178849,151.89560436547134
EK202310229124,145.43857135437
EK202310113502,142.776135402151
EK202310223610,143.20767917588688
EK202310147986,150.6662320430417
EK202310236813,142.6746233909781
EK202310176936,152.21271995562216
EK202310199151,143.0028693864179
EK202310192534,142.21695764852154
EK202310217624,135.11160197529156
EK202310003755,136.4231462852264
EK202310161830,127.36564369322525
EK202310243624,133.59776994923828
EK202310164105,132.94733728851332
EK202310179948,164.63985855653328
EK202310135310,159.03209697106246
EK202310004295,134.38733329293262
EK202310141079,145.07192269871763
EK202310225179,172.36769896795374
EK202310227335,150.30147455849396
EK202310161160,155.87077488677969
EK202310247623,153.1495534798965
EK202310206076,142.82030577273494
EK202310119053,150.48295284502586
EK202310139617,142.78513772047245
EK202310143241,127.13693589222397
EK202310115504,142.39467448156142
EK202320007161,140.09568373260117
EK202310183784,160.6506861344493
EK202310187344,162.7651461144451
EK202310185527,135.17518503356186
EK202310238290,149.87762041232205
EK202310140457,134.62301056484594
EK202310150648,130.72175321956735
EK202310223600,139.907739564032
EK202310167530,147.4727641728613
EK202310224100,138.4237948488088
EK202310152786,142.40454079398174
EK202310135478,145.922990749308
EK202310193078,129.92887129595124
EK202310155463,150.91862528727165
EK202310105582,148.23431200380978
EK202310135195,135.88311279570866
EK202320005552,156.85445682262775
EK202310228708,130.9244500150368
EK202310141498,136.00125580074692
EK202310193872,153.83342071958097
EK202310141414,167.7660729476223
EK202310151905,126.46886367901712
EK202310127407,145.4607413119304
EK202320006299,147.6623117259529
EK202310212343,139.21060522213764
EK202310168454,125.45590379958537
EK202310171479,137.84496567019426
EK202310110727,155.52754853157674
EK202310109806,149.99010117825821
EK202310229172,136.85214216994612
EK202310221527,131.77467795568484
EK202310136692,127.31099111027586
EK202310225939,133.22493083536136
EK202310128011,126.94004181181651
EK202310119451,143.71766480252143
EK202310240016,154.69964205532872
EK202310137412,147.017046760313
EK202320006473,146.0666636112876
EK202310133714,155.279550089974
EK202310182002,151.62867288554608
EK202310146885,150.70061049548156
EK202310228765,149.44889800142457
EK202310199335,149.89339374155355
EK202310144286,141.98546016962678
EK202310120179,151.22607402522164
EK202310125242,142.55329967341467
EK202310129853,143.19508044947196
EK202310105724,147.2245049932389
EK202310177232,125.30524546095705
EK202310240889,151.2717634987268
EK202310135626,130.73090366790632
EK202310182429,136.37807486690397
EK202310160815,143.68440021227784
EK202310161842,149.75898603177242
EK202310194125,141.89120526373847
EK202310163430,139.44459261386717
EK202310207741,141.09823692305147
EK202310202036,118.6947407289805
EK202310165652,133.14110939753758
EK202310136570,140.31842226822172
EK202310139028,155.8326252849159
EK202310163487,144.57583306086593
EK202310177984,139.11398950459156
EK202310239997,146.85593948659672
EK202310176249,161.5421090376534
EK202310152361,151.13572667559856
EK202310151709,142.83465080665357
EK202310135268,132.8821414517356
EK202310171919,143.87010468303586
EK202310122006,153.5554222498897
EK202310127839,155.5770113161332
EK202310219814,156.00089476785934
EK202310187560,146.40336485373044
EK202310113366,147.57227439329225
EK202310134748,134.70439985374102
EK202310208843,148.97682625801625
EK202310175338,142.48661975173158
EK202310124470,132.36518261115907
EK202310121775,133.35187724505616
EK202310237332,124.86639097827758
EK202310141855,139.3866806911675
EK202310154289,136.67739305019902
EK202310120044,132.96696306084056
EK202310192432,143.96749746880658
EK202310160195,147.0161377497356
EK202310105413,148.08430949731428
EK202310004863,144.9662197252746
EK202310138732,150.10853219709335
EK202310225944,126.77390676252722
EK202310239340,129.037634408452
EK202310155959,151.2421016485502
EK202310177384,166.00413602039325
EK202310114746,135.11652578308951
EK202310156841,145.5536277856846
EK202310213654,140.8331285996239
EK202310210592,151.1373537116208
EK202310110296,140.5429782503991
EK202310240236,141.9555301025105
EK202310242957,145.92530328590186
EK202310163621,162.94851994963312
EK202310202691,151.42616307069613
EK202310127490,136.65851509205305
EK202310199512,141.99247016536168
EK202310155288,150.491538668955
EK202310237968,148.32011160126035
EK202310118847,153.1050864203693
EK202310144769,134.7181841260232
EK202310212518,145.23933143586405
EK202320007577,140.92782712338362
EK202310244590,154.18311428750036
EK202310003432,134.28560454574145
EK202310242932,148.9623971998042
EK202310184880,149.73634923849892
EK202310208839,144.29982774639566
EK202310225707,150.89558414778156
EK202310196085,154.5447619806182
EK202310111047,151.8127580714391
EK202310149321,147.3338978489647
EK202310214602,143.67600409299135
EK202310190162,147.25578066518324
EK202310203789,133.99299132460706
EK202310165931,145.97257246884732
EK202310143768,141.7788087133641
EK202310226420,140.87881038431192
EK202310206883,150.45042755671062
EK202310230191,144.16429813903156
EK202310223966,145.32928225463678
EK202310118804,137.97117377973348
EK202310224984,127.63202910808225
EK202310221101,143.1979173675432
EK202310241759,133.3319691388405
EK202310219986,131.17075934754723
EK202310247113,133.8123529622036
EK202310136489,147.23491453563156
EK202310189176,161.6754006690955
EK202310201813,147.29579358194752
EK202310167143,143.87424983866006
EK202310245156,150.05231994894766
EK202310149980,144.03242499132622
EK202310238395,148.2645033037828
EK202310223767,156.78461407381204
EK202310118543,132.3011892327094
EK202310137202,115.48628519313445
EK202310245378,151.13247646827665
EK202310202917,143.71537158232476
EK202310120015,131.36022489287262
EK202310242744,134.42871044011233
EK202310170961,135.68149128134934
EK202310170849,134.19528283658778
EK202310108365,132.7146052127447
EK202310225302,148.82578034599015
EK202310141853,140.75743065045603
EK202310152952,148.62313651186628
EK202310118252,135.3230713457496
EK202310150764,143.98010395531935
EK202310188288,143.42406409914676
EK202310236699,135.3075851545707
EK202310228975,138.52698089247713
EK202310176364,138.59385309487374
EK202310148297,151.26624466815392
EK202310234706,127.79899713759441
EK202310202029,135.63253880237409
EK202310218635,125.76478095471064
EK202310187565,170.72023248392233
EK202310238217,132.97631237887188
EK202310144263,130.43785667066885
EK202310216046,125.25913655597522
EK202310240199,145.6560089635396
EK202310118761,143.33857237277755
EK202310118387,136.50735875823509
EK202310228319,126.44436729266582
EK202310188942,155.32901192890998
EK202310171922,147.3798135324306
EK202310205751,153.5746780962231
EK202310181387,148.09785839747073
EK202310194611,138.44143477050054
EK202310123903,143.86810528876555
EK202310201170,164.22765278335146
EK202310124579,143.39407095456676
EK202310225456,140.87667260198697
EK202310224047,139.53739698461393
EK202310168185,144.97587342832415
EK202310149367,154.1535349347926
EK202310222236,156.43799373425878
EK202310191402,146.66964472409506
EK202310216518,143.21089783040978
EK202310116323,136.28179200228192
EK202310229479,140.4631677289448
EK202310242068,148.46811983185952
EK202310172108,136.2663289451526
EK202310148960,141.7080924196609
EK202310203368,163.9190239837153
EK202310248782,133.07039316319305
EK202310130742,168.01640249122968
EK202310127431,134.27816615897615
EK202310166666,151.904929025982
EK202310142516,141.47241017009023
EK202310171160,153.1431154155194
EK202310131980,151.2831534718859
EK202310230754,135.3761824676322
EK202310205660,133.41519495504104
EK202310195938,163.45670530635286
EK202310223018,135.04161543132992
EK202310189611,167.39372212790184
EK202310114061,141.37577466412225
EK202310168186,152.4656616370057
EK202310123079,134.23758400048888
EK202310142507,138.74114085974145
EK202310192082,133.7005466785821
EK202310116417,142.1896791116059
EK202310152679,138.49109024556293
EK202310186123,147.32743967124188
EK202310187670,147.82829398136718
EK202310199114,138.7199056181529
EK202310144744,135.48942893680587
EK202310171906,148.50164592806604
EK202310222160,132.16383645370848
EK202310202383,141.47918995091695
EK202310133543,150.71221833478907
EK202310240197,153.99990949432933
EK202310224654,148.66965194885182
EK202310159827,159.89639587813545
EK202310129302,157.27738827329273
EK202310220687,145.20869239988764
EK202310137416,143.8303784197387
EK202310195263,158.03081696014846
EK202310226117,135.93864705706613
EK202310177937,144.05260874208193
EK202310224977,140.17070068403928
EK202310104811,153.24410255866317
EK202310202225,139.1158235456282
EK202310198252,137.13365550083708
EK202310169634,147.32466703926946
EK202310141724,148.9968088592037
EK202310132515,130.14488512466573
EK202310222595,130.43074108750594
EK202310245206,156.97532131516735
EK202310206384,148.09149798123275
EK202310131595,150.4451768614889
EK202310114450,150.86686977227748
EK202310193999,133.8403423730209
EK202310153211,128.15694749413242
EK202310168571,169.6066719013063
EK202310117487,136.5031486804988
EK202310147040,151.2226638155895
EK202310164747,140.17774227821263
EK202310185539,140.94414486472306
EK202310180947,178.06572748668958
EK202310209467,136.42883863065032
EK202310197453,138.2676173678963
EK202310241952,143.81290387126097
EK202310171659,137.43786847860483
EK202310121984,130.64955382848268
EK202310145988,147.32629789491455
EK202310227472,165.3215780986005
EK202310158925,152.27301682087426
EK202310161059,157.0084178135224
EK202310246350,141.11268838236404
EK202310204768,147.9681362743848
EK202310245196,140.27851761675876
EK202310134281,155.92429529312116
EK202310232567,144.4220182078839
EK202310187864,149.12371903309798
EK202310175599,146.9151162785025
EK202310137474,138.74100306468358
EK202310214594,135.75572064984306
EK202310176570,139.02389759674233
EK202310143525,137.6312868258117
EK202310216731,139.82377954156323
EK202310182951,148.43566033833676
EK202310195606,151.44972225297533
EK202310003354,142.32124906489628
EK202310003704,145.49291711671893
EK202310207753,152.57027560025134
EK202310108512,146.641035100653
EK202310230571,134.2258854348968
EK202310210082,147.54676898634145
EK202310191492,136.14248209240893
EK202310113969,139.519900046203
EK202310123941,140.61962485992234
EK202310135080,157.2298878896076
EK202310117802,126.29557759153263
EK202310158376,143.25837241167883
EK202310140051,150.86686977227748
EK202310230366,132.4471578909425
EK202310138959,143.6268175634676
EK202310112243,146.61682376489603
EK202310142973,157.75022481253686
EK202310179563,154.78755383024034
EK202310213686,134.7234487254153
EK202310207985,145.5958280872143
EK202310169142,141.2608560230156
EK202310189846,142.23302398853008
EK202310217981,149.34525854405732
EK202310168427,151.18146890103802
EK202310165111,139.24281365078613
EK202310211489,135.40807290407562
EK202310164721,151.64101034746784
EK202310192084,143.70895921589977
EK202310155310,141.17067350034995
EK202310207807,146.59366190558026
EK202310167274,140.31949580474313
EK202310232098,146.1718952183591
EK202310246400,155.98808814340978
EK202310181247,141.34394419002385
EK202310146677,138.3154566944702
EK202310199983,160.17468894881216
EK202310198892,135.5583978793689
EK202310118490,148.1272992367268
EK202310218556,133.83879776727218
EK202310209766,153.75448305617718
EK202310201549,138.4505687317023
EK202310227205,136.78635845535166
EK202310201879,147.3963881447233
EK202310208984,131.10517137101286
EK202310172280,140.2013691923675
EK202310127074,133.41795792521418
EK202310003431,145.86764693505435
EK202310128481,133.15586034270078
EK202310191056,149.81074252750736
EK202310224670,134.44048989513254
EK202310148699,138.78403395526155
EK202310186655,155.84248448453573
EK202310145129,153.23089874142275
EK202310141368,132.05307158325968
EK202310215091,143.74826063566334
EK202310131768,131.90499353551533
EK202310169680,137.21812073654277
EK202310215558,154.80988373585473
EK202310235372,141.37723813569508
EK202310123185,140.32908132418052
EK202310188811,145.645119221794
EK202310160442,147.82829398136718
EK202310190513,156.79525102769261
EK202310174071,139.94928897414877
EK202310226475,145.3004048589832
EK202310124362,128.8204107363099
EK202310217706,141.05648138996924
EK202310226498,152.4590967377281
EK202310237132,134.50257679805853
EK202310156490,173.05110117783696
EK202310161525,146.84922012407475
EK202310233261,140.7707347087693
EK202310183188,152.6609366057154
EK202310204179,148.04333597950784
EK202310221970,129.75899956812736
EK202310136055,145.95806103071718
EK202310192784,135.23199404322926
EK202310154098,146.1838523342422
EK202310195221,156.76024479523159
EK202310247669,171.80800440010438
EK202320006739,154.28600401758194
EK202310143079,143.0898625369739
EK202310157780,134.35316623862863
EK202310122685,131.23035154064317
EK202310228079,134.97992835583227
EK202310178496,148.24797940125262
EK202310108793,148.88508177200646
EK202310243880,139.62943585562678
EK202310108022,146.85435952545055
EK202310127023,137.84479446784027
EK202310114813,124.56616213127565
EK202310211046,138.87743431340948
EK202310139161,135.48083630849433
EK202310165288,144.69222277143052
EK202310245913,132.41568756007746
EK202310216026,147.20410719935097
EK202310132021,145.44662419007756
EK202310206339,148.39935883070697
EK202310216740,141.65212460405158
EK202310210301,135.89620610764467
EK202310167900,148.06614326516274
EK202310173409,138.68483227670256
EK202310144428,155.4229036988818
EK202310194970,150.9094350349298
EK202310105005,129.30404556845426
EK202310108090,131.24583900490134
EK202310229406,135.47546459061672
EK202310152037,134.79279254800534
EK202310204361,149.2132213074804
EK202310114029,138.51469167220458
EK202310158725,146.8581102101744
EK202310158027,146.69335471946704
EK202310148586,131.966304930563
EK202310237068,145.0542676965279
EK202310144709,137.65683812471843
EK202310161357,130.80989170761634
EK202310124452,137.98596784496212
EK202310131605,153.97243293101485
EK202310162054,141.01985411841625
EK202310181680,160.61261055526703
EK202310117645,133.8207767924634
EK202310147699,132.7150872759993
EK202310153309,129.30358210359506
EK202310184492,140.28636906424043
EK202310104645,151.56908782134235
EK202310137713,134.2998571714468
EK202310243221,143.9976226009436
EK202310156335,141.26138214579757
EK202310197583,157.7244600687206
EK202310137359,144.58300335357674
EK202310130956,145.83317396804284
EK202310171369,144.89153636580477
EK202310232324,140.76489460827588
EK202310172995,139.0965841462927
EK202310134239,143.80496680170995
EK202310243506,148.7150339954997
EK202310163154,129.34224549578943
EK202310127929,149.80195914488354
EK202310202227,131.00088441602986
EK202310139348,142.7631692420152
EK202310158547,148.71948967168026
EK202310236863,134.92990068454645
EK202310179959,172.25902687825865
EK202310195894,129.96614509835422
EK202310229850,137.55748154656138
EK202310242435,132.92027707782967
EK202310135502,144.20521397081137
EK202310229084,142.86010479268575
EK202310118049,146.33075434729395
EK202310201122,173.52619904169106
EK202310109875,128.77228286409326
EK202310196757,145.1242955503032
EK202310139569,167.41231074071902
EK202310107377,145.58300684640645
EK202310116923,145.89104289322162
EK202310228873,132.24812284745806
EK202310218754,141.73439630764696
EK202310154272,140.48191746631355
EK202310231169,134.93975933781655
EK202310217977,143.0062985225304
EK202310222555,137.2872100097129
EK202310162130,157.5819751197705
EK202310112323,151.8127580714391
EK202310159262,150.86686977227748
EK202310151594,137.5913452723445
EK202310163721,129.3170100808364
EK202310149061,148.22796416516763
EK202310147880,151.3985903983978
EK202310212050,144.16235013925083
EK202310117729,135.21099312193903
EK202310107629,146.51854334954265
EK202310139317,143.69203592064315
EK202310179272,137.88851770654176
EK202310121894,131.5115844003914
EK202310139188,148.11141610658038
EK202310167435,148.04815147313403
EK202310228964,144.81363437024388
EK202310113550,135.94218175135398
EK202310180850,150.9494855168611
EK202310105563,132.84766051960347
EK202310110748,136.21195165148913
EK202310234819,143.07838879654344
EK202310154339,147.06411189002543
EK202310210307,131.9629165955288
EK202310239873,139.1359348032105
EK202310183383,136.36178699139174
EK202310193557,129.49765864705697
EK202310228033,136.00264783857983
EK202310167532,156.14219248412337
EK202310222264,138.97515316329273
EK202310106581,146.60206375794036
EK202310221125,133.38253139500054
EK202310165054,137.97844565049095
EK202310150415,152.71740436638726
EK202310233802,157.7034617757053
EK202310190617,134.54663735035987
EK202310106410,138.51731845206024
EK202310216886,146.65076627168284
EK202310115900,134.65443472945216
EK202310104935,139.31825842208085
EK202310129722,152.74027524086642
EK202310120948,139.96159318155182
EK202310164436,139.58308789738547
EK202310122507,135.8342224672966
EK202310160593,145.622236421317
EK202310210615,135.6975625132277
EK202310132871,130.60172375035475
EK202310237902,138.08241444170176
EK202310231150,141.24002296971963
EK202310165528,138.66081709341876
EK202310244497,135.96634688332384
EK202310107512,135.01178679739252
EK202310120477,145.96231034398457
EK202310229593,137.33208849923827
EK202310126986,147.25308288125842
EK202310175535,144.82257102993546
EK202310148104,137.07433128784587
EK202310201431,159.50315798698662
EK202310148767,158.31157234324056
EK202310113034,130.71186638545942
EK202310209227,143.64834681781295
EK202310114309,134.87109093546218
EK202310174763,145.16402090989354
EK202310236793,139.55076105095145
EK202310177429,144.1715107297045
EK202310167536,131.45906233938567
EK202310141576,152.72943856259334
EK202310213488,139.0937494833139
EK202310162322,150.12554916528228
EK202310130610,139.55363839973413
EK202310152488,150.70770680993547
EK202310151734,155.3324144068906
EK202310155060,124.02219954174696
EK202310226481,142.0988876488582
EK202310119174,141.49619889500912
EK202310180130,138.41985525445423
EK202310104489,148.66553456013196
EK202310195688,148.28705929968442
EK202310132973,141.03857419000036
EK202310135035,171.49821120904662
EK202310167150,135.6808408270218
EK202310195252,141.8937506835872
EK202310127294,161.0522614901677
EK202310140484,145.24935432299026
EK202310119854,141.4266763365175
EK202310248841,153.1932608057726
EK202320007808,140.61246973317077
EK202310199228,143.4990924955093
EK202310184715,152.6233903701895
EK202320007242,137.9760017324734
EK202310147415,142.47243740486536
EK202310171570,136.84715719593962
EK202310110477,127.29688281537267
EK202310113604,150.95401443124146
EK202320006431,139.54023572963075
EK202310121838,143.3413633498
EK202310148733,142.1114768066411
EK202310148335,143.36160333632458
EK202310113968,119.54656093303291
EK202310231455,137.0721624678274
EK202310203454,136.14300618647127
EK202310191708,125.38031209307765
EK202310109582,147.94579341564204
EK202310203719,140.00664200449586
EK202310201332,155.74079001331705
EK202310204835,137.97287571945836
EK202310131213,157.00508125309705
EK202310155687,143.88436524072182
EK202310178634,144.52367032829753
EK202310115110,143.00580777886393
EK202310201445,158.64935019942286
EK202310233989,131.7823275685765
EK202310226621,136.96146073757978
EK202310182124,139.3084408278546
EK202310129960,137.6655950458833
EK202310172024,142.56917790061624
EK202310124587,145.0762561351154
EK202310180490,142.82157983851454
EK202310218866,145.55292563490184
EK202310145486,133.8999631369022
EK202310243783,137.28407616926899
EK202310163544,141.0382982127642
EK202310245299,142.4628926763445
EK202310185466,135.66644964893626
EK202310114372,147.88667381669703
EK202310132954,139.61936700758983
EK202310156324,138.13760861283296
EK202310237016,141.22876907685892
EK202310214641,137.07115651610863
EK202310106858,117.6071241724427
EK202310182500,151.75843589348636
EK202310125749,147.93669747223083
EK202310201978,137.437908808854
EK202310112112,132.93368277197177
EK202310243292,139.3010962465007
EK202310192897,148.64477387207367
EK202310173512,145.52639850175254
EK202310125634,140.53033693682514
EK202310165797,144.83681161528406
EK202310213138,149.72340995215325
EK202310211642,138.40656032100836
EK202310156317,143.3823541663618
EK202310154649,162.91156497625826
EK202310198938,150.40621931250953
EK202310175465,130.93173908878356
EK202310187555,132.26025547679495
EK202310183448,173.23663673215117
EK202310205101,145.92530328590186
EK202310201536,130.2141681002715
EK202310131221,103.29296074881766
EK202310242173,158.87439460297446
EK202310195317,145.2143044549874
EK202310139267,141.51470338845624
EK202310189575,149.56881860768445
EK202310186883,155.05547089811367
EK202310184286,160.09181551088503
EK202310194270,147.3475981314439
EK202310003611,136.61613128342745
EK202310189126,150.5261272073316
EK202310179964,168.88185633128253
EK202310118181,129.64475239847485
EK202310220832,138.14009143038928
EK202310203022,132.30454520937553
EK202310205592,160.17125186628502
EK202310128283,135.97659140199212
EK202310214279,153.06178460195846
EK202310175101,145.03898731491827
EK202310116399,129.11898097225895
EK202310132303,126.24708358976412
EK202310147925,146.2258265736296
EK202310219063,140.45323286108334
EK202310197713,146.00061656884893
EK202310165104,143.37700214687644
EK202310198835,143.2507665159152
EK202310230554,131.33138449616703
EK202310103890,128.30503206651403
EK202310152894,164.24420088680847
EK202310156771,156.69355136700653
EK202310239166,143.4070760155018
EK202310157043,162.56890250549074
EK202310158767,134.9878155446973
EK202310231819,163.8015549116996
EK202310162990,139.5317274356612
EK202310237033,169.43746624111245
EK202310220279,135.97216212513223
EK202310105088,144.31654739871772
EK202310183088,137.31754411393305
EK202310134719,138.38820507256324
EK202310126509,138.703871116192
EK202310113028,146.28851036202406
EK202320007641,138.26386788967488
EK202310194771,136.08646291102127
EK202310193624,140.5774303381451
EK202310178811,160.50551328921455
EK202310127140,145.84052878843062
EK202310193675,150.7038384475482
EK202310208947,145.00148032654215
EK202310242072,136.6346877602427
EK202310129762,140.4445051850734
EK202310178638,151.37612757405145
EK202310208504,126.83602578635791
EK202310131365,139.50497577435462
EK202310118546,131.88336708901065
EK202310245144,145.85954068170778
EK202310142879,149.00690088221336
EK202310197920,168.51967496316155
EK202310182216,144.85337495496083
EK202310163824,151.0523105065908
EK202310247357,145.93479263078825
EK202310145691,162.66694783655294
EK202310176063,160.05563383804957
EK202320006459,151.45902134843348
EK202310227785,129.9875362729937
EK202310189723,169.1178874629301
EK202310182881,151.2738380618842
EK202310196251,142.14389203032573
EK202310212183,141.80765877434845
EK202310165884,142.71446274717786
EK202310162354,156.6291335190257
EK202320006915,155.2019184527616
EK202310152978,169.93086592637013
EK202310186596,166.11245241590265
EK202310184203,143.53531435518414
EK202310115228,132.47071953101226
EK202310187250,149.56742441325125
EK202310199882,177.92726327338832
EK202310247733,144.5117588789715
EK202310142093,146.12355112708067
EK202310192250,155.62183431177144
EK202310161127,174.73668847098952
EK202310227929,137.7677323867483
EK202310144416,140.70292892554096
EK202310129300,151.92673486946336
EK202310132887,132.0966470851474
EK202320007268,152.55824140404525
EK202310117763,119.3459721385733
EK202310135610,131.54251878154136
EK202310108226,137.39251219576778
EK202310197484,148.76587292110668
EK202310220905,131.47544972392953
EK202310210612,136.91199355376662
EK202310199825,138.0942424627707
EK202310167815,132.42408594977175
EK202310222270,130.7818334313871
EK202310218829,127.08989777111583
EK202310158524,138.34354100171365
EK202310227353,141.7865067176528
EK202310105993,151.57454513280527
EK202310128862,146.34499715968215
EK202320005603,152.9953928374995
EK202310145543,149.25322115288148
EK202310226964,120.21053139335532
EK202310106404,151.1131302878497
EK202310158792,140.6217807275909
EK202310169557,152.42789752120825
EK202320007615,147.9368287770917
EK202310244340,137.06992946650763
EK202310241009,145.4150867869453
EK202310173004,144.54026686775651
EK202310229814,145.4788295847929
EK202310136774,144.0559435547371
EK202310134670,158.06530188139413
EK202310125653,149.34835611563213
EK202310104378,141.46759777078907
EK202310114092,146.35938038720064
EK202310242755,133.10954761780584
EK202310175831,146.8581102101744
EK202310123102,126.43575377580305
EK202310246196,147.23590013518333
EK202310164308,131.17500037316017
EK202310164001,144.32176860203086
EK202310127733,161.69942438847073
EK202310107896,145.9047231494019
EK202310196209,168.04446027112672
EK202310164751,141.08352319721712
EK202310180897,142.40085989259057
EK202310217788,135.79111112592068
EK202310193711,135.2387404997182
EK202310244316,155.4257759537324
EK202310224163,141.81179753563075
EK202310104994,139.07423402247215
EK202310140073,153.48852355888195
EK202310188584,144.21976414341444
EK202310110511,132.64513411427743
EK202310231033,146.90283216100227
EK202310178461,160.13623369674343
EK202310167965,143.8668160968966
EK202310106027,136.0627227463251
EK202310193439,133.02061913434142
EK202310151107,144.52367032829753
EK202310196605,141.50025335606972
EK202310218318,141.9973852334916
EK202310195078,143.59378697533614
EK202310148837,172.51306259864702
EK202310127102,144.75023300467913
EK202310114514,149.0522658222308
EK202310121553,119.02607529148885
EK202310172559,140.2160760520652
EK202310151216,117.52319867637593
EK202310128073,138.94729082238405
EK202310108605,136.63210241553344
EK202310201812,152.13401918310927
EK202310190862,148.97804681441696
EK202310223367,168.00851492962082
EK202310217222,144.8077868820155
EK202310171756,141.39687859584203
EK202320006771,148.38134529107407
EK202310124052,139.96177253579117
EK202310221124,123.0698619568676
EK202310154368,142.63138289398933
EK202310155273,140.8908299000164
EK202310161608,153.044788333549
EK202310176630,144.52367032829753
EK202310158951,145.84052878843062
EK202310223924,130.70277852200616
EK202310187178,159.45205297160902
EK202310189441,166.91250338610135
EK202310193808,142.63237004783554
EK202310117653,140.4910529865109
EK202320006281,150.3119730926143
EK202310104452,139.91358476309105
EK202310170998,156.53060537725233
EK202310247137,148.72669257707986
EK202310207587,148.86453655236738
EK202310224054,146.5935008581023
EK202310124503,130.314597764137
EK202310111608,146.025131087836
EK202310169517,138.70104823072762
EK202310177572,151.4863762995062
EK202320005767,135.69753428666343
EK202310194290,127.86598530219656
EK202310115205,145.0760489905906
EK202310227698,125.83138778920078
EK202310120637,152.13482689918396
EK202310143976,141.79783997793325
EK202310246533,123.92605520090231
EK202310244741,142.35439401813764
EK202310163421,130.80464521337555
EK202310169247,168.94178962049267
EK202310136860,139.90947966107242
EK202310217749,132.83911278927383
EK202310128152,126.79896252703676
EK202310193309,151.9643485961958
EK202310243321,146.33702701295476
EK202310152737,131.03493794927923
EK202310187887,144.8162227287034
EK202310150896,140.11698277561268
EK202310123219,143.9200637496411
EK202310166345,131.2450654592608
EK202310163457,151.7276455365741
EK202310218300,154.1687382384403
EK202310177093,141.56632380725407
EK202310123434,134.59282679745692
EK202310226930,121.94237018945721
EK202310210088,154.8219392265969
EK202310190936,148.91269919066875
EK202310127583,143.52024212436217
EK202310185141,143.41670142903894
EK202310138333,138.46148101457132
EK202310143408,142.85222234449148
EK202310147317,145.43964122506608
EK202310127752,126.80823316656604
EK202310248048,158.0153320428956
EK202310109094,137.88322574048323
EK202310230897,143.61751873898825
EK202310229240,144.1985523668687
EK202310158776,142.47391245574212
EK202310178235,153.67788520408206
EK202310153456,124.05522832806712
EK202310125365,137.71300113937107
EK202310228431,138.68337402997872
EK202310177613,158.0088375686926
EK202310230016,143.51598135846274
EK202310124464,128.16954563723428
EK202310160084,157.29102569511366
EK202310230147,134.807008943545
EK202310154253,136.518230087857
EK202310180390,140.23095623304962
EK202310126260,138.70619959026547
EK202310110447,140.02310608750335
EK202310225162,140.10493678451172
EK202310127787,142.94871047109106
EK202310127024,131.14309282908212
EK202310123897,152.38101901506803
EK202310191044,149.34525854405732
EK202310107279,135.7816547171854
EK202310222709,146.45123737116535
EK202310158190,135.96380871264284
EK202310226271,146.0884990622097
EK202310227119,133.63921053302616
EK202310180033,137.35809344759113
EK202310113831,113.20540056520554
EK202310127200,138.90404552093378
EK202310234951,136.89889911927546
EK202310113479,141.3023693791897
EK202310207326,146.36043680427937
EK202310227319,149.0878181198041
EK202310230874,139.7134550324424
EK202310139589,137.68005245730947
EK202310114753,148.98329687362414
EK202310121349,133.10285569322014
EK202310202957,144.56850958779157
EK202310159641,144.02824420161838
EK202310176020,146.11899990220587
EK202310163367,150.26007648327766
EK202310186524,150.95401443124146
EK202310221903,144.4530110622024
EK202310161048,151.0250591349496
EK202310187444,144.37171036421
EK202310127440,132.76735155760008
EK202310218146,157.25554248727482
EK202310150639,166.9160652070501
EK202310233888,143.21089783040978
EK202310209197,149.36023095578878
EK202310143716,168.93685995449744
EK202310104198,138.58225872566953
EK202310154483,142.86622743398664
EK202310167981,144.64632929849378
EK202310180723,128.90271295559526
EK202310196829,147.07436244522336
EK202310115909,138.2400319194928
EK202310142747,152.29253413576083
EK202310168568,136.53004922874388
EK202310116790,124.69926565439602
EK202310246722,114.44208538652643
EK202310201508,153.4408856474671
EK202310184072,151.06691106287963
EK202310243865,127.5450382828107
EK202310210914,126.78273600048765
EK202310239276,141.3241601217991
EK202310215006,152.21701070625312
EK202310104899,152.75607415965507
EK202310123211,131.99780171590174
EK202310139857,154.19524089461655
EK202310229104,138.62254810113126
EK202310225758,138.31297236904595
EK202310154150,130.11534246607715
EK202310151559,140.831839889478
EK202310121018,146.0246893719002
EK202310139751,138.47415219279785
EK202310130814,139.87515850778476
EK202310226459,145.99796033897115
EK202310144732,139.02389759674233
EK202310159300,151.89828323163337
EK202310216298,152.7008551019319
EK202310108276,138.8045160662542
EK202310132846,151.00523018828713
EK202310146926,146.47658877663022
EK202310205179,142.86107641380065
EK202310172161,136.9895453834108
EK202310206115,156.2016264904672
EK202310197301,133.63371267931478
EK202310172771,137.11500564900473
EK202310109812,137.08528280943742
EK202310152808,118.76316503076472
EK202310121442,144.0431278710222
EK202310136433,143.7990146008121
EK202310242312,132.76717233783083
EK202310104384,142.17263887551127
EK202310199318,134.1818430112113
EK202310135620,134.12714439775687
EK202310153631,144.4608897668729
EK202310133022,131.5995011839367
EK202310112038,128.67868069531335
EK202310200944,154.12252661137637
EK202310209272,134.86160161152176
EK202310221651,131.58635103535516
EK202310147889,143.57870369211184
EK202310004590,122.6286274088479
EK202310196915,152.97999916699578
EK202310186595,148.0589240100214
EK202310104696,147.3836679555809
EK202310144577,155.40819593617704
EK202310169285,136.44604340487962
EK202310184084,157.9134008735484
EK202310132378,141.9813745452565
EK202310246159,173.19316273211845
EK202310202358,123.25143082427712
EK202310159800,145.8682918772219
EK202310209349,144.44654692665975
EK202310200523,123.09318200086106
EK202310231409,142.81771636219074
EK202310125721,143.9186303729446
EK202310150276,151.9732112149533
EK202310197223,143.85657331682307
EK202310160408,156.4389985143161
EK202310213557,144.64568778628473
EK202310218382,143.4517419973565
EK202310209694,154.88278161004106
EK202310211465,152.72943856259334
EK202310227036,144.52367032829753
EK202310168055,127.82404699084005
EK202310173868,139.47668602528796
EK202310235783,141.03840087395548
EK202310182758,149.2467674091359
EK202310202200,148.2329684938984
EK202310114988,142.84754280326538
EK202310176929,148.27148405002038
EK202310121237,146.34945696828493
EK202310152253,145.05195608054683
EK202310226416,151.16455271376293
EK202310140761,147.9681362743848
EK202310200743,147.09549372129553
EK202310165360,144.5315852008333
EK202310235685,152.89919685166893
EK202310238675,151.06302750127745
EK202310191990,157.11349696559537
EK202310149927,147.41311143095024
EK202310196613,142.88617224361738
EK202310138650,137.66390733682354
EK202310135837,142.07421248460696
EK202310004179,135.31227780314265
EK202310202844,130.37589567767557
EK202310156145,137.84043863132982
EK202310137772,130.23618196151017
EK202310139643,163.5359035363537
EK202310190140,145.0760489905906
EK202310182976,146.2121220571741
EK202310140267,149.7061880440839
EK202310149614,152.7003449233528
EK202310188618,141.76077108362142
EK202310153165,129.80344352306946
EK202310239729,148.31675177259086
EK202310104290,140.4878482534974
EK202310237254,152.2532161385785
EK202310127230,149.04776735687517
EK202310133287,146.1375232298455
EK202310196943,149.1860955817153
EK202310154405,149.768044175842
EK202310235085,133.697009985749
EK202310144062,137.57757575213316
EK202310185906,141.91927322513675
EK202310133676,173.0070587735535
EK202310196801,134.58549956478527
EK202310223356,141.9555301025105
EK202310174845,146.78912258031013
EK202310131724,138.29484620167068
EK202310227778,135.00628407222231
EK202310139935,129.58591073619883
EK202310109785,160.90966328640573
EK202310162467,145.08371488998623
EK202310190820,153.06350506398636
EK202310111438,138.95197199727295
EK202310202344,158.95453743842614
EK202310128622,152.57253238514025
EK202310239716,139.1365984408835
EK202310206350,165.89651631289786
EK202310137152,136.57068981868798
EK202310186456,150.5329661055801
EK202310247836,136.25530236084515
EK202310239485,148.57857252019843
EK202310192860,146.35368714187402
EK202310130413,152.08334779300057
EK202310193922,150.97866066675974
EK202310181806,143.72446942400762
EK202310121213,131.9412972781599
EK202320006017,159.41484955439532
EK202310123080,137.14197857301318
EK202310155988,142.04996254925024
EK202310126966,156.76890585862284
EK202310189745,139.12428496807973
EK202310203961,145.2002492717059
EK202310118179,140.7753150320018
EK202310109004,148.40714236359463
EK202310003506,131.68386335008194
EK202310106808,139.72578115135858
EK202310242146,143.06797433225992
EK202310114687,145.80311146753172
EK202310139155,141.9538267614925
EK202310229903,129.52310601313422
EK202310170375,136.34394514670163
EK202310199839,149.34525854405732
EK202310112897,141.862133110196
EK202310221448,139.2683515642482
EK202310191215,155.5849389160744
EK202310221051,153.30746846288542
EK202310221033,135.99068888178607
EK202310224111,141.3358978363328
EK202310217504,134.5426018061008
EK202310179120,141.06079434476237
EK202310106293,130.51829793929804
EK202310228948,127.5219444699552
EK202310192129,153.13161640249902
EK202310109160,141.1817899691472
EK202310170771,147.94283353508465
EK202310242806,141.24883998482142
EK202310175538,148.229426871657
EK202310149012,150.90568950612376
EK202310104532,144.6530961608166
EK202310212068,143.2019900059551
EK202310123340,156.31701780420602
EK202310131077,146.7292308863499
EK202310148068,142.4880682243303
EK202310190251,138.0292763699715
EK202310174004,149.5193939181308
EK202310156599,139.26149858171408
EK202310153023,137.50643208354128
EK202310145554,157.6672917900208
EK202310160744,159.43864513478138
EK202310185195,138.29264060116827
EK202320006590,163.51162315246782
EK202310129886,133.75004029984348
EK202310124625,141.12340606471523
EK202310188309,144.00985472193065
EK202310142832,149.39993870460762
EK202310183119,141.25555038177077
EK202310105045,138.10668795465168
EK202310170611,138.05007588143542
EK202310155999,143.6429047552098
EK202310230234,146.00678675112314
EK202310103794,142.12405804414976
EK202310241301,155.2001352096622
EK202310202926,159.74589979143562
EK202310247420,139.0707323185297
EK202310165584,167.79769653792155
EK202310179695,135.22787273178963
EK202310164314,153.52274025589907
EK202310155082,138.9516619124686
EK202310145770,146.00314356441055
EK202310247538,154.75892683762459
EK202310214111,163.63860029817877
EK202310181544,155.88996418154116
EK202310151024,137.27618457523909
EK202310229794,130.33760178711916
EK202310125839,139.79778732853643
EK202310128797,142.52515015459082
EK202310147449,126.12761886038442
EK202310211288,127.0720229994404
EK202310165604,130.22090115676247
EK202310140481,154.99231964864245
EK202310154542,138.61596362347808
EK202310213091,133.30664540648795
EK202310248733,143.4974901111646
EK202310152930,171.98095536136856
EK202320006866,159.06493562940003
EK202310216477,134.89752855067192
EK202310181197,146.51668304987194
EK202310244809,138.53836624610634
EK202310111806,134.8471211098803
EK202310106490,149.49132871732152
EK202310145258,145.7127907480266
EK202310205168,136.1199318571665
EK202310157331,145.33316052514527
EK202310163882,133.49989502317106
EK202310129546,131.18488314953365
EK202310148414,132.07208878187964
EK202310224909,135.21037574479928
EK202310165479,135.61681933507637
EK202310170016,142.2752010726262
EK202310182759,146.28575683718162
EK202310111689,130.9637493636848
EK202310202711,147.48173347437262
EK202310201534,143.1162877865295
EK202310113940,144.31654739871772
EK202310114299,148.03058434185044
EK202310203251,144.31654739871772
EK202310143744,150.44573660065373
EK202310149498,162.4985791508537
EK202310217908,131.83982759898743
EK202310211929,125.58668712220114
EK202310149164,143.1276115290661
EK202310164565,137.9940605605438
EK202310210725,128.23857061005558
EK202310121120,143.6016605884021
EK202310216961,140.5495632927941
EK202310172951,148.87677487843163
EK202310230076,137.30719427526475
EK202310214365,145.31579356427753
EK202310120411,153.93876009166422
EK202310233763,140.20981691648097
EK202310189756,148.50929840160157
EK202310180908,143.53741328839027
EK202310163595,139.271887222978
EK202310117226,141.19606082943903
EK202310133078,146.45224288405518
EK202310214364,144.47161479797248
EK202310216563,138.45915135330574
EK202310233460,134.15220601938262
EK202310145609,153.76263336541584
EK202310224257,145.5515203007482
EK202310192247,131.33895832625205
EK202310205631,141.06586750379395
EK202310231421,146.4885802397604
EK202310226086,125.52163668554128
EK202310237602,139.9782313077507
EK202310136602,137.6351178285323
EK202310122474,138.4230308520169
EK202310188932,155.71944649140357
EK202310138201,127.11418398618247
EK202310194378,148.03311677844388
EK202310214991,152.20816159979745
EK202310225525,143.56428598969464
EK202310134214,152.9106411479998
EK202310195862,146.06054023078207
EK202310159199,150.80509449888442
EK202310155737,148.74413085312602
EK202310170011,139.05219098667575
EK202310201630,135.28409740582433
EK202310226552,133.155257735555
EK202310160002,135.25830188032964
EK202310151703,148.46971472835259
EK202310143816,137.85690244168873
EK202310232638,148.90454946913167
EK202310114002,137.84329164238773
EK202310129927,142.34942334995247
EK202310203267,147.3836679555809
EK202310177954,140.59805958556464
EK202310153060,141.3377308616462
EK202310111529,139.57573623736144
EK202310137725,148.26955785727023
EK202310166343,151.71224289252717
EK202310186809,142.30305499266774
EK202310144953,145.84052878843062
EK202310122463,138.9908367202558
EK202310134204,152.8089094145729
EK202310150378,134.38498576197208
EK202310237288,147.29948702090357
EK202310248480,150.70257135322092
EK202310004124,143.53741328839027
EK202310003566,138.6074288053582
EK202310213203,140.34747625227405
EK202310124344,126.49487631163989
EK202310228408,174.0705612649672
EK202310232131,136.247164449433
EK202310118742,146.40862277094774
EK202310134004,144.62857465548788
EK202310247397,160.218138455799
EK202310239190,131.87441465567332
EK202310246475,130.52106872366937
EK202310198578,149.79446876851728
EK202310215084,138.47014842916377
EK202310105260,141.6774981741242
EK202310165433,141.22247539139883
EK202310140038,146.51854334954265
EK202310107453,146.85435952545055
EK202310221064,139.00265525085615
EK202310120243,153.56958287202036
EK202310184845,139.74601908989047
EK202310176066,146.67057001931414
EK202310227077,142.75604302763193
EK202310144370,140.10546906940607
EK202310162124,124.51896464693716
EK202310110699,144.52367032829753
EK202310153084,148.42153404500797
EK202310160786,140.82237720256612
EK202310242308,140.39235643459816
EK202310194163,145.36027299744063
EK202310105869,146.6373036707994
EK202310214672,147.56498493499282
EK202310145840,149.36239796550575
EK202310178975,148.1272992367268
EK202310189351,173.1213637259397
EK202310180495,150.52355275931095
EK202310202435,142.38243147856255
EK202310111129,145.55924561676255
EK202310157646,151.44026013096544
EK202310227821,142.29852024577218
EK202310142018,125.15801829006097
EK202310176861,177.92726327338832
EK202310228822,136.1315644779264
EK202310142217,154.9948353686285
EK202310237859,149.73634923849892
EK202310146830,143.48814181502365
EK202310152183,145.20936818030037
EK202310179889,136.15803835187512
EK202310217535,159.31166866337082
EK202310111073,150.9494855168611
EK202310228103,152.09184590663077
EK202310171811,145.20638635740738
EK202310224290,142.49759663703523
EK202310108057,144.02536063231526
EK202310240225,176.7071058373462
EK202310240301,148.5623602087214
EK202310126961,144.037913923965
EK202310235847,139.29620448180214
EK202310107011,143.68044791772422
EK202310185554,142.601206484996
EK202310224213,133.01350360781186
EK202310132189,137.97612155406907
EK202310193327,164.45242582552368
EK202310230501,130.6777663349159
EK202310130145,160.19743793050552
EK202310188675,148.39550759896568
EK202310155036,126.49876030873907
EK202310177355,159.5312984648943
EK202310139948,135.77589245002102
EK202310119442,137.57798299521016
EK202310133620,137.50474437448153
EK202310202179,157.8837569906514
EK202310217546,137.5289594627843
EK202310182683,146.41115681423324
EK202310184843,145.03960100917755
EK202310108718,147.26040539804725
EK202310159849,146.01058474024634
EK202310004889,131.4742232798516
EK202320006575,150.9494855168611
EK202310209060,151.95184232600613
EK202310104959,130.0391563312298
EK202310182681,125.28228856262473
EK202310145101,148.457224423473
EK202310134497,133.4933180479097
EK202310120585,139.77139597691726
EK202310198684,143.77718233400643
EK202310109466,137.10723075781613
EK202310106981,138.64535310391219
EK202310004230,138.05250603448945
EK202310173364,136.0220419963384
EK202310164220,140.76308360712966
EK202310207890,128.44219662478383
EK202310134470,135.99350803484373
EK202310124056,135.4962881945753
EK202310185859,135.77956796789476
EK202310160054,147.01272011964184
EK202310246219,155.44191992847277
EK202310196525,139.07224037689892
EK202310193933,153.88107828148105
EK202310144345,131.09010673457243
EK202310004466,147.31385007855968
EK202310168682,145.136206496142
EK202310231230,132.04096524345456
EK202310206143,127.82178634691964
EK202310120180,135.7423692886056
EK202310208027,135.7864185458825
EK202310211315,134.11995051465973
EK202310176576,129.76228815850985
EK202310174969,145.24935432299026
EK202310210179,127.83060331548451
EK202310217528,130.6470898562393
EK202310238600,131.0672581708239
EK202310236054,132.47493161951576
EK202310137936,147.25578066518324
EK202310222493,135.8086788558263
EK202310171713,138.43608825494988
EK202310171703,134.8649886697928
EK202310132101,162.0284197739816
EK202310136177,137.1838106089207
EK202310222204,151.3285705000094
EK202310198438,144.19158795366823
EK202310198847,145.17325168066617
EK202310212204,129.8520675013253
EK202310158611,146.30622317060255
EK202310214429,147.66913101902517
EK202310197505,136.35471429094366
EK202310155317,147.40747177805974
EK202310103873,139.16552511989542
EK202310203439,144.42464877177272
EK202310205578,156.01189328056108
EK202310114493,140.37717575575977
EK202310192330,133.42429064344083
EK202310150257,124.30317510200491
EK202310212345,144.20254354121752
EK202310166764,150.8580158920535
EK202310173381,133.21810903490692
EK202310129246,141.55023543961315
EK202310198977,171.6295098028175
EK202310111435,150.21949076875683
EK202310210569,148.55759680198176
EK202310216496,149.8332457522181
EK202310159176,144.45279399759272
EK202310205779,152.26538554230845
EK202310160097,156.5954266232251
EK202310144776,127.87270108351254
EK202310232327,149.34525854405732
EK202310177826,152.41748663033417
EK202310232783,139.9264423773273
EK202310247658,134.18683613225465
EK202310192257,138.77393866595608
EK202310105522,145.7127907480266
EK202310110676,141.9555301025105
EK202310175277,143.64715471258037
EK202310222480,126.86561416826932
EK202310244692,131.89087041210794
EK202310238299,140.59343517858818
EK202310196847,143.9152424603149
EK202310219030,141.6196457510221
EK202310003531,144.25809442212324
EK202310216422,154.814491860806
EK202310112977,139.78145723758422
EK202310184951,159.48940509035478
EK202310195157,143.11906444516006
EK202310107454,140.84104245319284
EK202310139967,130.06329838203567
EK202310150754,135.7582407932798
EK202310136822,140.3780657641145
EK202310219114,142.74411097796872
EK202310200603,168.2237493120024
EK202310141838,145.76614032355985
EK202310148763,140.22458455125562
EK202310234275,146.96095752272157
EK202310219816,150.10236110380086
EK202310105056,135.42320257665003
EK202310164743,139.6513325198808
EK202310132814,144.77247259585988
EK202310188510,139.8558886829845
EK202310190625,142.91744169610527
EK202310133363,146.77711831827028
EK202310164850,128.4043268665908
EK202310112766,134.7393804537033
EK202310242743,148.08388128540741
EK202310167944,151.19160516776088
EK202310174056,144.27481008913145
EK202310196467,140.34037154797792
EK202310112347,145.78385485025964
EK202310183616,136.75170026352004
EK202310169352,148.33991765373509
EK202310209027,160.5153398116454
EK202310223654,138.76513244357437
EK202310118853,136.98589177435105
EK202310161978,165.39861987596322
EK202310226345,147.83262848174928
EK202310229817,144.49458872875107
EK202310163424,134.09028692375668
EK202310230830,144.52367032829753
EK202310181485,150.70180640313558
EK202310173117,150.59584947666403
EK202310191342,144.15907585869294
EK202310205302,150.36445532776915
EK202310122843,132.90059083201533
EK202310201365,133.0491639317937
EK202310164039,132.04116808617738
EK202310176835,163.20827628794814
EK202310240788,134.54168405478524
EK202310112640,150.93304008765767
EK202310181638,121.85654948662031
EK202310233877,149.91760112915424
EK202310107169,136.1379967962016
EK202310178789,156.15236488220836
EK202310152645,148.27333021311628
EK202310139143,158.9518076656365
EK202310185606,130.4928557321228
EK202310236253,130.79718773262877
EK202310188369,133.64290601526025
EK202310138500,160.2593689303511
EK202310231971,152.4123791009205
EK202310194339,137.26632341076603
EK202310175771,152.53005772594724
EK202310109100,155.44098345357165
EK202310196714,140.9415474708584
EK202310135780,145.49701546290146
EK202310177286,136.0430872686994
EK202310162248,145.11891326781148
EK202310113556,135.5353394598521
EK202310225632,144.212401477199
EK202310247856,140.48263705842768
EK202310178852,138.68614385481914
EK202310163577,147.4208980962117
EK202310151357,135.45283127013406
EK202310111121,135.8108300427228
EK202310181600,140.35091319773645
EK202310194358,137.23349425018787
EK202310202153,171.74072879016873
EK202310105466,118.86797864488497
EK202310216384,135.87738990255434
EK202310153150,157.91839416993594
EK202310230780,144.3944359759529
EK202310248548,133.50910060024432
EK202310121252,143.65689389522646
EK202310201045,138.4263248374
EK202310208942,148.35199507604668
EK202310173243,150.9494855168611
EK202310183907,153.11935148845276
EK202310152258,148.7009733729727
EK202310151886,122.90528596792068
EK202310124883,137.88299464962557
EK202310206942,158.85741543700325
EK202310186343,145.6310679644375
EK202310199252,140.76865052377846
EK202310153785,137.29849464720158
EK202310119274,136.56664699231195
EK202310229019,137.90103528449293
EK202310003459,153.7237502119875
EK202310215837,133.03802432071723
EK202310104012,149.61332046294126
EK202310226825,152.78345633443314
EK202310112000,137.55359658275083
EK202310228139,134.9684836424342
EK202310195964,141.06087022204716
EK202310196447,142.95754359633796
EK202310133431,164.62490055147484
EK202310148207,154.17556498884858
EK202310208262,150.76319838259283
EK202310234548,134.75897155471273
EK202310110644,161.16740552165348
EK202310112284,150.77436639482096
EK202310185528,161.7663041203029
EK202310120181,128.59091333955425
EK202310155062,134.81818655866613
EK202310141339,148.70615668837158
EK202320007364,148.63064757874488
EK202310153420,140.810077858833
EK202310168023,152.3806413441318
EK202310136980,165.25073141377487
EK202310109577,145.75824059371476
EK202310242836,142.39964675382947
EK202310245264,145.02940306355325
EK202310156259,150.15997854769768
EK202310190170,141.8018204763517
EK202310248085,131.92382108855554
EK202310236610,134.4454408692625
EK202310127984,140.06916782787792
EK202310151526,162.42941683751354
EK202310183833,138.32711473726445
EK202310181035,137.1112674741369
EK202310209277,139.62784579754347
EK202310208187,133.43132112561648
EK202310113331,137.96549964048222
EK202310130050,139.02389759674233
EK202310210098,150.37813743807112
EK202310131769,142.61402298971385
EK202310182943,154.00587624711727
EK202310245900,145.44203666561776
EK202310112562,157.75853391628908
EK202310112368,142.5233563353288
EK202310153158,137.866284084766
EK202310246187,156.65888423997853
EK202310158259,172.54390613600214
EK202310191908,152.81961542318865
EK202310229177,119.56639074057915
EK202310173976,131.9620087088192
EK202310235029,144.107833470985
EK202310160651,144.98688121899949
EK202310104176,145.45627433250016
EK202310163031,151.00147038058196
EK202310189284,160.3925203397484
EK202310203767,136.53987059847083
EK202310153903,137.0491015308581
EK202310163959,142.88575680990513
EK202310175696,148.5831217442553
EK202310196551,141.21661170178024
EK202310130357,146.0246893719002
EK202310227070,165.5799615651293
EK202310223980,150.66425405680044
EK202320005716,140.75222112033603
EK202310191016,143.86746347562422
EK202310159308,165.51576785726206
EK202310157506,137.44595882668705
EK202310205339,139.6705588411225
EK202310173591,142.21160058544214
EK202310212415,133.9539055299688
EK202310152400,132.88967512572412
EK202310116809,143.16412096836507
EK202310223921,155.4552591809024
EK202310136881,130.31574591070705
EK202310197683,152.34574678163034
EK202310119242,143.53741328839027
EK202310156431,147.21377516663188
EK202310142993,158.4812067311896
EK202310190357,139.08259995902998
EK202310138818,144.68766492595495
EK202310180708,127.15046456695532
EK202310171205,141.09153923902934
EK202310205536,144.5217312553769
EK202310178501,149.1909912989167
EK202310114516,136.2754195329736
EK202310217959,129.74543350556647
EK202310197130,141.6170457209086
EK202310175335,146.93641079382655
EK202310106557,149.31326887764797
EK202310228468,145.4329504978656
EK202310107166,144.3148799873974
EK202310187850,137.88763581985248
EK202310231655,136.58119976528505
EK202320005951,144.1573844363757
EK202310110395,117.39233510048146
EK202310229554,152.46771138249818
EK202310129150,143.68044791772422
EK202310245507,150.98563009353424
EK202310165967,149.05347848076133
EK202310139144,132.4291186258729
EK202310205378,145.0142777407345
EK202310118211,131.58048279322256
EK202310117975,139.13123107269863
EK202310246423,127.97156685453317
EK202310224264,136.9344103359047
EK202310157523,144.2826429251125
EK202310136806,146.85129471042504
EK202310209414,154.37076774346136
EK202310105657,149.25711825807798
EK202310227287,142.29171935085802
EK202310143495,148.57716807887502
EK202310104202,133.51726164033767
EK202310132179,146.19736287988204
EK202310192107,141.03915602907807
EK202310201701,149.72197775224737
EK202310204228,136.76754088514838
EK202310204465,153.48228907531075
EK202310220504,155.4552591809024
EK202310190283,145.44661501860162
EK202310220919,149.55048731652332
EK202310136224,152.52691591190847
EK202310229439,141.0855606488772
EK202310201973,137.80380575499024
EK202310233266,139.29320319408302
EK202310120402,144.4554234775346
EK202310203268,140.14131238298162
EK202310103759,141.1974141265618
EK202310206364,148.3919162407289
EK202310239486,140.35969590320283
EK202310167126,162.4177375838525
EK202310172738,133.65602540594676
EK202310225872,147.84005959599526
EK202310124187,140.02480485617667
EK202310230657,144.90633833471915
EK202310219193,137.86763063413682
EK202310169804,154.78513056061874
EK202310214791,147.27582222085675
EK202310130499,146.77711831827028
EK202310125258,145.71290085816716
EK202310217221,132.90655125022673
EK202310244345,150.8151211431119
EK202310130692,141.39342557180944
EK202310225290,161.2268570149952
EK202310202584,149.23759626183764
EK202310165777,141.99343435749574
EK202310173066,146.0187036440498
EK202310142994,151.37057072379298
EK202310146665,145.37855973872823
EK202310213439,135.00965286091872
EK202310239350,144.32778840350264
EK202310187146,155.73080121919915
EK202310141831,161.83503698617017
EK202310181405,160.6527174062994
EK202310218983,135.6074248594859
EK202310224271,146.51150313937177
EK202310141723,141.93060850348454
EK202310191900,146.60934980076118
EK202310179485,140.5777923984965
EK202310162868,151.68293238400105
EK202310182366,128.01430039222055
EK202310148108,140.37047402142744
EK202310160133,155.49001355409078
EK202310166838,144.52367032829753
EK202310209189,143.62996355232022
EK202310135477,155.11135036133462
EK202310136211,135.7998771205896
EK202310211907,147.33089008126373
EK202310204224,147.60452838250882
EK202310003420,125.16812896179705
EK202310111245,159.66181687892083
EK202310155528,134.76792629133226
EK202310116420,148.92860650141574
EK202310163647,147.79260822142635
EK202310004316,134.8017823638981
EK202310136565,149.56741860203752
EK202310242785,141.8357874401189
EK202310142669,146.8745185146453
EK202310113336,137.68008590356575
EK202310147196,136.73514814231376
EK202310198324,169.3497671166689
EK202310143104,157.3051880692479
EK202310112994,139.11398950459156
EK202310175359,156.34437764821158
EK202310185406,151.64412000468235
EK202310179778,142.52701332826902
EK202310112667,145.69457519241814
EK202310194252,131.86554345136256
EK202310147035,133.07484386007022
EK202310111219,152.0998188875724
EK202310214524,138.47540629300065
EK202310232716,147.67966309885526
EK202310105019,140.34065043700105
EK202310234559,137.17967909676702
EK202310173427,174.27491867382454
EK202310195378,140.01038978257415
EK202310134112,141.3800522892771
EK202310181301,137.9516787338014
EK202310214980,153.02175551412105
EK202310238261,142.50107847748635
EK202310130718,130.76433781785684
EK202310147373,143.09072458680245
EK202310168667,148.39550759896568
EK202310225226,153.2500921417911
EK202310118349,143.93393630845395
EK202310157718,140.78930257945692
EK202310187448,143.6914723022619
EK202310181860,139.45708835076917
EK202310236193,147.87521597962328
EK202310152103,152.44717159782275
EK202310136089,155.89268629295674
EK202310238835,154.2254456603729
EK202310142264,137.62065407816942
EK202310198539,152.3868114392559
EK202310190468,157.3745313175628
EK202320006389,141.7345877212452
EK202310148444,130.00856252516525
EK202310149959,158.37111315769525
EK202310228555,138.10040010250657
EK202310105501,141.7345877212452
EK202310119203,142.9198165640451
EK202310232306,138.85814281449666
EK202310182557,144.36450736595552
EK202310213342,131.4935516976064
EK202310167646,168.03466698820202
EK202310195462,139.89123973699643
EK202310171718,139.2240044682216
EK202310150737,125.86072926178537
EK202310207739,147.28124583711002
EK202310121660,128.95681067167786
EK202310205678,147.06698488870143
EK202310242815,128.6750689392773
EK202310193926,137.0161151057354
EK202310169215,156.41318039656565
EK202310121914,130.6160495983929
EK202310146443,140.43974242288886
EK202310186043,136.27404483887
EK202310242764,148.4593864814648
EK202310125734,130.06542452134505
EK202310188093,142.76587461064324
EK202310247744,145.1049989426123
EK202310183732,158.19622744428958
EK202310120950,139.6531925981928
EK202310160943,138.4644332516104
EK202310223077,148.36545612791258
EK202310113322,136.91442625449469
EK202310171016,157.6537281248448
EK202310118992,147.71752600324018
EK202310210813,129.99107042992824
EK202310119393,139.36858134839602
EK202310165072,144.85337495496083
EK202310130476,154.8042230067697
EK202310176158,137.72406277814122
EK202310235070,137.32163280002788
EK202310108800,125.93588634290147
EK202310213698,116.91001807730386
EK202310211960,139.65376894278913
EK202310115107,137.80720025193796
EK202310154887,148.80439186669105
EK202310125964,137.26182388497446
EK202310197631,152.8402269330808
EK202310152495,157.72854625763676
EK202310138965,144.4640028043381
EK202310229751,129.40305489512642
EK202310243042,140.52659049825388
EK202310104932,139.74464708882155
EK202310196593,150.06847765937752
EK202310166871,137.27788640549664
EK202310148398,151.63595484731002
EK202310209486,134.479498146187
EK202310136632,136.5746162846386
EK202310189646,160.61257955849277
EK202310225870,147.92444601275008
EK202310161755,132.47493161951576
EK202310228917,130.58990404984795
EK202310148074,146.2072100438872
EK202310127137,150.41776355432236
EK202310189248,132.73546217550583
EK202310125103,140.32469040175238
EK202310191210,150.3812953405959
EK202310218240,142.05287775985306
EK202310237275,134.62040145114733
EK202310162417,149.10880892139
EK202320007302,144.03242499132622
EK202310198514,142.30305499266774
EK202310156654,159.97315142094982
EK202310171571,137.5560828561205
EK202310177305,140.67868434528054
EK202310246747,145.05226513298948
EK202310202758,175.8851891638138
EK202310106134,139.16486593481136
EK202310004263,164.11202920821958
EK202310167253,140.53601834017041
EK202310154950,138.83482969422818
EK202310104343,142.15259731983775
EK202310162981,145.6969832402644
EK202310170399,140.65465137732323
EK202310157462,143.02660023713162
EK202310222137,156.90198659583186
EK202320007745,142.4728428676325
EK202310220891,127.04884052602243
EK202310197465,145.99226171610974
EK202310169484,142.97996051966152
EK202310206857,147.8015487354213
EK202310246430,127.67809699183857
EK202310116674,146.90131522737988
EK202310143852,144.966271586599
EK202310181630,152.7430141004253
EK202310208946,137.08971894313817
EK202310108868,143.66183121372825
EK202310175588,144.31654739871772
EK202310159547,130.90111237595073
EK202310188294,142.30585359766215
EK202310180437,158.38614181602196
EK202310212936,145.04486451460596
EK202310130231,165.27849699083814
EK202310127231,139.86004138565323
EK202310189985,148.7009733729727
EK202310116510,140.3394382427017
EK202310207462,145.5761458467821
EK202310218692,142.4559969132872
EK202310227138,134.81203366215703
EK202310209607,142.1625650977112
EK202310119774,145.9822129110038
EK202310244607,139.49495918295793
EK202310113466,152.88182927120232
EK202310117710,132.25183554617263
EK202310175467,139.18621234938524
EK202310137952,143.73182525412383
EK202310235796,143.86096171915628
EK202310248336,143.91286382220554
EK202310185289,158.86629803816277
EK202310149146,143.01723784543748
EK202310129791,147.0172731725164
EK202310122547,138.9128754807024
EK202310131673,140.41182029387448
EK202310218477,151.77741369175283
EK202310158788,159.2376504860245
EK202310243244,146.08392659028624
EK202310137064,134.91251135949344
EK202310178386,154.32350817378506
EK202310159003,136.71094389067943
EK202310127413,150.5314498008463
EK202310194146,153.92771284374427
EK202310232087,153.5761480065849
EK202310143601,149.40826145090924
EK202310127915,146.06250735295785
EK202310148535,134.45388084190142
EK202310127692,140.9215060265547
EK202310134785,140.01038978257415
EK202310196646,140.45186173349674
EK202310003600,138.17590431252123
EK202310246935,149.98104545536006
EK202310239761,153.22917926356646
EK202310216852,142.55789907140758
EK202310220984,139.97034907832864
EK202310144095,142.1449680563645
EK202310152597,158.15684688537502
EK202310168343,131.92360126423833
EK202310137883,140.64413155520677
EK202310193368,136.4700791708309
EK202310127993,158.00958954645284
EK202310141466,156.1137537292767
EK202310124906,144.03341280100207
EK202310121318,139.16120019728416
EK202310214552,161.13318840500418
EK202310242972,139.2956742392569
EK202310169356,174.29727442927918
EK202310141331,150.58787015627937
EK202310148511,163.1779727250678
EK202320006765,157.48439598093935
EK202310131274,148.03942740029422
EK202310126970,136.88822649714209
EK202310167321,149.88369557877928
EK202310215589,130.29217579724968
EK202320006107,139.3519957159926
EK202310147086,151.9999210090977
EK202310233859,151.42578957831313
EK202310141954,135.38655284943553
EK202310234852,143.91918676287523
EK202310136328,125.81690626055446
EK202310133047,133.6357203546412
EK202310136399,148.92474754928384
EK202310207760,145.284105133527
EK202310139278,147.60388106363322
EK202310125356,136.25270484359913
EK202310146350,139.5903897382275
EK202310177090,141.49326703161412
EK202310138005,139.00051632662223
EK202310137985,132.16941405215354
EK202320005567,134.7234487254153
EK202310197087,134.54746025294318
EK202310157990,150.33280382407696
EK202310176214,144.56830716185829
EK202310128811,132.4952214508235
EK202310120029,139.19486869576
EK202310144471,134.32006590405646
EK202310188230,141.8796397391141
EK202310154178,140.33690524055464
EK202310157814,138.83668371106765
EK202310130684,140.36277424502128
EK202310140639,137.50986688183167
EK202310233784,146.3161232011388
EK202310177044,136.13138554137998
EK202310204770,155.61741257497357
EK202310143193,123.7158907032802
EK202310229063,150.09226344691
EK202310142428,149.61625487715284
EK202310142101,138.78387720590484
EK202310199185,142.28662347822666
EK202310122048,144.0229272799488
EK202310189594,150.8673672186447
EK202310105475,148.70537359002537
EK202310181985,140.71960499285112
EK202310111833,148.04333597950784
EK202310164318,125.93118197821278
EK202310170916,132.29533727744248
EK202310158358,156.36982448054604
EK202310106802,148.18231525449002
EK202310158510,140.59343517858818
EK202310212527,148.98678433356827
EK202310109926,134.22123710688882
EK202310114932,164.17737267793427
EK202310223038,138.48327656486725
EK202310193126,159.18208479550717
EK202310246777,145.49340635814042
EK202310189632,151.22607402522164
EK202310240945,144.31245183563047
EK202310239693,151.22607402522164
EK202310216494,152.64158826088902
EK202310183749,144.90133492219863
EK202310141275,151.16063334292397
EK202310131036,138.2007006808921
EK202310113828,150.09963528114633
EK202310207144,138.62487099291954
EK202310190451,138.25655288840113
EK202310229761,130.52458425625053
EK202320006392,155.9713750706698
EK202310227082,150.6706260222512
EK202310211827,142.55320482679383
EK202310235192,148.49576913516805
EK202310198132,155.83996188195798
EK202310189905,163.89425608157018
EK202310193570,151.36424430092006
EK202310137822,130.72629638952154
EK202310206557,136.8412330907598
EK202310127272,141.72268829049503
EK202310195399,145.58711333881607
EK202310116174,151.1684729003545
EK202310112198,148.46811983185952
EK202310163418,154.4084776401411
EK202310003339,150.36445532776915
EK202310145884,145.31916934056392
EK202310210819,133.73424602005136
EK202310188596,139.5846317617625
EK202310227740,131.3175762732728
EK202310171332,146.43656208066184
EK202310107268,138.29778068468417
EK202310232122,143.77743423719988
EK202310145739,156.6200594404309
EK202310240638,136.26742271939307
EK202310174884,160.1677335803679
EK202310213193,133.71468833544583
EK202310218429,147.09661770284123
EK202310225216,128.1003876571956
EK202310235813,144.27023856970064
EK202310223825,149.55068365288804
EK202310165260,143.11906444516006
EK202310136218,154.5334607204965
EK202310138301,145.79562847358943
EK202310217412,160.30446797029978
EK202310224143,149.40836996922715
EK202310155730,150.50038243120093
EK202310246010,135.25420551683172
EK202310111437,142.92727171113546
EK202310162583,141.34262458585118
EK202310126440,133.30421184656257
EK202310104619,146.85636891355034
EK202310172843,132.55186138582826
EK202310147555,150.55734763082114
EK202310161054,144.3841339796839
EK202310209188,151.3997523376277
EK202310144583,132.551014400344
EK202310113571,151.03958684181288
EK202310236906,132.65815083989244
EK202310236614,144.52367032829753
EK202310153224,150.6330371288301
EK202310139052,161.37102045014709
EK202310238192,136.40389176893243
EK202310233466,126.20615391619027
EK202310215038,146.00741508219997
EK202310179617,134.43073798150445
EK202310159717,142.5214618367887
EK202310152017,157.33972169329286
EK202310190439,145.92650334275623
EK202310193413,152.67279189280893
EK202310160170,164.29435237757028
EK202310123300,130.53564567792944
EK202310204445,148.65844197531308
EK202310214835,142.68017402836927
EK202310220520,142.05857002114774
EK202310003433,129.9825153895077
EK202310159797,147.56150810047032
EK202310139535,140.29441942829092
EK202310118986,133.35242824323765
EK202310131290,138.90030382208346
EK202310145211,129.69155890507002
EK202310124121,139.1517965483772
EK202310164013,134.12463607252008
EK202310158539,172.8382587704884
EK202310157029,131.69369329166707
EK202310205071,157.41838035044614
EK202310237265,153.68734033137625
EK202310121334,149.34525854405732
EK202310169722,148.92382250621912
EK202310227972,150.8911657935066
EK202310148017,156.35243839213604
EK202310201744,139.16287680832863
EK202310178777,160.08023338693923
EK202310158599,141.0854419124721
EK202310223823,154.5723824660744
EK202310244269,133.51159120557966
EK202310145223,152.30336456727417
EK202310183001,143.31827921726273
EK202310144652,148.4498591378154
EK202310149925,140.81766490471918
EK202310232433,147.7895371691976
EK202310170505,138.47442855720422
EK202310213173,138.74160351159003
EK202310140978,147.81813933280645
EK202310003838,151.9732112149533
EK202310197038,144.6543729627254
EK202310144172,166.38948564737393
EK202310107554,153.60388402738562
EK202310145215,129.09610830613872
EK202310178423,144.31654739871772
EK202310135509,153.7942684187819
EK202310114244,138.97704309775693
EK202310143184,146.2490535096769
EK202310141247,131.9561184653968
EK202310202303,153.88604398435618
EK202310111325,144.52367032829753
EK202310167906,149.9577601734829
EK202310105431,145.92530328590186
EK202320005905,159.93265254854302
EK202310127826,170.61995010677714
EK202310104035,143.50300627962974
EK202310213387,132.24231904050032
EK202310109955,136.07441831279144
EK202310218233,150.24064997570244
EK202310115271,143.6863228501601
EK202310206248,149.6046628315984
EK202310158573,148.98273405595012
EK202310183224,149.34525854405732
EK202310231210,140.13988811225605
EK202310118684,148.8685439878633
EK202310242985,142.3217280600532
EK202310136035,146.78471907896764
EK202310231734,141.35362796434404
EK202310145163,140.43769346711687
EK202310211871,139.22468038569255
EK202310151737,135.70248234678994
EK202310165550,176.18766849328966
EK202310214955,138.89283569718404
EK202310112312,144.6967392055832
EK202310122742,146.474928458203
EK202310202487,144.11564712678944
EK202310233089,144.98997550275095
EK202310166257,141.79975833616223
EK202310180021,149.479540497219
EK202310149123,140.164729073837
EK202310139242,147.59938779469957
EK202310140791,152.8979353358237
EK202310230828,146.11899990220587
EK202310242667,135.60755318089588
EK202310188077,147.5543147615902
EK202310184134,166.0995495837301
EK202310227767,157.63530580165465
EK202310206257,152.33407448746195
EK202310112535,142.25380808172122
EK202310142903,142.5190747012441
EK202310109645,145.85873610576493
EK202310153020,141.07056778159333
EK202310106726,136.74008009319812
EK202310223842,140.30245252204182
EK202310194598,162.4452105870922
EK202310148450,139.52891218067853
EK202310120806,126.55796277081615
EK202310209691,144.97213527621759
EK202310114213,134.6107722942594
EK202310152335,144.72059045130266
EK202310232377,144.2918989402835
EK202310150359,152.57027560025134
EK202310172745,133.51104020739817
EK202310201411,155.70301615640213
EK202310152893,159.12595887202636
EK202310155212,147.4348367865468
EK202310182742,149.1860955817153
EK202310183087,137.60857321823536
EK202310200379,133.9327151847587
EK202310173094,128.29137571894623
EK202310227985,152.6216839954807
EK202310238336,159.9219421378067
EK202310184224,147.87056201589792
EK202310232915,143.4740397791683
EK202310219151,140.62963018167227
EK202310213370,126.7608227331247
EK202310219745,154.2004224055969
EK202310138780,148.3244527214909
EK202310203481,147.23667439696885
EK202310174922,142.24756463952994
EK202310233758,144.1573844363757
EK202310153471,141.89853199761538
EK202310151891,155.3324144068906
EK202320005592,143.79059171591737
EK202310105631,142.98598267116353
EK202310176003,150.86686977227748
EK202310181211,136.18250393746212
EK202310144399,144.749909234845
EK202310240649,140.57263070327735
EK202310145192,149.06631772779164
EK202310206829,139.5090854762867
EK202310110211,128.66885963100012
EK202310234760,140.77163269551278
EK202310114319,141.61571468086777
EK202310135966,134.02014264641014
EK202310183214,151.20144935779828
EK202310163942,160.377301418141
EK202310219060,135.03840229052972
EK202310192350,146.0187036440498
EK202310130531,137.1576612576497
EK202310163172,131.52332700117225
EK202310240348,142.05223559191035
EK202310198945,167.88251400092196
EK202310004178,140.87361340115842
EK202310199537,160.6664396402699
EK202310152430,146.0745116149977
EK202310200143,144.55403197681628
EK202310190524,141.7582858201702
EK202310116645,126.46177984425738
EK202310193204,148.43624872936698
EK202310148808,139.53942109489034
EK202310231781,142.45965762135023
EK202310129095,134.28275363936862
EK202310114613,166.819187588688
EK202310190518,142.15595664627728
EK202310180509,145.576221260237
EK202310220514,139.47499878493593
EK202310225336,135.63714473339672
EK202310237750,143.1527623774336
EK202310182363,148.98329687362414
EK202310196291,162.8708317106018
EK202310161270,150.34442224133966
EK202310132154,128.88010148809175
EK202310181652,130.64329079923397
EK202310238306,140.50816172252414
EK202310187861,139.48512854809448
EK202310196524,150.2461532085447
EK202310218151,142.78107221125003
EK202310176813,128.48892163364627
EK202310115338,135.76888396939964
EK202320007107,145.76614032355985
EK202310190744,142.48810613860954
EK202310242292,155.25625718866698
EK202310133848,138.04222242629015
EK202310173165,149.71321836230263
EK202310201969,131.78966245948095
EK202310194094,163.08741795799196
EK202310192787,147.39937385875416
EK202310107065,129.65579103151157
EK202310247670,173.21557416722436
EK202310200824,145.5378400680693
EK202310157197,140.62278604497718
EK202310192671,144.10509416239626
EK202310189959,171.12343570591128
EK202310242747,145.83310570324497
EK202310221418,117.8441279048837
EK202310178956,136.4824945328976
EK202310162978,153.44373219489046
EK202320006792,137.55257235291126
EK202310119199,149.87762041232205
EK202310229640,139.87262377685903
EK202310136912,147.68869322104766
EK202310193691,155.87150526128693
EK202310141736,138.1447083905199
EK202310159077,163.3853327863025
EK202310199320,138.8670786599128
EK202310205972,136.00023413688638
EK202310155578,135.1798784735038
EK202310115031,145.52577825698552
EK202310143815,134.45439707832068
EK202310133150,160.00255470286478
EK202310133982,146.26160640483047
EK202310216455,153.16893819574355
EK202310206390,144.44943401330326
EK202310204338,153.5392001318494
EK202310115162,139.49495918295793
EK202310117837,124.0019041840559
EK202310211582,141.41905284022093
EK202310119713,150.23940346592903
EK202310136154,146.85435952545055
EK202310222178,134.37715842506068
EK202310143261,144.69359490808264
EK202310122388,146.8180782488983
EK202310125099,145.2764689999145
EK202310172723,133.44405493306485
EK202310226850,147.49306081130672
EK202310111054,146.5263268824303
EK202310187762,149.87762041232205
EK202310213222,136.8034118276088
EK202310105201,150.07135522748078
EK202310173124,155.44752123845421
EK202310180253,142.34920270129993
EK202310248026,184.40393564486803
EK202310177052,135.29780452742582
EK202310171106,148.1469412256184
EK202310136327,132.73051216338212
EK202310208120,146.64379979867428
EK202310004784,134.76258312678104
EK202310164690,140.29224502846256
EK202310214669,152.19094234718
EK202310131706,156.62749430796822
EK202310104529,135.3502460452767
EK202310118248,149.4962708371051
EK202310137915,140.09544878870184
EK202310247207,152.43881784941365
EK202310185211,144.69160319207307
EK202310121850,117.63745409311547
EK202310128165,149.41298365107033
EK202310123063,131.26923068396906
EK202310219511,131.05752621920752
EK202310242037,150.02560604682543
EK202310180079,143.03234619716636
EK202310193224,164.09003216588331
EK202310191500,135.1957622695129
EK202310116444,133.39199950319065
EK202310130285,146.77711831827028
EK202310108568,127.11683236960862
EK202310136319,131.9177558476808
EK202310224242,142.8305113998978
EK202310227382,129.4333377013651
EK202310202780,138.35732029604347
EK202310137223,150.3639916351116
EK202310230312,139.33579622061592
EK202310234557,145.9444765157376
EK202310189352,170.86105344894875
EK202310226383,132.25737670883774
EK202310141535,148.62313651186628
EK202310184208,145.3991662335368
EK202310230152,161.01442808374742
EK202310160390,151.8310096362475
EK202310122632,138.63722332565402
EK202310165838,152.53465772915737
EK202310144483,174.22496674254222
EK202310108194,149.41522774310985
EK202310106793,137.27881373895664
EK202310120779,137.7636837722929
EK202310113163,153.50587920666038
EK202310115686,135.03277255729267
EK202310153049,150.39516620702906
EK202310177121,158.3869285054756
EK202310151267,150.99040822093352
EK202310214589,153.7037563821714
EK202310208963,155.88606095065452
EK202310154044,144.16139563577624
EK202310198051,135.6040991903899
EK202310105305,150.73148638550157
EK202310135168,133.20185789970938
EK202310200887,135.61685736383967
EK202310202015,132.90638201536711
EK202310211458,154.23072496245615
EK202310135559,143.0864027919995
EK202310135685,152.57892239933528
EK202310164450,133.63235473450888
EK202310195626,144.26924871272004
EK202310238957,140.29716309793076
EK202310131647,143.5971161168851
EK202310150387,144.81924111902202
EK202310121479,136.494532735674
EK202310236900,143.05022336916662
EK202310159488,151.64115591680087
EK202310191125,141.6170457209086
EK202310132284,151.4311558968004
EK202310205918,139.74391686104332
EK202310192730,140.63111093635806
EK202310123751,139.6513325198808
EK202310157723,157.15658840269796
EK202310166159,150.3023495261723
EK202310217657,129.60466792730688
EK202310139130,164.3091144342674
EK202310176465,134.05025591964682
EK202310135907,147.1369188642043
EK202310142364,133.29312310315092
EK202310106377,144.05260874208193
EK202310246049,135.91856440892624
EK202310213693,134.40395623274995
EK202310164186,147.6105132361572
EK202310160898,154.65606413905516
EK202310217495,154.13827190625196
EK202310170927,142.06977008988952
EK202310164087,143.05339848487358
EK202310202710,135.92749212110755
EK202310161660,146.51854334954265
EK202310118714,135.77209318068364
EK202310208776,148.63700324722728
EK202310192073,157.2543315836732
EK202310149834,132.61019749025866
EK202310115300,148.1583254457682
EK202310137234,139.9637362145163
EK202310167336,152.33564836962213
EK202310130940,139.96546376252013
EK202310108363,145.46185461178956
EK202310240062,140.0156146017909
EK202310143711,136.768625229728
EK202310126099,137.30841440899
EK202310111701,143.58298044591214
EK202310109430,149.86549395078865
EK202310229241,137.74197552941504
EK202310224916,130.17440912992834
EK202310198104,138.9825463335487
EK202310146821,144.56900124779128
EK202310149423,152.70886589479437
EK202310189461,166.91250338610135
EK202310113093,139.98232317274437
EK202310203899,163.25728078622853
EK202310222972,127.24302914725779
EK202310122045,133.97095686804286
EK202310197655,164.62291953954264
EK202310207370,153.2712794671713
EK202310126718,137.12017845883628
EK202310239768,128.98622378298654
EK202310154953,148.17011126711205
EK202310104866,146.61795535592827
EK202310213299,138.22219493024852
EK202310152880,161.7354784456029
EK202310210510,141.3749062800848
EK202310003355,133.2543239526206
EK202310138578,145.11247575769048
EK202310221979,137.6155802052622
EK202310136372,142.9026537941322
EK202310240726,135.49735728536132
EK202310199316,151.8625508857959
EK202310180477,149.46425292131264
EK202310222146,132.75153378797648
EK202310195135,153.614239788005
EK202310225124,138.08321571866222
EK202310197588,166.7775625504805
EK202310164715,147.29579358194752
EK202310224547,147.68869322104766
EK202310195634,153.53716575474684
EK202310233272,137.13363330240995
EK202310133354,145.88658812998153
EK202310155274,136.7030507012084
EK202310187381,148.42153404500797
EK202310181622,130.44631899922442
EK202310180891,143.4769769883558
EK202310208781,154.64068980642872
EK202310138532,134.57636111706776
EK202310158039,149.768044175842
EK202310234759,147.16057508044017
EK202310172371,140.7737132652132
EK202310004492,131.9138341436374
EK202310167403,152.38211417281218
EK202310224663,132.30779382533902
EK202310125319,137.8997939720325
EK202310148708,154.94570093984257
EK202310199777,152.17522214412685
EK202310121002,145.5536277856846
EK202310223457,131.02657986640227
EK202310241156,155.7146634684435
EK202310242414,149.16339609351257
EK202310233868,141.7476258167882
EK202310218542,131.9177558476808
EK202310181849,169.67247330220638
EK202310199972,134.51214741227983
EK202310219891,135.88433189448875
EK202310198598,159.35605316019394
EK202310192601,145.70268043102126
EK202310192902,144.25071274757389
EK202310186540,131.5655044153415
EK202310135637,131.41490183263227
EK202310224182,162.8990864158443
EK202310245468,173.17087076498026
EK202310187476,135.7285408252235
EK202310004176,144.87420214208814
EK202310173306,146.24532284711984
EK202310174815,137.49100171786242
EK202310003528,142.48705566357557
EK202310106869,141.57241392956527
EK202310114334,137.5037911841754
EK202310128865,134.06852224176245
EK202310162698,153.9544048987679
EK202310246100,150.32378988268385
EK202310183029,138.1855814915854
EK202310138016,121.3432926432605
EK202310003652,129.844660104053
EK202310206206,136.49424320555994
EK202310152370,152.0749128153823
EK202310168292,160.62888713922482
EK202310198068,145.29481311122697
EK202310138206,125.8137408132378
EK202310199965,144.46774842189208
EK202310108649,150.5700380339524
EK202310120575,129.85641431356177
EK202310124777,133.39168645789997
EK202310165021,141.83117214542875
EK202310183112,150.98045023256418
EK202310105459,138.2238688940834
EK202310134757,137.86520360872615
EK202310103956,128.92792369314557
EK202310222980,154.2551873176889
EK202310199522,151.31494393126803
EK202310224732,133.38755293843508
EK202310192783,145.69338548755502
EK202310194812,158.10092951958137
EK202310236020,150.17204685673335
EK202310108411,150.7026348240346
EK202310106942,145.99642017404005
EK202310110399,140.50375227766327
EK202310203809,132.99335429272347
EK202310126385,132.30019699657527
EK202310130826,140.24344589143644
EK202310143699,160.32714814467323
EK202310115466,134.70662141583855
EK202310201041,152.5401615052954
EK202310210566,146.30684020533
EK202310142263,136.4700791708309
EK202310226772,142.6856069720835
EK202310174000,141.8091958772651
EK202310134341,154.7203593624503
EK202310213426,135.91281841109924
EK202310135863,148.4991618614871
EK202310135242,156.80356729074785
EK202310146997,154.1782712828024
EK202310243667,166.82552161623002
EK202310229674,140.6063588172113
EK202310130805,133.28627229994396
EK202310220574,121.90675977427505
EK202310164649,149.55048731652332
EK202310134408,131.21463542370793
EK202310003474,125.67095311717247
EK202310118263,129.91708498681461
EK202310161867,155.96072525348146
EK202310181365,140.41208872277485
EK202310154801,148.94022662461225
EK202310219520,150.1742337246878
EK202310200310,147.0650302196843
EK202310207883,160.82634744969806
EK202310146716,148.36662103430575
EK202310123679,137.10180847791747
EK202310240065,157.3302805361879
EK202310185668,146.474928458203
EK202310182482,164.86908516069363
EK202310112781,142.66445610305882
EK202310105135,145.54891354405117
EK202310164531,142.68300927460385
EK202310150078,156.60150161204945
EK202310223094,176.56587900588664
EK202310247424,169.59558371188695
EK202310186061,136.58063682143293
EK202310173560,137.25952687051293
EK202310190249,154.76092678068792
EK202310160821,142.60232008751746
EK202310188946,142.99359502840574
EK202310149161,144.08021667057466
EK202310122403,134.25728309023168
EK202310195995,139.27025737198957
EK202310176442,132.69028625183577
EK202310146105,142.601206484996
EK202310212801,155.3610814151036
EK202310227700,136.28003445485766
EK202310180756,135.64669800141638
EK202310140861,141.4844685162949
EK202310207186,142.4462314527
EK202310225979,140.92688829220765
EK202310171463,148.84342058064442
EK202310123630,132.8304469143133
EK202310184360,144.34375874826046
EK202310176661,139.03655609952432
EK202310118436,136.41777318682472
EK202310106839,133.72446502035814
EK202310205589,142.00865927328095
EK202310224665,123.16856663666876
EK202310191707,137.63045638697525
EK202310108998,141.25552845844854
EK202310168084,144.45987559359813
EK202310222339,142.25379857322096
EK202310129697,134.8988328756992
EK202310170459,134.58087276429856
EK202310170867,143.58418296354313
EK202310004814,156.4414824695019
EK202310139330,132.0887385224793
EK202310243947,134.39303419977287
EK202310158812,152.34099139802743
EK202310246467,128.6806935195261
EK202310139605,142.53295201523295
EK202310204546,156.65512364556557
EK202310247739,156.683352758809
EK202310163645,149.3132117840542
EK202310213374,134.59592688631307
EK202320006854,157.6094155387075
EK202310003821,146.58457024093119
EK202310154988,136.19045844130625
EK202310141484,143.64580383936794
EK202310166793,142.50590216086007
EK202310216066,144.44943401330326
EK202310209262,147.9172123126877
EK202310216292,141.64071821092517
EK202310134069,120.1276216132279
EK202310177735,147.12341005501415
EK202310213634,142.39468891708307
EK202310162478,142.61957823300713
EK202310232091,143.00716970734518
EK202310138848,151.43558823147737
EK202310233671,150.48295284502586
EK202310142473,150.44727544015723
EK202310159684,165.70636718326105
EK202310180111,165.65441947197408
EK202310229192,149.87762041232205
EK202310119588,145.16097195667376
EK202310238495,140.97937326943918
EK202310209893,133.67734006711285
EK202310234545,143.22619403727361
EK202310174703,133.29945334106404
EK202310171373,150.95401443124146
EK202310150301,158.77493832155443
EK202310198468,131.54330864620624
EK202310142834,134.19324987069592
EK202310123180,141.0854419124721
EK202310205955,134.01697843360577
EK202310227181,147.64925417500146
EK202310147163,144.4616999506891
EK202310196863,155.35487327865292
EK202310107077,106.885508715523
EK202310224123,138.96930570028331
EK202310178723,131.4552245025683
EK202310188726,145.72217476034518
EK202310145842,141.34583466233497
EK202310126848,148.99556676886354
EK202310149653,155.25798589149392
EK202310210321,132.84658680861068
EK202310138754,143.09301460010113
EK202310190404,143.84806373309203
EK202310142661,132.7456570834386
EK202310163611,150.86791120331762
EK202310192118,145.31123766348693
EK202310209339,146.5139846316881
EK202310211087,141.19711542829
EK202310200565,164.1841212746535
EK202310162171,136.53928652587624
EK202310239766,127.57110860526326
EK202310242115,138.8090310365451
EK202310206840,131.57160732677468
EK202310186840,137.03368278826593
EK202310122626,140.77123655314526
EK202310247532,144.4740429497394
EK202310248321,144.59532933435617
EK202310137335,135.7678693420482
EK202310164720,138.1219267893834
EK202310164776,147.19806943280958
EK202310172694,143.56428598969464
EK202310115208,136.03307105302937
EK202310140400,147.8214746882949
EK202310217155,156.3512689537096
EK202310220114,140.537033989652
EK202310145630,142.723882920958
EK202310246549,135.14431880994647
EK202310204696,142.6428678562742
EK202310225296,124.78254919465935
EK202310195107,140.94455210780006
EK202320006795,150.9494855168611
EK202310108157,134.62213113985553
EK202310121697,141.17037830411698
EK202310106708,145.08891868520655
EK202310181363,132.39790022343965
EK202310106364,135.23620749757114
EK202310180893,140.53027600118924
EK202310183016,147.22010323058308
EK202310004166,136.26742271939307
EK202310199838,139.08834815291064
EK202310148423,154.75068889758697
EK202310181024,143.2871978105245
EK202310114930,132.01914700834544
EK202310128476,155.57420850032278
EK202310169523,130.36706237170185
EK202310168371,157.13216937291762
EK202310195418,174.1509710031194
EK202310176857,140.68778301611783
EK202310111775,150.39856642827104
EK202310153448,136.1071054885034
EK202310141648,143.19447306753497
EK202320005982,135.9788338338596
EK202310003582,143.3459474540209
EK202310222503,133.03871172670893
EK202310202091,142.85555859973084
EK202310115161,154.37981340864883
EK202320007144,149.43252095417097
EK202310120067,145.45627433250016
EK202310156517,145.6375208977021
EK202310248466,139.84153433586894
EK202310183536,149.20323500316374
EK202310237952,148.3213268754612
EK202310205472,156.95344195313658
EK202310170132,138.01914389866172
EK202310132623,133.6357203546412
EK202310227130,135.82902877344495
EK202310131693,150.65024022443265
EK202310212847,156.310707821196
EK202310192454,138.0512420248711
EK202310151379,164.2600884248367
EK202310166887,146.4022964832993
EK202310151838,143.0067057656074
EK202310218637,138.4138977858203
EK202320006368,155.37496401734612
EK202310110191,136.11773887398462
EK202310123397,157.97867450664845
EK202310183798,143.71357922507906
EK202310142570,151.0474147893894
EK202310123542,148.5831217442553
EK202310189606,161.86198659272483
EK202310239154,142.59107492470991
EK202310218250,129.01116153510822
EK202310222212,156.97836464623322
EK202310213689,135.87114124176355
EK202310108905,157.7918712644195
EK202310201539,133.45307450618603
EK202310241773,143.51740776415744
EK202310136938,142.76872305526908
EK202310223539,142.57050190650918
EK202310175290,134.31831702736176
EK202310167269,139.50206006679517
EK202310136276,138.99274659852506
EK202310241802,129.36785625446453
EK202310159213,139.66197321853048
EK202310163058,146.63585718234543
EK202310204661,150.11962962644256
EK202310165933,154.36036805725266
EK202310123794,131.75478274748266
EK202310191803,125.65359045027901
EK202310158551,150.3373685256888
EK202310146637,141.76707283698775
EK202310214984,142.18205160967727
EK202310191267,138.9210055277531
EK202320005702,144.36450736595552
EK202310112412,150.64446025139435
EK202310246169,160.4212324826789
EK202310173215,146.7493102750565
EK202310233468,152.34079692097586
EK202310197783,163.24149170552866
EK202310151122,134.60695735966362
EK202310248270,139.7088544018576
EK202310238332,138.54954863958915
EK202310194686,127.83663631227822
EK202310205802,146.30605673205469
EK202310205367,134.47130906981053
EK202310119704,150.79485146889945
EK202310149724,146.83340385766374
EK202320007846,159.76381209045874
EK202310108803,139.65436891351055
EK202310004799,136.903982520445
EK202310198015,152.13290678815036
EK202310179913,137.95642703827542
EK202310180275,143.4042076169043
EK202310201100,158.66017852469182
EK202310203139,148.2147303201052
EK202310175999,148.24707234236323
EK202310205556,150.73636117909203
EK202310215029,147.29579358194752
EK202310246170,143.22991258648202
EK202310169135,148.84773791987135
EK202310132991,136.90766385934737
EK202310122441,148.66487382145255
EK202310004600,145.85630928543964
EK202310158154,161.22114074619873
EK202320006789,137.2065190321487
EK202310235205,138.46912630694789
EK202310241817,163.8153545470159
EK202310108496,144.44943401330326
EK202310159875,131.69369329166707
EK202310214914,148.16996714272847
EK202310145239,149.07576237734926
EK202310133595,151.7986655213568
EK202310144564,146.51854334954265
EK202310003645,145.5579365347052
EK202310152554,143.6347416797195
EK202310234203,134.89658061564592
EK202310119736,151.4863762995062
EK202310111683,137.79528403069494
EK202310171365,145.70033655782245
EK202310145469,132.09064447032924
EK202310104013,148.30115914361542
EK202310162563,164.2600884248367
EK202310234855,124.9428308430144
EK202310165574,161.6919069183269
EK202310128252,127.26473967361271
EK202310230398,142.98097440506095
EK202310197359,155.4349263623536
EK202310184700,146.48160536671307
EK202310139238,144.2896571304285
EK202310189435,170.77427105154237
EK202310229589,138.23114936857527
EK202310238308,136.35479742654994
EK202310119072,144.3148799873974
EK202310106928,135.98151310054254
EK202310248344,141.44541888313677
EK202310171179,153.76091125079463
EK202310247349,148.79959799080092
EK202310246070,135.9066089983137
EK202310003686,148.5547196373779
EK202310113178,145.41688430090193
EK202310228096,150.74640097968054
EK202310186013,135.71441921329216
EK202310106951,146.6724876675685
EK202310177362,169.15103572787493
EK202310158884,120.74372400792393
EK202310138608,156.81523250300134
EK202310143128,158.4125953125707
EK202310247561,154.1155368921111
EK202310204978,135.91635409886283
EK202310105695,137.62642740007382
EK202310108077,132.81785983793034
EK202310222072,141.58535855590193
EK202310140241,140.5393732287833
EK202310175319,151.23257739970333
EK202310122035,147.4970746881692
EK202310106538,149.15410591530596
EK202310178197,148.7389300888114
EK202310169222,139.4689954028604
EK202310216866,141.91235768512308
EK202310189689,144.23460916083525
EK202310228733,127.82757506603451
EK202310201271,146.5385940766921
EK202310119633,149.68285812686014
EK202310138720,141.0297529451265
EK202310108018,134.70905411656662
EK202310222345,134.52510962791996
EK202310210971,150.79485146889945
EK202310239519,136.26486952229772
EK202310111361,139.1426579179991
EK202310115072,134.93870697313415
EK202310152934,176.56739866632498
EK202310201912,161.95586371439663
EK202310213140,141.81498010948073
EK202310123466,146.3161232011388
EK202310212463,137.60856942440628
EK202310237675,162.99529616248705
EK202310161926,150.76151581348773
EK202310145150,135.97277872531723
EK202310185746,127.88074484331389
EK202310177566,147.390415467156
EK202310244477,148.18298605316883
EK202310206745,152.57027560025134
EK202310174696,147.8766889655822
EK202310218448,139.69372659644543
EK202310131105,139.64083687885974
EK202310202457,136.61228020215262
EK202310107914,138.99766188406286
EK202310177630,133.7446446743204
EK202310167548,145.03518462077636
EK202310153531,135.7784989003903
EK202310119481,146.29711694933974
EK202310233113,137.44684300651406
EK202310200729,156.1122788890368
EK202310107842,137.05437852978503
EK202310145572,155.3940412881078
EK202310141270,148.8199513067532
EK202310180294,149.34525854405732
EK202310211781,132.2461544985872
EK202310130166,134.86434502854982
EK202310168426,148.32963376903604
EK202310238553,147.00600672751324
EK202310216542,150.5562277707348
EK202310188002,143.00716970734518
EK202310210328,150.4402013173177
EK202310125237,145.07496543877164
EK202310248501,128.7683832157604
EK202310178221,152.55824140404525
EK202310108029,146.86645574288872
EK202310111887,151.39412706827397
EK202310185328,147.6994209350889
EK202310104024,150.59593840994154
EK202310136271,133.2081669601858
EK202310204759,153.34915504440278
EK202310223434,125.80174087544118
EK202310195383,146.9828230844596
EK202310140709,132.1919576348292
EK202310195890,155.35487327865292
EK202310208311,149.69581117288737
EK202310154808,115.90809794796202
EK202310125908,125.78990106281229
EK202310128381,130.0353437422163
EK202310126417,139.35679045997637
EK202310155257,133.37336750766383
EK202310180115,165.77710462417525
EK202310134943,151.33897278953322
EK202310146571,145.0116174144544
EK202310151982,151.40834428941596
EK202310185006,150.33256162752076
EK202310141525,145.5952944143175
EK202310122362,148.55123504221245
EK202310131463,143.4974901111646
EK202310112675,143.06573530773153
EK202310214395,150.95401443124146
EK202310117362,148.58319151070697
EK202310195147,150.87462132916252
EK202310221205,145.91901122242965
EK202310108309,142.4019500214856
EK202310117176,150.66113838641877
EK202310197367,163.9190239837153
EK202310167645,141.4288751271692
EK202310216871,148.87868019386013
EK202310246466,133.06058081798716
EK202310174197,137.4661616770865
EK202310133708,166.91339070069697
EK202310214726,151.5120720344496
EK202310235715,144.58619422905394
EK202310144146,143.03327256853808
EK202310232336,133.87267537116588
EK202310126787,131.44398314213396
EK202310147504,140.58692906957248
EK202310205381,139.8516513743538
EK202310121997,134.2837251926742
EK202310212329,141.78923256066383
EK202310112068,148.4255973154331
EK202310136784,137.87958209745744
EK202310120002,128.5906349812158
EK202310226231,136.69704998577714
EK202310167029,149.62978546584435
EK202310232991,139.5238063083552
EK202310141646,156.9176468700922
EK202310217163,149.80652433333375
EK202310147198,146.35938038720064
EK202310228365,127.69486388224256
EK202310194716,147.2245049932389
EK202310199844,150.69118672052008
EK202310168777,141.43768670753144
EK202310192183,136.01538319681717
EK202310109241,144.20726809779458
EK202310222596,134.32148700505587
EK202310126978,142.4580193278068
EK202310152604,131.8203058800301
EK202310122324,128.2330924687024
EK202310112196,142.1374307206909
EK202310145565,162.63704408401648
EK202310207537,142.34494952696974
EK202310198691,164.0499675416593
EK202310193152,176.93343699212434
EK202310131752,150.14926414060022
EK202310201904,150.3023495261723
EK202310244465,142.86119648952447
EK202310233714,141.2754462287798
EK202310153449,145.25960971395344
EK202310217520,138.6074288053582
EK202310113415,149.53579957048288
EK202310172532,144.1573844363757
EK202310211969,137.19606788084445
EK202310199232,132.46964725241267
EK202310218608,131.49712373797286
EK202310122448,126.58558099760505
EK202310184841,150.72555881229044
EK202310130240,158.05247089924185
EK202310210575,125.96733496940443
EK202310175143,134.35629984281172
EK202310121434,144.31654739871772
EK202310172273,140.35027725021274
EK202310175483,142.99750451059649
EK202310197679,143.28532459287428
EK202310155037,131.84507470138004
EK202310171911,156.41515714836024
EK202310191161,132.74268236834592
EK202310244157,149.83846529122985
EK202310189824,149.181292151792
EK202310149560,148.06153663253272
EK202310179284,134.33407312209616
EK202310203064,151.9732112149533
EK202310185974,157.1788558065325
EK202310225562,139.1600871829095
EK202310153740,137.34469740432195
EK202310225206,146.19303933847794
EK202310193780,126.17651744280073
EK202310198553,134.49873206063123
EK202310174477,162.64598044290324
EK202310200421,140.86179208892037
EK202310119138,146.13242621548167
EK202320005816,144.36450736595552
EK202310175740,139.19245473171696
EK202310116505,137.80876937886828
EK202310198911,131.9818995726796
EK202310127697,140.09966759685307
EK202310212650,151.64547603544622
EK202310150100,132.016328648559
EK202310167937,150.72918575311297
EK202310221941,137.9050175896573
EK202310117495,136.98498592035233
EK202310143529,149.1860955817153
EK202310166968,143.68990338392328
EK202310129968,144.49365272767773
EK202310194131,147.122082874768
EK202310186960,146.19736287988204
EK202310128028,147.16826753742393
EK202310105027,154.7819263098326
EK202310222774,128.81420742598092
EK202310244918,135.01125750939903
EK202310210086,155.1904788332442
EK202310179813,132.6660926555427
EK202310187059,153.69836309419142
EK202310195516,139.61371950421469
EK202310132170,132.66320875487895
EK202310183880,147.71488743595063
EK202310248278,143.32634624464959
EK202310221792,133.02898834864655
EK202310166778,147.12784690299796
EK202310148365,137.3901044630126
EK202310205442,124.0225783786728
EK202310201815,141.57210064010647
EK202310201915,147.34284113246153
EK202310183293,150.91833702637282
EK202310104337,147.9586685260671
EK202310120714,148.51871678114267
EK202310132745,139.93631665017887
EK202310241556,147.93548795549162
EK202310145559,154.62861284717113
EK202310140527,138.8497731370959
EK202310105180,139.02389759674233
EK202310115505,131.8079194824714
EK202310232969,148.641993607217
EK202310168606,133.0065102111854
EK202310117990,132.02740729400372
EK202310143898,140.25484669494318
EK202310111999,150.57142156007083
EK202310133045,125.40782405246898
EK202310142041,145.97326325313966
EK202310216099,139.09724354656024
EK202310138895,143.46344032895064
EK202310147820,153.51877468924354
EK202310113918,141.3342174713508
EK202310226640,133.1640586684942
EK202310169991,148.01251566343217
EK202310195941,146.96217901575795
EK202310213195,145.62631047994356
EK202310161969,143.84806373309203
EK202310208345,141.58482808804894
EK202310180754,137.82922739737862
EK202310110267,142.42897757148287
EK202310194583,156.09728140823336
EK202320007655,150.71417190596387
EK202310142157,132.22900992835304
EK202310112664,133.57887841173573
EK202310136957,176.33464875719946
EK202310215766,139.1116794307143
EK202310167175,154.8865736015417
EK202310004831,138.66024009133878
EK202310159889,163.57190479589048
EK202310125472,142.15595664627728
EK202310166020,145.24821890020945
EK202310240418,139.17613886762126
EK202310156003,137.03371600071438
EK202310188199,133.23350791971097
EK202310213973,142.7982826422952
EK202310233649,144.23460916083525
EK202310124811,143.68412264335075
EK202310216543,138.4139917606585
EK202310121207,131.10146547660733
EK202310132104,139.49495918295793
EK202310138805,144.43530771997447
EK202310234030,130.70503111960628
EK202310172808,137.4553150720791
EK202310122536,139.96650299757627
EK202310189381,130.6520186944648
EK202310242706,151.15834716306964
EK202310239058,137.0162597463523
EK202310192990,143.53741328839027
EK202310202471,139.11642220531962
EK202310222312,163.76271032229994
EK202310202945,149.3436486676871
EK202310199092,141.10174755282438
EK202310128375,148.43378018398428
EK202310107473,142.2617750905905
EK202310170279,152.99832188644766
EK202310149133,140.58692906957248
EK202310199648,177.84342340540775
EK202320006719,149.51350359480432
EK202310234669,144.96507699678008
EK202310149973,152.83053803747774
EK202310154407,132.13235988020557
EK202310192562,150.01685216782525
EK202310158354,137.45716713130446
EK202310202377,130.4085708059531
EK202310225193,140.63524221772215
EK202310117896,154.09209596846264
EK202310122973,137.26561817265042
EK202310163485,146.816472730341
EK202310146561,141.60794667111145
EK202310248571,151.41144855917415
EK202310145328,146.18930672033986
EK202310229897,132.93843229012575
EK202310225899,145.35745989437063
EK202310154673,146.63968240995442
EK202310242080,133.2934959691271
EK202310234618,143.4550359827396
EK202310229514,125.64527443124456
EK202310199205,142.81746439100388
EK202310189908,147.19144934931475
EK202310227654,132.02470641370456
EK202310108175,134.50021420554384
EK202310165456,129.49772515647967
EK202310204739,149.38558228983135
EK202310124368,132.51376320273235
EK202310221567,132.5689246549956
EK202310111364,128.6263813974823
EK202310166449,137.8534991169561
EK202310104016,150.83423126595966
EK202310109663,138.800637963416
EK202310233976,139.97320623236888
EK202310116602,150.28921645376388
EK202310206707,159.1596840095119
EK202310125360,141.5455757043285
EK202310141090,148.3014443204884
EK202310187733,143.53741328839027
EK202310146874,136.14516130778705
EK202310199999,140.22983797429725
EK202310133984,151.47544391884136
EK202310239052,142.80956317486405
EK202310116872,135.68504109756591
EK202310170227,146.40524470958061
EK202320007825,149.1860955817153
EK202310247712,141.61824768301483
EK202310133557,146.4352190908936
EK202310122565,141.3023693791897
EK202310164010,147.4168852945682
EK202310176533,149.86095634873857
EK202310222265,131.88371570264965
EK202310164867,150.55159515036263
EK202310163156,134.78358116403285
EK202310183272,157.1222816904739
EK202310127914,131.4043124785147
EK202310245446,124.43903477594353
EK202310207443,131.2476771941135
EK202310197727,155.1766149259617
EK202310172576,148.06109822358232
EK202310004885,125.74033111734799
EK202310233895,142.98097440506095
EK202310210570,145.7405259939977
EK202310199572,150.36445532776915
EK202310168376,156.28641975179127
EK202310196031,142.90243925626802
EK202310208454,153.71824972823887
EK202310218454,134.0353167226817
EK202310194926,135.38564754739585
EK202310150716,155.69896367815687
EK202310169424,148.1259244821705
EK202310141489,151.36226457590902
EK202310198731,166.525261740612
EK202310224708,143.6863228501601
EK202310220317,147.40370951125442
EK202310158723,180.2987710806712
EK202310226439,149.1918573417193
EK202310155952,145.63715604502718
EK202310235925,146.99559256252275
EK202310149483,155.2019184527616
EK202310182940,153.76979522246745
EK202310233127,159.01046517446716
EK202310198223,163.8153545470159
EK202310206595,131.39483514445212
EK202310162953,149.07053855050643
EK202310124622,135.97945711333054
EK202310199000,146.13242621548167
EK202310225515,148.24902855056533
EK202310200414,150.29765406781752
EK202310163151,145.56713833132443
EK202310147583,138.6048531821795
EK202310175959,144.17580847755224
EK202310156571,160.340036157023
EK202310159464,142.7764254748918
EK202310133803,142.11147561189736
EK202310143242,163.2661069310655
EK202320007862,136.14516130778705
EK202310137674,137.7228026787727
EK202310158748,140.34309851214013
EK202310134807,150.38756208877658
EK202310232180,133.93303171931782
EK202310115545,149.1860955817153
EK202310106800,139.59966792491406
EK202310164487,150.80362321373636
EK202310189669,158.12312029688343
EK202310183633,136.5600782461895
EK202310160528,147.88417301716584
EK202310157424,150.79485146889945
EK202310175169,133.1649400844558
EK202310230775,134.98017889282391
EK202310176300,143.8655794025545
EK202310154141,134.15234856623806
EK202310121636,144.48301178193873
EK202310117991,133.1599021722326
EK202310114748,136.9750826823232
EK202310182305,155.206070429035
EK202310183422,156.09379207348414
EK202310196576,136.9466826936746
EK202310212365,136.5163702910534
EK202310157851,140.03178673920104
EK202310143833,142.21366217100794
EK202310162493,134.54320387008627
EK202310200657,138.8619138023952
EK202310164870,139.04932647902962
EK202310139418,140.86853415158023
EK202310114290,148.28427209645255
EK202310206834,136.67602752133092
EK202310235641,149.804600755235
EK202310179682,136.50522471696493
EK202310209582,141.08272497394637
EK202310225738,140.14140814695517
EK202310108381,132.78803358587234
EK202310125569,135.57526131843636
EK202310218417,139.175708729692
EK202310228389,169.5198573998357
EK202310145963,138.25162458029237
EK202310109134,140.72005706786132
EK202310177470,144.2133000898176
EK202310162374,137.6370384193422
EK202310195949,140.10449956188393
EK202310122797,151.84301646365304
EK202310140758,132.092787776578
EK202310232602,142.5776812556997
EK202310200151,137.50474437448153
EK202310166863,132.7760383316121
EK202310237243,134.97751830610642
EK202310120027,148.5610204852595
EK202310132524,151.55952159159688
EK202310204016,148.7150339954997
EK202310189020,138.12236641287737
EK202310202009,137.70862800162345
EK202310139108,155.62033786255378
EK202310181804,140.20313005782324
EK202310205040,141.72462337054102
EK202310141451,140.20583485682968
EK202310164866,158.94086650631186
EK202310245490,137.46072392883
EK202310181489,140.53693362755183
EK202310147345,134.48142425528783
EK202310148300,138.1099600067721
EK202320006124,161.00311051357062
EK202310196622,136.94440626430972
EK202310182658,146.68736899161664
EK202310227451,151.04905790722933
EK202310209633,135.83719137634847
EK202310180045,144.59887294725712
EK202310240543,134.28105651463773
EK202310115142,148.18046296249437
EK202310247768,138.65804067898833
EK202320005662,143.89344577973992
EK202310182225,148.48879673137805
EK202310187393,148.823199768564
EK202310111676,133.7607869563191
EK202310234672,150.7988965055323
EK202310217174,148.87677487843163
EK202310169712,147.73047853501484
EK202310141144,144.2249710173419
EK202310204110,142.44978405971125
EK202310217308,139.7392723186151
EK202310117170,137.75131335734955
EK202310129087,146.21953809418304
EK202310221591,139.92357825462216
EK202310209271,141.39294752003542
EK202310219363,130.54183864227193
EK202310004090,143.5504961901776
EK202310211544,127.52279240460038
EK202310224956,149.37501197199464
EK202310141398,131.5729725481567
EK202310148915,154.2260506388473
EK202310170219,128.8107733864311
EK202310191982,142.95749381728356
EK202310223575,135.02098255644108
EK202310104511,135.7353243565986
EK202310152387,146.53264554630414
EK202310218082,148.1272992367268
EK202310217177,140.17569724751854
EK202310248357,141.1444200962507
EK202310129896,143.25672300102852
EK202310152480,129.90528220915067
EK202310239767,142.37877719669845
EK202310160883,138.91275827417127
EK202310140193,150.0914977470455
EK202310207625,135.8108300427228
EK202310165482,137.69433323413975
EK202310158005,145.05475729409633
EK202310185420,124.4319706194091
EK202310187990,144.1408089840444
EK202310138441,151.01955398374133
EK202310147390,138.91908535939012
EK202310158825,148.77128715362483
EK202310183745,142.6563207120671
EK202310148680,138.11835004968776
EK202310129708,148.66487382145255
EK202310190440,143.63530686821727
EK202310157144,170.27199263233703
EK202310113257,131.97662324352171
EK202310141541,137.269685475399
EK202310190438,133.18311647267214
EK202310243356,138.31465814461936
EK202310183196,153.41435678632718
EK202310196369,142.32745678938957
EK202310144897,140.86569768482215
EK202310144635,151.01496361089477
EK202310237276,131.4973528520269
EK202310196220,152.80433616045048
EK202310202228,142.11139798872057
EK202310123488,134.58117967452984
EK202310105805,143.41538609964795
EK202310142565,164.53862260791664
EK202310218967,129.64334683733523
EK202310120796,132.31544007292905
EK202310231531,136.1209174196669
EK202310199801,143.2169367749296
EK202310134790,146.87956556728858
EK202310203666,139.63585340646435
EK202310226666,147.58949130411798
EK202310232447,132.49226929203667
EK202310135897,150.40058631346116
EK202310168701,136.67215041871313
EK202310237343,127.5219444699552
EK202310154466,164.1042666641552
EK202310136457,142.1358153244707
EK202310121974,142.72305828420662
EK202310134631,157.39521587139566
EK202310213018,144.88435326695662
EK202310194001,150.9403253951961
EK202310136650,162.0016996708305
EK202310111505,149.34525854405732
EK202310209080,153.76091125079463
EK202310152444,140.3007279611002
EK202310121350,128.90159570587747
EK202310240365,148.66965194885182
EK202310159007,144.24372004433494
EK202310127159,135.53144688006108
EK202310226609,126.94411202501185
EK202310161102,158.72071125640335
EK202310103730,142.4440530275217
EK202310111243,145.69183190427165
EK202310156130,140.853304105629
EK202310178873,125.71385677790545
EK202310176169,143.61487884538263
EK202320005724,161.6632195603036
EK202310150195,159.69834260712096
EK202320005792,144.79963382728886
EK202310117762,125.71650583981132
EK202310234499,124.93880625383561
EK202310176172,148.95863739209904
EK202320007254,137.91535808938306
EK202310128419,151.80675924669694
EK202310117754,143.58204824010204
EK202310222410,145.18257724117925
EK202310132750,133.42720375703368
EK202310195145,145.96161872609088
EK202310221266,137.33697151855068
EK202310156961,146.46325158666656
EK202310105175,147.09661770284123
EK202310167584,137.14648280909725
EK202310119050,137.07433128784587
EK202310127062,141.37633458990356
EK202310192052,126.37914627384731
EK202310118002,143.0589201985611
EK202310108997,136.9129995054854
EK202310160289,145.88831880098505
EK202310245922,132.51099379977097
EK202310116464,133.84853003404885
EK202310192195,137.9272132060967
EK202310237707,132.5380008419276
EK202310145422,145.3884790954922
EK202310245683,145.9465805134594
EK202310121291,129.8732264572963
EK202310209309,142.7554416146502
EK202310104450,145.75953903920046
EK202310123660,125.35440178726232
EK202310186410,139.29576342291418
EK202310151555,150.8197283843711
EK202310104952,135.87633683715362
EK202310115719,126.08590220820066
EK202310181542,141.15895455237023
EK202310150013,140.8054355699403
EK202310205849,154.17883530723276
EK202310196534,147.9761403613132
EK202310131464,140.99308502596776
EK202310210210,128.75412305728213
EK202310104249,149.2185680587553
EK202310207772,145.50220166692407
EK202310134829,142.09060215830115
EK202310179456,126.8781326802675
EK202310113484,126.56443151435327
EK202310182484,150.666101905822
EK202310120445,159.7234955098079
EK202310213478,131.42913250695094
EK202310130129,165.10677078979762
EK202310197510,146.83895550463836
EK202310192959,149.34525854405732
EK202310203760,136.78308639029115
EK202310240021,150.16581326295153
EK202310160111,143.66710746362193
EK202310202544,146.25199385189123
EK202310195908,133.50579181437757
EK202310220917,132.45250809206374
EK202310146833,132.19762582599185
EK202310108791,149.37663660814087
EK202310225259,141.23878691608124
EK202310197958,171.77893268885845
EK202310157062,144.31311992861666
EK202310214170,144.31654739871772
EK202310243954,141.43265429323037
EK202310110033,152.48325226446437
EK202310144804,136.64336392615505
EK202310114117,148.5129768739689
EK202310165416,146.22283035469752
EK202310228479,140.44171217766828
EK202310188134,146.9202624646613
EK202320006372,142.0443988424205
EK202310111226,156.39586688705373
EK202310118404,144.00513379672103
EK202310160695,150.87200806627874
EK202310114408,145.32928225463678
EK202310182288,143.2445672064523
EK202310213633,140.83367029524302
EK202310229313,142.39777872409604
EK202310118665,145.39132325572552
EK202310233785,160.11753668318462
EK202310143238,135.47792806927646
EK202310128242,128.31982488262486
EK202310208336,140.33779835975963
EK202310216912,133.234819131501
EK202310227300,145.84052878843062
EK202310196434,133.01301262072604
EK202310241940,153.84650329371826
EK202310140334,146.5411696998708
EK202310122524,128.38237414214086
EK202310211571,126.70902504151893
EK202310202080,147.4212001369637
EK202310155180,144.7051656093032
EK202310209752,145.77491206839676
EK202310003753,158.2156097420505
EK202310194332,149.7878683141625
EK202320005885,153.367284587734
EK202310135026,159.30376893499175
EK202310225630,145.85873610576493
EK202310129248,150.15792105342564
EK202310118004,142.28464462950458
EK202310126344,134.62488042828275
EK202310125666,152.86828807623013
EK202310169951,139.58672337183137
EK202310159424,142.31444527801338
EK202310195617,145.76614032355985
EK202310240165,136.1950129522974
EK202310109583,143.6863228501601
EK202310127484,147.77416214060196
EK202310115422,131.82843899330854
EK202310189217,147.05461220428987
EK202310164467,130.9023116460473
EK202310160239,156.40241835642183
EK202310205148,147.10832410708443
EK202310177198,132.20489138855845
EK202310248326,140.77163269551278
EK202320007611,146.27136231398944
EK202310216806,140.4680158753613
EK202310236444,137.39831858421937
EK202310202895,153.57104659292943
EK202310189069,144.25281499164527
EK202310164095,177.9128574435318
EK202310177139,129.91234720831326
EK202310150069,152.8013407967765
EK202310217651,141.56443384169862
EK202310104531,122.29891226271867
EK202310175593,136.75918989975673
EK202310128801,127.85655984673159
EK202310226079,173.01634951043852
EK202310195896,152.56779884555075
EK202310248307,137.52347749084603
EK202310213215,148.54469250380234
EK202310126761,141.2424454872274
EK202310138077,140.20670113058273
EK202310219983,143.1083686195142
EK202310155585,133.35242824323765
EK202310224738,160.0093215375907
EK202310121398,145.29507873734426
EK202310144202,149.2861373779365
EK202310171260,144.38458561673616
EK202310224405,145.3117837071716
EK202310168192,148.24605955798356
EK202310147878,145.77417568366855
EK202310190896,148.61000297408373
EK202310114382,143.34978481226992
EK202310115319,152.63430991399935
EK202310212295,133.9047486002569
EK202310145014,143.42381748357013
EK202310153112,136.69665955918063
EK202310181859,141.22247539139883
EK202310201638,131.3404727621877
EK202310217948,147.25578066518324
EK202310126418,138.7025893170012
EK202310147842,149.39742127662572
EK202310213180,135.13909131817428
EK202310149555,160.860605596256
EK202310162559,159.3955901142427
EK202310181969,142.45762218542438
EK202310239453,131.5396640482318
EK202310185897,150.58787015627937
EK202320007785,131.24853122605688
EK202310181407,149.94862722593066
EK202310223290,141.54896770361813
EK202310197319,139.78064674358075
EK202310128098,154.0592892381232
EK202310131498,138.2183878931885
EK202310104275,148.88379172240434
EK202310152898,163.3419852675054
EK202310207617,140.87847736522718
EK202310165239,139.7738873076897
EK202310161435,133.05962190990243
EK202310242971,142.944968010034
EK202310111598,134.80691884133412
EK202310131958,136.12550984566585
EK202310186311,144.36450736595552
EK202310157046,135.83235830984177
EK202310115828,136.97244776149068
EK202320005888,152.954215694934
EK202310116165,148.70537359002537
EK202310127616,147.54210854706898
EK202310190516,140.5155000173672
EK202310181145,141.68676252464638
EK202310112674,137.17799122082295
EK202310108818,153.60388402738562
EK202310137418,140.51062795493414
EK202310234306,139.9762115479475
EK202310147271,147.38229111487456
EK202310228137,130.30934074083478
EK202310208396,135.14802369828385
EK202310129360,159.08164075642992
EK202310104685,137.2288236986437
EK202310240248,160.02325539038455
EK202310111851,131.63811162070436
EK202310110232,133.09572680175216
EK202310149631,132.42637927061813
EK202310111987,135.12437649324352
EK202310149812,153.93019811187688
EK202310125394,149.74310058450905
EK202310201038,133.23863362485602
EK202310196950,139.95294045397966
EK202310130689,148.66487382145255
EK202310162831,142.67598441061023
EK202310191124,134.55552038191766
EK202310137249,136.89162186629815
EK202310221302,132.1062007205397
EK202310119496,132.69111084287033
EK202310123089,143.63745854349594
EK202310201023,136.30727801306026
EK202310200056,139.72049553053768
EK202310124074,131.7827884805094
EK202310187451,155.51728328263707
EK202310178204,159.69786005140176
EK202310176034,160.9847735656677
EK202310105275,147.6562376505112
EK202310217600,157.28598884668764
EK202310145365,128.78389125939057
EK202310179864,132.28031125268114
EK202310146164,140.9506674118561
EK202310148409,146.9828230844596
EK202310160145,146.51854334954265
EK202310211569,137.81173607019042
EK202310191535,145.0760489905906
EK202310212337,144.5664300035355
EK202310186617,152.2532161385785
EK202310200499,140.43889662322263
EK202310190255,136.76921617500687
EK202310161517,150.88046563896782
EK202310167751,146.53266964287144
EK202310230575,127.78792463690671
EK202310160889,137.22751508576698
EK202310236418,141.06873860738457
EK202310176273,133.10693618035356
EK202310104700,146.39050928590373
EK202310107420,133.8687173404019
EK202310169267,149.15877136064856
EK202310187330,166.59724341534798
EK202310140279,138.48195849830103
EK202310201773,141.87658870339018
EK202310168395,157.4403493325315
EK202310166412,135.89036032528227
EK202310175402,141.3735444311372
EK202310128581,145.3720723667775
EK202310232461,146.03410980738948
EK202310138340,156.53616826784022
EK202310175300,140.8201993163912
EK202310125041,142.4923576587536
EK202310177394,169.05566493140756
EK202310163068,151.9732112149533
EK202310128960,150.70356647954245
EK202310213859,150.8557737479713
EK202310153664,141.9813745452565
EK202310168885,132.69447374838393
EK202310211096,144.85900092435196
EK202310233212,141.95388725845783
EK202310204970,155.23212622417694
EK202310246566,150.79485146889945
EK202310181736,171.30250558025517
EK202310235583,150.1373026992751
EK202310235586,142.54840826834737
EK202310229567,143.1508653366443
EK202310237891,154.9674698587158
EK202310156320,147.85528856441184
EK202310200700,146.2754171299817
EK202310157317,134.90239964995314
EK202310165659,126.06107318251911
EK202310230462,148.60674663673328
EK202310107771,126.81346099959546
EK202310199945,137.13224966650017
EK202310239536,145.28897496993233
EK202310108719,131.23288454279023
EK202310193930,144.92113908148127
EK202310153705,130.61509390729148
EK202310230423,137.1545710834509
EK202310142088,136.7290649125499
EK202310240261,128.98913754662047
EK202310234834,129.49184468341352
EK202310175123,144.90228713220776
EK202310223459,142.3217280600532
EK202310113022,144.10013242719626
EK202310139384,136.01923810572853
EK202310127365,141.80352159210472
EK202310175890,119.3700845821902
EK202310210471,122.75183728697806
EK202310124749,126.9163940853947
EK202310107106,160.2953311842559
EK202310199447,136.27573361104987
EK202310214057,141.6907203815544
EK202310158006,161.18235379159339
EK202310183095,146.745514086202
EK202310122989,174.24177828898914
EK202310004181,127.96477457398422
EK202310221000,169.31316417417833
EK202310216704,136.34225724989463
EK202310218492,141.89417229689312
EK202310175061,142.98097440506095
EK202310144712,145.92530328590186
EK202310230385,127.82329300207618
EK202310154951,136.46929543018194
EK202310158887,143.3429589591052
EK202310132252,127.69528975468444
EK202310160262,160.48196131567525
EK202310153966,136.1379967962016
EK202310190560,131.43682666618216
EK202310124555,145.67268388809194
EK202310114555,146.49335571550824
EK202310190493,154.9247022389868
EK202310161137,144.43530771997447
EK202310224942,139.63584898762997
EK202310230466,162.76795525168095
EK202310216178,143.21309083612036
EK202310205948,142.47843444785434
EK202320006948,141.21349332969922
EK202310224873,133.09490709800076
EK202310231707,135.48010607291314
EK202310198816,143.66571685543153
EK202310239894,131.04566109356017
EK202310212434,138.06223624722554
EK202310242399,137.9935890924095
EK202310126630,142.71879384507753
EK202310212116,126.92414494314356
EK202310116735,137.68839788366782
EK202310142424,144.336837926481
EK202310126653,131.1210978475279
EK202310130536,148.50805268287962
EK202320007559,146.45325217551752
EK202310244114,137.8534991169561
EK202310194656,146.14689376971268
EK202310228023,133.89997690164827
EK202310184412,141.8653617103418
EK202310138297,146.69775703903412
EK202310233553,156.61761323540753
EK202310222650,133.8708323182745
EK202310148133,147.3956742776616
EK202310124138,147.5196506407027
EK202310210134,134.66546230811102
EK202310203676,142.68617629061103
EK202310120898,148.56514300507095
EK202310167341,151.82885780650483
EK202310180216,144.11564712678944
EK202310246916,142.09844271915082
EK202310157656,148.74081887040865
EK202310205414,132.31613850055726
EK202310152717,148.0630679215388
EK202310106791,145.4149633664907
EK202310105725,138.720805599705
EK202310104432,141.43001202710272
EK202310194299,132.35678878833386
EK202310153184,145.92530328590186
EK202310240659,156.18367282106004
EK202310219840,144.36006765945686
EK202310153949,147.5257335975286
EK202310132803,149.70172340618075
EK202310146592,146.50033987914395
EK202310172131,136.71592376609553
EK202310121613,142.00953715637988
EK202310167818,145.55408159763434
EK202310200796,136.77529424576946
EK202310116481,133.48909837811567
EK202310114639,146.55884744637765
EK202310212375,135.75780677685185
EK202310235321,145.23306384564017
EK202310222322,139.49495918295793
EK202310110700,127.3264518766139
EK202310189946,162.14533971610086
EK202310162874,148.89992232300938
EK202310130785,137.89162923627072
EK202310242378,144.0086351050932
EK202310241513,139.74114738081047
EK202310160539,144.88134485939727
EK202310222342,138.39893158386138
EK202310138062,132.77766256748848
EK202310231769,140.8453501908704
EK202310158224,139.30567326538855
EK202310224139,142.76330071185617
EK202310216169,131.46549534656705
EK202310139185,141.3605948866176
EK202310110485,135.18457803660402
EK202310239046,138.94648648618934
EK202310138942,144.7309140604053
EK202310169633,138.4442432446963
EK202310109575,146.79438880131426
EK202310200090,135.44381007539172
EK202310163491,138.1263780762464
EK202310148729,137.110522513057
EK202310140411,148.51811915196373
EK202310243532,144.5804173742372
EK202310125468,144.52367032829753
EK202310221117,146.15195350510004
EK202310232056,141.30676819391948
EK202310210091,154.27641352076225
EK202320006396,138.11019329161036
EK202310142016,120.10886707279265
EK202310235002,134.45149878940356
EK202310183074,134.6050131998559
EK202310182233,138.57336997072542
EK202310225556,133.7687613359602
EK202310179915,130.53769207315645
EK202310173349,148.08404378912394
EK202310212842,149.08298546856113
EK202310197784,168.6063825427831
EK202310138785,149.13659614634756
EK202310144444,128.30503206651403
EK202310181562,144.69942983009852
EK202310248524,137.31020059329427
EK202310216425,146.9058672573423
EK202310229912,124.09739185126352
EK202310139002,135.6184774930456
EK202310120982,126.75782070129178
EK202310221837,143.11906444516006
EK202310119947,139.49495918295793
EK202310149071,156.96676055352316
EK202310185898,153.84650329371826
EK202310117197,153.61841416030478
EK202310142908,150.4197743355202
EK202310185756,160.19864218230876
EK202310238913,170.9415760802286
EK202310204574,151.91722830239047
EK202310113564,155.77999760757612
EK202310118542,145.1242955503032
EK202310167688,142.47313649981382
EK202310212185,144.23627165515146
EK202310117088,151.39439367003675
EK202310229808,148.17852862996625
EK202310207582,144.0143138504303
EK202310154912,144.98521274628456
EK202310181168,141.22578102735736
EK202310149374,136.2463001527616
EK202310104396,141.99343435749574
EK202310109994,141.26235043556045
EK202310170860,140.88256133744943
EK202310115815,149.5347169854406
EK202310214779,137.69998982760896
EK202310109121,143.4792798770419
EK202310134158,140.26024645634314
EK202310167627,148.31748840811022
EK202310225236,130.45006288494864
EK202310181807,139.65287239346148
EK202310247389,137.3439552963633
EK202310235579,152.29280566590623
EK202310173291,143.08007445237018
EK202310192355,135.54555018319016
EK202310142541,148.0959917394337
EK202310150510,142.19446745879196
EK202310223761,134.51976852104278
EK202310175574,135.76049114693487
EK202310238511,149.59570668346734
EK202310157509,148.7806631076622
EK202310181989,136.19045844130625
EK202310003618,140.5657640085217
EK202310179471,141.9605238042894
EK202310230763,142.895642054363
EK202310204971,154.995186663312
EK202310233557,129.32809229964724
EK202310145292,144.27481008913145
EK202320005880,145.24935432299026
EK202310245241,146.24532284711984
EK202310212493,129.9109268474611
EK202310193001,144.37991964519875
EK202310199238,141.39794987842325
EK202310160941,136.40870360397628
EK202310155028,125.29388020069085
EK202310130868,145.0410863093639
EK202310200440,150.38654911816764
EK202310182060,141.86031867091964
EK202310111816,151.18013582379135
EK202310146969,134.4583182712635
EK202310158404,150.4454254943352
EK202310110705,146.26373524982748
EK202310186759,144.19515864079776
EK202310157536,143.46305956760872
EK202310140019,135.63058308634982
EK202310179351,142.92875117340918
EK202310183791,155.2694553500203
EK202310206480,165.31768094888716
EK202310133811,131.38947377246487
EK202310217540,149.93639692106075
EK202310132032,130.5666793402429
EK202310139504,156.19801918940001
EK202310161554,145.27669237889424
EK202310127921,143.75264791750988
EK202310140328,142.55946326340353
EK202310179259,155.25973963298355
EK202310110275,138.78488134555994
EK202310148522,148.98948623046218
EK202310245827,138.18131007826537
EK202310104601,148.04705756574813
EK202310158718,139.2284838524635
EK202310148204,142.6885268893374
EK202310152034,147.78835779006423
EK202310205880,134.90283190649185
EK202310150725,129.8864998269854
EK202310154400,161.27889952214676
EK202310120186,175.96516141519
EK202310192712,149.21264144310334
EK202310165189,138.26386788967488
EK202310152937,168.86628872385805
EK202310234101,145.5807464620103
EK202310191564,144.33343582586824
EK202310174430,136.97212243487573
EK202310208622,152.55168081807295
EK202310233831,141.494534985379
EK202310136566,137.0158445488839
EK202310146005,141.14177752746144
EK202310221494,141.4976157370907
EK202310239849,144.4743428725824
EK202310176728,159.43764995989108
EK202310106909,135.7186462287474
EK202310208429,145.92530328590186
EK202310174444,156.8515631372312
EK202310242098,146.08719517043087
EK202310175190,135.40737347434626
EK202310177312,145.9244052991584
EK202310229607,140.9107303539403
EK202310121574,139.12050114929184
EK202310187339,131.98877613189782
EK202310227049,144.18987558619858
EK202310135213,132.49620908715016
EK202310128318,143.93264473159866
EK202310108701,137.21968372765954
EK202310114284,151.68428490122793
EK202310108473,147.76132427513596
EK202310160235,140.8513358061086
EK202310120842,133.61062951752942
EK202310142363,139.09416997660688
EK202310163562,140.10390706417874
EK202310192991,150.15064152391196
EK202310203468,135.17862101689892
EK202310188577,140.03148106660205
EK202310240344,122.19351812870418
EK202310113690,154.46265248875775
EK202310213117,145.39113954987286
EK202310222749,143.37312508121528
EK202310004635,130.94642563484774
EK202310141613,142.05535569031508
EK202310108032,138.76106551665362
EK202310233880,156.93113643334723
EK202310205163,151.57320908091052
EK202310104692,126.77636834985853
EK202310237071,128.55284561753993
EK202310111732,137.4778832859584
EK202310137404,135.8468895420783
EK202310146556,139.0383543295171
EK202310111180,159.647270516957
EK202310190526,140.323474416597
EK202310119701,148.12165645633866
EK202310182123,141.86031867091964
EK202310187615,163.10126437375547
EK202310201487,133.217827465039
EK202310144094,122.8310280363458
EK202310116261,151.53111867413656
EK202310142783,127.11470458273565
EK202310192602,142.66920488107328
EK202310167866,143.4260613211789
EK202310145551,149.44537364226895
EK202310117731,145.1814646859019
EK202310125526,138.1389255325958
EK202310128615,135.18557493161333
EK202310180563,131.28274876581284
EK202310139532,130.12563269152793
EK202310224142,136.5809171308561
EK202310233781,158.75038077703735
EK202310157368,145.8261013689722
EK202310203603,133.6866913659435
EK202310180362,158.57869119480804
EK202310198397,149.48544485276634
EK202310124770,139.24985942067266
EK202310223755,128.72496700691477
EK202310106275,126.99108844033687
EK202310205161,144.6853512747212
EK202310139936,136.58660712752797
EK202310205611,151.3624881621918
EK202310134137,124.37777938122109
EK202310127542,148.12180472702062
EK202310193128,139.36133967906244
EK202310237157,138.27363064202098
EK202310107674,146.16828256547112
EK202310149217,140.16576410134545
EK202310129309,146.32585622472348
EK202310156886,130.52971273348996
EK202310117116,141.45572519946694
EK202310225911,144.44267741704098
EK202310145676,154.17966142796197
EK202310166738,155.77705260673534
EK202310158541,131.6587702162572
EK202310106511,137.07129632844746
EK202310131343,144.65846875017598
EK202310245992,136.15021855598945
EK202310140003,142.8215174487989
EK202310174342,142.74624397338658
EK202310208385,148.27662419849938
EK202310216439,134.1017578622151
EK202310211004,143.79902369430127
EK202310106760,146.27217760264693
EK202310176087,132.14284924488646
EK202310106317,131.4356131749498
EK202310215460,135.33515254616714
EK202310201661,142.72249589227408
EK202310166937,141.87963933579954
EK202310200307,153.67788520408206
EK202310181766,165.3705663631614
EK202310214069,132.90401824807967
EK202310200177,147.98043680545015
EK202310123321,145.81645070688188
EK202310151256,147.57576797220426
EK202310171945,150.8338496085298
EK202310136311,138.62487099291954
EK202310150029,155.1738191369689
EK202310212078,125.03527108964286
EK202310210902,132.44029372296615
EK202310210594,146.3319011748007
EK202310127288,135.03712849091383
EK202310126517,131.1106718382678
EK202310161234,153.63292241189376
EK202310220266,132.05519630982872
EK202310142494,150.61201374325609
EK202310217357,142.03864087127496
EK202310132692,128.35614509771156
EK202310227115,157.17766163023774
EK202310141700,140.7079927934419
EK202310115959,140.6126212016252
EK202310230099,142.6844835114326
EK202310211438,147.70382833356877
EK202310219042,142.56700961236112
EK202310177531,144.5124845491166
EK202310233521,154.07067032847766
EK202310128329,162.72991965561658
EK202310201328,171.53916249004192
EK202310171078,145.32835749097086
EK202310138130,142.04947760716652
EK202310177993,137.1752780680774
EK202310228196,166.63735442559866
EK202310170822,142.72217046828956
EK202310184514,140.69591401793565
EK202310208895,142.18683412890013
EK202310204293,150.4069662869843
EK202310163755,135.61225029563607
EK202310112893,149.25535646760432
EK202310207633,138.99808473459055
EK202310120935,140.54685920834726
EK202310198348,136.5072329364576
EK202310216671,132.4097616926536
EK202310203558,134.0666640374141
EK202310221470,138.76601935061726
EK202310134114,144.43530771997447
EK202310161904,154.16269960580078
EK202310121193,136.61972498457231
EK202310112380,136.5809171308561
EK202310123715,150.80642987058576
EK202310182522,138.56289139657247
EK202310165246,149.13016988851246
EK202310165109,156.9433303700933
EK202310226207,152.7514781856578
EK202310189166,150.50335795801834
EK202310171824,147.42761153782345
EK202310212508,154.23365867605287
EK202310188289,144.41147202002907
EK202310161253,141.6492921706272
EK202310188025,146.43571380344838
EK202310170339,138.13583337249656
EK202310103831,144.966271586599
EK202310214220,142.76971702786702
EK202310149031,161.08236089910446
EK202310147724,149.2845689298376
EK202310142296,153.94286655434502
EK202310176974,137.12532993854873
EK202310161334,159.25882890700743
EK202310213866,137.27803575187036
EK202310225737,141.99706521074174
EK202310156109,149.88208610030043
EK202310200303,152.88615737154166
EK202310185044,159.27848699754907
EK202320006653,146.25199385189123
EK202310111122,144.29931367492566
EK202310120782,150.32497587650045
EK202310198165,147.35449969028787
EK202310228584,132.90946470721198
EK202310205188,134.2050029026938
EK202310121258,140.12025889539308
EK202310199633,143.7861379392118
EK202310143847,131.854621991363
EK202310135571,135.97878037604568
EK202310206110,130.62804753410418
EK202310138447,140.57697133247086
EK202310192664,140.66205324607841
EK202310187215,146.78455719932987
EK202310151514,169.50226476942626
EK202310144726,161.44240738223942
EK202310207249,135.6047754251504
EK202310161306,161.03433819259598
EK202310158826,131.45877800840952
EK202310173556,141.19895170182036
EK202310125091,140.2461891837712
EK202310142377,147.03269332944956
EK202310236947,127.74044041953366
EK202310208442,133.03660469835836
EK202310118298,126.73446965376735
EK202310219483,129.04762443265253
EK202310211212,151.22607402522164
EK202310104173,153.21108093901543
EK202310201478,154.46281546759727
EK202310158280,144.36724107504008
EK202310123070,145.03429525844484
EK202310138063,151.10507900718227
EK202310164203,148.6404350284589
EK202310190017,167.9252955014983
EK202310169668,137.00969235292746
EK202310113501,143.417131087622
EK202310235684,135.24148939948313
EK202310137261,130.42064023863549
EK202310162355,138.56389606225753
EK202310217469,147.80745354230442
EK202310161201,122.85635889853954
EK202310157515,131.26486137462805
EK202310145284,151.6388490716152
EK202310227827,136.11104471951654
EK202310209456,137.8998582669342
EK202310211698,142.1625650977112
EK202310194731,139.75031669873042
EK202310248330,150.02505225512925
EK202310106105,143.91394975815552
EK202310160743,139.529655240181
EK202310166605,138.65958814160652
EK202310212995,149.66402472192897
EK202310233144,135.70307750555708
EK202310230980,128.82835662556045
EK202310226067,145.5012735832936
EK202310120976,125.69650691838335
EK202310128266,139.01711651609
EK202310106331,138.97743547854148
EK202310199325,147.38422697819624
EK202310204088,150.53064023440834
EK202310174720,141.21716444391188
EK202310240940,135.2101186626629
EK202310109263,138.93630767628946
EK202310106322,134.4338653242199
EK202310135599,122.97623286101212
EK202310145520,132.58950068154107
EK202320005632,142.29209480029496
EK202310199819,151.63929386691112
EK202310172008,136.3129323481771
EK202310199276,142.58980396734987
EK202310106548,134.333702254745
EK202310217167,151.21499339651336
EK202310176173,159.2078578896148
EK202310221378,152.8408283029172
EK202310201211,166.86745643397975
EK202320007715,138.0264185292434
EK202310182662,131.64961146634536
EK202310177694,135.25541893870297
EK202310156023,138.64455019043825
EK202310111848,130.85411633842722
EK202310129647,165.0488226525611
EK202310170544,177.48562688799072
EK202310242820,139.05129328134555
EK202310194133,163.47456138226377
EK202310216029,151.66241601371243
EK202310107349,142.6067855174123
EK202310208265,147.85528856441184
EK202310229154,133.71631098651056
EK202310107089,126.91450802393497
EK202310112252,141.06586750379395
EK202310148875,137.18607173372138
EK202310119051,143.5226364464874
EK202310147588,137.66390733682354
EK202310113617,144.09111414920773
EK202310147037,145.30901215387095
EK202310238313,132.90655125022673
EK202310192918,144.85337495496083
EK202310155166,127.42021069464766
EK202310177734,152.34414835598906
EK202310125003,126.07567371837507
EK202310204102,142.2849904494786
EK202310127233,133.0387746988987
EK202310154507,151.9732112149533
EK202310208352,144.2654166395159
EK202310123745,137.6655950458833
EK202310147036,148.9651267135859
EK202310110497,117.11684451761076
EK202310246320,145.60335186812742
EK202310138361,135.18800194236414
EK202310167217,147.64310566455868
EK202310229839,146.82849270581087
EK202310204873,134.76929505586045
EK202310208025,141.4978849754174
EK202310139865,139.8536595209602
EK202310238834,146.23826994685396
EK202320007032,152.87609732406455
EK202310223956,133.02283249770605
EK202310205152,127.4967410046594
EK202310127859,133.17950883095037
EK202310122230,145.64124541672487
EK202310235039,134.71067911150018
EK202310172181,142.0702372424853
EK202310152472,145.10210902008166
EK202310163385,161.73107593710102
EK202310226473,131.2595442192659
EK202310196206,161.278349902849
EK202310004942,129.34276225069286
EK202310141871,145.12257824430867
EK202310215986,141.11634766497355
EK202310211462,148.46690260761727
EK202310245537,137.39244630123318
EK202310204491,138.93630767628946
EK202310139744,150.6171092937846
EK202310138719,143.75457471405275
EK202310128437,135.6051953009326
EK202310138286,142.83593773604773
EK202310148950,145.60035768414016
EK202310225042,155.17187077191215
EK202310227372,147.96477334169674
EK202310184056,165.7744376439242
EK202310203882,137.0721624678274
EK202310108510,143.66728751040895
EK202310220594,141.77667063868543
EK202310119141,144.9168860282486
EK202310246490,149.62299367531543
EK202310143698,151.9166863372322
EK202310126746,138.17209850000006
EK202310233106,151.05997126660205
EK202310108410,147.69594723633503
EK202310186336,152.46759575254814
EK202310231142,138.17001464465451
EK202310126076,137.60702267376342
EK202310205622,137.05759951150728
EK202310220488,153.5722309704759
EK202310120527,148.468479873797
EK202310220246,138.90279545594422
EK202310161188,151.62441197926807
EK202310155699,141.37065656462966
EK202310189021,138.35962839683864
EK202310236601,136.13355226097815
EK202310164905,138.29484620167068
EK202310128052,138.00496939209995
EK202310126712,140.6916378115286
EK202310239805,149.97412586007061
EK202310224857,142.45520474456964
EK202310173357,133.42703069273514
EK202310127584,145.66188664175527
EK202310229371,132.30019699657527
EK202310110882,133.74656346060047
EK202310160530,160.012088903943
EK202310116477,134.0941548162401
EK202310118586,116.91979055485201
EK202310172703,135.72395902488586
EK202310136123,164.7398820402985
EK202310108114,148.38587420545443
EK202310208296,143.4980712818533
EK202310232508,139.51575911631852
EK202310220252,121.40710450380733
EK202310168728,159.03625146834375
EK202310165440,164.0499675416593
EK202310214684,156.846492424213
EK202310107697,135.0115225305962
EK202310129545,135.25176092718135
EK202310163236,144.81724485832083
EK202310236802,152.4123791009205
EK202310153242,149.47543266068743
EK202310144615,161.3606399530076
EK202310129912,125.58878436642094
EK202310197325,143.7166199312592
EK202310216540,143.13909542121053
EK202310104778,140.62195634090577
EK202310114062,151.19247251657129
EK202310205213,142.87610289771203
EK202310227892,138.70882451481933
EK202310232305,144.61765969920603
EK202310185667,153.59473511233978
EK202310212219,130.7806296147173
EK202310214315,145.90065810125014
EK202310222807,145.54602702498724
EK202310192829,160.62762717650818
EK202310246736,139.50615659104338
EK202310144859,150.9011557753197
EK202310167652,132.92341082033775
EK202310120246,138.81052714321999
EK202310182888,140.96639393455084
EK202310150758,134.50658570753242
EK202310172256,139.92129484838256
EK202310143177,140.55155578482507
EK202310197462,136.77656645588402
EK202310196459,145.16919452862885
EK202310164019,133.42881444572387
EK202310139039,148.13849024729797
EK202310134361,168.7124100194778
EK202310147025,141.92357402163412
EK202310208999,138.88505695960163
EK202310142527,128.14426534204122
EK202310193745,147.32743049976594
EK202310167641,139.999711346602
EK202310240938,130.77634182852685
EK202310112017,105.6758142649747
EK202310240024,150.96611710541228
EK202310244708,164.19710439569155
EK202310210230,131.58135995154748
EK202310004423,150.00546682019458
EK202310221224,146.12985407536567
EK202310157667,135.81502352814275
EK202310215430,154.67621312746354
EK202310182844,139.98360450372968
EK202310236293,139.44389759367093
EK202310123092,151.61973305486464
EK202310125798,141.58355138969287
EK202310167474,157.84379705267892
EK202310124113,135.97193538672363
EK202310232206,135.63447949596502
EK202310222185,147.5902474031656
EK202310149306,153.17084567950292
EK202310167817,147.0172731725164
EK202310212632,144.57291097399045
EK202310132358,128.82887465585185
EK202310145151,152.12154103418234
EK202310141011,154.506226779904
EK202310200018,134.92400973992372
EK202310132356,149.66832376864284
EK202310149165,144.1715107297045
EK202310129607,138.45341959609195
EK202310194843,148.7898105410869
EK202310190635,134.84780797980986
EK202310207943,148.44021221509828
EK202310164644,135.37100634160248
EK202310241540,134.2518362523961
EK202310116312,126.39477915696358
EK202310162974,149.40826145090924
EK202310151341,124.86588095706124
EK202310158724,145.44913260368764
EK202310247924,141.78716737195728
EK202310119010,135.60762221283795
EK202310186778,129.77108867577778
EK202310183764,148.50323385354503
EK202310151317,136.5157085131382
EK202310110771,142.68304744764535
EK202310180616,137.75556096094328
EK202310162283,139.92357825462216
EK202310228393,134.97751830610642
EK202310003867,137.605878477632
EK202310162011,157.00298570910311
EK202310192785,153.29027008465593
EK202310205984,149.27891094093002
EK202310191301,138.378003999896
EK202310205696,153.89181388852282
EK202310003384,145.49701546290146
EK202310244834,141.10371507014207
EK202310204220,145.00800822265984
EK202310110856,146.99313546935795
EK202310134787,141.63969088939737
EK202320007820,135.59733374388261
EK202310179208,130.8728198905312
EK202310223932,155.25947200795605
EK202310216781,145.43618211442623
EK202310187602,124.83358782191577
EK202310179844,144.66516113703193
EK202310163357,144.13704917633925
EK202310137800,136.57598517997175
EK202310202504,148.49404549462827
EK202310152435,131.82912624204238
EK202310138850,141.494534985379
EK202310120464,141.74373214257164
EK202310200493,145.00800822265984
EK202310243016,128.68757562196498
EK202310168573,140.7753150320018
EK202310163051,151.16063334292397
EK202310188721,161.20253614714971
EK202310187647,144.42479257885682
EK202310194460,145.1487714114672
EK202310199853,148.69828116853498
EK202310199354,144.05257441157372
EK202310156872,138.0473907931298
EK202310183296,141.18784956505357
EK202310105927,130.9329694184517
EK202310106682,138.20834206145528
EK202310127329,163.75782540250097
EK202310116459,133.95609431793682
EK202310192223,151.6535951090971
EK202310004549,145.02129430523797
EK202310108809,149.3793276849746
EK202310180902,127.88275401742325
EK202310104309,143.82085433435708
EK202320005779,178.85208598206552
EK202310145003,142.7833565231627
EK202310234434,135.39815083988987
EK202310228455,151.81119601624653
EK202310196294,163.68820851558849
EK202310214611,149.34525854405732
EK202310128897,154.64662657506418
EK202310140953,150.07808299489196
EK202310153523,126.64004342857858
EK202310107262,150.9094350349298
EK202310177695,141.5555271635838
EK202310133157,133.77575493550268
EK202310243662,124.78616654132071
EK202310155394,149.03446658748416
EK202310126776,133.665752847378
EK202310241762,131.87163772641
EK202310141862,135.6525993486281
EK202310151835,159.41915759025434
EK202310128935,140.07250583599156
EK202310114330,143.18904878009758
EK202310166988,136.76949084416873
EK202310201794,137.9130801573132
EK202310181313,148.86453655236738
EK202310186725,143.48352305685148
EK202310146475,132.40810439385913
EK202310109755,151.12703550716918
EK202310161538,158.64763784567913
EK202310186435,136.490219921894
EK202310193897,148.70484700216397
EK202310160769,159.68506817456358
EK202310212581,142.79659226575103
EK202310248122,127.78536301032358
EK202310235931,137.28129885807851
EK202310181771,166.0653716581503
EK202310155768,145.78385485025964
EK202310111605,148.22887069556722
EK202310127306,158.33732297463467
EK202310150190,129.35423810807487
EK202320005858,152.57869333300764
EK202310236072,142.18269394465904
EK202310225439,138.97515316329273
EK202310237893,152.71740436638726
EK202310136361,133.50004655292668
EK202310191072,149.17478102818686
EK202310181865,141.95231264955535
EK202310231592,135.75652233618004
EK202310207325,133.60727265175515
EK202310172714,141.0854419124721
EK202310224865,140.13008855241623
EK202310168576,145.49701546290146
EK202310103778,130.79584060738358
EK202310217586,157.7775056660129
EK202310231160,132.35556842966244
EK202310234098,143.71488231736407
EK202310178165,139.02183693871035
EK202310135798,142.92710039578486
EK202310207159,150.95401443124146
EK202310161503,153.55725211719513
EK202310164971,145.58429684933782
EK202310227797,143.20244037398257
EK202310138476,149.87903153934667
EK202310105436,135.6691305183125
EK202310171599,141.88163426522522
EK202310155833,145.57503465375692
EK202320007748,140.14140814695517
EK202310216275,135.8323629608996
EK202310178246,149.7767417384267
EK202310233952,147.04602127307746
EK202310236351,140.44906515024198
EK202310208975,137.9737012966936
EK202310210410,138.9361230156143
EK202310179531,144.1731928816681
EK202310207618,154.58189536516795
EK202310173550,150.22851042238463
EK202310226730,146.37325952478906
EK202310129523,145.95493831468127
EK202310220746,141.61639875286494
EK202310248566,152.89295269741092
EK202310193943,160.218138455799
EK202310119814,148.72469606725846
EK202310142248,150.34768597599555
EK202310186304,165.38252434015058
EK202310138557,167.54111877061402
EK202310245483,134.137663872506
EK202310132300,124.35970251183822
EK202310208081,144.40632101782197
EK202310230460,147.13522241520718
EK202310140474,143.70895921589977
EK202310212083,139.8897405874661
EK202310136665,124.93246383870085
EK202310131251,146.13242621548167
EK202310232633,138.1855814915854
EK202310147477,144.9226890780105
EK202310205850,146.41115681423324
EK202310202041,152.33646552972183
EK202310173763,152.54967770265614
EK202310160578,164.72096321061065
EK202310191339,147.6994209350889
EK202310212270,138.08547232393207
EK202310145728,148.6457042758816
EK202310221046,132.32003738970045
EK202310188691,140.32767160298096
EK202310171896,149.33261180086086
EK202310139766,132.72228390986837
EK202310173220,153.3872204106412
EK202310162948,136.0309708329647
EK202310105701,138.05110574618357
EK202310197311,153.02353112154938
EK202310147640,158.3506964401215
EK202310183542,143.1745771809165
EK202310183535,148.96662377640777
EK202310245904,147.27916233593757
EK202310133031,131.79591744269842
EK202310188018,147.4094275968676
EK202310135860,148.97911426909522
EK202310236943,140.90550963035827
EK202310156470,170.27108181899362
EK202310195857,159.0152933130708
EK202310187539,145.85954068170778
EK202310004424,120.64967787365332
EK202310217002,141.3384527747487
EK202310179415,138.4873206790515
EK202310120456,146.71355892132493
EK202310200863,129.3961017873912
EK202310147545,148.727288619721
EK202310230822,144.36450736595552
EK202310121215,147.88093348983108
EK202310177411,163.14574715654766
EK202310224282,144.10500529263854
EK202310140227,132.41833982775717
EK202310129737,137.4135779488307
EK202310140849,146.5430523695557
EK202310189202,160.64231345250062
EK202310104642,145.92530328590186
EK202310208010,142.11834033757967
EK202310166940,169.54364098243082
EK202310162024,160.35892504351037
EK202310199815,126.94513106291559
EK202310152439,144.21167478093528
EK202310233448,130.96009747894456
EK202310242843,146.61676489010662
EK202310201491,151.9732112149533
EK202310107632,131.11889582928325
EK202310198770,169.96704895415778
EK202310137566,141.49576531975706
EK202310142121,138.47183450091734
EK202310190572,143.01825866524032
EK202310205775,149.74715827190838
EK202310220844,150.150103815144
EK202310139338,135.33808095201312
EK202310108582,152.0302961730459
EK202310158552,144.31654739871772
EK202310184301,157.27503839989072
EK202310243616,132.36625577049188
EK202310151811,163.39651594529383
EK202310125407,136.6847016629517
EK202310139375,133.12954262065008
EK202310239439,139.03864199324488
EK202310155841,126.2400637191856
EK202310215149,143.81290387126097
EK202310107124,141.2661650466578
EK202310134118,125.89566978993604
EK202310194279,147.6562376505112
EK202310246720,135.58529871557803
EK202310162584,151.1316741283233
EK202310195982,155.49001355409078
EK202310228933,126.86901489290128
EK202310116256,146.51854334954265
EK202310114568,142.89226824748258
EK202310131206,141.1467147743717
EK202310175053,153.67788520408206
EK202310221935,133.4601518096252
EK202310185735,137.11551415182967
EK202310223371,123.93556364905578
EK202310228532,141.6915035114956
EK202310201399,143.55831365528852
EK202310225779,146.33075434729395
EK202310223354,145.9908671656247
EK202310149880,141.38554847938806
EK202310182361,146.1819599886303
EK202310245495,134.3606556063058
EK202310004203,146.0799373338635
EK202310179618,136.1629532484344
EK202320007066,152.7271673156776
EK202310114050,138.59840197015583
EK202310191315,149.64984436245672
EK202310146983,154.46026888150186
EK202310130594,161.08409115076964
EK202310242203,141.3356767462708
EK202310241138,145.91324047249054
EK202310156504,149.65773388635614
EK202310197660,155.1847171551449
EK202310140136,153.68734033137625
EK202310143917,121.96083766963095
EK202310219192,143.999487195026
EK202310134270,162.27349957075216
EK202310232270,145.93738612530782
EK202310173917,139.71936554879994
EK202310173711,142.94563727390116
EK202310112756,128.945996731199
EK202310204172,143.4550359827396
EK202310159759,147.34335619997992
EK202310186227,136.97620867598332
EK202310185665,148.27662419849938
EK202310117309,138.62894210553276
EK202310197672,143.2680081872246
EK202310153079,141.18807149095005
EK202320006035,147.9681362743848
EK202310247525,126.05845274740341
EK202310161438,131.9749580119221
EK202310218023,146.19736287988204
EK202310150064,140.1291501038309
EK202310142573,153.04994346940595
EK202310124576,128.7575666217799
EK202310219887,129.92512105637442
EK202310120184,146.19736287988204
EK202310112918,140.36351566264258
EK202310109372,163.44303291582384
EK202310107015,142.37410961540436
EK202310150353,149.5980276516159
EK202310204484,132.47798641388474
EK202310146488,130.2223123712785
EK202310124804,148.66331708752838
EK202310185666,140.45285933744665
EK202310195519,139.4716257918553
EK202310160733,148.3477505517978
EK202310104544,144.53396398023824
EK202310184750,150.3825758220824
EK202310003740,123.52755144057306
EK202310226854,133.19025508718858
EK202310125742,144.91585821947194
EK202310168317,131.77536097941257
EK202310149766,158.34401806737657
EK202310190272,160.9143730464808
EK202310146274,140.9631650771123
EK202310112851,140.9885253305405
EK202310175254,148.03130785450145
EK202310163259,132.41259083212444
EK202310133880,141.8050313863752
EK202310217079,132.6085651671152
EK202310170637,140.41095969466528
EK202310194778,119.64007947234056
EK202310218095,142.33226835467468
EK202310135253,140.80234375074141
EK202310197692,149.3234513611564
EK202310208639,144.34752907654695
EK202310246924,151.41776321198287
EK202310189081,143.2169367749296
EK202310186006,149.31000053052375
EK202310234924,145.1661054154323
EK202310159161,153.3368554650394
EK202310118361,129.0938172782862
EK202310103934,129.9111440158914
EK202310218075,145.77452418260341
EK202310151847,151.78644048122993
EK202310227485,140.81766490471918
EK202310215170,146.8029627610163
EK202310182285,147.09661770284123
EK202320006523,147.31266994399607
EK202310226724,135.09551575873178
EK202310144268,168.14027058822361
EK202310156630,162.87028627729052
EK202310245294,146.12212722500607
EK202310223363,141.82063324356213
EK202310237800,142.34255461465187
EK202310173460,142.30305499266774
EK202310209655,145.13555970460862
EK202310119136,149.34525854405732
EK202310127314,164.63233482911411
EK202310193844,142.30305499266774
EK202310162315,151.94995956997437
EK202310218294,128.8619214475259
EK202310151071,129.0592446693318
EK202310217686,138.27510906807072
EK202310154435,154.35609440351504
EK202310191927,148.823199768564
EK202310181837,133.98294562911394
EK202310148256,142.3351658325827
EK202310230363,145.05603219656226
EK202310156095,144.12394848947355
EK202310169939,145.01438906352934
EK202310141818,144.87185472118028
EK202310230706,142.3374811993098
EK202310138074,137.19987164732225
EK202310213136,144.90624084574063
EK202310245174,150.39754608775417
EK202310149067,165.0983089385241
EK202310215609,138.42531509179793
EK202310170363,126.28077007668634
EK202310238402,146.95793801210854
EK202310117314,133.62554273187195
EK202310241750,156.38931983967592
EK202310154247,125.50467195166388
EK202310148755,134.3703348457773
EK202310150162,137.66540388195682
EK202310189110,137.32290686458532
EK202310168769,155.68891720887578
EK202310211938,143.75350177974025
EK202310176335,148.22671124311242
EK202310113812,136.798198935385
EK202310123004,116.32394144250217
EK202310205174,137.79935294462268
EK202310168759,150.10104997828375
EK202310213442,137.88244780879586
EK202310239610,146.9151162785025
EK202310195241,121.00564219970859
EK202310153703,155.85731760821443
EK202310150341,137.63065840376638
EK202310208289,143.37247743066408
EK202310111014,148.46084765563992
EK202310221055,148.10035357534736
EK202310201138,185.25629881604323
EK202310004391,145.68114548032187
EK202310155939,138.64112783455838
EK202310148376,141.64041402568176
EK202310116871,146.80107039012145
EK202310197518,138.06711452213563
EK202310119757,140.24955645483644
EK202320007473,144.36450736595552
EK202310134809,142.73771514585755
EK202310189457,163.94852536971035
EK202310185033,136.86425882444942
EK202310229340,139.31305428769352
EK202310122288,147.9681362743848
EK202310120743,142.1159132579576
EK202310242075,138.73827632945228
EK202310140597,141.98859603513463
EK202310242069,124.9222952097603
EK202310136890,146.51243027732286
EK202310209810,147.5480031083657
EK202310223071,137.95387000500955
EK202310218487,146.62555611662563
EK202310232696,160.95544728177526
EK202310209345,145.9585811237128
EK202310170813,135.90364186825136
EK202310153786,159.01503649366086
EK202310151789,148.27333021311628
EK202310151677,139.29795690140583
EK202310137204,133.32595632167659
EK202310218836,149.1860955817153
EK202310151080,143.31675451662625
EK202310164354,147.71214258007072
EK202310173775,146.34271793663567
EK202310121695,145.90187219940037
EK202310205477,130.07346646575377
EK202310157033,132.75042220238646
EK202310119370,128.65595524356456
EK202310126142,149.04031129692433
EK202310205658,144.4642243889045
EK202310186719,170.07426067897936
EK202310144182,147.11751668550303
EK202310246415,135.45067594784763
EK202310227129,164.2503915496232
EK202310156707,137.07134321381196
EK202320005770,153.214627054315
EK202310166383,152.8636715464671
EK202310210479,131.77467795568484
EK202310179571,144.30700830198361
EK202310187791,150.1541456942806
EK202310171969,134.20665248584896
EK202310132165,154.93047325827953
EK202310124907,145.80034384085238
EK202310208889,154.96540179503805
EK202310247697,141.46464457016864
EK202310194854,137.59524031483366
EK202310225021,157.77841074080607
EK202310238477,130.67197288000625
EK202310239246,132.82204880571194
EK202310176503,147.99119581781628
EK202310176496,144.60335136708832
EK202310198306,153.50242241775567
EK202310188583,139.65235423943548
EK202310207194,153.249766234652
EK202310219806,147.9627098550324
EK202310227819,126.03467614183272
EK202310164368,160.44824281843194
EK202310239912,145.24821890020945
EK202310198458,137.6950514262771
EK202310142902,138.03787948721174
EK202310240388,143.72207288391087
EK202310222895,130.21338097605815
EK202310160875,153.1301692745858
EK202310167060,159.13742876478238
EK202310224028,161.37815754295673
EK202310151657,136.46419554346036
EK202310155117,132.697006750531
EK202310136926,151.28972443812907
EK202310143427,174.736181680262
EK202310172189,130.97758467737432
EK202310125542,134.20593367241713
EK202310217168,134.39867570249723
EK202310121975,120.1721708349673
EK202310182960,140.66430054964343
EK202310128220,119.69969190452525
EK202310112524,147.79260822142635
EK202310212379,144.05524454975873
EK202310207577,145.1528218921347
EK202310153262,157.6069783725679
EK202310198456,135.88311279570866
EK202310108358,134.49698098057712
EK202310160189,148.7097446607138
EK202310210891,134.16123963127936
EK202310193109,125.96099460480698
EK202310181289,142.84647267000514
EK202310131577,150.88265240547682
EK202310211895,151.89870797182854
EK202310190829,141.14166520129862
EK202310127301,153.07833386641383
EK202310116811,133.15532955810053
EK202310107250,140.6250770779097
EK202310107498,127.33581378463751
EK202310192130,146.77830201427216
EK202310132040,143.87434781968918
EK202310175120,131.4317552804015
EK202310246012,145.13223668915623
EK202320006537,176.4388447163216
EK202310129645,142.1544332926293
EK202310188742,143.92601689857793
EK202310196813,134.3214731281989
EK202310125413,154.1939829541042
EK202310166995,131.32366258641724
EK202310146585,137.97210921309096
EK202310229973,136.43065372310753
EK202310247518,144.67155276243125
EK202310198340,140.72849075923074
EK202310113811,133.07693766036695
EK202310188773,146.8029627610163
EK202310109282,142.23751642531118
EK202310240034,147.9550409835394
EK202310215437,143.35604176585286
EK202310194389,151.9119154247624
EK202310172196,138.0630319679065
EK202310165827,140.5841686042842
EK202320005561,139.70109925894724
EK202310149595,141.15364582911351
EK202310168288,156.5577475010523
EK202310140892,147.45036650170667
EK202310184756,148.75064275471613
EK202310155970,146.6089683027122
EK202310219701,137.7507811662677
EK202310174732,142.73026804126647
EK202310195694,159.1598183271759
EK202310213272,150.32637397737227
EK202310140437,140.61239582342535
EK202310235734,135.89416395716609
EK202310130236,156.84430277637532
EK202310144191,138.74374041381625
EK202310190014,165.24507536732358
EK202310244140,141.91135962929522
EK202310179886,142.86291302320143
EK202310124185,133.76403729110768
EK202310153209,130.81720177113795
EK202310153141,148.14318473767196
EK202310203881,140.13273543612692
EK202310166214,160.48230382629265
EK202310165860,161.22678923951827
EK202310221150,139.74159482532215
EK202310212669,138.1331866075378
EK202310183646,144.11567891436786
EK202310161293,146.89535548047988
EK202310123374,151.07270859543814
EK202310167702,133.72027862166235
EK202310218991,139.78103532048854
EK202310153681,132.1130927899753
EK202310132053,140.77738614858123
EK202310181558,145.45424169968626
EK202310234347,155.7651307926659
EK202310205398,146.63002234016943
EK202310236180,137.99447949212222
EK202310215127,150.14926414060022
EK202310184646,166.3276147778711
EK202310248044,145.512978841264
EK202310232425,141.93784875250492
EK202310151757,134.67164640314343
EK202310134956,153.55725211719513
EK202310203447,144.79772963296102
EK202310125366,131.27286935748165
EK202310180083,140.38910410482964
EK202310170602,146.17159138495194
EK202310189329,140.36269276786336
EK202310152190,128.1994973238523
EK202310118845,144.8005584077199
EK202310202683,135.981706301789
EK202310131733,148.08127020797346
EK202310151659,135.65870484722313
EK202310111223,148.7836341427093
EK202310189015,143.21089783040978
EK202310204933,135.50634053583258
EK202310220311,147.3702327688372
EK202310153186,151.20330005885108
EK202310204998,141.3280460480799
EK202310206640,130.2094570562159
EK202310148731,155.98279800636914
EK202310177950,142.22262867817577
EK202310236764,131.756030221322
EK202310149184,127.06446319656561
EK202310243178,153.0742225660503
EK202310149329,147.7724035818571
EK202310124506,149.68507591279146
EK202310175231,147.25578066518324
EK202310117163,142.8443455505129
EK202310235121,155.79455601412494
EK202310201963,137.60745536574885
EK202310177877,143.73436413905995
EK202310196442,142.36741611539435
EK202310165909,134.56335700322322
EK202310148120,153.70085098165052
EK202310165323,147.17336411088516
EK202310148717,132.53467803998697
EK202310110684,137.92672730769598
EK202310131621,154.3053644597456
EK202310155848,136.1690796765987
EK202310116241,138.39092590202867
EK202310139259,150.36445532776915
EK202310125773,133.77843089419943
EK202310233036,150.58877673483929
EK202310149022,153.21649683024063
EK202310189335,137.3240246077383
EK202310124884,135.7106950648879
EK202310120137,139.20636664291231
EK202310164298,149.41669276768155
EK202310210341,149.63696650751655
EK202310235088,154.7315454284164
EK202310187731,145.92530328590186
EK202310243618,141.20037934303286
EK202310246975,135.63507750238568
EK202310178699,172.55123673973821
EK202310208826,138.54930974600495
EK202310192931,151.5289806283835
EK202310144942,127.55901774400624
EK202310204406,141.43547461913076
EK202310228390,134.3688060846027
EK202310116598,155.17555542210295
EK202310168298,141.99343435749574
EK202310221487,153.47508426140107
EK202310129003,135.5774068269509
EK202310199518,152.98652627654633
EK202310230415,140.98658996179464
EK202310229198,129.25556364337035
EK202310191619,148.69485050949118
EK202310135624,133.5587775832982
EK202310188764,132.5448037018563
EK202310194928,137.240241151814
EK202310136019,144.31654739871772
EK202310193486,143.71852941142444
EK202310114440,140.22458455125562
EK202310233214,134.30124679720927
EK202310228766,141.43178108594688
EK202310149990,164.2600884248367
EK202310122654,131.72816815629398
EK202310221978,111.70379653685457
EK202310166235,151.26332963223405
EK202310165801,143.1322867747783
EK202310164057,132.00249202411683
EK202310168718,136.85521426906908
EK202310108201,148.97911426909522
EK202310206343,158.28678685180665
EK202310114675,141.4595974177015
EK202310188537,148.40566860273412
EK202310179087,148.87419695784172
EK202310187084,135.81299916279022
EK202310187925,133.58773007120467
EK202310170956,151.62269205329633
EK202310212887,151.4578483183792
EK202310137413,139.30262379466694
EK202310217648,120.89123298568016
EK202310174679,152.77075424260389
EK202310229265,139.10635964669882
EK202310148461,146.5625261808078
EK202310222772,130.6287390559838
EK202310113407,144.7320040532892
EK202310206546,144.19515368466318
EK202310224810,142.47532323783258
EK202310228008,135.43597103959652
EK202310165670,135.26483804952267
EK202310188801,172.06345189018347
EK202310163428,136.54469536804842
EK202310155452,131.95341357568373
EK202310188057,156.8455731696952
EK202310191879,137.1020867769655
EK202310221170,143.7121643092101
EK202310231103,128.46026381899907
EK202310242198,162.11502667673864
EK202310187526,162.7000025457608
EK202310188098,144.1715107297045
EK202310203053,153.6072342158361
EK202310215291,129.57780396202526
EK202310175087,145.29832660266067
EK202310187624,158.9948675053346
EK202310190415,137.70986514451218
EK202310123309,152.1547916820759
EK202310148164,153.76483951846095
EK202310185918,132.7721001498526
EK202310122611,139.6749457734415
EK202310174402,137.64520972482518
EK202310165680,135.47381697014782
EK202310234342,157.63384015356846
EK202310196937,148.49742078615995
EK202310111601,145.76614032355985
EK202310115643,139.35163879374053
EK202310111554,149.05931731240256
EK202310128358,140.22123239968303
EK202310131862,147.71752600324018
EK202310207446,134.23228638126645
EK202310189921,143.76695986482073
EK202310129789,151.9135788395971
EK202310226523,135.8168721239387
EK202310231417,139.7112711013908
EK202320007285,169.92622025136325
EK202310217873,145.12257824430867
EK202310105042,144.49112057956106
EK202310136636,148.86453655236738
EK202310175915,146.1274732178922
EK202310003483,141.07137778975502
EK202310200419,150.59049114855156
EK202310117924,145.76614032355985
EK202310181210,138.04313191436222
EK202310202561,139.0724849928555
EK202310107499,142.6011360181487
EK202310107137,139.94495874149717
EK202310231924,140.4580583416629
EK202310144923,138.4562204294703
EK202310207718,148.51095128833148
EK202310212477,138.46977914319075
EK202310107846,139.35821818750324
EK202310185004,150.56786451691787
EK202310134355,143.32392781273572
EK202310170491,138.28182798662735
EK202310234495,140.35941646447864
EK202310126339,139.59095264771352
EK202310185015,143.1893524799852
EK202310208389,149.57575683888214
EK202310165712,157.45417026342275
EK202310168161,158.38205665164043
EK202310152314,149.34525854405732
EK202310207349,142.11147561189736
EK202310195623,139.49132637109898
EK202310187039,143.68448828150872
EK202310141159,147.85858389743092
EK202310209863,141.34349565803737
EK202310160465,142.73421212662154
EK202310171624,141.586418807499
EK202310227086,147.24583532909026
EK202310177422,144.8306705292399
EK202310240033,145.77491206839676
EK202310147863,139.70754037605235
EK202310187436,145.4556918413916
EK202310210870,135.9459894014558
EK202310104543,141.59807916302816
EK202310136266,130.5386086660022
EK202310169848,147.7177566506266
EK202310134804,133.91955264398166
EK202310128125,135.61201551830973
EK202310105804,144.72120300769447
EK202310240636,137.48503948081532
EK202310128250,123.55343780072853
EK202310167986,146.15562557029577
EK202310223738,132.7074838510173
EK202310194978,159.13742876478238
EK202310174109,139.32504808074646
EK202310234407,126.20397180114723
EK202310174138,139.58879340331757
EK202310167183,151.30101179851127
EK202310111941,123.23016062880086
EK202310199956,145.27707559963443
EK202310116743,139.8558886829845
EK202310140835,142.84610686443642
EK202310179216,170.18715257288588
EK202310205539,140.6403473003249
EK202310196566,137.69875414780898
EK202310224930,152.7590938505343
EK202310120947,138.26733763689325
EK202310170902,136.7469799768401
EK202310235028,140.1144169638178
EK202310113734,149.34525854405732
EK202310204036,138.6934494618625
EK202310230642,140.93901326862243
EK202310131709,146.77711831827028
EK202310226061,131.42428570675332
EK202310175946,140.43798508442617
EK202310152205,135.77589245002102
EK202310188482,144.55742940634286
EK202310108311,130.45296271692027
EK202310191290,139.56073357593914
EK202310144489,134.90596261502324
EK202310172283,139.13199896979734
EK202310226719,148.1272992367268
EK202310159716,148.88223721960398
EK202310199594,154.67621312746354
EK202310173559,157.1286233265228
EK202310136955,159.0872659942499
EK202310116269,139.75031669873042
EK202310193704,152.8130866152148
EK202320007431,155.3812592090762
EK202310132812,152.76037410646737
EK202310180739,141.22465815636707
EK202310174941,154.71405708745704
EK202310178926,149.94862722593066
EK202310194112,147.53329868148796
EK202310133210,131.18822260512528
EK202310192212,129.75328476399847
EK202310120175,146.47022502825925
EK202310139063,133.17950883095037
EK202310110816,136.70160041363664
EK202310133264,145.92530328590186
EK202310104140,149.768044175842
EK202310162125,151.64547603544622
EK202310144954,129.72065140674795
EK202310169762,134.28841347581815
EK202310161221,145.51352092574993
EK202310216951,141.7553629695598
EK202310231726,144.25071274757389
EK202310149140,175.80382258777152
EK202310129051,143.8769108584893
EK202310134433,139.57587532313408
EK202310247557,154.45758471156074
EK202310231514,126.75896025610881
EK202310224127,143.09067394291438
EK202310126711,136.85833378727074
EK202310145914,138.7249425322955
EK202310147010,156.76119648969288
EK202310141199,148.6371068605065
EK202310163547,138.91869037979606
EK202310204148,139.94599246362182
EK202310159997,150.6375868929875
EK202310147517,133.53808526182246
EK202310120397,135.3944374812414
EK202310154029,145.5467475621576
EK202310208628,142.65848055570513
EK202310240529,151.03302378705172
EK202310119023,166.78682943727466
EK202310171849,138.73511502203388
EK202310180911,143.0783106324052
EK202310111220,132.70786153573394
EK202310155400,132.19771747927683
EK202310205379,141.3253055539529
EK202310151041,145.38099270408685
EK202310122951,139.2786005065616
EK202310196536,153.19950736942812
EK202310160766,138.21427876788408
EK202310209097,153.76091125079463
EK202310140289,128.25156609054773
EK202310133699,151.79386218204934
EK202310193965,140.889787759047
EK202310201530,149.98452721675588
EK202310131280,138.9395111799875
EK202310225831,142.73901453687395
EK202310197460,144.41197795398728
EK202310225230,136.32487767662926
EK202310158454,150.36445532776915
EK202310245266,143.59600373327427
EK202310175415,144.11564712678944
EK202310194223,148.71229494637194
EK202310199942,156.2418167059099
EK202310233835,148.56779637248928
EK202310220027,142.11236808136402
EK202310119464,143.93698403274544
EK202310179368,142.22062245715975
EK202320006345,149.97480784567574
EK202310124702,138.82509539788794
EK202310197937,128.2413058344876
EK202310159091,135.6520047311266
EK202310138888,133.80679107901875
EK202310216680,133.90415668863733
EK202310240252,139.82649366282283
EK202310175387,145.92530328590186
EK202310199869,147.32786332120702
EK202310140275,139.47669493071226
EK202310151577,129.40603737078456
EK202310130981,134.8849901952266
EK202310131764,130.93604897946088
EK202310121874,134.8863912354321
EK202310171868,137.2704304364789
EK202310140109,157.79414226806873
EK202310120574,129.3948519786027
EK202310151566,141.69986155870185
EK202310124827,148.6101918648704
EK202310120607,151.01158112532465
EK202320006257,154.8616973813563
EK202310220130,155.65993180210504
EK202310144885,145.14771935899324
EK202310186525,135.21138868428523
EK202310219807,152.15138769163482
EK202310167657,141.19967367839914
EK202310123275,150.13251325241242
EK202310215234,155.41334138645684
EK202310146524,144.1573844363757
EK202310169940,147.33782871032082
EK202310243649,137.98737640463673
EK202310183687,133.0873252839045
EK202310130415,150.7342571378856
EK202310188385,142.8257119491171
EK202310158217,138.33542781995985
EK202310004449,135.3689193358437
EK202310193236,145.86724401399937
EK202310151651,146.6243165723213
EK202310106009,147.6562376505112
EK202310185711,134.3912719288439
EK202310104495,135.15085717138834
EK202310144848,163.89575364391976
EK202310180048,140.13563384722016
EK202310137754,131.95076619675342
EK202310156546,160.18975818598926
EK202310137352,143.84363796691758
EK202310182441,135.56423379562483
EK202310208167,149.52745770158904
EK202310223871,145.05653480730007
EK202310172342,131.52171672905317
EK202310219366,151.70257072753031
EK202310196187,147.29791215133022
EK202310138150,124.86166965724458
EK202310172299,125.88797958095937
EK202310127364,144.08089846776414
EK202310139869,138.28361180879673
EK202310128954,140.42776610723047
EK202310146322,149.56316556593583
EK202310162849,146.99256682000575
EK202310181038,132.41551949185975
EK202310170175,156.6061835441523
EK202310112098,149.35656125047257
EK202310176673,138.46151461109193
EK202310139559,144.0203536862009
EK202310233592,153.63396405007484
EK202310224263,155.7327028878077
EK202310110134,137.14049493394091
EK202310226556,142.7664464095975
EK202310209883,145.68271615911755
EK202310231890,148.34401318035336
EK202310190968,144.79929348371707
EK202310136859,154.9666503292358
EK202310247260,135.1316093080448
EK202310172360,136.67256383697003
EK202310210416,144.3821339582762
EK202310227699,135.84545639882276
EK202310213569,139.4319501582496
EK202310224874,137.47071437029416
EK202310169709,150.42870719393736
EK202310228257,143.23872341786256
EK202310141038,150.09963528114633
EK202310129192,141.95231264955535
EK202310107751,139.39754831378096
EK202310140717,134.89254514737894
EK202310228229,138.0530423587531
EK202310207072,142.616972439809
EK202310202830,135.2569894769996
EK202310148905,152.69575615119237
EK202310127758,139.3878405914557
EK202310178020,147.6039187235764
EK202310193951,153.22730150797582
EK202310155292,141.10330782706507
EK202310144487,135.51632197834996
EK202310121253,135.23439228691794
EK202310148088,155.06451537869745
EK202310187124,139.9398195266316
EK202310229693,136.07017987179498
EK202310201484,145.9919950940371
EK202310129571,137.1096794988451
EK202310125950,139.07904958931928
EK202310185603,163.06826618912007
EK202310114453,143.54954400679233
EK202310117950,161.24754222308152
EK202310119043,138.36262524720067
EK202310198703,169.90380039445887
EK202310140299,140.9352261858223
EK202310135296,164.25821024105036
EK202310107227,114.34684947630865
EK202310240359,146.04406360715862
EK202310240921,142.8342421916744
EK202310128737,129.60512159859857
EK202310124258,146.8563034908138
EK202310220986,132.578391218647
EK202310120232,137.62045986925548
EK202310164246,142.18213802885896
EK202310179029,140.41795544166905
EK202310162108,140.01038978257415
EK202310117566,141.56075055030215
EK202310232452,137.30131553081287
EK202310199397,168.24732101095518
EK202310150619,160.95254054788683
EK202310112912,144.19158795366823
EK202310196213,159.97315142094982
EK202310128306,136.02326759874958
EK202310186545,146.3382984154398
EK202310245338,149.78932470526053
EK202310126833,148.38587420545443
EK202310183324,126.51745001308285
EK202310206548,148.87419695784172
EK202310162684,137.58268592741464
EK202310158471,152.62020851616907
EK202310237583,141.19436577290327
EK202310142976,145.4788295847929
EK202310181877,162.2569983364954
EK202310193411,139.11181521904163
EK202310140403,132.38051495134286
EK202310223571,130.10057520578852
EK202310200630,146.35938038720064
EK202310219428,135.4898233267158
EK202310149680,143.4213259072475
EK202310109895,148.39550759896568
EK202310204098,141.85711420105036
EK202310177412,169.1117567368526
EK202310219692,129.32458620817678
EK202310103878,150.36445532776915
EK202310193630,139.75031669873042
EK202310109504,137.30197848450928
EK202310109364,144.16211244775053
EK202310239283,145.76614032355985
EK202310104478,131.81197957071421
EK202310204048,134.77381984233145
EK202310159059,137.6930489925563
EK202310156030,143.90848889336948
EK202310245545,148.47924146663215
EK202320007416,172.5054923833744
EK202310221846,143.51386338237862
EK202310132308,149.3613398084627
EK202310197059,135.33489825531004
EK202310234332,157.46621096982503
EK202310194822,170.30161717855657
EK202310148932,135.4949329824105
EK202310128434,132.01274012288906
EK202310238922,138.4576273021302
EK202310114232,144.9187754959834
EK202310175005,163.67078611480983
EK202320007002,141.3384527747487
EK202310197439,136.95008682599442
EK202310236355,136.73848430560867
EK202310003833,141.55191348030135
EK202310204832,149.48544485276634
EK202310004506,132.3269305108438
EK202310121065,145.14540831747195
EK202310127094,172.32575951105815
EK202310213840,149.78875211638345
EK202310114333,143.7074110280155
EK202310145274,154.8273016616437
EK202310222042,132.31914458615478
EK202310213433,136.94552141769367
EK202310146144,136.6820701284178
EK202310204047,129.27814393460096
EK202310212828,148.11309719167005
EK202310138593,136.32281057720243
EK202310226806,130.14056576573844
EK202310208095,146.44160428643917
EK202310114814,139.33579622061592
EK202310186543,147.23539769628218
EK202310110336,142.51492108494793
EK202310167478,143.0087511650275
EK202310236430,133.34741348167842
EK202310217023,137.87871652486973
EK202310153953,135.74521468802746
EK202310230502,137.2720223501007
EK202310247381,133.61035905648927
EK202310208704,146.841671827062
EK202310139824,126.29445091496498
EK202310197168,137.9829475777971
EK202310128080,148.97743318400555
EK202310123269,142.46813411812792
EK202310121955,147.81157766198106
EK202310161214,150.21122514094486
EK202310133556,148.1002564139378
EK202310197481,139.833110746356
EK202310246538,130.98265872477947
EK202310194330,146.51854334954265
EK202310178652,150.09963528114633
EK202310209776,143.9360339803741
EK202310242382,131.5602064658597
EK202310234518,135.2309152503285
EK202310217553,135.94389891995667
EK202310003369,130.75071769156622
EK202310207859,132.1926110644326
EK202310215266,138.4199021584193
EK202310191942,138.5074155507228
EK202310113737,150.29490693619422
EK202310128655,152.1891131600204
EK202310248203,135.80036812514598
EK202310170678,152.6047970986009
EK202310225376,151.52160275469106
EK202310198236,141.93860353536215
EK202310138567,147.09661770284123
EK202310148635,164.75474100136014
EK202310121362,129.17398187161098
EK202310216537,152.87913442772413
EK202310244010,134.3307951667359
EK202310199391,169.36776296722783
EK202310150957,129.68022396479603
EK202310160956,137.4746316092957
EK202310234204,137.9317855150456
EK202310230587,159.93610234590145
EK202310212166,151.5021496287377
EK202310164638,149.34525854405732
EK202310157872,146.36452087132062
EK202310206238,147.98292802932883
EK202310137733,123.64016460854558
EK202310123238,138.19285345576978
EK202310201665,136.30503258111835
EK202310150077,140.11881705759416
EK202310140491,135.6103539846756
EK202310183010,140.63515401771016
EK202310168338,133.076086827082
EK202310146731,146.21970319312408
EK202310201575,131.81012828460138
EK202310151646,139.43863445830388
EK202310110613,147.17940267771377
EK202310107412,141.44566973278634
EK202310110590,134.58025183300936
EK202310127237,158.62732214124716
EK202310217513,155.5849389160744
EK202310148694,155.29122517071835
EK202310223185,137.02385873980234
EK202310172511,148.3847858517248
EK202310219014,130.99887062591267
EK202310134780,146.214830646238
EK202310117915,136.80639706982336
EK202310153389,146.37994234958668
EK202310207296,146.71408373327927
EK202310132494,133.9405774844812
EK202310187803,127.68353836740273
EK202310233954,148.156232611146
EK202310119049,135.74144699459188
EK202310243256,138.5409163277321
EK202310244548,131.35013360838383
EK202310240124,147.5214140013283
EK202310148734,139.92009752157574
EK202310131233,132.49611683796576
EK202310220058,151.1647784406066
EK202310217202,150.23664522371988
EK202310179774,141.19071505602346
EK202310227794,142.7293440164271
EK202310132105,137.6894612789984
EK202310177761,148.1016883505856
EK202310227840,162.20776253736022
EK202310169016,131.96918387453778
EK202320006837,158.09395187652555
EK202310108574,142.94017694279125
EK202310190548,137.03884733693482
EK202310109486,135.33132757658402
EK202310200259,158.83851745669526
EK202310162701,162.54916677385256
EK202310160336,140.3721138074553
EK202310212709,128.18319490849396
EK202310226725,140.3975039635429
EK202310158681,136.79638252158625
EK202310107964,147.8518901872709
EK202310235518,142.18213802885896
EK202310123552,142.749794526966
EK202310201865,146.35938038720064
EK202310145317,155.59563506262677
EK202310183030,158.6905948543158
EK202310200118,171.96213083286685
EK202310114422,144.61186076278184
EK202310157848,126.53037256314448
EK202310239370,141.84544642777
EK202310131836,158.04408416790275
EK202310143421,130.14461395648152
EK202310205485,135.17793274878235
EK202310168662,147.29183818476204
EK202310154586,162.42673539328894
EK202310186744,146.2050866629186
EK202310233340,146.43821392339578
EK202310239910,127.12923452887614
EK202310245136,150.51840970578525
EK202310149851,156.62422653443323
EK202310149779,149.90482698147932
EK202310228990,140.5975282326316
EK202310242178,162.09143031018903
EK202310133873,154.93437107723756
EK202310164264,133.66711758475458
EK202310231632,143.98253451602625
EK202310144424,136.78833598468754
EK202310112760,130.65325935500277
EK202310212956,138.1328642590356
EK202310145964,137.92497485162593
EK202310126563,129.3911589428137
EK202310109694,152.45286503135915
EK202310128490,140.41642209554817
EK202310180704,169.9925931829698
EK202310126998,142.941764431037
EK202310112115,141.90275423356343
EK202310209159,139.6380205999875
EK202310191498,141.24057872718305
EK202310216436,146.62044317729263
EK202310163197,128.82879461404588
EK202310151701,146.0799373338635
EK202310110130,143.07063020928425
EK202310226705,156.4343151763786
EK202310139340,161.93300934360394
EK202310110862,140.69744050094585
EK202310127381,167.65810470452658
EK202310202546,168.2115999760333
EK202310225643,146.33668078351897
EK202310213096,138.6700867462548
EK202310235079,146.70519505000058
EK202310109108,166.47294158268292
EK202310225137,137.61033735815167
EK202310187484,132.9134195934536
EK202310244698,163.50029727049835
EK202310182643,148.47831275278924
EK202310172470,164.06493947398528
EK202310202542,127.64155036949613
EK202310240368,135.3842193142476
EK202310103843,140.15096175721425
EK202310219530,152.1442794172464
EK202310176306,154.99872878465993
EK202310239841,144.5063457528723
EK202310216087,146.92041649034186
EK202310153817,141.11600359685045
EK202310170433,133.83512238708929
EK202310219831,133.02291461110227
EK202310232545,153.086953849769
EK202310128070,148.70537359002537
EK202310160215,143.4026769305692
EK202310233605,145.4827519145696
EK202310004309,149.72340995215325
EK202310162940,154.04641227486542
EK202310229901,119.219780556316
EK202310155025,140.27807483825111
EK202310127004,148.21557934484034
EK202310247408,138.5400151205648
EK202310202128,141.19659570075822
EK202310178091,140.83872158924535
EK202310123328,144.846833715061
EK202310228444,142.0235321303218
EK202310156135,148.27333021311628
EK202310164582,142.2434420039245
EK202310120354,144.74473754763704
EK202310225755,149.55181848668013
EK202310242750,142.68617629061103
EK202310142998,144.31654739871772
EK202310224125,140.68702465072687
EK202310169891,157.39974574088498
EK202310115679,129.67177398745724
EK202310198800,163.22231480409897
EK202310105498,142.51427916483388
EK202310178156,153.3154063320519
EK202310186930,147.0906578804547
EK202310133899,139.34909199095162
EK202310156394,146.39370978147633
EK202310122250,149.37002506072974
EK202310148614,135.23515349178834
EK202310195974,144.30256377199214
EK202310140125,128.05213399206016
EK202310210027,149.09834438041713
EK202310123730,144.2708596074291
EK202310116187,139.42442518613532
EK202310159940,137.26792899406055
EK202310120469,127.15710660837908
EK202310153614,149.63877906059017
EK202310233640,137.20583248653233
EK202310185515,167.4823032396212
EK202310205120,148.74697406395916
EK202310178305,138.69865662870325
EK202310184917,172.32418155447118
EK202310194354,159.26136589116015
EK202310171208,149.2418954736695
EK202310154255,155.36586358255963
EK202310245884,148.02229381856847
EK202310179361,130.6342815612923
EK202310181720,156.89537577951975
EK202310198136,146.73681267164554
EK202310123723,134.41838044043382
EK202310162489,145.0917133115741
EK202310242175,155.82405786977245
EK202310224905,151.9301882503448
EK202310248091,139.57615325242514
EK202310123593,149.3686508680408
EK202310183684,133.8584250600703
EK202310235351,150.88825182704738
EK202310169872,142.8414318873059
EK202320006484,165.69240653362536
EK202310199450,175.74164575446974
EK202310109127,139.5317274356612
EK202320007711,159.164975712195
EK202310156432,132.70714667598133
EK202310233998,140.96497728982317
EK202310128218,136.37287644262054
EK202310121076,139.39223993242925
EK202310161013,140.3347644452579
EK202310116233,141.84403798682786
EK202310172825,130.73186535131717
EK202310126048,151.2989122082776
EK202310238467,140.47401765568895
EK202310172112,135.09466550141033
EK202310105094,146.44086683389008
EK202310228653,136.27225613309264
EK202310166974,143.58654041923495
EK202310236937,135.41394295347823
EK202310155066,135.19786675280986
EK202310110822,139.34061357600825
EK202310117204,144.13438644270335
EK202310124699,135.1447903601706
EK202310201420,134.83328828471446
EK202310193066,154.74340153174685
EK202310103851,137.12751267864985
EK202310107858,139.76404122164755
EK202310136568,153.33934966244573
EK202310108975,149.34525854405732
EK202310123028,133.5144065137492
EK202310124327,138.13441720892868
EK202310127718,151.0679086791414
EK202310155357,146.54091101380632
EK202310230360,142.95356956346052
EK202310107277,133.21110205133473
EK202310140418,151.9166863372322
EK202310205320,143.99312315774168
EK202310111068,151.46957797922968
EK202310199336,144.06401233713336
EK202310124051,134.88840069384256
EK202310137534,134.57833288446741
EK202310134728,133.0253678372488
EK202310186537,137.34982187071657
EK202310212779,151.96234209761346
EK202310184455,141.85611136540996
EK202310243388,132.4645503230351
EK202310137422,134.91161882460986
EK202310241788,145.899741414913
EK202310107922,155.93462911114213
EK202310193955,154.74737279010077
EK202310194721,151.50631578328975
EK202310146903,129.087915880843
EK202310134637,138.43503010042787
EK202310115633,129.95099553720075
EK202310226326,138.86099498922863
EK202310191621,156.5713558254538
EK202310218537,149.10253808199397
EK202310140032,142.99835469306583
EK202310187906,162.06172158593148
EK202310160631,147.44843254649015
EK202310235165,135.8618394382985
EK202310226953,139.4387719988778
EK202310231462,140.32908132418052
EK202310131496,147.12468502883544
EK202310215576,157.99064024556205
EK202310122149,150.02213057233487
EK202310167024,145.60299674468854
EK202310201015,168.14937664289988
EK202310139845,160.13662027394133
EK202310206739,150.07297037810048
EK202310107474,130.72175321956735
EK202310212444,138.01869899846702
EK202310160242,151.8140482526113
EK202310151058,144.9325503492321
EK202310107745,139.36987845750272
EK202310180777,149.34527280418988
EK202310118200,143.56428598969464
EK202310110288,139.85122682023214
EK202310133962,158.5546508381328
EK202310209998,150.312634875286
EK202310113961,133.51159120557966
EK202310125421,138.02414643926244
EK202310204604,143.31140891462405
EK202310120459,146.65336683817904
EK202310179318,173.26217738117833
EK202310188043,143.5202120093794
EK202310139621,143.1476591375748
EK202310223960,133.90171593977757
EK202310116277,136.0597246765926
EK202310173520,132.28127615138376
EK202310140244,126.38585008730544
EK202310172775,133.74441495897295
EK202310209021,156.64680054406702
EK202310137060,146.58355061807427
EK202310169472,162.13443542364075
EK202310220708,141.0497690637141
EK202310155346,140.67702070540417
EK202310203724,143.85996709907224
EK202310174172,133.31717505954688
EK202310127338,138.08825536872882
EK202310231177,142.85144868509806
EK202310110283,136.18303630263824
EK202310194192,166.95314115009003
EK202310179609,140.70860907171632
EK202310233542,160.50551328921455
EK202310223188,141.00932443442048
EK202310160161,151.22607402522164
EK202310142059,159.74892089853557
EK202310148973,143.0062985225304
EK202310185968,144.36278200843438
EK202310143375,152.9880148992973
EK202310223394,140.23608800781133
EK202310142935,144.52367032829753
EK202310128889,139.50283067789363
EK202310243694,137.06166360029425
EK202310168873,148.88407728668471
EK202310110255,142.11996559373836
EK202310217355,145.42701823785643
EK202310170477,136.7505376866142
EK202310126294,134.81254326895274
EK202310193447,160.51516567219193
EK202310208452,132.36816609932302
EK202310121117,135.97781564180792
EK202310188124,143.10787365094876
EK202310200744,159.14171450302612
EK202310246111,135.7319941457285
EK202310161343,148.22980100488977
EK202310174717,158.83851745669526
EK202310162592,146.51854334954265
EK202310199334,154.38803892201008
EK202310004427,155.40150332025306
EK202310128231,131.8610332682898
EK202310159198,145.74470047702397
EK202310190595,142.68264638311172
EK202310234887,135.77589245002102
EK202310230530,133.49063243688104
EK202310212245,135.3158345510482
EK202310247440,139.27107109446987
EK202310190679,154.82484061519816
EK202310215878,138.61357187844246
EK202310118270,135.9017167500687
EK202310109213,149.6337622338123
EK202320007685,158.85923233335086
EK202310125681,137.24061269840954
EK202310187523,146.0488671980242
EK202310185418,145.62532174765815
EK202310147002,143.86384569655826
EK202310171520,144.0539460395662
EK202310222521,138.77259572362811
EK202310200454,139.19571906186633
EK202310121658,123.96755667162381
EK202310147902,145.76251483046943
EK202310204527,146.73538100868402
EK202310202723,142.53458935513086
EK202310149975,155.98998810901315
EK202310157163,154.36456722831028
EK202310125893,135.3075851545707
EK202310121387,142.29398281555854
EK202310151762,149.88144143715644
EK202310193998,139.76819430419147
EK202310106551,131.5796145187562
EK202310245044,141.3384527747487
EK202310207864,141.93524137640415
EK202310150519,125.95256406589084
EK202310180535,136.07962399095908
EK202310140574,154.28663341597542
EK202310152351,134.9484822027433
EK202310119381,140.7071544489613
EK202310144308,145.2595428440001
EK202310204920,137.9995242315905
EK202310169039,148.99506989727521
EK202310126992,133.95810171447908
EK202310165821,131.88523666134014
EK202310218625,138.39737016967075
EK202310224581,146.12659286603198
EK202310104040,140.4250056419422
EK202310151985,141.3384527747487
EK202310151422,170.30214928480726
EK202310181497,139.28813130523528
EK202310143064,152.44034582347984
EK202310115232,150.84417830781243
EK202310160598,145.56537533985838
EK202310153804,136.1401006201702
EK202310246991,136.44600009987363
EK202310205912,136.14069675469005
EK202310147949,155.1885981565112
EK202310147713,137.71853366658493
EK202310172130,138.26388427593096
EK202310193689,143.57104779784424
EK202320007377,146.23060062541606
EK202310234778,138.29484620167068
EK202310126968,139.84701338235115
EK202310168723,141.22713188989255
EK202310205210,131.4077282656924
EK202310236972,140.74762781437917
EK202310110805,130.07766535490862
EK202310110541,148.01991270141738
EK202320006784,141.7345877212452
EK202310169268,147.49267233045057
EK202310192717,140.22953846761212
EK202310134072,130.12178938710946
EK202310109817,144.1352231637316
EK202310111416,151.81020836024354
EK202310163760,133.5995631248826
EK202310206928,159.46159096232742
EK202310222806,161.44031798781165
EK202310245025,146.60525610164333
EK202310154335,124.53016049037232
EK202310122966,148.55256996624612
EK202310147154,150.53416860207153
EK202310161786,147.12255765794058
EK202310122057,136.09724635972992
EK202310206279,148.39669436812818
EK202310241236,150.14379632015056
EK202310107469,139.17700310165742
EK202310236549,147.7807813176032
EK202310144138,152.4480559049925
EK202310212131,129.67685144955837
EK202310112701,145.6310679644375
EK202310163659,134.25862003860473
EK202310172713,138.54391247081008
EK202310175303,132.35299073692713
EK202310129678,135.72394983336665
EK202310204116,144.2082689069273
EK202310226565,142.4283771268665
EK202310177622,142.1495926714595
EK202310173275,138.95507960374698
EK202310108694,140.13596683871262
EK202310124863,143.62387073761965
EK202310209698,140.64442084970653
EK202310155502,139.6513325198808
EK202310160025,149.79494144133645
EK202310219991,138.20834206145528
EK202310229114,131.0293235522812
EK202310179717,139.9478188528638
EK202310112666,139.97240241448335
EK202310122607,146.28164845705294
EK202310203774,127.40687784530701
EK202310167012,139.43356890998203
EK202310177207,148.10035357534736
EK202310108755,127.86445905251821
EK202310235791,145.3382961960299
EK202310193173,161.10973066508777
EK202310226669,149.2351264578683
EK202310241591,145.24517306853295
EK202310139673,154.134380110812
EK202310245678,147.45995875200543
EK202320005871,139.33579622061592
EK202310146553,143.88615188652784
EK202310110812,142.94611996948214
EK202310163248,151.28892942652934
EK202310198120,153.0312924152365
EK202310130383,160.6211493545368
EK202310165453,147.6488522928111
EK202310129296,134.2112491954125
EK202310114158,150.78334636769748
EK202310206093,178.53333340522383
EK202310178733,160.82449976669406
EK202310148785,132.46897440853405
EK202310182839,139.63408196696014
EK202310243137,141.80265107587095
EK202310180781,132.62205554485618
EK202310221757,174.75627629624614
EK202310247595,145.13190189813977
EK202310119239,145.30338559338858
EK202310174112,134.74823248620652
EK202310195036,156.4388259086748
EK202310139240,153.38835628746818
EK202310161228,145.6257319474898
EK202310124628,143.23717338304314
EK202310216201,130.41496885784076
EK202310171177,148.48583435855932
EK202310217298,136.35122496166628
EK202310105105,141.95276587460418
EK202310121917,109.3788234099507
EK202310175901,138.28078740503886
EK202310248632,133.8901491361689
EK202310168647,146.70253526810356
EK202310189433,168.17415466859325
EK202310219364,129.53414172098104
EK202310208149,130.55241544413897
EK202310115824,139.26691164301715
EK202310147437,146.29870135644927
EK202310131516,154.3406886461189
EK202310216229,150.76681781997942
EK202310143057,135.5697688685647
EK202310227618,146.24592766987882
EK202310105862,143.72472919507783
EK202310191429,156.8916673305611
EK202310114100,144.49930578783398
EK202310240658,130.97596972017055
EK202310221826,137.56497468930158
EK202310228005,142.42217491295204
EK202310114273,141.0826599798042
EK202310129611,148.8879262576825
EK202310106828,139.15990279499442
EK202310216849,150.10595247727545
EK202310217419,146.89620794344376
EK202310123260,135.93293779990114
EK202310189255,139.98672842934874
EK202310141612,149.0149229314925
EK202310115638,132.90401824807967
EK202310144626,152.04324343774238
EK202310128398,141.85784596348574
EK202310150599,152.39345612583486
EK202310209851,140.14290971207788
EK202310142306,144.3025369883471
EK202310151733,157.53046321277054
EK202310115665,141.65848743082043
EK202310144016,137.27745841172523
EK202310194248,136.24312615032375
EK202310221662,150.5047284886026
EK202310239754,130.89003754148536
EK202310183618,154.13146996359677
EK202310247966,137.47117777355712
EK202310144467,148.39935883070697
EK202310199980,145.29320426427466
EK202310147993,152.55394371861664
EK202310219732,152.8766560514167
EK202310201255,146.13242621548167
EK202310166834,156.55603331627586
EK202310188039,160.92354066846812
EK202310125812,135.4129793414619
EK202310149327,146.54643155765132
EK202310186774,159.43538969969683
EK202310131937,141.32850954512924
EK202310136858,148.75284574075548
EK202310194737,156.84107860919275
EK202310227116,132.63409458185777
EK202310188953,154.4743213556432
EK202310152825,169.75288399095916
EK202310233830,138.14573020045162
EK202310175569,134.68746948950832
EK202310127649,155.55873301162222
EK202310189873,152.6609366057154
EK202310164363,149.1694053705611
EK202310122930,135.4339215455944
EK202310159410,144.39877199015314
EK202310150191,125.03579364597302
EK202310174699,133.91955264398166
EK202310184344,173.91443127132268
EK202310142972,146.9911312152644
EK202310136313,146.1637613712317
EK202310159605,151.60888521531734
EK202310211606,130.66089470278436
EK202310194487,136.07288833465364
EK202310109553,132.63952283018148
EK202310121906,133.21148481848704
EK202310132283,137.72847285751047
EK202310156330,138.77347328579935
EK202310109685,141.6984192188635
EK202310166453,152.72943856259334
EK202310235141,131.2601723036518
EK202310242155,134.0900532289122
EK202310171093,132.55174126023442
EK202310157094,152.4977293217488
EK202310157497,151.2761560851
EK202310112679,139.92636442805224
EK202310201020,132.67663818040333
EK202310137760,141.10371507014207
EK202310152523,158.98986409955728
EK202310227728,142.79554301474988
EK202310194083,145.49923716782737
EK202310194984,147.6093984248939
EK202310145213,136.64331111948093
EK202310216337,140.63529067516467
EK202310189326,158.6435009846855
EK202310145361,144.70299566972682
EK202310209596,134.3951123404616
EK202310147914,158.97265255005667
EK202310210977,139.2166789746681
EK202310169601,132.1909992705183
EK202310218627,132.62356788686083
EK202310222818,148.07505784094792
EK202310175529,147.5214140013283
EK202310201612,154.5624185090819
EK202310174062,135.93302982308558
EK202310223170,134.6705752136873
EK202310225186,144.46455003392504
EK202310243838,142.95990148281805
EK202310241520,132.81785983793034
EK202310166518,138.28847387726373
EK202310113920,154.21992028472096
EK202310164784,137.40901332732258
EK202310159164,143.87424983866006
EK202310149463,162.39757742761074
EK202310227499,152.09921401403574
EK202310217794,152.49173536161177
EK202310225560,138.63559945715758
EK202310147201,148.26438417166844
EK202310128156,141.1177076140605
EK202310115240,143.32328393070708
EK202310238532,138.10634301414714
EK202310183846,142.3844607362784
EK202310144731,136.81081746464832
EK202310162390,140.53956508152555
EK202310197431,135.27076493763357
EK202310105951,124.36758222402831
EK202310204990,142.82449672202003
EK202310210191,138.90657812414523
EK202310126933,143.95818665664328
EK202310202480,140.9215060265547
EK202310111923,132.92132770483158
EK202310119216,140.4218937353092
EK202310157432,146.63455862566562
EK202310177567,145.90392296290128
EK202310131552,139.61371950421469
EK202310179248,149.11841047906026
EK202310151456,142.54774755828447
EK202310168955,144.590746272503
EK202320007813,149.79734347663992
EK202310117010,129.33849568471496
EK202310151990,143.71715757036634
EK202310125852,143.11380533716076
EK202310136345,149.53226400435364
EK202310107482,143.65765325087236
EK202310136674,146.197978627571
EK202310162359,150.80948465841962
EK202310130813,136.8674268305775
EK202310242095,142.88395315194973
EK202310112314,150.66227824854272
EK202310234433,138.20970879864436
EK202310202458,136.49067738435787
EK202310129103,153.33646199327498
EK202310177132,166.72078591011228
EK202310242050,147.0211048276073
EK202310232456,144.83926479793305
EK202310200214,162.36989539705246
EK202310163472,156.62422653443323
EK202310185311,149.56411723022302
EK202310228179,146.05968194986818
EK202310130371,143.81290387126097
EK202310179660,148.37753587916447
EK202310190711,150.30972926015684
EK202310246542,141.50916613153416
EK202310231496,129.9500500471466
EK202310222179,123.47337474997323
EK202310132158,137.49677543330967
EK202310167423,144.1552116531548
EK202310201349,164.3346704296527
EK202310142224,130.45593094494947
EK202310179938,137.46164069412808
EK202310223135,142.0896508874394
EK202310205817,147.47935061433068
EK202310246593,150.7894230611087
EK202310176304,154.1028679724051
EK202310130059,143.14182226325354
EK202310111192,146.04406360715862
EK202310165881,139.8527902930077
EK202310127812,150.42193869871576
EK202310190156,141.23265071729773
EK202310216483,131.494359378912
EK202310144414,142.86615577257763
EK202310132901,124.05172573297425
EK202310154231,134.34676583444164
EK202310145897,146.35938038720064
EK202310209392,132.7039666641983
EK202310178084,141.3509040935931
EK202310125343,137.88322574048323
EK202310146816,141.14075526401172
EK202310155084,143.53623813476636
EK202310168900,154.2702740869884
EK202310185047,140.15197089118493
EK202310237486,144.96674522614057
EK202310203671,144.66601837798456
EK202310135522,156.0053994590333
EK202310159093,149.96163345066566
EK202310189257,142.07113612415506
EK202310177736,138.97043070416578
EK202310105312,131.89676673453107
EK202310242607,145.26895107471364
EK202310206314,173.21222081765447
EK202310125578,138.55427730487781
EK202310217187,146.94884091479761
EK202310239344,128.4440102504633
EK202310148598,126.61418698080973
EK202310211006,149.02141016863757
EK202310141573,145.74574606332615
EK202310208369,138.5902325265551
EK202310143928,130.8824276589658
EK202310149152,139.44509759699247
EK202310150945,136.88714296245365
EK202310158400,150.60458845667722
EK202310117629,135.1385651708021
EK202310104031,146.14897484149714
EK202310110083,134.86363893335616
EK202310178368,141.36192712160314
EK202310119686,140.3919044194077
EK202310143618,156.40097966825192
EK202310120487,142.27651539037748
EK202310219395,136.98792003745254
EK202310112376,155.98762104916713
EK202310201306,146.12122116813282
EK202310228811,158.70111437705958
EK202310171144,141.92309900332341
EK202310196110,151.0685979972718
EK202310115076,149.37738758880454
EK202310106850,133.22177662592074
EK202310224133,128.62634959673602
EK202310138595,128.39620104800576
EK202310197537,144.42949199466986
EK202310190665,136.4459557210802
EK202310148759,138.8619138023952
EK202310243283,135.43323192749233
EK202310159395,145.40262602309326
EK202310114620,133.28826511357525
EK202310111786,145.20839696541262
EK202310179340,132.71443022013716
EK202310246360,142.34348208591132
EK202310165546,117.82913549684007
EK202310231626,140.0385979049108
EK202310154298,151.34063186338003
EK202310234468,133.77118924996228
EK202310216859,154.18058949837902
EK202310159904,144.4926817882857
EK202310122874,134.1727062355398
EK202310226448,143.64580383936794
EK202310109658,137.7380044502795
EK202310248327,147.087532102069
EK202310240275,137.63065840376638
EK202310160292,137.8324346900144
EK202310130749,144.24192630197732
EK202310208708,143.04491977224714
EK202310184600,143.7600546840903
EK202310136202,150.64035997941718
EK202310118993,136.12839007036803
EK202310135570,166.4953872362115
EK202310144234,136.56556489332138
EK202310232831,140.02798508050748
EK202310190714,130.03196638009453
EK202310237590,152.33174311660144
EK202310105068,146.34945696828493
EK202310233087,133.26856905899132
EK202310174797,150.59970454467842
EK202310241325,154.74904807430323
EK202310003548,146.1637613712317
EK202310226491,148.58487344503337
EK202310111356,148.24797940125262
EK202310246019,146.38192707966047
EK202310104422,135.42998161269716
EK202310140919,143.94070147862647
EK202310247367,140.66385618806817
EK202310108141,143.67587368554055
EK202310202875,150.69333156441354
EK202310132953,131.62432035531288
EK202310163551,147.95301013211724
EK202310155719,138.92123802231754
EK202310128169,153.72861629369476
EK202310227798,137.83549736055068
EK202310112895,146.21407054840301
EK202310110637,137.73673871447517
EK202310111099,152.92418640795205
EK202310160891,140.75412872805563
EK202310174833,141.47068381092893
EK202310133014,127.53876298792258
EK202310229258,141.10371507014207
EK202310191591,138.79280903493094
EK202310190178,140.7665897002327
EK202310227882,135.97216212513223
EK202310248423,144.650760405672
EK202310199669,169.1243635737673
EK202310178419,137.5935955678537
EK202310229489,137.79950905713662
EK202310109158,162.67587766446638
EK202310167700,140.92501749602692
EK202310183769,143.68044791772422
EK202320007189,150.24133523004562
EK202310119946,133.63921053302616
EK202310171685,147.80745354230442
EK202310237171,158.32416880335524
EK202310114451,136.00394916422513
EK202310200193,138.889919227605
EK202310211187,139.88900615983664
EK202310163649,149.1860955817153
EK202310128906,135.20516256627235
EK202310155349,147.68869322104766
EK202310226103,135.97216212513223
EK202310130867,141.61759955499528
EK202310144735,136.57955497608793
EK202310131002,140.9636185187994
EK202310147837,152.37339684908244
EK202310182788,133.83748000633543
EK202310130743,140.29952872906065
EK202310195554,146.70955596096414
EK202310111296,147.4970746881692
EK202310109329,149.68612664837386
EK202310003505,136.79176000876595
EK202310182130,150.07574358110895
EK202310158028,152.45419172105747
EK202310156165,152.077858352956
EK202310210442,143.18193626415993
EK202310182184,156.85876868697133
EK202310198996,136.34360664063854
EK202310141171,144.3841339796839
EK202310223224,143.80199193683117
EK202310186527,141.51462965820372
EK202310155114,162.83629950167176
EK202310176069,149.426118664156
EK202310129120,142.3921869508721
EK202310189707,141.18611683127386
EK202310116275,145.36027299744063
EK202310208833,145.66030980500514
EK202310197309,148.9348182802508
EK202310213895,142.3640733042351
EK202310208737,143.07661798738374
EK202310200447,144.79441953847143
EK202310152283,144.84400017066227
EK202310220449,137.06166360029425
EK202310110949,144.9714894240787
EK202310209106,154.26583665867904
EK202310223835,139.9179125564147
EK202310230881,142.08044667381998
EK202310122186,157.28085678099686
EK202310170304,148.5254052444739
EK202310193993,148.17798765081503
EK202310141761,147.66331490386347
EK202310127568,137.5703350163965
EK202310128895,144.05260874208193
EK202310228433,142.76097403001285
EK202310118632,139.92954279782757
EK202310104226,137.67861458797074
EK202310164491,150.87879116235808
EK202310216438,141.6195979255565
EK202310214077,143.51598135846274
EK202310247400,162.56890250549074
EK202310174422,139.42388839509061
EK202310122877,132.1815863507616
EK202310128301,149.84510052380782
EK202310121029,148.18858758945578
EK202310156904,137.35834046533208
EK202310228463,145.64118087851037
EK202310197399,135.0101434507416
EK202310210314,138.80257088496808
EK202310114247,139.56743525369188
EK202320005931,151.3079255387267
EK202310129928,142.19568495675662
EK202310213491,140.64413155520677
EK202310117524,160.10071290978047
EK202310118755,134.6326547678089
EK202310184404,145.76993276817885
EK202310227256,111.73648587442534
EK202310179166,132.41716376870508
EK202310136432,136.57118278109542
EK202310176274,146.43680811838635
EK202310151297,145.70052979873634
EK202310125109,138.7948719842296
EK202310116780,132.8858223609345
EK202310135569,137.93167862224274
EK202310134565,134.27069244915177
EK202310186448,144.3306736920465
EK202310178115,133.34741348167842
EK202310113148,155.95960406660018
EK202310228489,137.12234570482516
EK202310179723,142.55873417331196
EK202310157269,146.25347041311045
EK202310199275,133.3662547938479
EK202310233646,141.037952465948
EK202310154900,162.69943662957442
EK202310140705,135.18836624146792
EK202310148303,141.951792182496
EK202310216595,138.0481370969631
EK202310109916,144.5477885424503
EK202310115675,135.01297327232834
EK202310155830,127.75695625059953
EK202310218005,152.28086606759766
EK202310141563,152.55966179329243
EK202310228213,152.38994569597753
EK202310212791,141.1432064168477
EK202310194782,163.732132092337
EK202310231645,135.30690269164455
EK202310241926,142.4861642077981
EK202310210213,128.99138922312937
EK202310134817,131.2900138324708
EK202310133386,154.38490485475546
EK202310142531,148.95863739209904
EK202310187663,141.09530273859232
EK202310117777,130.75651114864286
EK202310158245,134.1699852381077
EK202310195137,149.28627076525288
EK202310142488,134.05927867182575
EK202310187991,149.00072284642738
EK202310150662,148.66760470829314
EK202310217688,128.01454361454745
EK202310179171,141.6106548325052
EK202310127405,148.3141486209219
EK202310135392,142.21975281157816
EK202310171859,136.21334483916937
EK202310105858,142.98097440506095
EK202310158319,143.36337938903344
EK202310230414,141.10814027482033
EK202310118707,151.3110849911756
EK202310128139,138.79753704630576
EK202310186693,159.34582054930812
EK202310179495,155.2960962185604
EK202310199992,140.86297678319107
EK202310107900,145.1081124901195
EK202310139759,139.8345307748358
EK202310109278,141.27918043605493
EK202310126409,129.97834109022608
EK202310207784,146.00061656884893
EK202310236292,135.13909131817428
EK202310154556,141.3384527747487
EK202310134873,137.17671710808239
EK202310132640,143.41874754197678
EK202310228961,138.86003623930642
EK202310185810,147.8483569035951
EK202310149986,136.1379967962016
EK202310131518,144.13773546576024
EK202310121880,150.61238843971032
EK202310191180,154.861287183167
EK202310177003,152.70271809039482
EK202310215011,159.70092995418443
EK202310146470,134.86819555969063
EK202310200272,140.14806343585627
EK202310172780,133.99598813469422
EK202310225929,142.8005374488627
EK202310145639,144.19424875160144
EK202310246707,145.99193087297553
EK202310196529,136.68561614704126
EK202310232839,140.81772991612408
EK202310140369,141.09315548758988
EK202310141325,154.4154036462045
EK202310151532,148.55116458576103
EK202310217721,131.6041188029465
EK202310189960,159.8865502244678
EK202310132726,130.4101337410293
EK202310182587,151.4863762995062
EK202310216789,165.75469921629144
EK202310187849,147.7779001934721
EK202310234305,150.95401443124146
EK202310142640,140.95724716777048
EK202310211367,148.8631748656797
EK202310237820,137.54466532965978
EK202310128311,148.58354827824192
EK202310234908,142.5356441793918
EK202310104928,146.31918191006326
EK202310124402,139.88060683796124
EK202310170954,130.92143209343752
EK202310238908,134.5856303602045
EK202310138176,130.61415184291852
EK202310150598,166.88702961174414
EK202310108952,147.68869322104766
EK202310147721,138.68453430363815
EK202310164148,141.6116359064045
EK202310164879,133.1188007298717
EK202310170715,151.2631294235871
EK202310169418,135.1720898000821
EK202310133466,142.74563453071343
EK202310133903,131.72167112452158
EK202310204671,145.6419148769116
EK202310156209,156.13024801544486
EK202310243873,146.56438098341573
EK202310134929,142.72000383884784
EK202310216695,137.94734026597575
EK202310158237,136.57841788069982
EK202310194292,139.689135073722
EK202310103856,151.8140482526113
EK202310126627,165.89587494676985
EK202310121161,141.6766244777769
EK202310191392,142.1248700531883
EK202310245531,129.8813505880364
EK202310126763,133.2867268720102
EK202310161498,151.2717634987268
EK202310112456,146.37846433838172
EK202310191483,138.5765702877763
EK202310140746,139.49495918295793
EK202310175247,134.03889408311647
EK202310112978,148.51498129070885
EK202310115781,135.43948102076814
EK202310150028,147.1703162923733
EK202310204581,145.99613866825038
EK202310137480,151.7801325872437
EK202310191514,139.02389759674233
EK202310201678,147.50421008553764
EK202310117265,128.6558133465073
EK202310112369,136.94366816226784
EK202310208647,146.32456730615107
EK202310142602,128.53056009649748
EK202310113073,142.99038038775356
EK202310149092,140.7274121254778
EK202310162989,138.54738187243657
EK202320006610,134.07015795275197
EK202310177443,136.6720316132009
EK202310104850,117.86980238288614
EK202310126368,134.0461480996626
EK202310248204,147.3338978489647
EK202310190956,146.26882577735535
EK202310110980,127.19002295808465
EK202310154273,148.1009547772622
EK202310242223,155.32349442790934
EK202310117698,138.6753527613332
EK202310195417,152.32293496273036
EK202310145942,125.96069240575807
EK202310152887,159.31352616833814
EK202310169297,140.7119034882726
EK202310221863,122.70386971194627
EK202310199131,131.78482406523347
EK202310185529,156.37023529213573
EK202310113311,135.88312198722787
EK202310209762,138.71836271407986
EK202310164806,140.2355975655007
EK202310134642,138.60857549637203
EK202310146968,148.81127175136737
EK202310107027,140.49946286498246
EK202310226716,152.64085598459664
EK202310243795,147.44082877286826
EK202310138740,141.00389212872614
EK202310144607,131.88188004312966
EK202310244471,140.1705632734503
EK202310159052,155.07614971918733
EK202310123055,135.48008206293045
EK202310113885,134.1178947576372
EK202310199531,138.47834539802176
EK202310236118,135.29543413370092
EK202310137888,144.79168139355275
EK202310215531,141.22501590797378
EK202310185054,141.28114165523743
EK202310129573,148.03278747252278
EK202310163633,146.3779208507614
EK202310202282,144.16472223071096
EK202310143694,137.91026675428967
EK202320006080,160.27147978965013
EK202310232132,137.12882469285643
EK202310138363,150.54376164897434
EK202310193434,157.21870006337284
EK202310175511,137.6153644611117
EK202310133748,136.73785129349488
EK202310106718,148.66965194885182
EK202310188899,147.06919152651557
EK202310232574,144.2258759627568
EK202310212172,140.59976757410953
EK202310190446,137.25786283717866
EK202310113384,135.74493601678776
EK202310181368,145.0760489905906
EK202310003999,136.72452767956912
EK202310141115,146.1604252051635
EK202310109981,142.31882950126223
EK202310166769,129.59391678186802
EK202310138115,132.2482646714153
EK202310128203,161.0808256360976
EK202310206649,133.14018373125663
EK202310110780,149.91050690096634
EK202310240635,137.25698814231805
EK202310190614,151.02361999120032
EK202310129881,146.04406360715862
EK202310127835,141.7250300197641
EK202310121093,129.00199510938512
EK202310150408,123.7264136011852
EK202310164894,143.42486412482083
EK202310109584,134.24263195814035
EK202310173464,147.18557663439526
EK202310204837,141.98974957296133
EK202310152348,161.52970613125453
EK202310164097,138.5409163277321
EK202310127163,147.21377516663188
EK202310244695,162.12677352592127
EK202310229812,151.8127580714391
EK202310134538,137.58230987707944
EK202310210536,146.30261265549896
EK202310140667,138.77383589615891
EK202310141775,136.37536592840513
EK202310214180,139.51270061583887
EK202310164023,151.2965166739628
EK202310173588,141.07972437192677
EK202310170905,138.37131061049087
EK202310114396,150.95401443124146
EK202310183841,137.07115651610863
EK202310201453,153.29281569135713
EK202310113439,144.10025450917382
EK202310238212,129.15319628854536
EK202310127261,148.851891882289
EK202310238188,145.0941327342532
EK202310206294,155.7481833011988
EK202310144833,156.2995815997275
EK202310211732,130.94299341283616
EK202310224752,156.40097966825192
EK202310193699,151.5173341709276
EK202310143520,152.76424373166688
EK202310115211,131.35404919166982
EK202310164360,137.78886851960175
EK202310117381,142.96949587522985
EK202310229483,147.07655233528587
EK202310188649,147.20797469414651
EK202310200724,141.70232455130824
EK202310144431,166.74173510560783
EK202310133572,140.29128722145734
EK202310208802,128.77102809492993
EK202310248659,149.67950471159924
EK202310131585,138.27510906807072
EK202310233777,172.07227098221367
EK202310129212,135.3029951277564
EK202310155799,147.01731157868664
EK202310229572,129.2232144128713
EK202310128875,139.84029184448758
EK202310148223,160.98746253675142
EK202310142900,153.849334534593
EK202310183384,144.7908857096038
EK202310111421,136.93022315640604
EK202310212086,142.666101458432
EK202310239476,123.24243178000386
EK202310131957,161.7453432532784
EK202310204264,166.51499017852672
EK202310178704,157.69358053167457
EK202310227864,131.8564352336226
EK202310169538,124.46417471970985
EK202310173784,174.75470345823442
EK202310216416,144.26752119058233
EK202310196443,152.90664185250483
EK202310214690,135.58297478122216
EK202310224533,148.603817297708
EK202310171089,152.11085779990793
EK202310213256,153.25924096040075
EK202310136488,144.0545816622051
EK202310199625,141.42380018979142
EK202310171589,149.01913730681943
EK202310226351,144.36450736595552
EK202310106984,143.7620684721934
EK202310212070,130.09616008495297
EK202310183076,164.98948564524477
EK202310232081,134.39969236995495
EK202310126981,140.18547650401104
EK202310154523,145.1718223671421
EK202310184085,138.1704134148584
EK202310170300,150.6083642854907
EK202310218531,149.1048031981812
EK202310206452,164.50725256889163
EK202310004184,131.78492527209124
EK202310177618,131.60288534770726
EK202310222352,132.43185791037297
EK202310106506,140.68778301611783
EK202310186819,143.01509236234216
EK202310140723,132.7341645563213
EK202310238611,142.85909570289832
EK202310120555,132.84254739209064
EK202310147094,137.8197514324099
EK202310155462,145.37896968417095
EK202310105723,147.41729077740987
EK202310136398,139.31358042744372
EK202310233819,142.57864758730832
EK202310133289,147.81513783431612
EK202310230003,138.59014564886672
EK202310144991,147.64340121468203
EK202310172964,155.88996418154116
EK202310238178,153.25369106118583
EK202310126938,145.4427815403791
EK202310231506,123.24773070218923
EK202310190088,141.62970146286264
EK202310172578,153.2272568184939
EK202310153732,146.19736287988204
EK202310179604,137.8135389860424
EK202310129682,124.89726368549252
EK202310143507,128.72646663661632
EK202310155560,154.97487589696985
EK202310127202,165.00582794278574
EK202310143252,138.46830768783582
EK202310217653,123.34147811291393
EK202310173062,146.19606815868838
EK202310105294,129.9169833720735
EK202310117821,132.24625628735862
EK202310215199,135.98105294087463
EK202310241483,141.9428697721444
EK202310174150,146.09258721274935
EK202310219893,154.5990640123582
EK202310219552,136.0114455110203
EK202310136028,137.88322574048323
EK202310225636,131.59602589876368
EK202310150738,140.81737945499356
EK202310176837,130.74465113805442
EK202310172368,144.1750989630755
EK202310184904,145.5357506926664
EK202310191265,144.37843249129435
EK202310144201,132.45883881985927
EK202310139926,139.2548882146879
EK202310133343,150.07544372023972
EK202310193942,137.4228791971663
EK202310181626,148.22134477491917
EK202310138065,115.41837801901418
EK202310175111,131.23840483022866
EK202310242001,140.34334487251238
EK202310160431,142.01555816551598
EK202310169578,137.27885536668697
EK202310137385,146.4495146685507
EK202310136468,148.04962272107423
EK202310158374,152.3934389013049
EK202310108318,132.33226579333004
EK202310122270,138.9967691677507
EK202310144491,162.85087644541903
EK202310123031,143.56428598969464
EK202310155418,136.76921617500687
EK202320006341,141.66471130930597
EK202310110341,145.10751696011687
EK202310103961,154.30511512832916
EK202310003695,153.04099223354433
EK202310200040,140.61812579432691
EK202310119278,159.28479743981597
EK202310174626,157.4321420754316
EK202310153937,140.36836519764773
EK202310189548,168.1245515239188
EK202310149005,152.0111932597881
EK202310184006,152.1891131600204
EK202310129614,148.23431200380978
EK202310178276,153.5392001318494
EK202310124293,139.78485415052535
EK202310199434,157.4713058972095
EK202310111178,147.68869322104766
EK202310143329,152.18421475735576
EK202310229141,135.02068079990076
EK202310225446,140.94455210780006
EK202310133140,160.25701198870618
EK202310204388,145.46454406869887
EK202310127528,137.75360131069365
EK202310175944,146.7648652309812
EK202310205185,144.12397317604177
EK202310220142,148.3736540377465
EK202310188984,148.93918141807512
EK202310117484,162.827408923959
EK202310222387,142.73586528279495
EK202310238376,144.8880237377253
EK202310190275,149.4748419292217
EK202310127517,154.74412377399167
EK202310148647,150.69333156441354
EK202310144619,149.34185002701744
EK202310172144,141.17902835308914
EK202310105902,147.5977236179108
EK202310169293,134.11500982377072
EK202310231168,142.24056514258046
EK202310147200,146.63660025514037
EK202310193258,144.9226890780105
EK202310134686,161.0875286096828
EK202310184958,154.0949758354329
EK202310172029,142.46349479364244
EK202310199176,139.35410255223817
EK202310232628,139.96574772041308
EK202310230800,153.5083180067448
EK202310169188,153.7891537130337
EK202310143652,152.14017496086547
EK202310210776,134.96266052731994
EK202310243268,137.90996041902105
EK202310219929,149.89339374155355
EK202320006873,140.1063204191075
EK202310142750,157.94040151135917
EK202310105033,144.58159570385556
EK202310171957,141.4979445621895
EK202310167819,150.80867877486966
EK202310224575,140.0943312776992
EK202310218984,128.79160092929604
EK202310148378,169.27148711679246
EK202310124296,130.67758872303696
EK202310153505,127.19884321482665
EK202310202475,161.84454956579413
EK202310105768,143.95223797309546
EK202310155150,155.41882077473383
EK202310131403,145.6391473409372
EK202310236965,139.00371384598662
EK202310128158,157.08688591019933
EK202310244898,131.3243647641213
EK202310168438,163.3111302376193
EK202310191063,138.40274756340622
EK202310247883,150.7595927528067
EK202310144879,145.83317396804284
EK202310248004,167.8659692085981
EK202310129311,175.92329413309932
EK202310159341,139.48103383977542
EK202310186599,143.14824301790287
EK202310003714,164.9229616381223
EK202310141937,152.55394371861664
EK202310141516,146.30605673205469
EK202310211399,133.5620363961599
EK202310133332,137.29952302166214
EK202310245637,150.97354779352148
EK202310195191,134.64987602617745
EK202310120028,144.59530035295253
EK202310238137,132.5689246549956
EK202310155822,141.68422961944634
EK202310178814,145.51255067228172
EK202310117251,135.69549228228306
EK202310134938,156.622214855885
EK202310209690,133.40928710767733
EK202310203758,140.03207385298742
EK202310115669,138.692605488444
EK202310104134,141.39224334569528
EK202310145861,132.55685143707575
EK202310150671,128.65595524356456
EK202310240589,139.88584013658829
EK202310212301,128.5448071282523
EK202310142614,139.57615325242514
EK202310141457,146.77711831827028
EK202310245972,150.88825182704738
EK202310150051,166.07894104054446
EK202310170670,144.09970357027314
EK202310211033,140.87272515483318
EK202310206028,150.78103856979948
EK202310116009,149.57253192045332
EK202310119459,144.45223146342437
EK202310205201,139.31508607308152
EK202320005999,141.45199114175927
EK202310137068,147.50421008553764
EK202310125205,144.069775156655
EK202310111843,130.84926390683825
EK202310155744,150.58787015627937
EK202310189271,156.7930062757162
EK202310200042,139.51469888178866
EK202310234396,134.60991490803693
EK202310203600,141.6106548325052
EK202310206171,138.98398791675854
EK202310206072,139.69485849545794
EK202310163819,148.18858758945578
EK202310241837,160.64231345250062
EK202310122958,136.9513072977452
EK202310143934,160.00055064679333
EK202310108166,147.56919880348744
EK202310157169,160.95533816333224
EK202310152923,147.93983514549822
EK202310194312,158.87439460297446
EK202310176406,135.9678453615645
EK202310150358,143.37514476705343
EK202310219917,143.82330566777281
EK202310196050,130.95350620270563
EK202310199317,149.49593618597683
EK202310214061,144.43320691714575
EK202310122593,139.1365984408835
EK202310244955,145.3703599834696
EK202310156822,141.24862957311214
EK202310207476,133.93452960838871
EK202310158934,135.98424409514703
EK202310201930,156.80662863674806
EK202310119122,135.1589501259911
EK202310196169,153.66062909638995
EK202310201449,138.64945764541383
EK202310130630,129.3057676742792
EK202310216667,141.2653929358477
EK202310109941,117.33684276001605
EK202310200400,151.02097286144934
EK202310137456,152.1766098135811
EK202310196853,140.24622663676308
EK202310215704,143.8518704492418
EK202310135405,136.61613128342745
EK202310169616,126.90756167901098
EK202310216148,135.20570856719056
EK202310243354,141.4186219494629
EK202310228967,138.703871116192
EK202310243234,143.45705834553604
EK202310192532,164.3650965838419
EK202310214813,147.67957612652543
EK202310104914,145.5303768060697
EK202310153816,145.92530328590186
EK202310202614,144.75708483030544
EK202310210862,157.40014734651925
EK202310170135,159.52504105182877
EK202310188088,149.07464890981123
EK202310221249,148.97911426909522
EK202310232182,125.92662070538631
EK202310185589,130.97471961338985
EK202310220140,145.40851728533227
EK202310151225,145.31279326404405
EK202310120905,146.21953809418304
EK202310125281,144.52367032829753
EK202310129594,148.45808902488966
EK202310131652,141.81460257765457
EK202310178780,136.67256383697003
EK202310199546,145.76614032355985
EK202310184333,135.53572148846249
EK202310129518,151.46957797922968
EK202310125847,145.37164332342235
EK202310146303,149.69964500997028
EK202310175806,131.72813283303395
EK202310220347,151.62110037122383
EK202310225734,149.1860955817153
EK202310240284,144.9683224843539
EK202310114155,144.9226890780105
EK202310208667,147.1775980980569
EK202310247128,154.2798547102804
EK202310218283,137.91255694608418
EK202310227443,141.10371507014207
EK202310157358,147.80745354230442
EK202310205155,149.95764560772176
EK202310189640,146.43821392339578
EK202310219047,130.93883080213746
EK202310155307,131.39620162280715
EK202310190346,151.34095752558338
EK202310186825,147.68869322104766
EK202310203583,148.66487382145255
EK202310122872,126.85933934334933
EK202310223579,140.94042452631126
EK202310134595,151.22607402522164
EK202310199315,129.55622464076902
EK202310197280,132.88967512572412
EK202310105445,147.14497642612608
EK202310170127,135.9552336932976
EK202310124087,133.27895797787798
EK202310186812,146.50752373950786
EK202310175470,144.31654739871772
EK202310178249,151.06691106287963
EK202310246428,123.80210918991362
EK202310206906,159.15403046767662
EK202320007523,171.87726012012163
EK202310106696,108.75143664715019
EK202310139497,169.01218960821058
EK202310135104,131.48580338732108
EK202310165444,154.8081707278872
EK202310150670,145.57008992348636
EK202310141326,140.17800808374142
EK202310206479,138.20946494283476
EK202310182003,159.324138674537
EK202310240148,151.60882825535666
EK202310246934,150.46452983931297
EK202310157908,147.0331217876603
EK202310233790,147.80226862690068
EK202310227231,146.2187578884194
EK202310104197,129.94112997239344
EK202310003919,133.9704091886011
EK202310134161,127.42872759078817
EK202310132637,141.10371507014207
EK202310112692,143.30530377789
EK202310004804,128.3879594190722
EK202310188449,137.2367149238602
EK202310161514,143.0874640255097
EK202310121257,143.0944406990143
EK202310165460,168.63185829537238
EK202310246582,140.80581479072532
EK202310182549,148.39935883070697
EK202310153021,149.5681459867263
EK202310155857,138.0927990182317
EK202310112710,144.598626926952
EK202310193527,142.5214618367887
EK202310210851,144.36450736595552
EK202310166991,137.06200041414854
EK202310153617,159.85650054280174
EK202310162029,150.02376096358103
EK202310150898,144.15833026610983
EK202310119566,143.56428598969464
EK202310172046,164.45707885537715
EK202310113364,142.4897301029746
EK202310104697,159.04036325506124
EK202310110438,146.21766530364934
EK202310139792,133.47564626756042
EK202310108044,137.03024139906418
EK202310191154,146.7433137862482
EK202310162199,130.99530134912044
EK202310159050,142.13524276875464
EK202310127404,145.43765432746164
EK202310216583,133.7169910639398
EK202310233658,149.0007349880363
EK202310141492,139.0693208901215
EK202310203883,126.31985025710787
EK202310219043,157.80969124072504
EK202310145653,146.84322933216123
EK202310228503,146.7995932127087
EK202310179347,121.32910970959233
EK202310132009,152.4123791009205
EK202310212361,136.0033987974087
EK202310124879,138.6347192455686
EK202320006785,158.59025044757104
EK202310245990,130.5975098786168
EK202310177823,151.5173341709276
EK202310229376,136.75680923397783
EK202310181146,139.02447156996837
EK202310201989,126.71839135221012
EK202310192148,137.51643229534588
EK202310185865,144.13254378424688
EK202310149322,142.283639853417
EK202310154759,138.16601975620486
EK202310142366,137.06166360029425
EK202310225136,153.68734033137625
EK202310140657,151.7135201830748
EK202310181056,150.86538789526952
EK202310147652,152.1240680938052
EK202310195069,138.6360608153434
EK202310186330,150.36445532776915
EK202310170880,135.56471753512037
EK202310104902,139.08394752131932
EK202310137021,151.57588155707276
EK202310112219,151.021042293087
EK202310114567,149.74696503817844
EK202310174050,150.98563009353424
EK202310146459,147.9681362743848
EK202310125401,138.2139069039542
EK202310232042,144.59501007568915
EK202310137842,129.49595703370406
EK202310235166,137.7417088114411
EK202310123303,129.40963348195004
EK202310204672,145.21360176639882
EK202310147206,151.8344649747275
EK202310165103,160.84438997485105
EK202310246536,146.19736287988204
EK202310204665,125.44222845810556
EK202310139971,168.8553040198082
EK202310230726,138.11390473048502
EK202310217044,124.01565301641321
EK202310175720,138.2390214218607
EK202310208548,133.3190651345746
EK202310213825,133.18846687805654
EK202310196825,133.6749507463808
EK202310117004,141.17902835308914
EK202310164666,146.3671639200883
EK202310195792,151.0205414439541
EK202310195121,139.04069494188644
EK202310188217,148.70537359002537
EK202310178996,140.02121507127197
EK202310107580,154.40504881866593
EK202310163974,148.04583677903904
EK202310237799,136.53273541246477
EK202310232053,143.45886439470775
EK202310178319,147.46353612176915
EK202310126202,140.13112499133578
EK202310227911,140.94455210780006
EK202310109084,142.45629390168583
EK202310143067,139.72990046187547
EK202310206930,160.55923740331596
EK202310201884,134.8588964125371
EK202310130641,127.33374797574648
EK202310157121,167.20699394755385
EK202310220877,131.0672581708239
EK202310149540,138.48009583897556
EK202310169600,129.86081226503723
EK202310163175,165.601680971798
EK202310106277,138.83344274526613
EK202310209667,125.35094177794116
EK202310119877,127.91589293449866
EK202310204499,132.55968805043543
EK202310190780,155.2773146058527
EK202310115565,144.42464877177272
EK202310195056,139.833110746356
EK202310111373,152.77661978391097
EK202310161299,149.35307911077876
EK202310245424,140.52591376659726
EK202310246906,120.62172010667148
EK202310120316,154.93495112036092
EK202310144965,133.61800168971288
EK202310211133,139.15491076291374
EK202310167406,144.56627533811195
EK202310162901,148.15992231351476
EK202310107075,129.33303263328273
EK202310140916,147.92974144229814
EK202310143120,145.82086388136855
EK202310114506,141.32509575057497
EK202310175480,149.69158444405792
EK202310118790,128.0321708440479
EK202310169280,138.10437821008944
EK202310129297,145.81385661399779
EK202310198282,141.65263457328874
EK202310240512,147.91134803551935
EK202310192236,138.8476098340905
EK202310177577,140.96497728982317
EK202310161068,149.33848778976767
EK202310111934,130.625099138263
EK202310155260,137.49663095192568
EK202310124483,145.0272902151497
EK202310155315,146.8581102101744
EK202310123325,140.8689790458017
EK202310149045,156.70502093653948
EK202310222163,134.47270094206112
EK202310108935,145.70052979873634
EK202310188397,141.95231264955535
EK202310110895,141.8769519425273
EK202310146042,137.43381739492227
EK202310116291,133.7891316809268
EK202310214128,167.58889053806763
EK202310122572,134.74465603670942
EK202310246206,143.6863228501601
EK202310190227,137.36178152635696
EK202310137442,151.84001044585335
EK202310240613,147.0692169587713
EK202310171036,137.74350324387692
EK202310165619,164.7770048755634
EK202310135508,157.14552114917947
EK202310203859,134.6983118304432
EK202310208937,134.3245455614921
EK202310190964,148.37354010936028
EK202310157232,148.83270262577437
EK202310233329,144.32061562289758
EK202310004857,128.1273185066737
EK202310114112,147.25578066518324
EK202310231381,143.02742870231475
EK202310183273,152.45484923689554
EK202310198133,134.33378044125408
EK202310243118,142.65425732008413
EK202310179772,154.24117873139724
EK202310177045,143.57504616511608
EK202310129608,139.33579622061592
EK202310146699,132.34453234374232
EK202310118550,146.949156975877
EK202310236716,131.40907137609904
EK202310225924,139.63234495411865
EK202310137908,136.27807834321135
EK202310136472,147.85473573700685
EK202310227498,154.50541648223282
EK202310197540,150.2964656616171
EK202310177606,132.01162808694258
EK202310233230,136.79170485489206
EK202310129471,151.71928077239417
EK202310240950,133.4369905419579
EK202320007590,148.32011160126035
EK202310163887,145.86570488049136
EK202320007425,154.0952701392599
EK202310127560,163.11714174149026
EK202310155824,132.90383616909574
EK202310187346,131.55561887399378
EK202310200413,135.86249739421683
EK202310185717,146.01375623553218
EK202310217975,127.8027349484179
EK202310216468,135.0717522879865
EK202310201451,147.0129596885833
EK202310187386,139.2281785041458
EK202310113263,143.79911303695403
EK202310129498,152.47333108182082
EK202310168744,137.11802074510865
EK202310142626,144.2091895404216
EK202310190880,146.8843778300515
EK202310131573,146.03819991754003
EK202310220638,134.0913246361294
EK202310207069,145.06329131061528
EK202310116824,130.85585730358056
EK202310231727,153.67788520408206
EK202310184770,144.65606963480104
EK202310197350,151.63300123885438
EK202310147966,142.04112330600302
EK202310160556,148.9623971998042
EK202310242942,133.5006176118437
EK202310207659,161.23298705535169
EK202310189516,135.73681944905235
EK202310214218,158.12713809477663
EK202310105070,142.9577852526888
EK202310218843,144.57291097399045
EK202310163176,150.7923576763303
EK202310109656,142.16325452005805
EK202310004202,129.1676491865313
EK202310203545,142.56113345072467
EK202310153518,132.2038122456851
EK202310119723,149.45095249185675
EK202310122303,146.12248549471093
EK202310113636,145.654251552843
EK202310216948,129.57636442952628
EK202310154167,132.0155981959646
EK202310122355,134.93550253906832
EK202310150417,128.65518003267468
EK202310218226,141.4539010185481
EK202310191370,140.13631580065825
EK202310146010,144.31654739871772
EK202310242320,147.87374763028402
EK202310182162,149.6767992796102
EK202310129315,149.7061880440839
EK202310106705,141.79636714016848
EK202310240258,137.72207157397253
EK202310241039,157.85280060333324
EK202310204816,148.06944666720048
EK202310142491,138.40187994115524
EK202310200125,151.64547603544622
EK202310111662,145.29507873734426
EK202310141792,150.50376767923836
EK202310242215,163.14564234834876
EK202310227322,151.0654404773816
EK202310206010,141.37667068113632
EK202310220576,140.5234138008024
EK202310169744,144.28509317398718
EK202310236130,156.78982430490527
EK202310117603,137.49057806477043
EK202310164018,130.07467659257208
EK202310173758,148.66965194885182
EK202310169263,139.21135394901776
EK202310220742,129.81100593571708
EK202310234928,156.46413853001425
EK202310133036,133.30748497791905
EK202310134185,146.39050817229233
EK202310185530,141.793257362436
EK202310218330,146.15527251924723
EK202310220164,140.13522617736112
EK202310136625,141.40158758796014
EK202310190327,141.42874643752972
EK202310156810,128.21319547535103
EK202310235883,157.13653440706722
EK202310135135,154.58798831399596
EK202310232747,134.16821072793695
EK202310146074,144.28893638246024
EK202310170263,141.2599351598241
EK202310117439,133.97970251414083
EK202310155695,140.087792106602
EK202310180749,124.39545699607672
EK202310165733,148.67858066455776
EK202310122820,134.2495249113752
EK202310132148,154.23798951272525
EK202310174037,135.77589245002102
EK202310116351,135.39815083988987
EK202320007454,163.64438313522555
EK202310126404,144.46275624531856
EK202310179147,137.70385347277553
EK202310119107,142.22079628222664
EK202310232208,132.36709019489334
EK202310146308,140.62991303964642
EK202310221836,161.71336284184767
EK202310241730,139.47790947887933
EK202310126972,144.8897778380067
EK202310190112,155.2960962185604
EK202310189550,163.38666211545058
EK202310167601,143.16166282648808
EK202310129178,149.6871941430854
EK202310208362,150.95401443124146
EK202310108633,132.37795309621404
EK202310119330,136.4790572527499
EK202310241595,135.96380871264284
EK202310133580,156.69323859752197
EK202310184140,155.12449319543595
EK202310243629,142.77413469189614
EK202310240837,131.2918878045515
EK202310133514,155.50445115300454
EK202310248438,143.4070760155018
EK202310144323,153.97810129537123
EK202310199263,162.46880592111143
EK202310170561,144.3089704552489
EK202320006441,145.76614032355985
EK202310156158,143.96681373086668
EK202310160966,134.07871560632367
EK202310170924,136.79201605226407
EK202310166196,153.65323925308556
EK202310180519,156.40097966825192
EK202310163021,128.7673585314106
EK202310217277,136.1296124309857
EK202310182542,143.75103913688505
EK202310187706,140.02991861952484
EK202310177424,148.30597853693274
EK202310116469,126.54752603224759
EK202310126864,142.23302398853008
EK202310171044,152.71740436638726
EK202310159422,144.27467515859274
EK202310126564,137.1302606899794
EK202310136978,145.59565023619513
EK202310227254,151.45542520241992
EK202310241407,141.43781546536434
EK202310151596,150.86125303620156
EK202310143155,134.93562647117855
EK202310003368,144.09069314970193
EK202310225579,151.2808160898461
EK202310142662,127.00992836052501
EK202310124623,151.9126225033061
EK202310117099,141.11462123543595
EK202310209488,148.86343576719173
EK202310218949,153.99258368192298
EK202310163688,134.86287722657508
EK202310233616,152.57027560025134
EK202310181063,149.7061880440839
EK202310122017,135.76412056666345
EK202310232279,132.5932351346311
EK202310188255,145.76938861917614
EK202310222087,129.8153716039001
EK202310235863,133.43417045031197
EK202310142201,156.74051995426728
EK202310142028,134.04018785163538
EK202310105750,133.38420321875734
EK202310192986,167.5317098674868
EK202310183238,144.33557767136762
EK202310184211,144.36450736595552
EK202310114501,137.07433128784587
EK202310183815,140.39423466412106
EK202310239065,141.03679085681551
EK202310203010,145.73103443007525
EK202310119934,128.96639432119545
EK202310245690,138.70909045743466
EK202310228481,135.5620358400768
EK202310115026,138.91587071286654
EK202310227715,122.27833718418128
EK202310147211,148.00502184502093
EK202310112774,153.45485382314322
EK202310213753,136.89636263146326
EK202310115799,149.07049178778087
EK202310158491,141.51583297635378
EK202310224855,130.66283483015752
EK202310175378,142.02215213317777
EK202310120852,139.16287680832863
EK202310115724,139.93055893925927
EK202310188278,150.358079859846
EK202310218258,139.33579622061592
EK202310187357,133.77164371175968
EK202310170314,145.8261013689722
EK202310219875,149.1967795847501
EK202310198138,150.9375438326261
EK202310238879,158.42862086209624
EK202310179039,146.143472438248
EK202310221294,121.26333847683371
EK202310181636,134.83933768629606
EK202310180030,121.44649116018776
EK202310188261,143.37951295029524
EK202310109627,141.8032957479977
EK202310218359,153.30756392978586
EK202310221160,139.4942537078185
EK202310210517,145.54674511624722
EK202310231490,125.95671395198282
EK202310142904,159.73490008226517
EK202310228183,132.327524118052
EK202310190608,141.9866558645266
EK202310229652,132.12686536298503
EK202310201677,147.19084210361677
EK202310161948,150.6530006215326
EK202310164852,138.93274549042937
EK202310130019,143.72472919507783
EK202310137201,144.5660302268402
EK202310199958,142.96468112351195
EK202310168651,161.7454489456223
EK202310163750,148.07251880682952
EK202310164255,162.20002937359288
EK202310112200,153.88552603185002
EK202310226582,136.92865380651074
EK202310150983,129.11731410090476
EK202310117868,140.05456731124107
EK202310104519,141.43775592661925
EK202310112900,134.4613048610877
EK202310175950,152.2548389402989
EK202310132832,154.73488567793353
EK202310177022,142.55566662341073
EK202310224847,157.84410914499924
EK202310220893,149.02186451683073
EK202310140282,152.13607861904214
EK202310140130,155.0376131499539
EK202310111884,138.44175352152962
EK202310169119,144.60461759910984
EK202310114003,150.39559140583876
EK202310204840,150.29501216824377
EK202310227423,154.3057624230226
EK202310243266,145.9193063591429
EK202310224568,132.41405507339869
EK202310129159,144.38808836804685
EK202310216851,136.38160566225358
EK202310173637,145.85954068170778
EK202310137694,146.44160428643917
EK202310224949,149.6271743915824
EK202310182755,161.6732314605146
EK202310121872,138.3159399758521
EK202310199590,143.68412264335075
EK202310237216,139.58879340331757
EK202310152666,150.1541456942806
EK202310119202,158.65321437516812
EK202310154055,136.50245599513815
EK202310131194,138.564048043036
EK202310205515,135.99486821497092
EK202310226482,134.2510516829805
EK202310131717,150.36445532776915
EK202310116461,136.44697063115382
EK202310209370,143.5212849553822
EK202310112844,139.2021078771532
EK202310148195,144.09111414920773
EK202310205500,126.88937657268569
EK202310180785,159.26997089456242
EK202310114659,144.13300485790992
EK202310206704,149.76154207318507
EK202310194100,130.84356867389565
EK202310192316,139.3607387439789
EK202310227158,144.4693734674851
EK202310210960,138.34369290678043
EK202310201569,153.63292241189376
EK202310208440,150.0684316131282
EK202310159738,155.89344328336833
EK202310167571,181.50718681748128
EK202310133506,136.79566593323793
EK202310206074,151.8602815949146
EK202310189737,145.62837598854227
EK202310168575,148.1904505925599
EK202310159786,139.58986253069023
EK202310241528,143.6773920156043
EK202310135551,154.4011724862295
EK202310154421,158.15971183055623
EK202310229939,136.36717002595182
EK202310199977,141.30722225272805
EK202310212346,138.04470575052486
EK202310240842,129.06668521532768
EK202310188648,138.00819173307545
EK202310204867,144.82000327426618
EK202310221803,137.05053914287188
EK202310216991,128.28279478011257
EK202310234267,154.74340153174685
EK202310164050,141.17800631106326
EK202310160606,124.98258800174082
EK202310163801,139.1619893628415
EK202310202607,153.06412466877134
EK202310211679,143.58418296354313
EK202310161289,139.96195554669833
EK202310216723,132.69447374838393
EK202310241675,137.24633057949364
EK202310227693,151.81788048658063
EK202310153006,132.57750279009917
EK202310152517,141.43623369281082
EK202310119296,157.7115232677765
EK202310135167,144.06471616592708
EK202310129365,156.40097966825192
EK202310224938,135.09466550141033
EK202310246031,126.25352601390703
EK202310227934,137.4456808112356
EK202310155888,140.0861271808718
EK202310112003,156.2097632633112
EK202310110042,143.28337822945633
EK202310202481,123.45722297644504
EK202310119852,149.5193939181308
EK202310191910,148.54657025939298
EK202310208404,148.4357871608414
EK202310175620,138.2471067383705
EK202310162522,153.53716575474684
EK202310141148,131.748928777643
EK202310173552,129.7010579827408
EK202310235762,129.7313702109571
EK202310170630,136.82057469031585
EK202310215013,154.4920491026749
EK202310233350,132.73984052417842
EK202310189297,165.49684425740335
EK202310201145,166.6572861439483
EK202310128701,134.4506581708353
EK202310135409,132.05756052230757
EK202310117705,131.27987400227846
EK202310122677,135.38369684272308
EK202310193307,157.27503839989072
EK202310150126,158.10696786609074
EK202310203066,139.96184604976847
EK202310243263,164.2600884248367
EK202310147744,133.0092756620689
EK202310115839,137.47410414097578
EK202310120766,150.6530006215326
EK202310141591,143.30355383308392
EK202310171912,132.86110023208292
EK202310105341,143.71852941142444
EK202320005577,145.93429201000797
EK202310168922,140.93085856956748
EK202310241884,139.54053442518912
EK202310231171,135.6433645420634
EK202310160293,150.49834897252785
EK202310177237,125.11987063698022
EK202310003836,137.50644811653268
EK202310159624,150.77469260740796
EK202310201626,138.00987707900808
EK202310109032,143.94070147862647
EK202310139930,142.15259731983775
EK202310004116,129.34085641425537
EK202310186841,141.11636318128845
EK202310118029,142.1907511895618
EK202310239323,145.90207403894107
EK202310204171,129.0330142584126
EK202310190000,139.35215159095983
EK202310220235,143.65768634784257
EK202310200517,141.21342948048692
EK202310124822,145.98557569643572
EK202310206677,142.95670269767825
EK202310173092,128.6816185980305
EK202310140031,150.50985071848172
EK202310118392,147.02891532365774
EK202310241116,147.98146769494107
EK202310162167,137.66277866399847
EK202310165764,134.08617509115058
EK202310109757,135.4286620428559
EK202310166993,134.14664062400067
EK202310178462,156.12548908538122
EK202310236406,135.9788338338596
EK202310168692,142.68885408595244
EK202310221373,149.50783635742192
EK202310144973,128.58707752750678
EK202310125785,131.14814654151755
EK202310187049,138.23311765912223
EK202310216907,148.89920806533524
EK202310129517,148.29941286327238
EK202310195530,131.32825425704942
EK202310177392,173.71349495104073
EK202310224171,152.71740436638726
EK202310195298,130.3895863800001
EK202310196360,131.22910238234064
EK202310197685,140.5840281411511
EK202310127212,130.15172622513262
EK202310194711,150.64193619957166
EK202310134995,161.0009289469374
EK202310215322,135.81318343984924
EK202310129156,143.053058615369
EK202310194573,148.87677487843163
EK202310107850,148.3502078577884
EK202310224151,151.23578985360177
EK202310236621,144.42464877177272
EK202310240110,149.0389500147915
EK202310151137,159.68639233594135
EK202310245976,137.9513299454087
EK202310201981,134.45523919041085
EK202310128852,144.58038646927827
EK202310105479,140.88452932715094
EK202310134237,148.54050825341608
EK202310186135,142.5430120240797
EK202310126691,133.14706700203217
EK202310230960,135.26996618954365
EK202310167746,143.81290387126097
EK202310220451,141.56143405501496
EK202310187367,136.74008009319812
EK202310211918,138.97414721157395
EK202310218758,140.94455210780006
EK202310170030,156.4345551598263
EK202310182773,134.64090012396767
EK202310132214,150.6038771306073
EK202310004044,149.75208279696847
EK202310210481,142.79024243717177
EK202310233818,150.31992886818844
EK202310134772,138.77383589615891
EK202310190788,142.56311616192002
EK202310245891,168.7543916342428
EK202310152473,146.51854334954265
EK202310173468,141.04107343080182
EK202310134860,139.81252778347977
EK202310219927,141.79636714016848
EK202310242547,131.96860924704356
EK202310190542,146.49584374586098
EK202310248304,144.44943401330326
EK202310234323,146.43892575163926
EK202310116774,145.65938264326758
EK202310162192,137.69082592507007
EK202310200226,128.65839310244738
EK202310223298,136.76949084416873
EK202310131109,147.85890766726504
EK202310170422,132.70233745333982
EK202310247958,126.9503625799673
EK202310150344,133.37742038977714
EK202310186547,146.51854334954265
EK202310159511,142.4798687172616
EK202310107832,129.432835883631
EK202310157429,144.00985472193065
EK202310206031,143.16412096836507
EK202310153162,153.07609534758026
EK202310246453,136.27278309260458
EK202310169465,135.12194379251545
EK202310127917,146.6057022686392
EK202310230060,134.51986606473542
EK202310115986,134.29682683484802
EK202310231341,142.21972014496603
EK202310207431,141.1158996973477
EK202310115427,132.31827103697847
EK202310148216,155.84571853915116
EK202310236465,137.5148350807976
EK202310214889,141.793257362436
EK202310183344,135.27755329044285
EK202310115563,150.53066563301272
EK202310204127,141.67913029875245
EK202310148558,161.64920189741355
EK202310239253,134.7904006458928
EK202310223421,146.15775216805946
EK202310164157,135.61129673419512
EK202310191038,133.85615507202445
EK202310206653,158.76910352179632
EK202310189587,131.1303014675238
EK202320007832,142.1625650977112
EK202310107195,138.78847934051169
EK202310154834,157.32465443234693
EK202310225399,146.24532284711984
EK202310200244,126.27852607467254
EK202310181369,148.3292696693568
EK202310238327,148.18858758945578
EK202310119929,147.66350865811359
EK202310199445,164.53900417371625
EK202310167881,151.63088645951902
EK202310134304,136.89615347261244
EK202310206774,147.74868738449155
EK202310217924,137.64637639815982
EK202310114025,141.97792693085975
EK202310153648,153.23277142855486
EK202310168223,153.96090459459592
EK202310217182,152.065454436099
EK202310228108,152.65164176219318
EK202310106503,130.93561873120953
EK202310132704,141.7132575373537
EK202310146469,143.1980059450046
EK202310190547,143.0791264344177
EK202310131045,141.99629392669124
EK202310120149,136.99516898419625
EK202310188786,147.9681362743848
EK202310164309,158.93576838896286
EK202310141856,132.2167790142648
EK202310174571,158.0210621220985
EK202310191248,143.7694928669678
EK202310228497,128.21894023980434
EK202310248650,145.95760116227964
EK202310003518,141.40950277805618
EK202310184477,147.05562211047373
EK202310177306,140.5972069457842
EK202310124268,127.78818162147417
EK202310207962,153.95879298331747
EK202310187364,138.242067775498
EK202310188630,157.38863420471085
EK202310183825,165.53134143746723
EK202310228647,146.128951107199
EK202310242814,135.69364177265706
EK202310190403,141.21276526003751
EK202310152077,160.6149622573101
EK202310127706,139.40359482345733
EK202310142346,140.44640688084115
EK202310140834,142.95990148281805
EK202310124143,127.34255120654316
EK202310158418,168.87916014525717
EK202310104315,152.71158399842486
EK202310186057,123.35532031040202
EK202310175318,149.33676630767098
EK202310170196,131.7680775044326
EK202310222979,148.0386580380512
EK202310179579,133.98023409987812
EK202310131268,144.61806129123025
EK202310232636,136.34219926498025
EK202310240941,131.16627819745833
EK202310162473,140.86002587669162
EK202310214960,132.17603539044433
EK202310158148,150.83159719688106
EK202310240646,155.44118400533588
EK202310190660,150.07615829923947
EK202310137900,135.49743633718535
EK202310105369,142.52701332826902
EK202310182640,135.86354719323785
EK202310222831,152.93596143728837
EK202310158111,145.89153144552168
EK202310137268,145.98600747190468
EK202310172836,148.38159988917332
EK202310130602,134.6003091390676
EK202310116478,133.4183630546352
EK202310176354,141.40325075883817
EK202310136605,134.96062885761594
EK202310120400,138.12420629648292
EK202310138807,131.0014934486041
EK202310158128,149.31876905409123
EK202320007743,144.76234934043967
EK202310240290,142.0192634933527
EK202310176995,150.6566296551243
EK202310178489,144.8005584077199
EK202310125320,143.00716970734518
EK202310158248,150.87164789967676
EK202310115199,145.3782551416447
EK202310214342,151.2523397849508
EK202310164698,136.61614739201525
EK202310181281,155.3385524494668
EK202310105605,143.4338017669447
EK202310117153,135.0795465714202
EK202310169108,149.08298546856113
EK202310135565,135.05802480102895
EK202310176476,139.9809569215121
EK202310245673,144.178984415024
EK202310200545,129.6901653117899
EK202310147448,136.91199355376662
EK202310195084,125.03705722188667
EK202310228420,145.5717911074828
EK202310136789,117.49004780809352
EK202310141614,152.19289031722712
EK202310151545,172.95839505738167
EK202310183497,144.14767413264764
EK202320005693,152.53930120442965
EK202310160617,160.62080537214905
EK202310207236,135.53880473024645
EK202310123254,129.4261587198245
EK202310131721,131.43398160057052
EK202310129551,136.65920575303218
EK202310125982,134.70103086277476
EK202310129231,141.6774981741242
EK202310237005,135.4584835536422
EK202310138431,153.43610909672756
EK202310107167,140.24083225545107
EK202310180405,132.52699229361914
EK202310185138,141.0339425697761
EK202310207362,137.39807984921393
EK202310188914,141.01000788003117
EK202310157622,130.85487834625027
EK202310209933,132.07056953143112
EK202310191168,139.99727998151988
EK202310168227,130.5570252828004
EK202310211342,137.7180068575128
EK202310166980,145.5469714222302
EK202310206475,136.2427395049863
EK202310186567,137.84524017612915
EK202310227651,133.9047486002569
EK202310157161,144.6562696383042
EK202310171211,156.99320837604535
EK202310132575,134.0689455172051
EK202310135453,153.1945458319462
EK202310219005,139.93746380140118
EK202310186299,139.52447891895525
EK202310122783,161.62900770629454
EK202310112879,140.5200753433695
EK202310236548,133.4116491504408
EK202310156862,172.87657041808743
EK202310158283,150.20890161760158
EK202310220175,146.11722399305918
EK202310205692,143.84548581250212
EK202310104703,143.97788621399724
EK202310201863,128.78994384034874
EK202310175191,140.0876306442873
EK202310143809,137.6424418083475
EK202310228164,149.3015109223529
EK202310227395,140.4914538465201
EK202310170797,144.63314206386988
EK202310147520,162.6552930643072
EK202310241613,130.97489182635954
EK202310135976,148.84625452918792
EK202310248616,138.46987494177367
EK202310246754,125.65231303324607
EK202310197862,138.42876587534764
EK202310177128,146.6431176733433
EK202310232113,130.17587805792374
EK202310141746,142.6571525636609
EK202310168387,152.2874992896575
EK202310245345,141.54763544842595
EK202310209506,125.89236216304872
EK202310180792,151.60888521531734
EK202310230504,150.26653561862017
EK202310207171,151.828414328369
EK202310123678,139.53516273140866
EK202310116185,148.79093355513152
EK202310237515,136.51396038889195
EK202310168029,147.23305032193747
EK202310226787,162.5439005801584
EK202310171773,138.92153880064217
EK202310213797,149.48080850268246
EK202310210449,142.1625650977112
EK202310200138,139.50644550137625
EK202310124561,131.44860853774642
EK202310104095,142.4440530275217
EK202310173838,139.80279258435633
EK202310188790,147.09661770284123
EK202320006026,137.39831858421937
EK202310175964,140.64807813772416
EK202310246749,141.4385154323483
EK202310211166,129.86915115404747
EK202310130296,148.57710992492096
EK202310133656,136.0284689866972
EK202310162528,146.89353673364047
EK202310232172,124.26251021523223
EK202310126678,131.24078478842014
EK202310175006,133.15448830665176
EK202310195947,151.43531904744202
EK202310175965,144.06124587045787
EK202310194000,138.7262618648632
EK202310109642,140.68778301611783
EK202310234602,141.47914073828534
EK202310216505,141.9231363680993
EK202310182057,150.0802270152928
EK202310205348,150.8129593274193
EK202310231919,137.55383817702906
EK202310143248,137.30522981275965
EK202310170516,147.25166733079598
EK202310228644,133.06440058545354
EK202310162365,146.82122010937732
EK202310221959,140.87667260198697
EK202310135830,133.91184683296146
EK202310132773,137.18434454735421
EK202310116452,142.5669249681872
EK202310125827,140.034155546484
EK202310153615,140.10518650786318
EK202310104234,147.2887972093592
EK202310171291,138.62855135350586
EK202310143530,146.51854334954265
EK202310199377,142.55045923185307
EK202310148675,138.65721543592508
EK202310136051,140.26241551546374
EK202310108210,143.97788621399724
EK202310199466,133.0719228988077
EK202310227747,161.80243798453657
EK202310247834,140.213306327743
EK202310241529,135.37809742387395
EK202310112144,146.78471907896764
EK202310182993,147.73530527969302
EK202310189245,146.4077291073103
EK202310160406,142.5088373151312
EK202310200045,132.63472172335298
EK202310220419,158.89167157412774
EK202310139976,148.1272992367268
EK202310004037,139.19486869576
EK202310151229,145.03205482110374
EK202310124255,120.74639959210668
EK202310112236,150.23664522371988
EK202310169836,127.11429936746157
EK202310206379,146.51011200238403
EK202310237044,136.40640193097937
EK202310156899,166.113623780844
EK202310135286,133.5680570654004
EK202310233848,134.96804256679272
EK202310243867,139.25708711011194
EK202310193719,150.93191102033268
EK202310115856,125.68561277185997
EK202310152769,138.14532318915386
EK202310208931,147.81295655850974
EK202310166273,144.72934005909363
EK202310174146,149.26619042701915
EK202310216893,145.242747680988
EK202310200816,163.03083094028312
EK202310117687,149.49417078426086
EK202310109308,128.15805063683777
EK202310130253,159.71990580341773
EK202310129353,163.1294392250332
EK202310232695,135.2678916937189
EK202310168934,149.11753924297767
EK202320006147,165.50462172758728
EK202310131865,158.10031635335503
EK202310154389,157.8361938328679
EK202310144452,140.44884570990138
EK202310109772,130.93449481786973
EK202310142187,143.71668545967427
EK202310220392,135.14108291625365
EK202310185327,144.27634892158034
EK202310147396,145.88131600891245
EK202310207907,124.39585303577897
EK202310137274,138.1617961014299
EK202310192264,139.31774825070153
EK202310217353,134.58216559666738
EK202310169024,146.97800789622522
EK202310168820,130.0046931030175
EK202310156728,127.76413954522442
EK202310172897,145.94858367367138
EK202310141606,145.4788295847929
EK202310209150,165.48441886380752
EK202310242727,135.18593040527628
EK202310172918,125.93727446970126
EK202310238608,148.7358189105851
EK202310118817,150.75917406403082
EK202310209232,147.84585888267893
EK202310246528,144.65045338395632
EK202310225110,155.72731877488258
EK202310196139,148.3516650490626
EK202310183805,138.77383589615891
EK202310109611,138.87995331456077
EK202310165156,147.4208980962117
EK202310169977,151.84846455363927
EK202320005840,163.66467898228186
EK202310164548,148.54612027357885
EK202310200636,148.51811915196373
EK202310175371,149.71637607129455
EK202310149850,146.48569699799828
EK202310192563,149.9166216324617
EK202310150786,146.90764990275252
EK202310232852,146.20085184975792
EK202310129104,153.4155151338811
EK202310222400,143.726341130729
EK202310238847,136.22810391410425
EK202310215409,142.39112985881184
EK202310132626,145.7226775443041
EK202310209457,129.93847215744336
EK202310191648,154.12911108603794
EK202310211924,146.45017528296702
EK202310123972,166.7497302642324
EK202320006941,152.13176090241848
EK202310172894,132.64516039751499
EK202310201352,143.3830356861679
EK202310246908,132.75071445709625
EK202310159957,148.12515136194526
EK202310208067,146.66047331557687
EK202310132399,156.47669580527804
EK202310154363,148.32007850429014
EK202310190672,130.77644208989884
EK202310191938,141.49415205272982
EK202310190279,145.5953571365188
EK202310205127,159.6243212100703
EK202310202799,131.0963322970877
EK202310169811,154.06581421150503
EK202310131611,156.51469384795953
EK202310124021,140.55981884955835
EK202310105652,139.73100135603147
EK202310133772,129.65162545761277
EK202310222132,139.6968893384697
EK202310187623,155.8875331897754
EK202310138088,129.24988712533323
EK202310203335,135.50879437939935
EK202310139562,158.49648593697668
EK202310239042,144.11759320231533
EK202310231151,134.75061500850595
EK202310142022,152.4123791009205
EK202310227265,141.9764992137655
EK202310122491,146.78306958310768
EK202310246498,129.77746529949476
EK202310237745,150.54352603875776
EK202310230083,149.4491241803268
EK202310239818,133.00133521890083
EK202310109374,144.1573844363757
EK202310188938,139.49495918295793
EK202310239985,144.8640166984257
EK202310190536,143.84806373309203
EK202310108454,149.65370291490254
EK202310185187,142.46412627809286
EK202310214929,151.64658364407376
EK202310163742,158.26613082843275
EK202310133341,132.26435086033615
EK202310123932,140.1048110399381
EK202310224048,147.30079578966343
EK202310194734,141.22950947082225
EK202310233579,134.23345284500206
EK202310111120,139.48664030222852
EK202310202005,119.14331219183207
EK202310170430,140.76865052377846
EK202310215966,147.6994209350889
EK202310142957,153.2617086637065
EK202310238877,128.07590973643906
EK202310197380,162.18576220923381
EK202310242798,149.2950920169531
EK202310118054,146.7840469260995
EK202310171995,135.61123095556698
EK202310156378,138.64834627816003
EK202310209380,142.11882212707144
EK202320005988,139.00371384598662
EK202310132771,137.97089366707868
EK202310196985,162.91970968109703
EK202310209813,140.7058700913187
EK202310156025,142.7657646154816
EK202310119261,145.3015783495884
EK202310200800,145.59091133009883
EK202310113114,146.78918530251144
EK202310176337,150.79593852213853
EK202310116221,143.85408492864568
EK202310185787,145.24821890020945
EK202310161101,157.66412478758156
EK202310109179,125.148093832571
EK202310211864,132.05638997427172
EK202310233086,140.8515018926486
EK202310203086,140.60312169212662
EK202310209153,137.48095101254748
EK202320006944,142.75785723830413
EK202310124624,139.66197321853048
EK202310160066,165.9604879591265
EK202310212610,148.62947951006132
EK202310176922,136.98540011967015
EK202310221476,158.04044488151035
EK202310178896,149.37663660814087
EK202310242101,134.12971949796574
EK202310208004,143.81290387126097
EK202310217499,134.74193807209002
EK202310133817,127.3383101059074
EK202310169528,138.34424929343916
EK202310239561,159.95757745306514
EK202310158179,144.31654739871772
EK202310145688,143.99147404384615
EK202310242791,144.52367032829753
EK202310152257,142.9682396863009
EK202310137070,145.4327078674955
EK202310146130,139.7478180074922
EK202310204201,150.95077785892684
EK202310155505,137.99871755697515
EK202310154019,139.72605120537452
EK202310233453,145.97326325313966
EK202310217804,138.6976299853894
EK202310172949,143.9879578720397
EK202310188635,155.5757561294144
EK202310117443,132.30201220722847
EK202310160841,134.50274291409784
EK202310125406,144.8845998283241
EK202310182154,143.20662046922297
EK202310118807,147.8801646616702
EK202310159569,159.56157001905183
EK202310185202,160.23002270634385
EK202310240184,146.4417156516248
EK202310180957,159.71134662054794
EK202310208211,138.31187118536337
EK202310152382,138.69963543159542
EK202310174048,140.70546217081315
EK202310150319,148.66487382145255
EK202310152702,139.97457051417038
EK202310170820,132.04287866499166
EK202320007378,147.65966688080482
EK202310131773,150.30549228463963
EK202310185301,149.74401742665432
EK202310175383,147.81353964520648
EK202310170884,135.84284744650955
EK202310178300,152.1703562221301
EK202310246617,149.85078671761795
EK202310238047,134.1690449128569
EK202310208163,151.86566058943393
EK202310124260,130.4186324297651
EK202310128456,144.92174379417543
EK202310212256,129.6201401347073
EK202310234312,147.478381819147
EK202310104195,142.11147561189736
EK202310148897,162.5420446414764
EK202310158080,142.0719956899756
EK202310219877,146.70296998218942
EK202310165158,138.48851470068374
EK202310109254,152.18377320360318
EK202310185727,138.10904458572125
EK202310143277,151.8268394735169
EK202310194994,154.50452174996255
EK202310243012,149.81495979415595
EK202310134903,138.51622096028996
EK202310231333,142.54138305569694
EK202310156732,162.83296035382102
EK202310216366,145.28897496993233
EK202310220643,143.88417256581306
EK202310165968,132.35885410893982
EK202310246411,130.38015297003608
EK202310155750,150.36703006678462
EK202310190049,154.05540008791303
EK202310004189,154.3363678327692
EK202310184691,168.24380668112343
EK202310111760,143.57627750244671
EK202310176428,140.5476003117999
EK202310152951,143.37875051118536
EK202310104263,152.5459744015979
EK202310103997,133.2712785714527
EK202310229279,148.58580226945688
EK202310157826,144.5224864458107
EK202310142511,134.45374714862984
EK202310232992,134.59029379530986
EK202320007132,149.1860955817153
EK202310180745,128.9218232388978
EK202310225853,151.5254143729466
EK202310198235,127.68620487247063
EK202310196329,149.32310619939148
EK202310223113,140.61246973317077
EK202310166045,148.15070868540116
EK202310174983,136.4070188314015
EK202310197554,154.02603399903296
EK202310215823,147.26610354510316
EK202310122372,144.4795404830207
EK202310157463,142.70548382219025
EK202310175294,143.32560397321328
EK202310004183,135.0367861300304
EK202310111002,143.9613956212579
EK202310132507,153.0714635958198
EK202310226239,126.6127681724235
EK202310160993,131.05206330923494
EK202310177494,147.2667063211921
EK202310247179,156.16003830662447
EK202310159413,170.8971516938975
EK202310205675,128.63163568058226
EK202310204805,148.8861575777076
EK202310104970,147.32154663521075
EK202310143326,146.03819991754003
EK202310104508,137.67316255695982
EK202310109138,132.10901830731908
EK202310155067,136.9129995054854
EK202310180368,157.57407175560573
EK202310174283,150.67930478928673
EK202310164563,142.14410868175193
EK202310248605,144.31654739871772
EK202310144814,146.79250764207617
EK202310151103,149.76780147156103
EK202310137749,131.86402793128147
EK202310244871,143.28346887587176
EK202310231958,139.461113075804
EK202320006420,152.84212208896423
EK202310180132,122.8400933786155
EK202310208818,131.02748277984293
EK202310242680,139.83278474696561
EK202310124810,171.44769920906901
EK202310179535,147.26424096954915
EK202310180039,142.4182960902841
EK202310142068,144.36531540723615
EK202310241810,145.40851728533227
EK202310142213,144.27481008913145
EK202310205835,142.50739092361204
EK202310176395,130.04254493501372
EK202310108817,148.7758823458809
EK202310144432,139.50276277876412
EK202310164208,138.77636889830598
EK202310125282,147.74779515474037
EK202310110364,146.63662568196364
EK202310147767,146.19736287988204
EK202310175310,147.76913428214937
EK202310169612,120.41592533991046
EK202310177089,134.05685120738812
EK202310164613,144.16636902995535
EK202310214491,159.47916393008634
EK202310159145,161.45892486895318
EK202310148143,152.39435752952107
EK202310130196,153.4032651835961
EK202310140526,140.42776610723047
EK202310220135,146.01674380378586
EK202310116422,133.98261172034765
EK202310121781,131.06487919239908
EK202310108897,148.55129623615997
EK202310110908,153.1597525548011
EK202310219796,141.47464940897368
EK202310109152,150.93647480301942
EK202310217807,137.5289594627843
EK202310115494,130.4695760936418
EK202310221948,136.75680923397783
EK202320006012,150.42870719393736
EK202310119926,131.13429159276888
EK202310212680,132.72079671137305
EK202310004522,146.93931743254151
EK202310200665,157.79571601856253
EK202310159142,132.47064118663442
EK202310217394,157.39891634027575
EK202310247390,160.4451224293861
EK202310153429,134.72767011955818
EK202310133009,155.03188441834823
EK202310183153,163.29254356693554
EK202310223238,132.41217716383125
EK202310189167,147.4811581892062
EK202310167404,143.0054698122534
EK202310123436,146.07789667676374
EK202310201161,135.86290800711515
EK202310202874,134.4583182712635
EK202310205144,143.5893134865538
EK202310211825,127.59340487014764
EK202310119888,134.73778317483018
EK202310187594,147.81357469763398
EK202310127146,153.84233120619754
EK202310115361,146.21897366358755
EK202310122062,143.49843040071653
EK202310161120,161.84235012147963
EK202310119640,153.220317308826
EK202310196025,154.80362965443376
EK202310239045,130.83162783710748
EK202310197374,154.29246108738695
EK202310201644,137.47057108977754
EK202310239463,129.39461157664053
EK202310234006,152.31253874661104
EK202310209744,137.4287193336428
EK202310138496,161.8649125952609
EK202310159749,165.90435792974316
EK202310199933,135.68652313303403
EK202310121772,143.7844456723092
EK202310150984,141.2754462287798
EK202310245852,138.70447472126767
EK202310129919,144.9758620440344
EK202310203657,150.87164789967676
EK202320007279,155.206070429035
EK202310213923,142.99377712114344
EK202310004091,134.0767781650825
EK202310142372,169.25801299357363
EK202320007651,141.17377654117885
EK202310188243,138.81288949074226
EK202310162087,147.67190204028634
EK202310124791,139.61371950421469
EK202310111667,137.34083951077577
EK202310105642,127.903463153351
EK202310196224,160.9741053462569
EK202310159474,127.11208201971458
EK202310137962,125.06875823043005
EK202310194276,150.24942983653554
EK202310155765,157.69793801936606
EK202310222240,138.1534966946338
EK202310175830,144.9467020682161
EK202310115286,153.0909291794491
EK202310179252,141.47510570993438
EK202310216929,146.3692771718151
EK202310158567,142.9341282426227
EK202310124273,143.30489214541876
EK202310162224,159.03355756531647
EK202310165570,182.48893676523144
EK202310151292,132.11074054124228
EK202310123293,141.7429505090373
EK202310151984,133.2103449613632
EK202310133891,148.65682858250784
EK202310108554,139.27315246693357
EK202310108056,149.23338939290707
EK202310208276,142.82286649673662
EK202310106720,134.81027705960292
EK202310164462,133.51934385808784
EK202310153370,153.1295475334972
EK202310156354,143.24731980069794
EK202310120895,146.45224288405518
EK202310204021,145.5536277856846
EK202310144453,159.88007849504123
EK202310187876,149.8619171045498
EK202310234386,140.707362067266
EK202310223302,141.1523861416656
EK202310198885,135.89533438466034
EK202310133774,149.76993771948517
EK202310216355,149.66112508749356
EK202310170923,140.79557652778297
EK202310190308,150.81492154979864
EK202310116974,146.57747493580982
EK202310147600,144.25566326531558
EK202310134725,162.71137972477055
EK202310205939,129.19332182430674
EK202310166068,145.595602025072
EK202310228965,133.3974901880491
EK202310106007,141.2081424649153
EK202310192113,158.93698073753868
EK202310168030,143.89344577973992
EK202310119751,154.890019828888
EK202310196784,140.996283385555
EK202310147073,155.4262253308625
EK202310215585,158.8530770883214
EK202310176737,133.28166778023083
EK202310191426,154.6974355872827
EK202310234686,139.04321926093647
EK202310173981,139.78041463897733
EK202310238285,150.87470406110916
EK202310004398,139.26279630667295
EK202310227760,144.43530771997447
EK202310228813,135.11217736730072
EK202310108999,140.06276505119683
EK202310170661,142.5306759802542
EK202310107069,131.67958982216973
EK202310107605,146.73902033795883
EK202310149427,161.69433615678298
EK202310235767,134.57375485991807
EK202310146513,144.86091773057768
EK202310134095,135.009156530179
EK202310212824,156.70502093653948
EK202310187784,167.4038328627926
EK202310220588,149.28011122769234
EK202310171664,130.98800353510902
EK202310213580,140.27735734545738
EK202310117169,135.9970869713174
EK202310225689,143.21309083612036
EK202310228834,143.68017003252018
EK202310199085,152.83195485515094
EK202310115337,145.45627433250016
EK202310222451,137.39626749614445
EK202310120450,144.56011645512316
EK202310196902,149.99706268522715
EK202310213448,149.68823966426552
EK202310194551,152.12882923577519
EK202310210607,144.31654739871772
EK202310240625,134.320192531093
EK202310232826,137.99162023221393
EK202310115580,155.88996418154116
EK202310230496,133.27110721958337
EK202310153896,146.5924677705194
EK202310167421,149.22546605239395
EK202310185386,158.87439460297446
EK202310226162,134.61291011097185
EK202320006296,149.75134393862433
EK202310122211,137.10291578526906
EK202310120410,144.37771001341116
EK202310135887,157.3835640525528
EK202310123262,134.56060657072726
EK202310116308,144.6543729627254
EK202310141964,135.37015608428104
EK202310114738,135.47113351913868
EK202320007799,142.9798651224834
EK202310135945,148.19805928281843
EK202310152049,144.49152495208583
EK202310159468,147.82829398136718
EK202310137922,143.28405947264844
EK202310137799,140.7817669028123
EK202310185003,145.43697849061718
EK202310183141,126.38715694444411
EK202310179706,129.57025443641456
EK202310226300,129.95682655240333
EK202310209408,142.71862622574554
EK202310224094,133.5632659639267
EK202310155840,136.20069861799143
EK202310153392,155.6390549604502
EK202310119916,147.37454098644
EK202310189485,135.34688416142922
EK202310153973,155.29257945822565
EK202310143859,143.49086992585558
EK202310209322,158.35525921165728
EK202310219928,145.5946893543307
EK202310177843,134.2770577199792
EK202310235521,148.6101098321282
EK202310227218,146.04165682812365
EK202310120634,133.85037937199934
EK202310237236,129.9219794118097
EK202310174275,160.63964600381905
EK202310207517,149.04395535427815
EK202310197066,144.178984415024
EK202310235418,143.19687880351086
EK202310229043,145.17230343240135
EK202310232518,134.16231180749506
EK202310127726,143.79662150583795
EK202310216259,143.7694517499599
EK202310132033,127.63125039716705
EK202310204271,153.43678324772745
EK202310194461,164.7111885574193
EK202310202541,154.92494265660235
EK202310201397,156.77226075240918
EK202310169275,141.10330782706507
EK202310115278,137.1677485487403
EK202310157300,156.39552301090825
EK202310111329,138.96782398803782
EK202310132731,152.7374951424738
EK202310107770,156.26689577975006
EK202310131063,160.29486760593875
EK202310212722,141.03409909856327
EK202310172610,152.4520194873093
EK202310243791,131.6212135459545
EK202310219499,129.86915115404747
EK202310131588,154.69105831321676
EK202310217120,135.56257039664848
EK202310172169,148.4039705363343
EK202310133205,140.215658863868
EK202310190824,158.32437058023535
EK202310119229,134.9582782108583
EK202310172059,146.71681317395917
EK202320006521,140.00538254927727
EK202310221989,148.70116015214438
EK202310178785,167.8345407909066
EK202310183830,138.94190333661186
EK202310168297,153.33207472201846
EK202310127675,117.31716663116073
EK202310172854,135.10872873137689
EK202310176515,153.79114630552033
EK202310154731,148.603971609345
EK202310213784,158.84301066187936
EK202310150574,149.5592246324397
EK202310130454,139.3898003142229
EK202310131489,148.81973369422946
EK202310174498,149.77156981556234
EK202310103853,134.74679965268123
EK202320007395,144.77829273677466
EK202310182375,145.1460441813415
EK202310146376,151.243832305134
EK202310236179,132.62596746943672
EK202310149241,139.4345827953287
EK202310135136,129.84310971939428
EK202310140867,140.26652444380767
EK202310223502,145.76614032355985
EK202310243943,147.52445436923156
EK202310174164,150.2091575731415
EK202310158044,145.95493831468127
EK202310148103,141.06796892755054
EK202310156336,151.4925468658934
EK202310190263,164.28229048024167
EK202310176162,156.9433303700933
EK202310129272,144.8005584077199
EK202310199173,146.26321541830578
EK202310150794,148.8842902555314
EK202310207717,160.80336287573004
EK202310109712,140.723882908693
EK202310142567,143.0233509479862
EK202310117141,158.87320892014986
EK202310204093,139.4366950623207
EK202310241706,144.99694638145505
EK202310183611,158.89167157412774
EK202310233211,146.43185186106675
EK202320005748,133.1599021722326
EK202310124159,142.69968211070108
EK202310138315,133.70803692476738
EK202310193796,159.15033903986964
EK202310218166,155.9922521744009
EK202310229779,138.67648141440225
EK202310131658,145.49701546290146
EK202310229978,121.2247600222399
EK202310171658,133.0719228988077
EK202310121521,135.63125884757946
EK202310190841,144.8199793899444
EK202310104228,144.38820640477635
EK202310113040,141.59481635002143
EK202310131735,143.58048886958952
EK202310170151,151.34063186338003
EK202310124366,130.64304607580803
EK202310149451,137.5048096297554
EK202310206552,130.93492129453182
EK202310129905,138.35517415009997
EK202310227850,142.5865314071609
EK202310235398,142.41106556549784
EK202310218108,121.20155795312404
EK202310157681,127.62330178708655
EK202310214538,147.52953025870565
EK202310201752,157.53215876685513
EK202310105353,144.3306495954792
EK202310106768,130.5867925919153
EK202310200116,165.4167110800131
EK202310127715,136.64194387563307
EK202310105124,145.23871581191983
EK202310198102,144.69421199261882
EK202310106141,138.93630767628946
EK202310165059,147.61810274336702
EK202310163969,140.38774870387627
EK202310163911,162.62750769141726
EK202310160055,142.3484717400389
EK202310126497,137.15468916357878
EK202310189545,158.61748960319682
EK202310187535,132.75884869292852
EK202310224997,127.78306806774377
EK202310147587,128.14286683717253
EK202310130969,137.94734026597575
EK202310157178,149.18045002705156
EK202310150244,141.20264576487102
EK202310114255,144.3959869555191
EK202310214855,140.68417629279244
EK202310158832,153.69836309419142
EK202310143631,148.13673633765578
EK202310206903,146.70519505000058
EK202310213965,147.29579358194752
EK202310140974,140.0469417712202
EK202310243752,141.22206814832182
EK202310230647,150.35815109903655
EK202310110490,134.1750699384924
EK202310168466,132.54953406901325
EK202310138755,156.3561743067581
EK202310169502,134.97529350178692
EK202310203430,162.322062838811
EK202310163679,145.67037857065918
EK202310157628,136.87050594906145
EK202310224841,140.65819581666503
EK202310153096,171.35293070432874
EK202310116043,130.85397487139554
EK202310201955,132.2653636828817
EK202310240755,127.6398341752524
EK202310215391,168.08670640002546
EK202310120508,127.09187959299557
EK202310166816,135.26387414661417
EK202310197615,157.20133529260815
EK202310149113,146.89373900772298
EK202310187571,140.61246973317077
EK202310234394,136.4328160435405
EK202310204787,144.18428448577444
EK202310170562,165.03945664750862
EK202310158575,135.7847434602745
EK202310200164,147.86217012832256
EK202310167493,136.9129995054854
EK202310181034,144.0290865334627
EK202310167070,141.14314285656394
EK202310221166,122.89779164919587
EK202310157175,140.82370675247722
EK202310148464,139.57615325242514
EK202310143208,148.3477505517978
EK202310139027,124.58400969429762
EK202310224872,127.48178130504513
EK202310173761,145.6105105760594
EK202310234649,130.870089049233
EK202310134946,154.95970928747997
EK202310132145,148.64039829821218
EK202310124351,139.76209026651983
EK202310240711,131.38120317439783
EK202310228181,139.1675316970663
EK202310152792,140.57463576512572
EK202310218480,155.89418341291776
EK202310233680,152.33148027687892
EK202310226082,134.5260214525215
EK202310166293,150.94015536637903
EK202310178413,171.1849032193801
EK202310192848,136.80895331048856
EK202310169316,131.21305491906642
EK202320006913,160.5913882215536
EK202310108324,133.234819131501
EK202310209693,148.1272992367268
EK202310108004,162.07447090591813
EK202310198846,156.73481526713638
EK202310219677,142.4898172617552
EK202310164857,147.87049597745946
EK202310147656,149.36464488148843
EK202310145013,129.21597493094575
EK202310147368,154.79399296557042
EK202310170036,127.05876865783814
EK202310120376,129.2124359266674
EK202310150683,138.84015496527292
EK202310240238,158.77353115453568
EK202310217185,170.7098751691724
EK202310164586,150.43752733085256
EK202310198428,139.19124850649
EK202310233407,144.86679815232785
EK202310163412,143.26753158185622
EK202310151118,147.58746831276372
EK202310206940,166.90443991015516
EK202310229350,127.73083351300552
EK202310118968,131.6739287470128
EK202320006106,155.55363480893894
EK202310201360,129.36191034149024
EK202310214617,148.57569784777257
EK202310230798,127.08856740850999
EK202310131993,123.47127834232109
EK202310165856,160.377301418141
EK202310208421,134.6539273075511
EK202310140732,138.3072852786027
EK202310134224,145.02258812552222
EK202310108759,143.54239381546478
EK202310115586,149.24365458046742
EK202310166328,141.77796647735843
EK202310104171,145.8511915066906
EK202310218466,139.16287680832863
EK202310186769,143.8430165884462
EK202310231774,131.67833223753075
EK202310130856,131.53194555665218
EK202310199243,160.09181551088503
EK202310178583,151.81119601624653
EK202310231077,136.79487107716713
EK202310232984,128.92792369314557
EK202310204584,137.16738132062974
EK202310210808,150.94577826254297
EK202310243853,137.7952164185756
EK202310114871,137.57957680894685
EK202310220680,143.05173486806777
EK202310225716,145.2865999354966
EK202310171582,143.68908834622587
EK202310153093,138.07077461356565
EK202310170911,146.6084528591742
EK202310165452,171.33015371918964
EK202310235729,127.75264246989101
EK202310175158,126.91904050005859
EK202310161650,157.2589055414534
EK202310179057,149.40473318629626
EK202310173343,146.99958613102334
EK202310188221,129.09213905231826
EK202310207572,149.3593848373861
EK202310126999,142.8841577688793
EK202310121103,139.59966792491406
EK202310186391,150.3443026403906
EK202310210239,137.21331425372904
EK202310195085,139.48849388091708
EK202310160300,125.2194684085971
EK202310199891,151.12566043981042
EK202310163707,136.46213310802278
EK202310196523,149.2112410120553
EK202310234859,137.4321823100025
EK202310231803,146.15494687709136
EK202310136798,131.56051456919815
EK202310244538,145.9033298268702
EK202310004017,148.63064757874488
EK202320006492,153.35263553362748
EK202310185950,143.90400599893294
EK202310130639,130.40031318407244
EK202320005689,139.79363607218244
EK202320006687,140.42776610723047
EK202310167248,138.65514149635092
EK202310134731,142.15259731983775
EK202310179818,131.07585821752156
EK202310147913,141.09991640713764
EK202310153980,152.10663586809326
EK202310117979,130.1945067045583
EK202310149501,144.33637017991114
EK202310236960,144.9168860282486
EK202310181994,142.44497439873433
EK202310170364,138.81010855615384
EK202310173530,146.6514299641282
EK202310111439,123.9448227891674
EK202310222093,140.3289082897883
EK202310144055,140.96858713743464
EK202310214164,131.35667975003417
EK202310177168,150.90568950612376
EK202310233756,149.34525854405732
EK202310154451,135.41147905030044
EK202310193603,146.89286102071114
EK202310210012,124.15571585733967
EK202310109490,133.54043833097694
EK202310161365,143.92293404032512
EK202310153596,146.79438880131426
EK202310171021,151.4223846135961
EK202310135046,150.3200693793996
EK202310105468,127.63190673260027
EK202310180678,136.86930447612787
EK202310123763,132.52443201438783
EK202310137466,154.24130293850607
EK202310138581,163.82341504026866
EK202310221347,140.62590949243094
EK202310175567,145.67028062200495
EK202310136752,145.45177247563035
EK202310129734,154.38490485475546
EK202310120365,148.34512527060522
EK202310127797,146.0246893719002
EK202310183416,147.66337304787965
EK202310239153,150.86173431556293
EK202310222246,146.03165551805222
EK202310144082,140.7359692087794
EK202310226435,144.82558200857613
EK202310110236,153.22730150797582
EK202310172009,137.88257048391483
EK202310152432,155.0182634705677
EK202310219667,137.08528280943742
EK202310202548,155.88996418154116
EK202310179444,133.40529346077798
EK202310110933,145.97326325313966
EK202310112714,142.28007339402552
EK202310129776,157.71776677413453
EK202310184025,143.32394540393022
EK202310199495,144.6668235274217
EK202310120853,153.15146596220296
EK202310110965,137.4706645446979
EK202310125670,129.66670028119515
EK202310129995,170.08329945526873
EK202310228248,144.93266637370007
EK202310128534,137.0717552247504
EK202310183479,133.08977461149072
EK202310159882,156.4206057443455
EK202310224442,136.67602752133092
EK202310119875,147.74963800865913
EK202310165118,148.10672156604073
EK202310003461,134.5363113019984
EK202310127902,126.30795377854871
EK202310241227,147.59953765560948
EK202310177075,128.62454892622435
EK202310195321,144.1205104744658
EK202310109724,173.11245547442738
EK202310224884,127.50897660428573
EK202310246986,145.672141803606
EK202310180027,148.5129768739689
EK202310143531,143.91550410058898
EK202310180604,128.7528232709352
EK202310241988,152.74003388932692
EK202310109076,150.09337331618602
EK202310117902,146.35938038720064
EK202310215898,143.3758655206376
EK202310134539,139.6584722291722
EK202310239440,136.98454707144316
EK202310230665,140.07624641083427
EK202310172063,141.36303636951695
EK202310126450,130.85005734624147
EK202310229116,140.94444893960969
EK202310178898,148.08684302970752
EK202310111721,152.83167922337012
EK202310170101,156.33490192019343
EK202310158581,139.7867409909449
EK202310157015,165.88444470162875
EK202310229038,149.1860955817153
EK202310222680,144.908614437189
EK202310111285,154.3703891632659
EK202310222575,147.28384799117745
EK202310156621,162.07447090591813
EK202310199481,147.21423746845355
EK202310204046,154.13652885654236
EK202310219609,142.53379325161708
EK202310222642,129.00233307993219
EK202310199140,139.82916422508725
EK202310200730,137.23349425018787
EK202310139007,131.73538422999792
EK202310126900,137.64601165011516
EK202310228039,134.7953255501524
EK202310177276,135.7784895206385
EK202310233570,135.9008153668188
EK202310237169,145.07278142752514
EK202310238023,148.96961625124916
EK202310127838,130.6713081247232
EK202310232618,142.93540724753908
EK202310114863,136.90860686745208
EK202310196485,136.20624500546765
EK202310128223,137.5871631717262
EK202310121663,139.63585789305426
EK202310111075,152.6440593664577
EK202310131404,136.07185806878192
EK202310104361,140.84751211093143
EK202310188771,136.82406225980057
EK202310166069,152.19090947953504
EK202310225476,132.7283351728395
EK202310118945,113.46011258667434
EK202310203625,136.99410434917434
EK202310245898,144.21390985430037
EK202310197749,135.37457174715155
EK202310185073,131.5810266536108
EK202310114565,146.14354822302306
EK202310151446,162.86196614080438
EK202310206021,146.43718574729127
EK202310179791,141.50157111033562
EK202310205394,138.3988089872383
EK202310166488,149.22499332262404
EK202310106840,132.68357118474333
EK202310115082,146.22732321949303
EK202310173564,146.5263268824303
EK202310205877,161.7278226066793
EK202310152051,146.15562557029577
EK202310144703,141.6922518054345
EK202310130259,139.09040251400052
EK202310177228,147.6255754817236
EK202310218957,133.5798369703601
EK202310142498,144.90734665006124
EK202310119549,137.57560327742877
EK202310233725,138.91236220500397
EK202310233810,142.45085779211973
EK202310210342,142.63238911885935
EK202310142303,147.86192234447603
EK202310227362,142.52701332826902
EK202310212631,142.68617629061103
EK202310148066,158.89883886725104
EK202310115133,139.69296560930007
EK202310145502,130.5453215075831
EK202310151385,158.72717715775497
EK202310245859,140.30990643930298
EK202310222753,142.38880282283935
EK202310170556,157.56938329529476
EK202310186591,128.29375174684816
EK202310141795,148.79397498794714
EK202310129475,143.51691248749663
EK202310117335,144.4616999506891
EK202310219091,141.85639520317397
EK202310224742,122.14148513517787
EK202310153827,156.48886881290693
EK202310159244,146.19736287988204
EK202310218618,129.9391949604058
EK202310229622,137.43742277422905
EK202310212905,140.90670454145194
EK202310190075,142.6997994551509
EK202310190265,171.93564967552732
EK202310168559,125.5627011045897
EK202310215223,144.83524293832102
EK202310231305,136.66162511489048
EK202310220211,128.21198571863258
EK202310183222,143.63718998274226
EK202310141182,144.93632027633586
EK202310227695,137.75394462347427
EK202310233303,135.68354554439543
EK202310108658,138.80760470719844
EK202310157889,143.2733920826272
EK202310176473,141.58420141087026
EK202310235635,143.66598759012365
EK202310127390,147.09661770284123
EK202310137562,153.31842207840842
EK202310104205,149.48544485276634
EK202310174206,130.1142781674255
EK202310212816,150.58787015627937
EK202310147436,139.38395210917903
EK202310180611,147.32743049976594
EK202310210354,143.81017507546898
EK202310189663,139.06605180920133
EK202310119259,129.6677266600483
EK202310235125,140.5132678162411
EK202310246750,146.03819991754003
EK202310218896,144.85874592355836
EK202310203786,129.1640873893565
EK202310180913,139.60318507312752
EK202310124372,138.03954392780585
EK202310165379,143.44675170652138
EK202310180954,161.19017841924293
EK202310145852,139.86852855436274
EK202310236766,153.142915091221
EK202310134276,155.93708564347918
EK202310121348,149.3509535081135
EK202310141601,144.31373173719882
EK202310128602,142.07579749248472
EK202310110423,134.6920231114355
EK202310145558,149.212681860741
EK202310155126,147.99996395976015
EK202310148031,158.11240982903644
EK202310174648,147.10328058837726
EK202310107125,161.96157218972797
EK202310206336,170.20304119583307
EK202310244639,135.83719137634847
EK202310225703,132.04584919462897
EK202310246590,158.85741543700325
EK202310162037,153.71030947208266
EK202310214389,131.83749519987276
EK202310186078,154.2310771488998
EK202310237892,145.1242955503032
EK202310139019,147.32464926351085
EK202310144411,132.14284924488646
EK202310121887,141.49368859302078
EK202310182472,139.14145227120412
EK202310110577,134.20665248584896
EK202310217458,147.31248680987264
EK202310206751,150.10212413358664
EK202310135834,140.1505470604578
EK202310129936,141.86650217150247
EK202310193629,145.28955173624811
EK202310109058,129.90664504060243
EK202310229608,145.05603219656226
EK202310201686,138.223880315171
EK202310206823,138.05007588143542
EK202310109660,136.09165173307176
EK202310202418,137.66018183198614
EK202310140335,135.3842193142476
EK202310198168,138.0909484773876
EK202310117989,144.31654739871772
EK202310110082,140.50667231158627
EK202310227199,139.0437595623808
EK202310219307,157.63530580165465
EK202310236825,136.0853245466165
EK202310114629,153.79885205210542
EK202310180370,158.83851745669526
EK202310145206,156.801246183416
EK202310108111,149.64984436245672
EK202310226175,136.19756614851957
EK202310227223,157.42754591024297
EK202310199795,146.79050697504837
EK202310228694,138.2684582672089
EK202310217385,138.59123297809535
EK202310104812,131.0512489150605
EK202310216111,136.8159197199812
EK202310176703,155.07459097448287
EK202310240602,129.52672110126875
EK202310103728,138.56459374940775
EK202310220868,130.16976130424135
EK202310114579,138.96309659331695
EK202310165033,150.44163209011094
EK202310150030,149.13659614634756
EK202310201296,161.17034778825925
EK202310105195,150.32378988268385
EK202310213553,130.87495371728517
EK202310162788,152.53543906002102
EK202310216325,144.40370631781425
EK202310144613,148.68463835978056
EK202310226580,140.00530452174416
EK202310229109,131.8814333670793
EK202310124954,176.39537486687735
EK202310205954,140.4984504067643
EK202310179712,122.60735196839612
EK202310193847,150.66108506204841
EK202310175822,135.1307612948625
EK202310116359,140.9932231793236
EK202320006662,157.26844993795495
EK202310111520,144.24877367465325
EK202310213288,148.95894154261057
EK202310191137,165.11226399944428
EK202310132404,143.6628437610757
EK202310201570,157.0768098324342
EK202310203322,128.56673563260082
EK202310143258,149.2623991477845
EK202310241669,141.52767581649445
EK202310190261,157.05637997206372
EK202310145096,140.72904533213264
EK202310231686,149.9805735510344
EK202310163789,152.4258255923508
EK202310196402,145.27078960569463
EK202310230132,139.4921695575388
EK202310155673,146.1396112677869
EK202310210437,130.1421087347711
EK202310107353,141.04221579623695
EK202310219475,143.5664191324986
EK202310232408,127.76697177862835
EK202310152774,127.84879769301516
EK202310200770,148.99960839830655
EK202310185372,151.18146890103802
EK202310119209,149.34525854405732
EK202310131238,143.1387037764603
EK202310162969,143.5212849553822
EK202310127182,143.73261732257504
EK202310245830,129.27888002515041
EK202310205893,134.51744306516915
EK202310104756,139.00019488620993
EK202310153892,143.82179117129718
EK202310244027,144.0974670580602
EK202310163145,144.03186647090496
EK202310165966,141.232212786056
EK202310185338,153.19950736942812
EK202310004564,136.41376771530474
EK202310246545,133.4662185766097
EK202310243927,146.04406360715862
EK202310171098,144.9435997155461
EK202310226637,131.31404456913074
EK202310240501,145.45424169968626
EK202310213124,140.47670266811073
EK202310185369,143.91020209922706
EK202310184650,165.25834882456473
EK202310191710,132.9755470407587
EK202310186505,141.7189719272366
EK202310246315,148.66965194885182
EK202310128179,140.81500458227876
EK202310218717,136.63686582158397
EK202310140183,137.0997441726516
EK202310218416,125.22112014931697
EK202310104512,154.10189080602785
EK202310148024,147.2428326561921
EK202310211056,143.76521006893586
EK202310212788,134.8988328756992
EK202310151708,153.57351974866918
EK202310192193,150.94363095813344
EK202310147119,150.56826977510286
EK202310134171,163.2805761115845
EK202310120405,140.17752241926195
EK202310197432,123.87552439035143
EK202310116473,130.38187065122452
EK202310148941,144.17216879652298
EK202310225424,155.18086495306343
EK202310160249,154.3668232314766
EK202310177564,143.23220361506534
EK202310147712,137.16260256195147
EK202310130033,140.2233094357345
EK202310161738,142.4852739582234
EK202310225844,135.90463896865225
EK202310200581,171.27626684083086
EK202310155845,141.38828104558232
EK202310121666,131.72835276332717
EK202310124396,135.47254396322015
EK202310234458,137.46072392883
EK202310122157,133.8901491361689
EK202310122028,149.13913659025084
EK202310178168,140.58987864380975
EK202320006120,144.36450736595552
EK202310104089,128.63711444114332
EK202310130047,124.5196012656281
EK202310233902,132.0762293207028
EK202310145593,135.67634612147208
EK202310145435,145.7038187576911
EK202310121638,143.16514458783365
EK202310175711,133.249161349912
EK202310178650,144.37962368704504
EK202310209932,123.21758256339808
EK202310150842,148.14992558705495
EK202310176075,123.68671440291506
EK202310225913,152.53128572215667
EK202310223616,143.30530377789
EK202310177498,133.76014930717102
EK202310210293,136.63374743760795
EK202310243077,144.34159993597882
EK202310120981,137.98841270914883
EK202310161599,141.5283133115477
EK202310199852,141.7235685462801
EK202310152182,135.60840392431075
EK202310201657,142.7075811370708
EK202310108940,153.5139289624031
EK202310167429,139.33579622061592
EK202310245926,133.4126008362866
EK202310152784,149.95560845223847
EK202310124342,143.64868619895222
EK202310161267,131.77545407852529
EK202310145118,134.75399288696042
EK202310124701,135.63714473339672
EK202310144618,140.96162375797218
EK202310233384,144.29730986745423
EK202310207039,145.76944678535884
EK202310190234,139.73637534663965
EK202310198686,145.30969454848915
EK202310120341,145.13213223450757
EK202310247847,150.32734611863313
EK202310003450,157.72854625763676
EK202310134573,146.5296724057414
EK202310116321,133.66340723850652
EK202310202729,158.53790936722447
EK202310225102,169.12764734347923
EK202320007842,144.05179345342444
EK202310185093,140.0159907966137
EK202310147662,157.85286386811427
EK202310202843,148.1037740694405
EK202310233390,146.77711831827028
EK202310136750,147.21169540979147
EK202310132231,143.51232988982892
EK202310229820,127.74182721607042
EK202310198900,126.79387139609561
EK202310112722,138.0942424627707
EK202310124481,135.42334144146278
EK202310168703,141.35418869048914
EK202310215506,146.0246893719002
EK202310227298,130.82598239666274
EK202310162425,143.57858963834613
EK202310147420,136.72452767956912
EK202310230006,144.30673054597034
EK202310107551,149.11731531941544
EK202310245496,133.64290601526025
EK202310121500,139.20065101275068
EK202310137045,140.97460814657074
EK202310004368,137.11500564900473
EK202310124048,138.32561013503053
EK202310123230,141.07209752550114
EK202310003475,139.39898552489367
EK202310129436,143.9697450572121
EK202310202223,151.6272827319328
EK202310135682,140.86256499780984
EK202310113775,151.1086484792031
EK202310143850,145.13072427876864
EK202310199362,151.53426739640415
EK202310206686,161.095287248574
EK202310134277,139.69931675797312
EK202310244824,137.76065141843085
EK202310127241,149.75414944579356
EK202310153015,147.25578066518324
EK202310183863,140.73764645100349
EK202310194062,141.0211097716558
EK202310137570,140.26261909230396
EK202310105406,151.95964114825077
EK202310211726,145.70590807858923
EK202310140163,149.89174670565083
EK202310151370,132.8596235614516
EK202310183307,143.21958754884335
EK202310209242,124.30753742477563
EK202310201596,142.27570012455044
EK202310148319,137.7843179192499
EK202310212091,136.03037581821062
EK202310231030,142.4726372017938
EK202310111993,147.77133016717954
EK202310156211,157.36169150340467
EK202310104592,142.29345897816742
EK202310133538,150.70098247533966
EK202310143489,133.03366772581765
EK202310108608,140.28238484518272
EK202310209410,143.11143527922277
EK202310196298,170.04524306230994
EK202310200348,145.74847650796744
EK202310130825,140.45666571814547
EK202310211388,153.84650329371826
EK202310151265,139.2469822162394
EK202310161779,145.92530328590186
EK202310117949,147.63344525908434
EK202310204507,154.1787535042865
EK202310104001,137.0717552247504
EK202310217266,144.37137719472472
EK202310210738,145.07568353003163
EK202310179516,147.06560805933213
EK202310185260,148.87677487843163
EK202310117134,143.34385861003412
EK202310218620,137.95387000500955
EK202310118920,138.9571734953407
EK202310174953,154.33882439030398
EK202310235880,166.98199001888187
EK202310246765,134.7651161289281
EK202310151192,130.31464104626258
EK202310218327,130.5515999806585
EK202310184977,153.2338056123132
EK202310106156,134.95828509659836
EK202310174601,141.67354261174052
EK202310242933,131.17001519497086
EK202320006248,154.45455967226877
EK202310155266,146.6514299641282
EK202310118205,143.5228851454984
EK202320007868,141.89975674159922
EK202310122476,128.10946378611342
EK202310246704,137.09098747122985
EK202310154390,138.17003684197596
EK202310208154,146.51854334954265
EK202310130903,135.42887411177756
EK202310244992,141.82617198781514
EK202310141315,135.981707167455
EK202310119220,140.61246973317077
EK202310245411,143.75106411701373
EK202310122328,130.89157913711398
EK202310145979,130.3861585452411
EK202310137109,140.20450851552695
EK202310107808,141.39420655003656
EK202310237598,143.4070760155018
EK202310150637,147.1660353583895
EK202310115093,132.94843485090283
EK202310121973,129.30577511821335
EK202310201313,133.53017222312317
EK202310171481,157.67110485813168
EK202310151406,169.31126255949897
EK202310201141,164.45036637981755
EK202310179223,128.56732062393993
EK202310195934,153.22266802632836
EK202310142396,158.45682669103934
EK202310161167,159.3816255356682
EK202310166581,149.5181828083127
EK202310247520,148.33821190284925
EK202310113867,139.6149258872058
EK202310124498,139.5449800497899
EK202310156133,146.75636565042615
EK202310199597,161.32521907089134
EK202310161135,159.68639233594135
EK202310215679,148.0477822530334
EK202310238774,130.29615397296433
EK202310196868,141.83576059402873
EK202310112295,148.2302981269473
EK202310235239,153.99258368192298
EK202310127731,136.04186575474606
EK202310230868,148.99006675148635
EK202310217903,141.54520274769789
EK202310172613,148.88119106264097
EK202310129229,152.41850956748237
EK202310190368,158.6706397860696
EK202310162297,139.99677848765654
EK202310222739,126.40767530152044
EK202310161749,127.03162467607223
EK202310155297,158.57632515220754
EK202310108502,144.31654739871772
EK202310130801,156.1513162867976
EK202310231593,134.44924611112472
EK202310125919,155.41890259532556
EK202310209411,144.81470259192028
EK202310179339,138.57240099743166
EK202310187200,149.8172285271756
EK202310146890,153.18539621307877
EK202310166979,136.2598966312532
EK202310237165,142.90776495942455
EK202310152579,143.4743346985578
EK202310003917,147.37693804796058
EK202310235269,148.6513991345913
EK202310108468,155.8786475555933
EK202310143968,135.9378804288566
EK202310160042,127.64840834405435
EK202310203662,140.45140799080457
EK202310151437,157.6304688595515
EK202310144465,148.1272992367268
EK202310190402,149.686184734508
EK202310134264,137.80044280258304
EK202310234082,139.97457051417038
EK202310210958,131.16637699947262
EK202310139701,130.54011472856865
EK202310143670,162.07447090591813
EK202310144634,138.68614385481914
EK202310141663,151.5021496287377
EK202310137665,135.55695795926937
EK202310205722,131.83312566875486
EK202310151909,130.515401284877
EK202310221195,140.3477470705511
EK202310137582,135.09743538769058
EK202310194278,132.27944120246826
EK202310128272,139.09590776028156
EK202310106468,150.98290914276637
EK202310144004,135.6975625132277
EK202310128173,148.1272992367268
EK202310111420,139.76433234213465
EK202310120296,128.84020184345215
EK202310200950,153.82575233597757
EK202310175501,128.04509589893215
EK202310120331,146.19736287988204
EK202310228878,161.46809656479954
EK202310182513,160.75129283993735
EK202310146179,120.12541239819333
EK202310122722,142.46145171264317
EK202310105824,146.78471907896764
EK202310153125,164.9654455835262
EK202310245447,137.65137355590417
EK202310119032,146.61795535592827
EK202310121833,138.057230185077
EK202310241687,140.98955689607797
EK202310239324,133.96734434662355
EK202310164441,129.94112997239344
EK202310140020,162.54563432405322
EK202310130010,141.89120526373847
EK202310121272,149.70949682468262
EK202310155947,139.024538918903
EK202310235396,144.93084459748954
EK202310142223,156.40056077148847
EK202310112225,136.15468342998145
EK202310169440,155.1962334751554
EK202310136706,147.81402751479766
EK202310216973,139.9653152940341
EK202310226784,151.04248314628643
EK202310221041,130.8334337832945
EK202310231770,147.69538258860658
EK202310145329,144.55540615113472
EK202310134603,137.01955746503762
EK202310186803,153.24766847302803
EK202310004747,129.71449687341124
EK202310140470,146.3240248465988
EK202310195581,138.31152484756151
EK202310150690,137.80933887594358
EK202310107903,134.27844376850206
EK202310192146,144.96827827635005
EK202310148551,165.04377707222784
EK202310106261,137.64511746367697
EK202310146170,114.43658526727758
EK202310136162,142.92903242523147
EK202310113122,136.70379482687335
EK202310163718,135.2623671405162
EK202310183205,149.2687792412116
EK202310200858,170.0299125558709
EK202310196929,149.71044423776974
EK202310171438,163.83715406982938
EK202310174765,162.11241840202487
EK202310124046,142.1725050497162
EK202310152264,146.74992837471706
EK202310213792,167.70569063004248
EK202310165171,169.6602714926219
EK202310162758,147.38529609253197
EK202310143468,140.30917713018474
EK202310180043,132.31945933072447
EK202310147871,140.58860142002771
EK202310164549,136.46196574827505
EK202310201642,141.21450505158205
EK202310109113,145.03442103946315
EK202310174688,131.77120405523604
EK202310248259,146.93684767772658
EK202310185782,138.889919227605
EK202310110936,139.26224613218997
EK202310117421,146.502806320054
EK202310142478,122.81068071424085
EK202310141930,145.15363030170204
EK202310243981,134.49084424990593
EK202310172266,145.52600358173044
EK202310228140,137.50705278887105
EK202310176614,144.99650421360084
EK202310233607,161.65913900150275
EK202310106233,133.59384764187664
EK202310162621,162.46675906308923
EK202310190940,155.11558208718353
EK202310219344,159.06493562940003
EK202310154188,160.87751522389922
EK202310219915,147.11529883720135
EK202310166730,150.33169535668645
EK202310117725,140.38774870387627
EK202310166726,139.6459081790963
EK202310163657,155.25011794187847
EK202310228898,149.7061880440839
EK202310184184,136.63650297089592
EK202310125372,138.43828679214002
EK202310119495,143.10434469334342
EK202310117082,135.43408764778147
EK202310146291,138.70773816944728
EK202310241466,139.6707230822136
EK202310150849,147.43665199720002
EK202310202757,152.77463859514208
EK202310182560,144.12394848947355
EK202310112973,136.2508078073888
EK202310213514,127.55168498251187
EK202310221393,158.16875250879485
EK202310158310,146.61676489010662
EK202310140347,140.2810855768019
EK202310175551,144.1573844363757
EK202310180868,140.66881548662298
EK202320006868,168.09751150542135
EK202310248257,142.7063306001989
EK202310180309,156.28332274263207
EK202310229558,139.28633650554843
EK202310115971,144.02352714253547
EK202310160935,140.5566669258849
EK202310157633,147.50421008553764
EK202310146143,133.83156079771783
EK202310186183,149.10172395438926
EK202310211422,143.05173486806777
EK202310161977,155.01465617462688
EK202320006500,154.92292287682022
EK202310150314,149.8771418917784
EK202310110846,140.3753651558488
EK202310203222,145.92530328590186
EK202310129532,141.85183606606245
EK202310129904,152.80047977202736
EK202310186467,153.80075006211595
EK202310147117,153.49851262478774
EK202310116424,146.30704949831386
EK202310149442,156.5683321638904
EK202310104505,150.56918787796738
EK202310121773,135.74656051213833
EK202310127109,148.73200113111758
EK202310201894,164.45638417727343
EK202310188361,152.23436931271397
EK202310193295,153.39734928448257
EK202310177870,142.3921869508721
EK202310113628,152.94661352635578
EK202310139300,139.4836860213263
EK202310142961,148.93859100647802
EK202310105639,130.42441086978357
EK202310200187,135.24797687209886
EK202310235386,140.0175452500783
EK202310201587,172.76425485762144
EK202310139029,129.13140654510522
EK202310170332,151.84087925225708
EK202310104539,143.67217578633358
EK202310221009,150.953116444498
EK202310111917,130.65724093677883
EK202310155020,145.84474174281135
EK202310209995,150.05608079730968
EK202310201277,148.430020541427
EK202310142737,144.17223444397987
EK202310226601,143.32709338415114
EK202310248195,142.33158599603468
EK202310181017,149.80782789388658
EK202310141427,150.72793418197497
EK202310231407,144.72394982193296
EK202310137086,142.80233558674752
EK202310125507,146.43821392339578
EK202310122987,119.21491809197556
EK202310200912,136.38374758614052
EK202310104251,133.1599021722326
EK202310195674,148.87677487843163
EK202310223438,143.73148195500193
EK202310153194,158.00403721353666
EK202310213990,150.30703064174222
EK202310162781,135.40580840517967
EK202310187211,152.0098276321082
EK202310176227,148.90454946913167
EK202310234676,138.4739049060264
EK202310125148,140.42776610723047
EK202310177679,149.7110837612853
EK202310120787,143.181810004747
EK202310145311,132.63409458185777
EK202310122627,147.5162756122672
EK202310201377,149.05120570751373
EK202310212640,132.57750279009917
EK202310123690,121.07583431936293
EK202310111428,145.9207743715215
EK202310231233,130.67277131655592
EK202310205587,146.43862307557276
EK202310126571,139.01317199693278
EK202310145090,152.96865209785759
EK202320006877,135.21700969881172
EK202310172065,140.75222112033603
EK202310198983,135.48991557903136
EK202310169546,132.66463177308572
EK202310111317,141.8651360662883
EK202310119424,129.62113217434973
EK202310135345,163.0106810546935
EK202310118372,134.09134574332234
EK202310170295,160.00807502708054
EK202310190557,142.10013486651326
EK202310200195,133.3059727050495
EK202310131868,171.64882886139003
EK202310158562,145.78121889842757
EK202310150891,132.9137251641593
EK202310151386,158.260591439429
EK202310243101,137.67399804313962
EK202310146970,134.8446686988533
EK202310194638,138.35962839683864
EK202310142085,133.29254723694413
EK202310155341,139.3758419370101
EK202310226663,141.3692196558695
EK202310183726,159.57038512155958
EK202310189308,153.5716009849045
EK202310198713,175.30406620114744
EK202310202117,165.90338342422507
EK202310163684,140.20300528376487
EK202310111102,141.5455757043285
EK202310127044,132.91254391699465
EK202310118453,150.953116444498
EK202310128214,137.4161043678541
EK202310135042,169.2143464952277
EK202310126915,137.0779663964939
EK202310147166,155.29257945822565
EK202310233052,144.9026708258116
EK202310141703,141.6903648316054
EK202310164168,143.32394540393022
EK202310156751,162.511867714058
EK202310146541,131.2523388626352
EK202310184817,161.37638911320516
EK202310195187,151.0685979972718
EK202310168677,149.60531817450095
EK202310188486,131.66249800172776
EK202310224018,160.73823091816757
EK202310172986,146.74323918886253
EK202310161060,149.24461784565207
EK202310178666,143.30530377789
EK202310166665,130.66811103423345
EK202310141091,158.53412250961887
EK202310191127,137.73304168405414
EK202310189382,147.50421008553764
EK202310172890,144.51123166292587
EK202310171361,139.00644965942746
EK202310186346,137.148091621766
EK202310189932,133.75431775128823
EK202310189293,168.04926369968427
EK202310171610,150.9321121807055
EK202310239231,139.28629255029148
EK202310201004,137.96834316719656
EK202310178301,152.72943856259334
EK202310246066,129.57910679039452
EK202310243993,162.48847391396902
EK202310240850,140.84279691974896
EK202310115127,133.4955556679361
EK202310232199,131.17715741497187
EK202310217063,131.44164296181773
EK202310115674,138.2862898565622
EK202310110226,141.1432064168477
EK202310181037,160.31010222500305
EK202310004136,137.94065179903558
EK202310159843,154.79303971347053
EK202310126952,137.35372033322295
EK202310230766,145.31966662245088
EK202310110797,133.68436817290592
EK202310231475,126.73529679518174
EK202310135719,148.86453655236738
EK202310145051,136.1343276005135
EK202310113543,142.93794024968614
EK202310159237,139.14264104797036
EK202310238856,130.66559954454814
EK202310121123,131.3410757307247
EK202310192625,149.03406978362335
EK202310170391,136.48161013455532
EK202310141783,138.9666569610314
EK202310117317,128.98210302127058
EK202310159443,110.85673174876409
EK202310224692,153.26867311368903
EK202310129133,158.15626055503157
EK202310118922,146.51854334954265
EK202310187333,134.12160368863485
EK202310149791,149.9108704252449
EK202310231752,147.99909909485052
EK202310130461,143.84361496577404
EK202310151790,146.80900515889005
EK202310156693,133.75010463176244
EK202310138274,167.43468892860784
EK202310217407,151.64729136792863
EK202310115388,143.7212391168799
EK202310145689,148.031153656351
EK202310104824,129.74616364717997
EK202310247570,139.84408137389758
EK202310197035,136.851925003861
EK202310230114,147.88093348983108
EK202310105854,138.77341629287395
EK202310187457,144.64217474428074
EK202310192506,151.2677366206058
EK202310140455,147.8766889655822
EK202310226538,128.63707790216836
EK202310175408,142.16407417019366
EK202310132765,141.04369228949295
EK202310193721,147.58025109246964
EK202310151285,153.86769116930637
EK202310178760,159.81839739295373
EK202310149663,133.1276798268158
EK202310219711,133.3270915980457
EK202310217272,150.96003604261156
EK202310238355,142.5565498740925
EK202310188659,144.27238477317192
EK202310205449,126.44818607800815
EK202310233265,145.9807672278681
EK202310109651,141.50916613153416
EK202310226933,130.82789322051784
EK202310159603,135.23897987411854
EK202310105868,136.19888300666753
EK202310171812,140.4998244491311
EK202310176259,145.78830651041017
EK202310122912,170.79709297343194
EK202310184013,171.84884959387503
EK202310179868,136.29935022554955
EK202310176252,148.83090378914434
EK202310239466,145.6310679644375
EK202310228949,141.72809426966708
EK202310169903,156.65713783153961
EK202310209528,141.42566512570693
EK202310213123,147.94604188220046
EK202310173452,107.77542706317895
EK202310230252,145.62714424799918
EK202310106835,135.55810867337382
EK202320007700,144.1573844363757
EK202310198359,138.95929545862862
EK202310180758,141.65789485949819
EK202310227440,130.51245116174658
EK202310239839,145.3350089518817
EK202310145401,143.64827385381176
EK202310131446,147.9681362743848
EK202310121079,145.56362629437535
EK202310159312,174.77778274179093
EK202310167080,148.05501276573733
EK202310110131,141.36087474163602
EK202310173862,127.69486388224256
EK202310184021,141.03857419000036
EK202310223793,138.12157255327546
EK202310190740,148.1272992367268
EK202310165164,149.92910068182718
EK202310136762,139.22463262072222
EK202310187434,145.54513973680807
EK202310212919,153.57974481029152
EK202310147933,150.48121340327899
EK202310217428,145.4361941741768
EK202310163195,144.45896813735865
EK202310144020,129.6996350122586
EK202310226546,143.00716970734518
EK202310172034,138.8845966000388
EK202310113666,150.95891014844287
EK202310189588,136.67155803650428
EK202310107725,146.245585768819
EK202310195274,136.68935215856172
EK202310180008,130.57178928124517
EK202310164031,139.24609895698154
EK202310229645,139.8126009962099
EK202310125934,135.4642400547737
EK202310218196,146.69775703903412
EK202310119725,149.9092686507862
EK202310133573,144.90133492219863
EK202310219254,155.76102934077278
EK202310105775,145.92530328590186
EK202310163730,137.97212423264
EK202310119408,151.3565710127794
EK202310134331,136.80016996117186
EK202310138761,156.63208721747554
EK202310126020,136.82538410910115
EK202310128964,145.0850935023106
EK202310225868,142.45248223340096
EK202310217967,125.41362582689
EK202310222323,145.3782551416447
EK202310206855,151.10402953985695
EK202310152085,153.55923300499325
EK202310004023,159.038833188036
EK202310211193,146.28252169248844
EK202310189925,135.44146620117618
EK202310152235,147.92829724449138
EK202310189056,155.4552591809024
EK202310242595,124.97547628135816
EK202310140195,148.39550759896568
EK202310181500,145.76614032355985
EK202310171216,142.73137878776697
EK202310209110,148.81556757053568
EK202310246479,133.63925527653484
EK202310194938,153.19071139865457
EK202310224895,141.4092791646223
EK202310195509,145.17894520091295
EK202310173849,126.46431338352475
EK202310116837,148.3105916461156
EK202310105574,140.9635954243006
EK202310196041,158.87439460297446
EK202310122385,138.5754844914152
EK202310193454,142.48085159994716
EK202310124125,153.3601752202246
EK202310180862,126.33959734639707
EK202310234723,132.47064118663442
EK202310126036,132.03098791664854
EK202310171137,139.44050496257205
EK202310233393,132.5665352641273
EK202310132926,141.1028170833986
EK202310160365,140.77163269551278
EK202310211274,136.62355350458685
EK202310225058,155.2960962185604
EK202310194840,151.9157498530403
EK202310216072,136.9415159543828
EK202310224888,166.51847287604164
EK202310003930,149.34525854405732
EK202310187789,155.75405885859826
EK202310237317,125.38431470821453
EK202310188643,144.0114624432155
EK202310163618,162.86497063192246
EK202310216984,144.44547414984797
EK202310243216,138.0901279292538
EK202310111010,142.36757417103817
EK202310140852,138.483832644326
EK202310114085,141.6234477278812
EK202310123385,145.8828106506818
EK202310222159,128.9268418333587
EK202310203038,146.91654443778384
EK202320005703,158.33732297463467
EK202320006527,140.05950314469362
EK202310234277,134.79027253393951
EK202310135781,145.76614032355985
EK202310157465,138.60596948123236
EK202310178744,147.73454176474868
EK202310238253,142.73801427693127
EK202310122583,135.15085717138834
EK202310214372,131.86891118193006
EK202310174457,143.0438348502898
EK202310167149,130.2510984963169
EK202310228958,136.70281668920322
EK202310157246,153.6994753502912
EK202310148323,142.88528021695197
EK202310174823,159.5768771776852
EK202310165142,141.51671019968
EK202310207746,141.6402369537862
EK202310245090,146.92041649034186
EK202310181612,148.74391593143991
EK202310217652,123.5109852019622
EK202310161957,148.01251566343217
EK202310116818,144.59709013718697
EK202310180631,140.05040269933843
EK202310158422,156.51728927066605
EK202310195969,154.51091768186205
EK202310226142,132.9423969087517
EK202310199652,178.2881927734149
EK202310150930,145.3387399997193
EK202310148331,142.96896381179027
EK202310189171,152.67486189341946
EK202310194950,157.20951371322545
EK202310242729,138.16648243505819
EK202310221050,136.68925871089957
EK202310105169,151.58810440171317
EK202310231810,143.7796511613583
EK202310201600,159.96956579931918
EK202310173892,139.33579622061592
EK202310103909,147.81325207365924
EK202310207543,134.3565708041512
EK202310217532,140.61246973317077
EK202310131408,135.02469122583787
EK202310216303,145.61574910605475
EK202310207214,148.4989616962074
EK202310237069,141.9458593124896
EK202310130210,138.10336192437336
EK202310148179,148.77940733135586
EK202310230098,137.3232685218993
EK202310106540,135.84321503135735
EK202310247875,130.65337077778946
EK202310131197,157.5273180579305
EK202310213017,144.68136650048504
EK202310226797,136.53189990494263
EK202310124853,137.99667751551078
EK202310219648,134.93242901248627
EK202310242013,152.55966179329243
EK202310190443,124.29078790578593
EK202310142718,138.8995732604335
EK202310173178,134.15495863361627
EK202310125534,142.7261656720347
EK202310122118,139.49495918295793
EK202310151782,146.00728328618968
EK202310142165,143.05649351544972
EK202310120956,144.25071274757389
EK202310158163,151.45135451018623
EK202310110021,138.71587328039772
EK202310196057,148.82733374050608
EK202310199008,149.87762041232205
EK202310003987,153.88552603185002
EK202310240352,152.63359342350947
EK202310165694,129.17915483198172
EK202310232204,135.40752481064777
EK202310125243,134.96026801471777
EK202310171212,148.71761191608962
EK202310165904,140.09348421374787
EK202310156703,134.3261392695289
EK202310161254,135.9624932501751
EK202310141589,135.4101563251541
EK202310139870,167.4382321212186
EK202310003550,141.31811751471224
EK202310004721,139.49495918295793
EK202310237716,145.80271404381776
EK202310162213,143.60076836472172
EK202310231470,143.37843121825503
EK202310165710,146.309731776004
EK202310219597,121.54492603091101
EK202310177018,167.6777513523101
EK202310113173,146.44771761436326
EK202310161177,140.25897522027444
EK202310105482,128.2808579260961
EK202310178942,139.01178817739165
EK202310105694,147.6562376505112
EK202310120998,146.3801212689983
EK202310216864,159.34714567132957
EK202310198211,135.26974412806769
EK202310118620,170.33872127373527
EK202310221238,136.70050263196745
EK202310161217,151.84022652859883
EK202310218766,126.80217044316466
EK202310128213,127.74871253738603
EK202310137523,161.75868141274844
EK202310210262,137.40765493865413
EK202310155407,137.4113688266594
EK202310156355,148.8566300923345
EK202310171504,150.63577278324274
EK202310205541,135.14820542262132
EK202310165351,131.09568260854618
EK202310247442,154.00587624711727
EK202310131239,132.564684891413
EK202310169672,137.68099007919167
EK202310118977,135.7263825340947
EK202310235793,131.17599712505603
EK202310200392,153.1976298597839
EK202310164965,140.97508725219618
EK202310171249,156.89936123660985
EK202310106318,135.93099111929794
EK202310237266,145.1254234093036
EK202310147471,130.92169394383387
EK202310194031,136.19706860378383
EK202310192307,153.94538257375154
EK202310181117,129.04384412015122
EK202310116526,140.95533767454745
EK202310194824,143.52561755884636
EK202310162842,147.926978386945
EK202310181349,115.07120025604384
EK202310164261,159.2078578896148
EK202310131101,142.46674726424573
EK202310151625,138.21833613449766
EK202310141286,150.64446025139435
EK202310241249,157.28085678099686
EK202310212872,125.38441634142848
EK202310226815,139.7939230669806
EK202310141152,147.7671434127619
EK202310235794,142.13100885917794
EK202310229993,138.95237921755356
EK202310147668,161.73304394533665
EK202310164475,136.34352765492463
EK202310110039,143.65768634784257
EK202310187421,145.36985528293144
EK202310215044,141.01177325256046
EK202310105965,147.1685045438429
EK202310120150,149.15679013286402
EK202310201212,154.48606649186823
EK202310127536,140.8307262305484
EK202310165403,138.03787948721174
EK202310135385,146.0063736944958
EK202310159428,146.24827011926223
EK202310214834,164.2262633083135
EK202310130931,154.2102470723468
EK202310206054,166.81622953805453
EK202310112744,129.47691320325282
EK202310242341,144.3306736920465
EK202310159100,141.54890174456915
EK202310186817,130.89467263185463
EK202310187749,146.36850310241627
EK202310246213,146.19736287988204
EK202310202813,148.81800213943566
EK202310119983,129.70779023615742
EK202310241219,139.5685857413486
EK202310195435,162.28172851612015
EK202310199454,156.8916673305611
EK202310194920,134.31412159595828
EK202310151167,130.6520186944648
EK202310204930,149.6721249776147
EK202310210621,137.1376073373601
EK202310234981,137.9874885081991
EK202310218747,151.5853392904434
EK202310125674,142.45181382870084
EK202310004025,146.91055389339087
EK202310131481,143.4767982646162
EK202310162994,134.62301056484594
EK202310232677,130.4513387595917
EK202310004278,145.73787165369492
EK202310108810,152.13607861904214
EK202310225683,141.81736806145872
EK202310115846,146.00061656884893
EK202310003668,148.5474368612453
EK202310153044,148.70537359002537
EK202310206782,159.25307312466808
EK202310198360,146.6811757956887
EK202310103708,143.71952868597847
EK202310138116,134.6205473516877
EK202310160576,145.18375646186666
EK202310183081,158.23249256084847
EK202310105137,132.47311640886255
EK202310170115,152.38301332211662
EK202310116604,155.6779139953741
EK202310236944,139.16287680832863
EK202310175444,159.0288478052414
EK202310150908,146.63522583897225
EK202310204946,147.51873980152007
EK202310139272,145.34593927774498
EK202310173841,142.616972439809
EK202310241566,135.19973952321772
EK202310140944,153.3337766810612
EK202310166702,140.80581432748116
EK202310172479,142.87402564253236
EK202310209418,129.4826648714283
EK202310165364,151.5978184420847
EK202310170685,147.1288495234237
EK202310137383,137.95641778879258
EK202310208374,143.46175226417404
EK202310124992,150.62927035143096
EK202310227242,157.12252064477622
EK202310200684,147.78038641858453
EK202310137981,127.1990659223667
EK202310183855,156.65492858909698
EK202310120432,148.61054474961603
EK202310128607,147.9681362743848
EK202310146775,149.19250781135256
EK202310175473,135.83394762375576
EK202310194578,159.9779026062926
EK202310199456,122.81045958980818
EK202310114576,152.9649662201641
EK202310232002,159.8444567157631
EK202310133113,158.63558683132112
EK202310177757,156.15316494821764
EK202310106035,133.73590727166751
EK202310161565,153.32810115808556
EK202310110506,139.1305484986484
EK202310206193,145.42928086477443
EK202310134593,169.96617063958195
EK202310157521,146.35938038720064
EK202310142924,161.22114074619873
EK202310237263,145.22645315197957
EK202310170297,162.5049943629687
EK202310106326,145.9207743715215
EK202310128380,128.6039276298487
EK202310222238,136.35479742654994
EK202310194876,147.5766134731834
EK202310228783,155.4552591809024
EK202310186905,159.54546147743312
EK202310116223,140.45076041082083
EK202310124674,140.0096470131763
EK202310164997,150.36703006678462
EK202310164834,138.69910756292003
EK202310207829,136.36456562640086
EK202310156532,171.35115387266526
EK202310129196,138.31167878805425
EK202310119383,156.997728322076
EK202310246942,147.06698488870143
EK202310108008,136.3109162084889
EK202310209225,148.21746721889141
EK202310191622,163.12364429089612
EK202310207087,151.62549308596812
EK202310152145,151.88401375538413
EK202310130483,142.43028486630539
EK202310218772,141.65536185735112
EK202310202740,145.95983693986386
EK202310189738,141.10330782706507
EK202310150713,157.50423180556
EK202310235780,138.9846926039767
EK202310245036,156.63066134256326
EK202310003439,132.28299494554946
EK202310231070,129.36938798020407
EK202320006731,162.57876236087043
EK202310244442,157.35640182014197
EK202310132886,134.775562790456
EK202310147295,158.43360367437248
EK202310133587,161.20598204853943
EK202310186397,151.50637705684235
EK202310123728,149.87762041232205
EK202310232420,135.36217816923448
EK202310233200,143.57858963834613
EK202310187145,146.03819991754003
EK202310238519,130.47699705525733
EK202310122640,152.39894447585203
EK202310114892,153.000591167196
EK202310172340,139.8242409627785
EK202310109402,143.1343150230205
EK202310229865,127.40004244538355
EK202310202666,146.0398422255567
EK202310106916,141.36420030652667
EK202320005781,170.23608526817617
EK202310127666,139.26941021636426
EK202310224319,135.13668126844843
EK202310164602,149.88899974063196
EK202310118941,142.55061211890123
EK202310234012,150.68105685051782
EK202310199233,134.88878067358814
EK202310214877,144.67673578409529
EK202310179245,142.82280232307784
EK202310160250,146.78912258031013
EK202310219316,132.14875659630394
EK202310175330,144.1573844363757
EK202310156975,148.98329687362414
EK202310115055,148.98050213009216
EK202310112754,140.51896806280902
EK202310175770,157.15658840269796
EK202310218114,139.95256496403695
EK202310135889,141.99343435749574
EK202310245028,145.3909345037697
EK202310104852,151.07539494073944
EK202310216044,142.4156956327462
EK202310230940,132.70202250439058
EK202310198398,143.69715756437208
EK202310152619,164.7912316174371
EK202310168477,149.25750398300326
EK202310236502,132.18841640240834
EK202310112037,136.45423255388152
EK202310159871,150.20529236542714
EK202310213645,136.0795043402685
EK202310120040,135.42965867988738
EK202310183203,138.0412013794126
EK202310109200,139.3499225139447
EK202310132933,138.398343711571
EK202310137560,133.82611042542388
EK202310177041,147.35270348077123
EK202310137910,141.19876951272704
EK202310104847,131.03231523311686
EK202310200423,140.85213519633422
EK202310187271,136.78464193078364
EK202310213803,154.378865161983
EK202310246954,147.17172239221742
EK202310118188,133.66599873288837
EK202310134413,159.93265254854302
EK202310232546,147.5945421964469
EK202310158497,160.6964226893425
EK202320007533,143.60193643340529
EK202310174045,155.28182049122964
EK202310232493,147.0650302196843
EK202310121025,141.78980462719576
EK202310203256,143.89555352917355
EK202310142445,162.18460372409268
EK202310184247,147.5529796177287
EK202310192611,143.00716970734518
EK202310119937,148.7009733729727
EK202310231831,152.10912253231638
EK202310208214,152.33181245516383
EK202310237790,142.87955094065853
EK202310187705,132.61800105783811
EK202310209139,152.2369431469764
EK202310170634,150.8669366106257
EK202310146481,143.7620684721934
EK202310198380,150.28811247781522
EK202310226702,137.43742277422905
EK202310222936,139.83174090115068
EK202310197081,127.82178634691964
EK202310116985,131.80606421607288
EK202310223669,135.56489366201671
EK202310204735,157.68667054222183
EK202310184616,134.80691884133412
EK202310148138,149.388658856587
EK202310134199,155.63076091547813
EK202310149246,147.88783232958534
EK202310237457,134.25977948379918
EK202310160240,157.39595959498686
EK202310177402,164.359890549718
EK202310231985,150.79485146889945
EK202310171409,151.08458355662057
EK202310176316,149.70293307515706
EK202310164869,157.8530566350767
EK202310134160,144.1573844363757
EK202310213361,140.94940536098053
EK202310204421,146.15142467845175
EK202310209884,131.8732776155834
EK202310136308,153.1705964399103
EK202310242777,140.13479943217908
EK202310193657,139.91437467053086
EK202310188052,139.99727998151988
EK202310147057,148.5549130772869
EK202310153768,134.73211795722443
EK202310144579,142.03404717090098
EK202310198362,157.68667054222183
EK202310105880,151.7276455365741
EK202310171799,149.2623991477845
EK202310120109,148.36599813914484
EK202310216065,138.05421950090158
EK202310170495,154.9459004602779
EK202310125667,170.78660804271442
EK202310105906,139.45728652550736
EK202310003424,146.04748176332706
EK202310195264,137.54341957693126
EK202310130646,132.9493105065922
EK202310115346,154.20636282560446
EK202310106003,139.15675021174113
EK202310193189,152.7621453016939
EK202310120005,135.22762531208923
EK202310225659,146.55205552432957
EK202310187329,167.70624177519537
EK202310234854,147.7177566506266
EK202310245195,142.65914911554094
EK202310245177,135.39815083988987
EK202310229481,143.72052636745263
EK202310218683,142.908719490159
EK202310232957,138.29071829948708
EK202310244525,140.48663778434693
EK202310238364,142.69873831361818
EK202310233731,137.87233368766042
EK202310114718,148.26955785727023
EK202310152186,158.89125836047708
EK202310217521,126.37605128080234
EK202310183796,159.01493711858916
EK202310218461,134.2947178795594
EK202310113523,144.63285179419066
EK202310149413,174.75470345823442
EK202310115324,139.3913515140748
EK202310104367,151.13782362910175
EK202310124772,134.3649259401355
EK202310195448,145.0070477174219
EK202310211731,130.36230029840468
EK202310162193,139.95306657690074
EK202310187308,143.21926825591302
EK202310129859,130.46699677750928
EK202310170962,150.880155797243
EK202310235749,139.44320083386106
EK202320007870,156.64440432840584
EK202310154838,141.41146330329528
EK202310206242,144.58159570385556
EK202310209717,137.05530753444998
EK202310247573,155.67148923570002
EK202310113989,137.62325139656235
EK202310152196,146.15562557029577
EK202310183083,132.4567684049697
EK202310234475,138.63054616066788
EK202310234459,138.15007327129325
EK202310106650,169.31126255949897
EK202310117634,138.013665318725
EK202310128279,134.7126063330517
EK202310158721,141.6116359064045
EK202310234607,139.50854985921666
EK202310149804,138.5192489406426
EK202310242352,132.04701490701467
EK202310126148,139.59966792491406
EK202310165882,141.51559231296542
EK202310137378,160.88389723753053
EK202310112801,127.17504653687016
EK202310119995,136.0936423895144
EK202310123123,144.5114568277308
EK202310190387,154.17701133088252
EK202310226519,140.55839130301237
EK202310129375,140.95758703499524
EK202310245192,143.6863228501601
EK202310215168,146.7264748313801
EK202310137434,140.35392866726258
EK202310194720,136.8677405738585
EK202310201666,150.92807721306022
EK202310193830,165.228006163398
EK202310178910,155.36530522600384
EK202310110446,135.15159611314925
EK202310166237,137.27916335661905
EK202310180109,158.6385120851288
EK202310146375,149.12453945787547
EK202310227332,125.98997626865592
EK202310241765,141.57988165868966
EK202310229368,122.5786000023232
EK202310135373,139.33579622061592
EK202310169663,152.07840146950753
EK202310236365,142.43042266136325
EK202310182601,128.3847747157054
EK202310144591,141.89585809329537
EK202310203065,144.3609931125178
EK202310185758,144.91175479029067
EK202310105204,144.0235546768912
EK202310150175,144.51631919237934
EK202310172599,148.63064757874488
EK202310145266,148.54051996359442
EK202310004647,150.13397080801775
EK202310242466,145.55408159763434
EK202310167834,142.51039689867943
EK202310225932,126.79220448760562
EK202310132329,128.48760000932
EK202310123888,144.3786336592843
EK202310208707,156.55149779188935
EK202310201294,147.94067532445436
EK202310233641,139.34622982707631
EK202310140113,151.97808874254633
EK202310218544,144.2231235940958
EK202310219472,140.1370691033137
EK202310143848,140.36371887584775
EK202310134434,138.26724795469195
EK202310236630,138.72155384129644
EK202310198379,144.8005584077199
EK202310222797,140.55151939694017
EK202310248842,149.65686827984985
EK202310132974,134.34326929530235
EK202310235130,145.19876397151955
EK202310238228,143.2127548841538
EK202310226782,145.6883099290179
EK202310210339,140.92385803834514
EK202310189790,145.50272367941326
EK202310187315,143.84772621735402
EK202310171801,140.03301406778286
EK202310123573,127.45110136296728
EK202310172773,133.89258183689697
EK202310139716,147.22326451151827
EK202310110431,132.49542581865558
EK202310189055,136.57512368304907
EK202310124983,144.94003361970658
EK202310190155,146.90280724735626
EK202310238929,154.90086155624525
EK202310180436,147.77386741855818
EK202310230021,141.8332883647797
EK202310181912,151.6535951090971
EK202310178377,149.7061880440839
EK202310145374,129.28460670570294
EK202310126596,134.1423069078341
EK202310225731,127.9992743325153
EK202310138678,155.01465617462688
EK202310172372,138.5998211116839
EK202310116119,128.1147375867533
EK202310167609,151.67591124236975
EK202310244078,144.17383337128754
EK202310217427,137.36640837931304
EK202310182904,136.47061705213218
EK202310208329,142.52720858506012
EK202310189009,159.56041545364357
EK202310114945,152.11111829716785
EK202310139882,133.41858157388742
EK202310206869,152.29318214545128
EK202310192874,148.42153404500797
EK202310216134,138.57627461783923
EK202310203212,145.40576187794926
EK202310156888,148.80515778662038
EK202310182240,137.22680877261365
EK202310141092,156.143690121611
EK202310124359,129.3345828792556
EK202310152947,137.26723280019144
EK202310114595,144.71788769061513
EK202310146656,134.33407312209616
EK202310223051,132.04083115113562
EK202310134381,132.40713060247268
EK202310208234,144.5363849338898
EK202310169332,156.57154946172514
EK202310103907,163.74282580983783
EK202310143678,146.51854334954265
EK202310114762,142.61961235669878
EK202310120679,140.99735101135852
EK202310153376,149.10541601877972
EK202310207113,143.68890077075002
EK202310229661,131.8582808694965
EK202310219333,157.55715944535683
EK202310131040,134.5362530481618
EK202310120192,132.76956714770554
EK202310114032,144.89633194588643
EK202310178367,153.7022601174016
EK202310195835,151.71168501133218
EK202310154385,139.34408317108063
EK202310215393,163.28061536713935
EK202310107773,136.9098170306773
EK202310164250,147.83882606119727
EK202310158284,145.3008612824692
EK202310181120,132.24894143151712
EK202320007585,132.73724232870433
EK202310182248,150.71248493733475
EK202310178445,137.69648054579628
EK202310151607,151.08712409583137
EK202310114270,131.95495503704328
EK202310237697,140.20647084813612
EK202310141166,148.8199513067532
EK202310153773,147.3703275591985
EK202310129425,149.31266948148928
EK202310114483,146.13242621548167
EK202310235872,132.59140471556364
EK202310140448,138.62344876527294
EK202310140940,154.6323243108395
EK202310173832,141.68528329203784
EK202310131844,150.99935352250097
EK202310236956,128.55253201047142
EK202310166354,152.12098527109083
EK202310122182,145.97326325313966
EK202310212213,138.02516046142253
EK202310165400,151.44972225297533
EK202310148714,130.94211120362993
EK202310126880,159.40908486449044
EK202310191702,139.5090854762867
EK202310161903,148.47927456360236
EK202310223034,135.26257098701052
EK202310188051,165.59527036999188
EK202310205595,145.96309534657223
EK202310171306,144.70443960909816
EK202310246135,145.96291478645014
EK202310210097,153.29726370387115
EK202310191192,146.658332676332
EK202310216619,140.8944028970661
EK202310153794,155.8662787505634
EK202310122914,162.46041368581248
EK202310122058,161.90679177273526
EK202310138004,126.47733374265142
EK202310221367,160.43394120387234
EK202310158770,136.31435515322738
EK202310145695,148.0977078606356
EK202310125582,126.1487759973603
EK202310136243,134.0278803027439
EK202310194117,136.1950129522974
EK202310107078,151.43531904744202
EK202310190139,145.44661501860162
EK202310156770,161.095287248574
EK202310178929,140.57125168511686
EK202310164953,149.1860955817153
EK202310118034,137.07115651610863
EK202310227978,146.6342758789198
EK202310144597,128.4751979181174
EK202310176112,154.99872878465993
EK202310162357,132.33747917137666
EK202310176897,150.25794399007046
EK202310134145,136.4384438313051
EK202310129907,146.89620794344376
EK202310229306,143.7347858498361
EK202310198497,130.05200088145767
EK202310163561,137.34418013320217
EK202310221369,163.69542689265987
EK202310176645,146.5935008581023
EK202310157146,172.57154515262067
EK202310120273,150.7147721118274
EK202310192592,134.8486941380288
EK202310169221,156.16476615881118
EK202310191453,138.69283805579386
EK202310131848,143.45053032129255
EK202310127626,151.162656668312
EK202310213244,146.60476530309728
EK202310137030,145.6508584897009
EK202310146412,135.47946569587296
EK202310173918,158.5025889760528
EK202310161898,163.69318271537514
EK202310106892,134.95424169974092
EK202310110349,144.631454356432
EK202310209540,130.26086905602787
EK202310191336,138.13881401303306
EK202310114498,133.0719228988077
EK202310181006,162.35414209134348
EK202310212668,133.69927106193182
EK202310158230,146.6373036707994
EK202310004318,120.3235965652587
EK202310247144,143.37700214687644
EK202310107710,137.95215322139907
EK202310228147,132.5514773050359
EK202310143106,140.77163269551278
EK202310167345,134.3885798593438
EK202310208077,130.61309236998986
EK202320006983,136.5014374044262
EK202310243790,159.91525115400088
EK202310126443,133.04932319726356
EK202310245699,136.759885026843
EK202310194114,141.95231264955535
EK202310195998,163.26052999173507
EK202310198935,134.04677071007512
EK202310164465,153.53716575474684
EK202310181559,137.66078503706953
EK202310194595,170.45810418539165
EK202310158381,148.54050825341608
EK202310155757,127.73791246327146
EK202310180220,152.2625599662963
EK202310179540,145.64681535892572
EK202310161312,150.06135790073048
EK202310185555,156.84404905084585
EK202310186696,135.90495655316522
EK202310161004,140.66661683466947
EK202310124318,129.2214347711132
EK202310162537,156.34176361520068
EK202310246753,136.96345658256183
EK202310225958,126.3201034489288
EK202310186853,141.05779715718074
EK202310171921,164.01639153586785
EK202310114970,134.90912016853403
EK202310215111,145.8817876679442
EK202310211062,150.68105685051782
EK202310189772,163.87511725605071
EK202310136766,151.62627088803035
EK202310126300,141.45571098262803
EK202310221810,134.68566146444155
EK202310204369,142.63263756851057
EK202310169470,146.22312526785092
EK202310189339,152.50614686482916
EK202310190063,152.52396545366346
EK202310220996,129.25168226925297
EK202310164885,133.70681170848718
EK202310191557,158.84143226098232
EK202310210576,136.5794739433842
EK202320006385,141.4692841755434
EK202310192386,140.0193166589521
EK202310129301,153.06813854563381
EK202310212266,136.52584821019295
EK202310248678,145.62714424799918
EK202310121007,141.20705897739734
EK202310158409,146.30605673205469
EK202310230262,146.07240343483255
EK202310105099,147.12971123881482
EK202310225197,132.97891132707827
EK202310141113,134.5510326637516
EK202310112350,135.4167141221618
EK202310220805,144.42934806188143
EK202310220038,140.40426603549713
EK202310153113,153.55725211719513
EK202320006647,150.86926208929887
EK202310145953,150.3823728105734
EK202310209351,133.196612016775
EK202310202126,145.64580006918385
EK202310191102,139.807117739854
EK202310127097,154.80578953740618
EK202310126540,133.9055704823937
EK202310202419,143.68908834622587
EK202310116857,141.48521685891225
EK202320006346,141.55536508118092
EK202310216539,149.56742441325125
EK202310224958,144.16901768427266
EK202310222877,155.2960962185604
EK202310104924,154.5755550826299
EK202310230930,144.09111414920773
EK202310176678,150.32792043299543
EK202310144934,144.30355674508775
EK202310148649,153.67791468183614
EK202310168500,154.30494162885645
EK202310150427,144.1573844363757
EK202310205648,145.91092701432598
EK202310159787,134.96582409417357
EK202310131529,147.37514254145478
EK202310173679,139.16287680832863
EK202310216340,137.11693050037192
EK202310113807,142.7075811370708
EK202310189797,146.89966613328596
EK202310172848,131.04725265049146
EK202320007206,136.5168645589889
EK202310183124,146.9516626476929
EK202310202871,156.95296031563274
EK202310195901,142.71862622574554
EK202310108242,131.70522177922092
EK202310209662,144.3286289581457
EK202310186506,141.37065656462966
EK202310241427,143.77774793198628
EK202310104646,148.24019586836496
EK202310110500,152.56993064732873
EK202310140229,124.22728479974036
EK202310197951,132.89825461763579
EK202310204251,131.73044962118837
EK202310218413,137.06833135948008
EK202310111117,160.2215698698243
EK202310153521,137.9110219783277
EK202310163012,150.3589981301278
EK202310238189,149.15877136064856
EK202310139597,143.10633123089264
EK202310239588,149.7575044467465
EK202310197135,145.43557946183964
EK202310105473,148.4724897372262
EK202310142438,163.35240818884347
EK202310238026,150.919672369621
EK202310194838,140.87715913563295
EK202310218361,148.11416725077427
EK202310192741,162.67706873337985
EK202310193265,142.7631385225286
EK202310216986,129.93036527553286
EK202310230537,140.87941122765835
EK202310119794,147.122082874768
EK202310170043,139.8142689150316
EK202310108833,143.43348617396154
EK202310161240,151.0095005980204
EK202310234010,142.24272229281772
EK202310109182,139.38866258774667
EK202310230972,136.5791957391322
EK202310149335,157.45517782172647
EK202310107970,146.17159138495194
EK202310149458,151.8127580714391
EK202310144815,127.79743505282595
EK202310155738,137.98153122925484
EK202310204043,141.5943855217275
EK202310150762,140.1707362227088
EK202310177738,136.64985476611832
EK202310156587,132.05307158325968
EK202310157016,148.99456384836603
EK202310206235,147.48519819226047
EK202310220646,130.6784735404426
EK202310173733,140.29839330142775
EK202310245161,152.63743491102156
EK202310246615,155.29257945822565
EK202310107283,137.6714816966734
EK202310172948,142.87367681553386
EK202310223104,160.3157801066823
EK202310137920,142.0477992311376
EK202310237485,138.70237651291924
EK202310185339,141.1140744742088
EK202310150373,142.11473148393776
EK202310181031,137.1752780680774
EK202310246036,134.72923773150055
EK202310211321,133.71783524247323
EK202310166021,143.21565647779173
EK202310104995,133.17950883095037
EK202310154804,149.3528404378983
EK202310207957,145.9148745929156
EK202310115976,150.32378988268385
EK202310146527,145.34736219102967
EK202310241764,158.62830027541767
EK202310242749,143.30530377789
EK202310174079,146.5411696998708
EK202310246052,140.43889662322263
EK202310224322,136.27016454015347
EK202310136529,109.51857483049986
EK202320005962,145.25503096418677
EK202310220450,138.10437821008944
EK202310212212,142.70630191523475
EK202310153182,146.90280724735626
EK202310105480,133.5006176118437
EK202310125339,137.2737961030027
EK202310237988,157.05852419895186
EK202310159218,142.12794010467087
EK202310178861,141.29103068856463
EK202310146447,138.59696495247155
EK202310242533,136.75081646764272
EK202310239148,143.08545610543467
EK202310206069,158.02741523276026
EK202310209438,135.2067360706063
EK202310203458,146.61676489010662
EK202310139769,143.33411184810748
EK202310192295,155.6015480588664
EK202310213849,148.03768794792856
EK202310117386,140.2946970515949
EK202310148126,145.1749295537569
EK202310141622,141.25758867452902
EK202310203974,151.32754017365693
EK202310124862,143.27876535958757
EK202310238082,148.14924513770242
EK202310131352,132.97854056456464
EK202310123750,154.10189080602785
EK202310165127,122.74612300557868
EK202310166390,152.46108957012237
EK202310245131,138.05881105256756
EK202310191228,157.7489743951333
EK202310218338,132.73724232870433
EK202310229880,146.87862803612094
EK202310139618,154.36146211173968
EK202310166418,129.46839761980124
EK202310114847,146.831959647564
EK202310129128,137.61436675704002
EK202310129085,134.89950264515375
EK202310208641,157.68667054222183
EK202310241385,153.11359585378554
EK202310231427,145.72014948337406
EK202310183819,143.09430881086354
EK202310103894,148.30908854939696
EK202310115562,146.54603208765857
EK202310153110,153.55725211719513
EK202310107637,137.13670992951526
EK202310003429,138.1006388609191
EK202310141699,148.41836921107506
EK202310200793,146.6049420787087
EK202310107984,151.60888521531734
EK202310113752,143.36160333632458
EK202310136157,125.44397538815961
EK202310207954,150.6988069198083
EK202310135579,147.97630632419595
EK202310166104,159.4179798818061
EK202310127366,152.8163695309064
EK202310121696,126.19304087318557
EK202310138993,151.04192187217092
EK202310207033,139.36948678592498
EK202310122660,132.67706800058383
EK202310132081,132.50208683238958
EK202310198420,133.14187766944755
EK202310144336,135.5256870105379
EK202310238656,153.98158338679545
EK202310230161,130.54808884751952
EK202310202206,149.88787871126596
EK202310213571,138.37285157926817
EK202310203092,148.21512689308304
EK202310194418,160.10071290978047
EK202310128430,157.07772145321204
EK202310225153,150.34852644001444
EK202310160344,132.88967512572412
EK202310130554,132.11036725465794
EK202310165569,167.16809427080804
EK202310199349,139.03967670309302
EK202310129160,177.7506698595679
EK202310169725,159.0689417150092
EK202310160348,156.8438227467611
EK202310126901,130.12707706400133
EK202310199923,139.77139597691726
EK202310214691,140.48190308159514
EK202310202989,158.05475932888137
EK202310117244,150.6433582470088
EK202310162223,133.18443759414728
EK202310178451,168.4688098081365
EK202310233563,144.39593240204806
EK202310109378,170.27199263233703
EK202310177478,156.267778171962
EK202310109053,143.80306268288933
EK202310125187,140.61239582342535
EK202320005814,135.16608314718113
EK202310211630,135.22349442123468
EK202310156552,158.3797417147329
EK202310148023,157.42831913673567
EK202310166593,152.9106411479998
EK202310215548,148.6109779444238
EK202310111952,143.2775724544318
EK202310187710,133.75238180009916
EK202310157541,150.4171902408318
EK202310171275,147.46175033384986
EK202310113025,132.990446007232
EK202310197258,153.1265953222236
EK202310112846,158.46815917890515
EK202310127206,147.51986412047427
EK202310115243,145.2808766922875
EK202310124158,146.61795535592827
EK202310145344,147.28933276649659
EK202310115574,143.00716970734518
EK202310157721,154.64363509705947
EK202310122313,141.4642847655392
EK202310139139,161.40195305276623
EK202310225769,133.77635451778727
EK202310238365,123.22707271141837
EK202310237637,142.49771453107942
EK202310109616,152.04733783646122
EK202310133259,150.6812705144273
EK202310228157,144.80635674643685
EK202310198466,145.18728188962004
EK202310106809,142.76286345150461
EK202310165950,156.33840873854157
EK202310128641,142.02187189749847
EK202310148916,136.7531817843328
EK202310114147,141.71107644264336
EK202310232304,131.4605238671334
EK202310188415,125.00822712839508
EK202310232540,149.23872722701648
EK202310207576,133.2637781456949
EK202310231963,140.93600301941694
EK202310229805,137.14035216613883
EK202310161625,141.70408307793716
EK202310223364,142.80218657427602
EK202310145207,168.01991157438107
EK202310154942,145.9967413561938
EK202310177414,161.93001679962646
EK202310151135,156.2418167059099
EK202320005867,148.3179336662138
EK202310199483,141.58182295387107
EK202310193069,142.54719707902473
EK202310231001,127.43940874339158
EK202310153397,135.35512107883727
EK202320006411,136.5014374044262
EK202310178129,141.7035087762171
EK202310158178,145.36895729618797
EK202320006728,152.62957032080138
EK202310168603,147.29579358194752
EK202310188957,139.69156621157526
EK202310134962,158.26074361349643
EK202320006232,148.31647487985344
EK202310216197,142.99545738912346
EK202310205473,134.3042423130686
EK202310177138,136.9703541823046
EK202310003578,134.07494479856794
EK202310125915,142.48156869249624
EK202310163847,146.0502478251915
EK202310175723,136.86846806193947
EK202310167304,143.64228302378206
EK202310231580,135.65084748156374
EK202310224672,126.50469813532914
EK202310231849,158.1802250844405
EK202310118283,136.76033649024882
EK202310108021,136.04598586561977
EK202310244191,150.18193903531701
EK202310176446,147.47101534342585
EK202310153144,158.46013640121038
EK202310192762,145.01107267478383
EK202310155944,133.0058219686418
EK202310122042,147.71214258007072
EK202310139279,137.5630885018227
EK202310124333,131.68111113884692
EK202310222309,142.6004096617768
EK202310237489,140.6328103357295
EK202310225285,139.84701338235115
EK202310205925,144.52367032829753
EK202310146849,127.89727118414885
EK202310155584,140.3293155328653
EK202310127840,131.2523388626352
EK202310159012,135.93061443019158
EK202310171367,144.62454068770222
EK202310179659,141.92813252086285
EK202310147533,143.29019678295506
EK202310134101,138.53265225977103
EK202310167244,147.09661770284123
EK202310134522,148.86453655236738
EK202310188890,154.6694790800047
EK202310152081,159.3371222365292
EK202310168749,150.85698588540595
EK202310185345,145.57188773333775
EK202310212863,153.63292241189376
EK202310104615,132.68299982266012
EK202310188714,139.02917253130968
EK202310148084,148.81880694616785
EK202310211875,148.75972103477824
EK202310134441,156.79169919893351
EK202310187368,138.36082809675474
EK202310142139,144.13806909367676
EK202310216736,165.25043509904154
EK202310148523,132.8106612666118
EK202310177638,142.5679817884277
EK202310191439,144.52367032829753
EK202310184957,141.32742029004982
EK202310229730,140.14344077976907
EK202310171653,146.93684767772658
EK202310119614,154.76546043466067
EK202310193277,134.72843979420495
EK202310221106,132.68244680997748
EK202310196517,131.14843069113965
EK202310186815,143.63669310091703
EK202310118791,139.92929515649547
EK202310236202,144.3458869192282
EK202310121642,143.40290026668512
EK202310228637,143.78760505808074
EK202310171042,148.09564612740232
EK202310218012,140.58692906957248
EK202310238955,139.85272092862752
EK202310169993,148.97911426909522
EK202310227859,131.0258417277182
EK202310175628,145.7917093494264
EK202310225536,132.44024773371137
EK202310194964,147.97433548822758
EK202310170946,128.43135246790158
EK202310201972,124.91602438484144
EK202310204049,147.2947247155736
EK202310238497,142.41518553875028
EK202310231256,141.4628178617073
EK202310231579,138.47077643406513
EK202310174311,136.72211283455627
EK202310192651,131.2541147936885
EK202310114496,145.25668984915617
EK202310230770,124.22505495609218
EK202310242388,144.38231336874523
EK202310114424,147.35723239515158
EK202310166798,154.00314393000485
EK202310246359,140.38378364047813
EK202310165038,139.33900938992497
EK202310197955,133.77410106347668
EK202310121307,154.38490485475546
EK202310151932,150.79485146889945
EK202310242488,144.0591494939227
EK202310105346,149.05460986445752
EK202310133118,140.00538254927727
EK202310125218,131.55067262697062
EK202310104440,140.389334118296
EK202310238581,161.10195304059607
EK202310128830,137.09874937054505
EK202310111289,131.4531042990782
EK202310218154,136.24000020068664
EK202310184481,150.30154013485074
EK202310151857,136.85821044442957
EK202310107393,148.03942740029422
EK202310150289,148.54167464135142
EK202310113235,146.4528311012471
EK202310154628,135.38906101079846
EK202310183234,137.71227876972745
EK202310193060,146.74975289401485
EK202310142940,137.83804815004825
EK202310177291,154.89417180516142
EK202310214941,146.3484377052475
EK202310123810,150.50527759938723
EK202310234861,144.3454993028592
EK202310166088,143.46179440698907
EK202310175230,125.57709161477207
EK202310173351,139.56964425545578
EK202310246599,147.39506309752534
EK202310121468,129.84997805744229
EK202310115870,129.3015072576972
EK202310122689,136.86474666569748
EK202310104457,147.26919373707258
EK202310239958,146.52496338400636
EK202310108834,129.22223191092513
EK202310242150,137.9308130108727
EK202310127460,144.85461704141548
EK202310150161,139.8682258582067
EK202310220593,147.09124310836071
EK202310208892,133.33709848796966
EK202310116640,156.72106170801987
EK202310228102,131.92557399910856
EK202310178599,135.3761764975101
EK202310211615,134.63523139663027
EK202310208762,146.67764920401564
EK202310118517,138.1228486366242
EK202310187114,140.77163269551278
EK202310119172,145.73559505679802
EK202310131645,140.27653505735452
EK202310106254,141.37265629204123
EK202310132336,123.88181472759035
EK202310226404,151.25159731047694
EK202310196510,145.40851728533227
EK202310116508,140.7323879671991
EK202310188534,145.92530328590186
EK202310177793,133.71694796205762
EK202310206591,143.6712154573967
EK202310192097,132.51034276362284
EK202310119525,140.34334487251238
EK202310168918,144.26570903264695
EK202310004052,158.98882870069096
EK202310155004,124.16167056170437
EK202310113224,136.10949702589704
EK202310168827,142.08121903159648
EK202310151452,150.19736674566028
EK202310233171,144.89525333781395
EK202310189316,138.09703110648476
EK202310165015,131.6392415909475
EK202310191520,142.3247051382367
EK202310154021,134.3890166428804
EK202310142035,149.91540807819848
EK202310136677,147.25578066518324
EK202310193692,145.66030980500514
EK202310217638,126.18937841969804
EK202310152626,152.13392926566578
EK202310130527,148.97911426909522
EK202310219621,126.82522260702054
EK202310117231,145.34481337185636
EK202310184541,167.03712946748595
EK202310123337,152.86539641618714
EK202310004825,152.86092562656793
EK202310004105,136.47383141242935
EK202310222141,137.4409949182537
EK202310223687,128.84339446950727
EK202310004753,128.77903877951175
EK202310138231,142.52106869543658
EK202310230297,157.89738805096368
EK202310123109,135.959531087488
EK202310118394,137.53176511910544
EK202310236285,156.97629532615122
EK202310142984,155.5425825545754
EK202310228922,134.3591187631293
EK202310180656,150.95401443124146
EK202310198343,135.80036812514598
EK202310213613,139.0043337664104
EK202310143759,138.51707934630107
EK202310243098,136.50235616522806
EK202310140826,150.36445532776915
EK202310219432,125.4552322714585
EK202310235984,131.96327836692146
EK202310112132,145.31117674305182
EK202310207139,172.33292680418145
EK202310123515,136.67602752133092
EK202310147539,143.86386609260896
EK202310201614,152.5160388069804
EK202310242651,144.6509301648459
EK202310116831,143.61375444286546
EK202310142528,152.31620101846602
EK202310158275,127.76593788172127
EK202310119240,152.4123791009205
EK202310189798,139.79931294037038
EK202310140182,141.9269891594445
EK202310104020,130.636233115262
EK202310144562,162.68303842790638
EK202310211897,132.91190967914426
EK202310209649,154.64662657506418
EK202310224584,136.84929338367564
EK202310149915,165.16073929803093
EK202310205659,145.20431474931846
EK202310150345,146.59366190558026
EK202310228952,132.12059811405808
EK202310126648,150.57727398799966
EK202310243579,127.26468669137948
EK202310164006,147.66199318519594
EK202310108668,145.23412840111365
EK202310137775,136.2427395049863
EK202310233150,128.86917378439944
EK202310152386,150.72538482779572
EK202310166882,136.55272767054586
EK202310231895,152.55824140404525
EK202310170539,148.36624228213188
EK202310115226,127.97851660853357
EK202310214376,151.1392462868248
EK202310137712,135.52077050193827
EK202310186209,146.11040881265666
EK202310205015,147.99007899277618
EK202310106040,132.22599099554697
EK202310170557,156.39349407125974
EK202310201318,141.04369228949295
EK202310230025,136.24718493445357
EK202310112264,140.59466871338617
EK202310187559,154.34922067372142
EK202310126729,148.8701504670845
EK202310208910,138.20747528773353
EK202310131942,135.62305148345462
EK202310154020,148.87419695784172
EK202310245865,148.87419695784172
EK202310192165,138.58296606539344
EK202310172699,139.14591851166128
EK202310157236,152.51283072924394
EK202310131791,150.5002313375238
EK202310200367,152.4123791009205
EK202310152638,145.6644629310292
EK202310229854,135.97216212513223
EK202310176423,154.157627223291
EK202310229737,136.76763242496315
EK202310203806,123.40653786341436
EK202310115409,137.39731943869936
EK202310118234,148.19283211370467
EK202310140636,151.41663511486064
EK202310240942,135.959531087488
EK202310197687,147.51161615138406
EK202310124485,147.47839720453936
EK202310144257,148.60430435308942
EK202310218871,140.11225812100557
EK202310210772,130.0928640296974
EK202310195971,149.82745388521784
EK202310135577,144.02232330748254
EK202310203323,149.11082465141746
EK202310128855,121.3147699685042
EK202310209533,148.48171788021767
EK202310174860,160.377301418141
EK202310132988,134.87891074730973
EK202310210555,129.4182192780074
EK202310229724,140.90967946519856
EK202310159406,154.65653444170997
EK202310206212,133.8659746708292
EK202310105258,145.36027299744063
EK202310197230,153.628734930735
EK202310146776,140.11586748335688
EK202310171620,127.07837294354232
EK202310241357,149.91050690096634
EK202310138908,142.50739092361204
EK202310144141,169.66230921055168
EK202310183530,148.1272992367268
EK202310241996,148.27272257263976
EK202310143198,135.2857615643372
EK202310240754,146.96886039701437
EK202310120793,152.7740006185932
EK202310152995,150.4480868666145
EK202310168076,134.46864310442996
EK202310194434,161.90493890419722
EK202310231667,137.47073897105616
EK202310117230,146.09081818959007
EK202310188291,139.80247943129882
EK202310149424,152.43099422861425
EK202310128832,140.3514446029506
EK202310196168,164.1009254624947
EK202310197883,163.22749915310857
EK202310138276,159.5307710958669
EK202310170757,128.6833625942753
EK202310191340,142.81084797438177
EK202310145811,145.38627888868282
EK202310227194,144.36450736595552
EK202310111485,141.6876929357081
EK202310157083,171.78468966087127
EK202310171852,150.87200806627874
EK202310207366,138.0041970230656
EK202310145654,152.2010590808017
EK202310108850,142.90570786511725
EK202310231758,148.4357871608414
EK202310144301,148.30629027077907
EK202310201304,141.77613799306425
EK202310178159,138.83262449595256
EK202310239482,148.66965194885182
EK202310144262,152.54217628445863
EK202310143929,144.74862296012117
EK202310235952,130.3421822265347
EK202310183241,142.5127334337602
EK202310189101,162.58827566366205
EK202310171584,131.01046675643101
EK202310131328,133.94276328769385
EK202310226641,131.50633134903853
EK202310166552,145.70915210736058
EK202310196910,148.93918141807512
EK202310166692,128.7513294092998
EK202310184651,163.91806686858237
EK202310194347,130.53682457723488
EK202310208716,137.51399959461781
EK202310187760,151.22607402522164
EK202310243524,151.56550658008052
EK202310155787,124.31883925978701
EK202310114204,156.6051660017076
EK202310160396,159.01246138304
EK202310172512,168.6867668920754
EK202310157332,143.30098522559555
EK202310209704,137.87871652486973
EK202310154943,145.9967413561938
EK202310189036,152.065454436099
EK202310133173,139.462810499082
EK202310130199,163.7341631201097
EK202310182622,151.17305841846675
EK202310167778,156.31920126896648
EK202310163301,151.77142472575588
EK202310184220,134.19055389551448
EK202310172679,148.77930824150715
EK202310171532,144.89308369300446
EK202310200942,139.33723689306677
EK202310141847,141.55408354714794
EK202310122343,139.81640461603874
EK202310174760,146.9556313041433
EK202310225953,139.31464309051591
EK202310159867,145.5536277856846
EK202310174529,140.90222541952735
EK202310239197,131.7099228781332
EK202310142275,141.27630592372492
EK202310235069,147.84183290593134
EK202310173910,139.16287680832863
EK202310155908,160.90966328640573
EK202310221001,131.18463227514872
EK202310113086,144.734841801873
EK202310200755,164.14095974280585
EK202310152545,152.16196055312133
EK202310185434,159.7470768695834
EK202310110043,143.32560397321328
EK202310116474,136.9214659660256
EK202310203902,138.42978749502282
EK202310157771,148.06466781540652
EK202310209652,153.7515593546152
EK202310115313,135.90605258918242
EK202310149967,157.64813408891155
EK202310226488,142.90980533341292
EK202310004820,139.04237126669994
EK202310240136,134.05937241805034
EK202310201496,152.51233863309628
EK202310224644,140.63265348392648
EK202310168634,134.35384301814625
EK202310120438,142.3585431217859
EK202310104992,143.60193643340529
EK202310152772,135.57943791304413
EK202310189045,130.9822334559842
EK202310180854,144.590746272503
EK202310162939,140.13923059002357
EK202310202787,155.92951507201292
EK202310132425,128.36601000701071
EK202310106638,145.78403337606682
EK202310130488,150.59231538718345
EK202310216320,160.75521008413878
EK202310174034,143.21783918453443
EK202310167069,137.8271180289283
EK202310119791,145.91804215336032
EK202310191561,141.6234477278812
EK202310141924,143.9130723934683
EK202310155116,138.95197199727295
EK202310194530,144.19240858834564
EK202310148342,142.1731836162259
EK202310115218,135.0969106270088
EK202310208496,136.18478218435962
EK202310242665,149.76268111589968
EK202310247657,152.5849885546928
EK202310228469,142.3217280600532
EK202310233886,161.89632251136226
EK202310169400,147.47765316394936
EK202310161344,155.48462390381638
EK202310236712,123.92202257658019
EK202310118866,143.0854042441103
EK202310221584,150.18152526085032
EK202310107825,136.73514814231376
EK202310110196,139.37609495971788
EK202310159979,135.48449523167977
EK202310195875,137.51889896209485
EK202310163166,145.4617830616361
EK202310206462,150.57513053177624
EK202310109481,128.44367520243736
EK202310245477,121.77110436338502
EK202310129738,158.12046512503412
EK202320005730,141.4642847655392
EK202310104244,160.09729092029673
EK202310227658,136.4700791708309
EK202310227290,156.2264527022623
EK202310201250,151.93738788636225
EK202310170654,133.94871912168176
EK202310225211,143.78767837840425
EK202310181404,139.75945035344543
EK202310175856,142.62377720440702
EK202310167250,146.83592201589252
EK202310225198,142.98525692324534
EK202310247108,150.27457163343362
EK202310228244,132.4053174609292
EK202310206266,145.72630129366644
EK202310215876,134.91179929154558
EK202310130596,139.33579622061592
EK202310224249,125.67201521332954
EK202310154491,132.92495751250584
EK202310233669,155.5849389160744
EK202310111293,133.3334960199953
EK202310120077,136.24493376532868
EK202310190354,148.4895183141839
EK202310180848,143.42406409914676
EK202310206991,142.79659226575103
EK202310127954,139.56166357041718
EK202310125079,129.7040776316253
EK202310211424,147.3836679555809
EK202310134279,143.61062605919838
EK202310206851,131.3014468960267
EK202310164397,136.26585485117624
EK202310235148,157.0941655814386
EK202310190060,177.3127463472379
EK202310240587,132.38952565980745
EK202310234152,128.76139714951933
EK202310161209,169.58164323276281
EK202310187254,143.5078226812458
EK202310219785,134.87891074730973
EK202310160063,145.85630928543964
EK202310225782,162.43846479539334
EK202310166126,147.40051066207192
EK202310104397,141.10371507014207
EK202310195068,140.59480591757836
EK202310148964,151.50756186092738
EK202310105544,144.3306736920465
EK202310190157,136.30919357458208
EK202310177029,128.93321905166997
EK202310134822,158.52172835723613
EK202310188505,147.25578066518324
EK202310131430,157.58768494870876
EK202310197663,144.55792116102467
EK202310150719,152.7396600827436
EK202310004834,148.1621639131192
EK202310200921,138.70594151544182
EK202320005684,142.3331946964116
EK202310179009,124.69562884650674
EK202310248177,146.67543437152435
EK202310132766,141.3483403024944
EK202310237026,146.50020655091407
EK202310193021,137.73708048519876
EK202310190757,151.32652104774525
EK202310173200,127.36486754721174
EK202310219771,144.1573844363757
EK202310109597,143.70465459833443
EK202310206771,159.5737866808449
EK202310127671,145.540406974268
EK202310167676,143.83859376423044
EK202310232944,138.2872174121437
EK202310168061,153.9101442528632
EK202310105714,142.36612599655655
EK202310147632,159.9912438951577
EK202310244606,146.04676903352384
EK202310118560,148.27649737599475
EK202310194271,131.2360921118733
EK202310142720,173.3055828749245
EK202310166900,170.52493396242775
EK202310164794,155.3104924480621
EK202310115042,143.5336670365271
EK202310174373,142.42565274884137
EK202310214507,165.92174041837214
EK202310223225,138.92123802231754
EK202310107151,138.0630319679065
EK202310189175,152.89919685166893
EK202310161808,130.98208663071264
EK202310121994,134.021785308502
EK202310219449,140.34177712292475
EK202310136206,140.034155546484
EK202310111739,150.82341701914245
EK202310229388,136.5916728946998
EK202310224978,137.3267938034539
EK202310149730,127.30068870771923
EK202310163504,137.8036052504624
EK202310156148,137.40731582407096
EK202310150249,128.7705421168806
EK202310224329,141.96834846389197
EK202310147011,146.8534890122395
EK202310192326,140.00429246098957
EK202310245006,141.85680628688115
EK202310224053,141.19755425888405
EK202310228581,135.83291663794535
EK202310113047,145.96309534657223
EK202310149808,149.06224054822582
EK202310175027,127.41601953918233
EK202310234758,131.66202478617566
EK202310175412,145.4111872621412
EK202310132176,159.42479388852732
EK202310205739,137.11687734550821
EK202310153994,133.86645833814694
EK202310200714,153.50021940516334
EK202310247869,141.10229987172093
EK202310186589,141.53144287222784
EK202310145135,150.24613932555297
EK202310193164,147.2080993983971
EK202310222960,142.27708614396659
EK202310116552,148.66487382145255
EK202310123971,164.53486308757354
EK202310113406,142.44056951705068
EK202310234777,147.71488743595063
EK202310109531,142.291187981071
EK202310186502,146.13242621548167
EK202310190436,136.50522471696493
EK202310198804,179.85704326554574
EK202310188371,148.06153663253272
EK202310189870,166.34997056602904
EK202310179411,145.61850900442494
EK202310233363,136.69925240058112
EK202310104971,138.07861752815074
EK202310191357,146.99444214291856
EK202310172762,149.34525854405732
EK202310199936,137.05530753444998
EK202310153452,142.4372938228464
EK202310160325,145.8853315715689
EK202310240026,128.546211609479
EK202310134117,134.97383754484812
EK202310214971,133.86431853410977
EK202310210492,135.50872322154433
EK202310200943,155.89044546090253
EK202310233114,145.62714424799918
EK202310209755,140.182969023236
EK202310114040,146.53385175079623
EK202310231262,141.6425855222508
EK202310196982,144.67967582601923
EK202310168935,141.9523014624193
EK202310209663,140.61079811728797
EK202310171963,157.58977145736606
EK202310128429,158.6253989771621
EK202310243988,134.59796823453667
EK202310131432,138.63851623042962
EK202310170157,155.1738191369689
EK202310135062,158.41089199828644
EK202310180073,156.19735067493446
EK202310154392,152.54217628445863
EK202310211600,142.3217280600532
EK202310221370,152.39449511920867
EK202310135902,132.8548624652064
EK202310248071,140.26261909230396
EK202310140056,149.36239796550575
EK202310113087,148.4418972833222
EK202310140280,160.51277467860328
EK202310231029,143.56136340511063
EK202310003876,141.71091479188132
EK202310110872,155.03753486733845
EK202310110803,139.6469401679167
EK202310234005,146.31457102132902
EK202310195582,143.56428598969464
EK202310216699,133.48190584456714
EK202310161870,146.8581102101744
EK202310207634,147.06141705546978
EK202310154729,140.14148613508638
EK202310119219,145.91870200154247
EK202310216260,131.48458022927252
EK202310241741,140.7634707981794
EK202310127099,130.98949703281872
EK202310142543,153.98838660253543
EK202310159437,142.4677445507368
EK202310139226,136.63667251373073
EK202310145866,141.66546752479928
EK202310240067,143.34345256214482
EK202310242685,123.94871957300974
EK202310158289,143.6019129869313
EK202310145943,143.52027490515982
EK202310196762,139.58576364567674
EK202310141743,159.89583205760493
EK202310222881,136.82889925668928
EK202310170624,124.84906416605308
EK202310139072,153.40081487411015
EK202310168507,137.05078482864016
EK202310141768,145.05925240540944
EK202310111130,133.80680174493855
EK202310217027,143.8588744692802
EK202310224945,139.66197321853048
EK202310188108,144.2691843949984
EK202310200577,167.6280560569086
EK202310152955,150.15225880696505
EK202310184966,144.8033649402806
EK202310133181,138.39768004015323
EK202310209985,139.1790324443249
EK202310195572,145.80619428446414
EK202310199966,135.94046078275576
EK202310109052,139.41824625050873
EK202310173422,134.57707859252025
EK202310216493,148.02126592894373
EK202310234480,145.21180747941085
EK202310239882,138.75117359630298
EK202310151506,163.75023735673489
EK202310231481,134.00819515105871
EK202310173660,132.63409458185777
EK202310124885,124.82650322248568
EK202310226112,135.685777496847
EK202310169770,158.48712444445457
EK202310112146,140.03178673920104
EK202310126447,141.7544912844864
EK202310197865,152.72757601065945
EK202310144993,141.13256219553935
EK202320007830,140.76964774760455
EK202310134803,140.23081669565292
EK202310247257,148.35199507604668
EK202310189213,164.42815278336641
EK202310163523,145.98790171082854
EK202310177884,144.36450736595552
EK202310168374,141.59002341756542
EK202310181460,138.93164981199902
EK202310164324,142.73226783889308
EK202320006373,139.9858955086213
EK202310240516,149.46005077870072
EK202310106433,150.05341639664863
EK202310104794,126.67171652930718
EK202310179826,139.43110793385486
EK202310220482,128.16336854244315
EK202310144501,158.8159423412423
EK202310236116,147.5529796177287
EK202310143566,138.78881804386782
EK202310244286,152.0766855812566
EK202310117364,132.96037173524167
EK202310182812,134.97719795393218
EK202310165290,146.1213765782598
EK202310175655,128.08952643185577
EK202310191765,137.93154007937048
EK202310175575,139.90947966107242
EK202310190556,130.24035324929528
EK202310109849,129.54587473707286
EK202310125361,144.06316896127495
EK202310117657,128.276949369062
EK202310166741,146.7840469260995
EK202310152997,139.83904979669379
EK202310197388,157.24604887254134
EK202310131984,140.88452932715094
EK202310219422,128.74249931385674
EK202310121522,139.47840468427364
EK202310175245,154.86461988731492
EK202310195205,166.59430199907968
EK202310108650,146.16828256547112
EK202310181782,149.05485725093726
EK202310115038,154.3968962412994
EK202310158797,136.79596110848934
EK202310170666,143.65686049176395
EK202310168966,128.0462671260751
EK202310214825,166.17211884786678
EK202310120494,145.37527229493105
EK202310220603,148.4652547636563
EK202310225685,137.2943479597866
EK202310223164,138.8657661562057
EK202310162099,139.00371384598662
EK202310181378,157.53061670434948
EK202310206274,151.99050175987142
EK202310245110,128.6404058000657
EK202310149953,165.65127986005913
EK202310200512,136.34394514670163
EK202310195166,136.2262752661183
EK202310181696,152.3067447020093
EK202310246293,128.3866388828072
EK202310112958,136.17970013934334
EK202310144239,142.74658340420282
EK202310112531,133.2996398697011
EK202310215394,161.51722543199355
EK202310214916,135.68607683881888
EK202310135655,147.4208980962117
EK202310234936,133.23610062270896
EK202310216594,145.05311656001297
EK202310221025,133.90357792131496
EK202310111609,141.21194096031167
EK202310213129,149.5106398301603
EK202310117137,140.34441840712637
EK202310239490,133.91955264398166
EK202310157671,153.09517744485905
EK202310188165,139.56686000222777
EK202310134859,139.40919868976718
EK202310183908,160.62417737914976
EK202310147406,148.70588397985748
EK202310175129,137.06356795329054
EK202310164780,166.14060435902442
EK202310227743,136.53928652587624
EK202310120706,139.60903134184946
EK202310118366,148.32007850429014
EK202310106692,150.6662921254052
EK202310190791,148.51811915196373
EK202310208607,143.4768954974661
EK202310170692,151.7579648306947
EK202310225887,145.70518998732925
EK202310182352,133.58239227388327
EK202310185880,139.8635683817967
EK202310178297,146.78306958310768
EK202310195149,146.05479463206805
EK202310231610,137.38208083307165
EK202310137276,127.13033759492357
EK202310184484,152.72943856259334
EK202310121199,135.37015608428104
EK202310125536,138.5400151205648
EK202310213706,146.58087519419152
EK202310135204,139.9080075621751
EK202310247699,145.47627580075286
EK202310217787,132.25760822668428
EK202310182191,149.78946426358866
EK202310198529,156.4206057443455
EK202310220299,127.00831966829342
EK202310188677,143.98753878128838
EK202310232253,142.64055437227998
EK202310164691,140.65240874018963
EK202310103832,128.1833649473806
EK202310149722,143.84548581250212
EK202310198859,158.33732297463467
EK202310234749,143.16412096836507
EK202310104566,149.81220860379557
EK202310211383,149.1860955817153
EK202310170287,137.2984157906326
EK202310150824,152.2750944013118
EK202310171304,138.89346622748636
EK202310193205,152.23684254895142
EK202320006114,150.79485146889945
EK202310135524,145.65252627211748
EK202310192025,140.31899802325174
EK202310170020,141.4885499918275
EK202310198095,162.01153871189368
EK202310105801,141.07209752550114
EK202310177479,144.00985472193065
EK202310108455,152.7239444061856
EK202310165998,141.07689057660494
EK202310122714,140.90856615888455
EK202310164202,134.2166645941494
EK202310226026,137.23992571484132
EK202310223682,156.55745150971012
EK202310116148,139.84901426501855
EK202310210129,152.9331635809352
EK202310242087,144.81875573085046
EK202310116328,137.81799089666396
EK202310217261,158.5869414731299
EK202310106484,146.1189823612197
EK202310157473,141.5392152516191
EK202310198511,140.76489460827588
EK202310217751,133.91955264398166
EK202310168432,150.90940867193078
EK202310151251,146.59366190558026
EK202310120767,148.94256099204725
EK202310127801,148.34083890680407
EK202310118354,130.49883650140816
EK202310209195,148.39935883070697
EK202310172035,145.68574554523457
EK202310114626,148.88159149369548
EK202310144629,147.21377516663188
EK202310185061,142.37281823939762
EK202310174592,137.09094485364588
EK202310164708,169.2345509380828
EK202310149304,148.1046216603906
EK202310170289,147.76913428214937
EK202310213861,145.2145613213556
EK202310126098,132.99279411378635
EK202310133915,136.51500711229892
EK202310148594,120.48003933264353
EK202310116687,134.4583182712635
EK202310171866,138.86888212227828
EK202310147735,138.70285936062777
EK202310105679,147.60452838250882
EK202310248635,131.12994029584445
EK202310139369,147.61977389938642
EK202310105974,159.24445999079322
EK202310104978,136.37483995799218
EK202310174467,137.5978683983813
EK202310124199,138.94656397344775
EK202310135676,152.3740393821951
EK202310146763,139.00371384598662
EK202310205937,129.348550386485
EK202310135445,152.00497802599543
EK202310109193,138.4629288154808
EK202310161169,145.15709296730182
EK202310204092,150.61836104851824
EK202310202680,143.3527204408317
EK202310172794,145.4788295847929
EK202310217791,134.66531837317243
EK202310158468,149.25155649854716
EK202310149937,154.06952638124181
EK202310166789,130.02960017084928
EK202310159167,143.22502412373856
EK202310125029,136.50714907003922
EK202310203531,141.7789964955045
EK202310181665,124.08718278708892
EK202310142148,151.00365178826377
EK202310166843,160.62888713922482
EK202310161022,128.95815113856276
EK202310118997,145.44661501860162
EK202310239449,140.10546906940607
EK202310210440,141.14036141246063
EK202310205614,141.2754462287798
EK202310179227,133.3913132839643
EK202310143023,130.3947469678331
EK202310178605,152.2532161385785
EK202310151926,160.49836748894586
EK202310205156,155.88996418154116
EK202310227477,146.0799373338635
EK202310118582,147.71488743595063
EK202310145669,153.79775321014802
EK202310181578,153.58878834925045
EK202310193806,148.4439691235115
EK202310233863,137.07115651610863
EK202310111982,132.62982003792771
EK202310228092,135.5918350441176
EK202310117791,130.72337207583297
EK202310174095,154.55715330675278
EK202310199167,137.7687507799273
EK202310147864,145.06384486265614
EK202310136545,143.6737189388385
EK202310004781,128.9107267968671
EK202310110648,132.77643838653015
EK202310187608,144.4383788724956
EK202310212121,141.54393465491205
EK202310200654,140.48654145357096
EK202310110670,126.14728532246764
EK202310148332,152.68446928159517
EK202310198602,148.53829157822335
EK202310162570,151.56693776608455
EK202310105840,142.07524480235693
EK202310216931,155.70914571868354
EK202310152841,173.65833838148632
EK202310107705,148.77231054419244
EK202310178316,140.24955645483644
EK202310147750,125.38430110862123
EK202310110434,142.37578020685848
EK202310219134,133.2628471453105
EK202310207502,132.39882047466423
EK202310137524,157.2702603805045
EK202310237806,137.08571633523823
EK202310248546,138.9042898100164
EK202310246510,153.13189232840583
EK202310215312,142.45545291590994
EK202310135935,131.60746028307142
EK202310246337,133.8745556982844
EK202310133292,135.3761764975101
EK202310208105,143.37222401947716
EK202310221927,155.3104924480621
EK202310185220,140.31164484363194
EK202310195012,149.12488047924057
EK202310220382,140.34700699659066
EK202310228071,134.57263222384722
EK202310139303,150.00426348614982
EK202310146446,138.7720206855057
EK202310113629,141.60794667111145
EK202310121125,132.195166492715
EK202310179172,150.65504234577912
EK202310135030,157.21180131660162
EK202310154871,142.0896508874394
EK202310104446,141.04369228949295
EK202310112990,138.44143477050054
EK202310189753,148.46397354952427
EK202310239147,141.42613343883033
EK202310170148,156.2596806431473
EK202310227849,149.5438028966282
EK202310206204,148.44887389541083
EK202310160122,127.25020559308011
EK202310131964,134.05855185778307
EK202310111949,143.9682223253271
EK202310122396,119.20848254584314
EK202310187780,144.78307461583861
EK202310205438,139.8948999245439
EK202310153038,171.9543837509938
EK202310152163,154.68673878609476
EK202310192310,126.8759608425678
EK202310174795,147.50641791445202
EK202310193009,149.5592807831694
EK202310150434,135.1402326589322
EK202310118338,129.5078047006821
EK202310197441,147.47776001006963
EK202310142091,159.36065208962617
EK202310117239,138.72065037899478
EK202310179745,135.44381007539172
EK202310219687,135.41181775202404
EK202310176027,148.70537359002537
EK202310104893,141.01986539074713
EK202310227192,147.6994209350889
EK202310146856,135.25976237572578
EK202310107173,136.77041642623945
EK202310211813,131.61280354664524
EK202310188253,141.87795751410104
EK202310233335,132.8811187577968
EK202310217329,146.5902023556013
EK202310155219,131.70521299249953
EK202310157321,139.01840276586051
EK202310153713,140.61239582342535
EK202310120830,141.01189342936337
EK202310229321,150.95401443124146
EK202310130365,148.44447301798937
EK202310202308,159.56818317030255
EK202310203388,161.9481738645598
EK202310185835,145.31019726451547
EK202310188805,164.9939207913343
EK202310159594,159.82431023437925
EK202310147573,128.6439345070418
EK202310190109,141.1846278250507
EK202310180140,144.31103661141535
EK202310149775,150.5712207270888
EK202310238274,154.5657149789664
EK202310242923,139.43708513880827
EK202310107321,128.79847286658395
EK202310204141,136.09705753641651
EK202310219133,142.4025692737233
EK202310139067,154.25793389663843
EK202310140520,135.9216421635234
EK202310248527,154.15519308462487
EK202310003682,138.1613723026096
EK202310162432,150.2822306007693
EK202310179950,161.21632072336803
EK202310240868,137.92770023929168
EK202310116267,155.2960962185604
EK202310221765,133.34725434465838
EK202310173563,142.4912142285755
EK202310143455,108.92302601456761
EK202310207343,148.00716416091373
EK202310217689,135.51969826490367
EK202310146102,129.41653925390227
EK202310168973,134.16768012831045
EK202310222519,138.28517480259353
EK202310129680,134.43589437713004
EK202310178200,150.56786451691787
EK202310170870,140.41042878540875
EK202310126872,154.07855320910642
EK202310148891,152.91304219700797
EK202310173852,135.959531087488
EK202310125523,138.6146729338169
EK202310159491,148.59157897164374
EK202310157366,138.8901635166876
EK202310178992,147.29635841931366
EK202310143866,131.279560479173
EK202310152326,138.44446794591587
EK202310202864,152.89696432891228
EK202310218888,148.25254984654376
EK202310209358,130.14127133620065
EK202310227775,146.40448580946185
EK202310186270,152.95429923777027
EK202310203414,153.49851262478774
EK202310225866,146.46290624387083
EK202310234055,130.58990404984795
EK202310129825,147.26040539804725
EK202310209772,144.31654739871772
EK202310182146,156.38878092634405
EK202310180456,149.7293201391307
EK202310182353,137.23094150067058
EK202310199926,132.14664919437115
EK202310226078,141.13350542120372
EK202310212125,134.64074120304585
EK202310149668,154.5039259743889
EK202310234903,138.8086820441568
EK202310205875,141.14191886052495
EK202310157799,139.5763537274363
EK202310211749,136.33158824359873
EK202310224314,158.04044488151035
EK202310124274,129.335167576019
EK202310127800,159.4263800197232
EK202310238415,137.73433672834497
EK202310229891,139.61371950421469
EK202310145946,136.1379967962016
EK202310181109,144.11635534227827
EK202310147129,145.51943595978264
EK202310178177,150.79485146889945
EK202310113395,146.89620794344376
EK202310217919,146.36626971367252
EK202310154751,148.66487382145255
EK202310130965,149.92051705366708
EK202310190874,148.967646659091
EK202310195521,146.0577967665703
EK202310201613,148.27664123883682
EK202310214697,148.4954960823102
EK202310191560,150.0090587383947
EK202310121406,140.2348085051031
EK202310114089,131.8564352336226
EK202310159340,137.33141510242842
EK202310113700,139.77310410309482
EK202310126654,132.69298325496675
EK202310144476,147.1040289465372
EK202310131321,136.45965755944306
EK202310187814,144.07922271086352
EK202310220881,139.45093191248054
EK202310189638,156.30674998906116
EK202310178407,161.6479690053715
EK202310180651,152.74027524086642
EK202310239749,137.4990135255492
EK202310171046,148.32007850429014
EK202310164907,141.39794987842325
EK202310147112,153.5013308427123
EK202310181779,145.61334559941372
EK202310177716,147.63889561499767
EK202310211440,147.82376506698682
EK202310205701,154.28600401758194
EK202310116151,121.69273544797221
EK202310183859,161.10501787863612
EK202310135998,159.05897508955312
EK202310201975,139.77613960328713
EK202310170925,135.0252915174344
EK202310104593,139.86675785855417
EK202310110432,148.62127510869684
EK202310129862,131.5134564772696
EK202310189525,147.8788924649829
EK202310111229,146.8029627610163
EK202310188865,138.4021632171289
EK202310146283,137.6051200592501
EK202310178823,161.6554029812449
EK202310147049,146.28520328865167
EK202310221900,142.47717714338648
EK202310182664,155.88996418154116
EK202310115895,130.0391220694398
EK202310137882,136.5168645589889
EK202310142987,163.2303484540352
EK202310230693,138.33430163543827
EK202310105910,136.58133731772375
EK202310176888,143.0670310749316
EK202310179407,143.44448755521628
EK202310113511,145.43758611280944
EK202310226410,133.56049946226767
EK202310194828,144.3435294596779
EK202310209526,152.84849160658104
EK202310232266,137.9519692658013
EK202310190901,147.3722320643951
EK202310120320,142.98578778038183
EK202310109391,138.06559766552394
EK202310126276,143.31173229226846
EK202310223714,131.59097379432492
EK202310211517,148.7192881811587
EK202310110636,133.49519696804083
EK202310235623,136.20925729499615
EK202310186004,148.71761191608962
EK202310004261,137.50523349721442
EK202310193375,162.4177375838525
EK202310218449,127.91905912195412
EK202310179058,146.73538100868402
EK202310133795,131.78521206383948
EK202310164408,150.9494855168611
EK202310159492,158.0311681071078
EK202310214283,141.54456287716846
EK202310133551,144.90073426444312
EK202310190061,160.73399099378312
EK202320007557,141.44353209769505
EK202310114241,137.51399959461781
EK202310203894,144.32375416013102
EK202310186487,153.22266802632836
EK202310004631,141.24460487481412
EK202310172845,135.88263378825377
EK202310124858,138.1338484751061
EK202320006937,143.46853072318024
EK202310164626,152.51375700495996
EK202310109948,147.74695512069374
EK202310112053,132.98744622366715
EK202310184712,139.3302759444395
EK202310122821,145.51397256520877
EK202310179754,146.37350668052943
EK202310230071,138.14835049382788
EK202310169385,157.49968411055187
EK202310205297,137.5935714267427
EK202310176789,136.42932750249548
EK202310234641,125.63416523544106
EK202310216672,150.2288626362282
EK202310218187,151.59540379777107
EK202310163653,131.09743666327043
EK202310173938,135.96015767457453
EK202310144779,136.42507616990738
EK202310105452,139.49495918295793
EK202310203289,141.46546011420176
EK202310244916,149.36239796550575
EK202310212913,145.25329569659522
EK202310195593,158.02250381887808
EK202310109392,146.0577967665703
EK202310239794,152.61585371637102
EK202310156466,147.3556862195294
EK202310234091,146.2754171299817
EK202310202246,152.61547563280007
EK202310208070,146.16924447587505
EK202310199529,138.60596948123236
EK202310191597,142.8902973142903
EK202310232873,158.96041273930484
EK202310245305,151.4863130731042
EK202310196018,161.41475593055452
EK202310205608,148.71596356352126
EK202310211776,138.16427710092154
EK202310219819,135.89189204516904
EK202310152910,178.97958907678387
EK202310244549,146.214830646238
EK202310123421,149.3242281934752
EK202310205600,144.21657976276373
EK202310219535,145.81768527442475
EK202310247105,127.70551671191095
EK202310223625,143.6693402637065
EK202310135177,148.3882738989033
EK202310167858,143.9212314345354
EK202310193232,130.83613838677843
EK202310144624,132.35117028773604
EK202310132627,138.23976692131552
EK202310213967,145.02762593826517
EK202310236061,137.90295029150226
EK202310177659,165.50064918449772
EK202310145236,150.65175332529392
EK202310118399,131.54628373724307
EK202310215365,134.73425495304758
EK202320006049,139.1562396318454
EK202310185900,133.74369873047084
EK202310133957,163.3397403501175
EK202310234170,133.66340723850652
EK202310126261,132.479892825458
EK202310118103,173.6731967506741
EK202310118678,135.86996260126745
EK202310113678,144.7288222261675
EK202310111849,144.89281535983258
EK202310218593,142.55030074328437
EK202310145457,132.11902117595332
EK202310174907,146.8320068933373
EK202310004460,137.3878385724286
EK202310194109,139.69258618792773
EK202310108378,129.42206779342246
EK202310200664,147.78493363357714
EK202310167993,140.34458931532126
EK202310157089,149.96517250804249
EK202310210287,146.43397637266574
EK202310148250,131.77220398491858
EK202310207303,144.82604978394255
EK202310206507,142.30106163056294
EK202310243704,137.4428513212411
EK202310179019,130.79044128005654
EK202310243866,160.7489150399845
EK202310137648,145.3550397827566
EK202310173887,141.36087474163602
EK202310235491,157.25721428268727
EK202310212645,138.32757191393813
EK202310190281,150.72987061004775
EK202310220934,135.92611992144577
EK202310230719,133.41736825231825
EK202310201074,139.03494173525706
EK202310178051,137.90596295834877
EK202310181204,143.21151737908878
EK202310135829,153.8312176189772
EK202310170445,140.37276983865607
EK202310238141,131.3346459015994
EK202310135822,139.3827143435007
EK202310227546,137.93793855972683
EK202310140976,149.76763890943442
EK202310246668,152.13543829431947
EK202310105632,146.01888624916592
EK202310109270,156.76484280267292
EK202310131782,143.97856015946704
EK202310233567,146.46137035054693
EK202310161598,135.6094129517837
EK202310110724,134.69724053499775
EK202310229148,154.32696039397706
EK202310159146,139.36974449956523
EK202310195696,144.05240180228847
EK202310117218,143.5534781679144
EK202310205895,146.16127334087895
EK202310194401,146.9828230844596
EK202310126710,144.4011107789779
EK202310152278,155.6448697527002
EK202310190916,148.8778787795828
EK202310110549,132.22952678606777
EK202310177514,152.51366660028117
EK202310175686,150.87164789967676
EK202310223432,143.6230358111791
EK202310244466,140.37957164941903
EK202310134231,141.34630647524313
EK202310236274,137.72186621550821
EK202310195863,156.52279743267843
EK202310241144,155.76550413696148
EK202310202269,144.03002703544752
EK202310231316,142.79476305748318
EK202310211605,140.29923741946547
EK202310200954,156.71327129316825
EK202310224489,134.80856653305383
EK202310165476,143.03163606249365
EK202310204173,131.59561978514066
EK202310178369,144.99212668964748
EK202310170774,135.2690055890022
EK202310205764,141.1116473008925
EK202310236659,151.74606249149156
EK202310170743,139.81297615160577
EK202310136793,151.40834428941596
EK202310187675,150.5658492587933
EK202310156962,139.52697705428983
EK202310216942,149.92737077263857
EK202310168321,137.51768078153154
EK202310243793,138.60932995280632
EK202310235437,148.91621574914174
EK202310118510,153.5722309704759
EK202310139337,158.01421457530304
EK202310120961,142.46224240716808
EK202310214076,139.3758419370101
EK202310241228,161.72261446539034
EK202310212101,146.13536653180992
EK202310199696,158.02505428760813
EK202310163542,151.66880211773181
EK202310232836,141.4150836943156
EK202310189334,148.0825768210741
EK202310239101,133.59703012273553
EK202310156523,147.0185269070174
EK202310201002,146.857883797971
EK202310003364,138.5284995183489
EK202310179389,142.89487763574033
EK202310163130,136.0549807742768
EK202310232481,127.57378333196587
EK202310186459,137.6377324687905
EK202310164481,143.8096322830304
EK202310169941,151.44619490132098
EK202310131128,158.07310100553224
EK202310228174,126.90213618284511
EK202310173249,141.46875243854532
EK202310202077,137.69076099339577
EK202310225477,147.09910366858674
EK202310247572,149.54684541271456
EK202310181799,141.62882007293476
EK202310119740,144.68696260289977
EK202310131395,141.01986539074713
EK202310224529,135.58542403863046
EK202310156156,154.51301058513337
EK202310200552,174.42898487055172
EK202310169146,151.18555675794744
EK202310143038,138.17183043401224
EK202310170406,135.26525136925332
EK202310200533,172.32333913132908
EK202310119387,136.22120187734237
EK202310202355,121.70754538766084
EK202310225013,132.85123696524616
EK202310214250,146.67349359815728
EK202310210556,131.98914798506303
EK202310201139,171.03698635551524
EK202310130429,139.59966792491406
EK202310224863,148.50805268287962
EK202310153482,138.62655433070478
EK202310241062,148.8404871954615
EK202310164485,144.34619411101468
EK202310245636,131.3605169928236
EK202310157534,140.05950314469362
EK202310229118,136.21218908920065
EK202310171426,146.4753956633236
EK202310210127,145.68677919748353
EK202310111733,158.79821164150903
EK202310141203,141.57456042414412
EK202310232387,146.76701361516322
EK202310188639,140.61944021649435
EK202310190835,149.75836565358696
EK202310201801,153.15921009390328
EK202310175974,150.99609200087974
EK202310187326,131.65669375726853
EK202310212155,133.30622693401602
EK202310151022,156.9158809624727
EK202310211125,139.72510039575764
EK202310219268,136.57833325454413
EK202310110245,135.56692856223296
EK202310238069,139.44342557763196
EK202310199559,147.73392882129005
EK202310167739,142.72118016831166
EK202310142979,135.1806551180566
EK202310191202,141.693365846811
EK202310144654,174.09068817256264
EK202310224039,141.23878691608124
EK202310150921,143.49638346141597
EK202320006004,143.07304065272334
EK202310108116,141.4642847655392
EK202310226608,135.52849441121046
EK202310237947,143.47615790270046
EK202310245724,144.68536418025167
EK202310216589,131.61225455542564
EK202310242883,147.8997610476794
EK202310192702,133.360175907963
EK202310168445,140.00331168240822
EK202310205542,152.38395399528017
EK202310150929,150.70770680993547
EK202310173039,132.93669648513048
EK202310139742,116.72737004678145
EK202310138564,139.44050496257205
EK202310145764,143.6712154573967
EK202310148134,150.87329504056962
EK202310180451,147.03931823403718
EK202310149802,149.34525854405732
EK202310247608,159.54514034097997
EK202310130999,137.68580270785225
EK202310141610,141.4642847655392
EK202310224015,156.69419807309623
EK202310229698,148.96955808976054
EK202310197753,149.8312879399567
EK202310152255,153.72499530531317
EK202310133838,157.90196234342827
EK202310192249,183.29609162717435
EK202310195834,167.23408514583127
EK202310186510,149.2899612179848
EK202310177054,146.03027374824137
EK202310107524,138.355791827952
EK202310128174,150.84302979572962
EK202310187413,156.75532099519253
EK202310234580,140.4196414423657
EK202310104409,155.4642399368992
EK202310125276,138.62727432311618
EK202310113893,141.74069290266584
EK202310179353,142.00475998744315
EK202310240438,135.79096922886342
EK202310229420,148.85609060984115
EK202310116112,131.1357210312436
EK202310117942,146.59727470478214
EK202310163339,134.27845668150295
EK202310166509,135.92908908248506
EK202310185556,132.03235952169675
EK202310227524,145.23089371161979
EK202310109010,162.92935182301565
EK202310183425,117.25464992570969
EK202310191714,159.96928449134828
EK202310155039,136.72737948785834
EK202310169140,155.80816895548153
EK202310177573,144.71134628328872
EK202310170318,140.89945495052
EK202310207697,145.8562728191525
EK202310199740,143.24016039753212
EK202310149864,143.40060643255603
EK202310150264,138.85480642459208
EK202310189933,135.73133298280126
EK202310218127,144.32081807789638
EK202310108083,139.46928692971375
EK202310154872,143.11539761852373
EK202310160785,154.49900821957095
EK202310206282,143.75457471405275
EK202310124253,146.75225785391603
EK202310196633,136.88765582106572
EK202310105966,139.00371384598662
EK202310141033,144.9918190287912
EK202310197213,136.24613541866069
EK202310206024,120.71629273212683
EK202310113110,137.6655950458833
EK202310114366,150.95401443124146
EK202310133810,150.17253239434444
EK202310135192,151.0474147893894
EK202310233334,147.2033030879952
EK202310148079,144.53626530860367
EK202310109276,136.5286260578095
EK202310124568,146.74323918886253
EK202310162273,138.78403395526155
EK202310126242,133.2053142035875
EK202310106288,142.92504305934594
EK202310190761,151.8153164137662
EK202310003653,126.73911644465196
EK202310111116,137.7539171949712
EK202310193002,150.4069662869843
EK202310107463,138.32875989014008
EK202310237608,144.49946022361513
EK202310213418,123.74708972175651
EK202310204153,152.57027560025134
EK202310104707,139.18634810310087
EK202310238820,128.30219762846428
EK202310141697,153.8634659258786
EK202310178269,155.36924147561564
EK202310229367,139.99243661697807
EK202310172017,167.11719684575763
EK202310223139,129.70779023615742
EK202310125096,135.3081952325932
EK202310143070,149.15410591530596
EK202310234470,144.09896979298523
EK202310131911,133.05488648214336
EK202310176053,150.12874722582447
EK202310158201,146.5671699856008
EK202310113896,147.25578066518324
EK202310217246,130.9424824544471
EK202310202878,147.6981578405902
EK202310179418,165.0629168485716
EK202310106198,130.01593849448565
EK202310130287,152.37004348961528
EK202310203618,138.0909484773876
EK202310144069,139.44656697892134
EK202310225997,158.28179514941624
EK202310137087,136.78524946907592
EK202310114093,140.54980584834877
EK202310125025,135.1352758203059
EK202310169960,145.1615670490237
EK202310211027,152.0267157410066
EK202310156374,145.7966838600441
EK202310184239,144.36450736595552
EK202310193887,144.13704917633925
EK202310169120,145.55471639165663
EK202310214116,174.728453129792
EK202310004097,127.0475059965283
EK202310156682,137.88932586933967
EK202310154604,154.8994161180728
EK202310218245,144.8005584077199
EK202310224853,123.06710047205127
EK202310164480,144.92455192764422
EK202310130017,140.26652444380767
EK202310142314,141.81451609558925
EK202310104271,159.64833035689438
EK202310245758,133.63921053302616
EK202310229784,142.3724673401873
EK202310110502,148.30544548837727
EK202310121032,161.83344927005916
EK202310233632,158.48935115308925
EK202310126266,137.96574113736537
EK202310109825,130.5587171829421
EK202320007054,148.43308808656982
EK202310166953,139.23142664804226
EK202310227160,143.32328393070708
EK202310215524,152.37796435968096
EK202310221415,148.32380881282143
EK202310224669,141.7628884595008
EK202310182834,148.7246879090719
EK202310155348,142.26406538816596
EK202310186571,140.78064143826882
EK202310130542,137.62518915119463
EK202310108675,127.70121081500972
EK202310147107,148.98329687362414
EK202310175270,133.54931433410115
EK202310223760,135.14547844920938
EK202310124746,137.46817202007335
EK202310170040,145.78385485025964
EK202310004065,129.4457849762621
EK202310221363,135.80036812514598
EK202310209500,142.53567947820903
EK202310178304,148.93686729522457
EK202310133005,148.3899305297882
EK202310120850,127.76406937006662
EK202310213264,146.21153457399564
EK202310149096,151.32280059583374
EK202310177683,143.68777299186544
EK202310242597,136.89533822655446
EK202310177919,150.75501243900604
EK202310134733,148.38587420545443
EK202310181823,140.9524843385505
EK202310136672,154.59152593524496
EK202310151585,142.14389203032573
EK202310117995,133.1107495847811
EK202320007252,161.40002818347526
EK202310231786,133.05126902490758
EK202310241673,132.07208878187964
EK202310161732,159.4154337938074
EK202310161656,161.26045286940587
EK202310212063,128.4676876352626
EK202310217895,147.00675097162002
EK202310138774,140.04368488706217
EK202310126590,128.15874894217043
EK202310123141,140.74555011556464
EK202310224982,127.1118598036946
EK202310206262,150.57680317837273
EK202310139370,131.14814654151755
EK202310224820,131.34256866769252
EK202310130273,149.23309139211972
EK202310133523,133.23531022248667
EK202310239621,149.03819155549914
EK202310190678,147.2993168125686
EK202310125061,137.4831458957173
EK202310234940,142.42374223346278
EK202310178076,136.95175312308493
EK202310153610,161.42255535355278
EK202310179234,164.02249656792483
EK202310159634,130.1656936627079
EK202310186548,141.51336231094012
EK202310135839,148.03291059262602
EK202310136969,145.65469365165578
EK202310145737,157.39614629211326
EK202310164062,142.6689731622849
EK202310237524,137.5777081973779
EK202310225600,133.4954584183676
EK202310130766,136.82503521986698
EK202310198060,126.71969816582921
EK202310202900,133.29840519397297
EK202310180295,142.00929109867837
EK202310161819,147.74875753646307
EK202310182490,142.73801427693127
EK202310151915,161.2417007765947
EK202310114135,147.52809668185913
EK202310155620,135.62815681504756
EK202310156539,161.82714808814956
EK202310164137,157.00234906213507
EK202310172602,150.2822337743948
EK202310161051,149.3291691280914
EK202310225217,165.2574719008661
EK202310220749,143.87332301028997
EK202310135024,156.7036413306711
EK202310236167,132.26885121441114
EK202310106428,137.29172614345606
EK202310191224,142.29203488914183
EK202310126171,146.77112015357568
EK202310152423,141.29604804723786
EK202310168273,137.49095617821223
EK202310129168,147.1521850665097
EK202310176927,149.44001968383583
EK202310172428,173.67464088196638
EK202310181185,148.00667861579933
EK202310004161,146.5635659726196
EK202310221234,138.78991055405268
EK202310161711,147.66166404870458
EK202310240221,142.08365849727775
EK202310222828,142.37344857760073
EK202310210279,130.03898800902041
EK202310170097,142.07658402972964
EK202310188723,157.81812369316378
EK202310166478,155.1962334751554
EK202310221027,151.4863762995062
EK202310114979,149.2676702335911
EK202310242042,139.12811579792034
EK202310140021,132.9918532005719
EK202310130000,164.1687969703177
EK202310186640,139.00019488620993
EK202310004760,123.82388455031428
EK202310122844,149.51988516976
EK202310153842,132.34095741951393
EK202310177802,138.08134670718118
EK202310004581,145.75224904682653
EK202310246710,135.32185392689368
EK202310113952,147.25578066518324
EK202310151035,134.56065187742016
EK202310216428,143.79674137905252
EK202310144070,163.8842627120468
EK202310169605,129.12961128905374
EK202310159620,143.06757460188248
EK202310105550,154.0584123904088
EK202310240970,152.27183126627224
EK202310182151,143.42291930503507
EK202310231587,146.55199547156627
EK202310118075,132.67409482273084
EK202310133019,133.17126598968377
EK202310206992,142.10604030003108
EK202310220008,140.74908423245856
EK202310234156,123.01913202549318
EK202310162641,155.54042217141821
EK202310142907,143.95546490089993
EK202310154115,133.23134518767566
EK202310130815,137.4012638621472
EK202310150846,124.71661077864714
EK202320007669,143.6863228501601
EK202310227486,142.25383103952055
EK202320007572,143.03176448533037
EK202310137639,138.2919396870048
EK202310103836,130.83628469914336
EK202310202037,161.71824921893756
EK202310223420,135.09466550141033
EK202310185672,145.06066349803515
EK202310229956,143.81290387126097
EK202310183246,150.81458594537892
EK202310138498,151.72648446748147
EK202310191631,147.89525241157506
EK202310197089,145.59201911504755
EK202310133822,124.83691828688634
EK202310245494,138.19503939671597
EK202310207684,131.10818414853603
EK202310170631,139.19294023698382
EK202310230054,136.3957301538841
EK202310229119,147.06199512334427
EK202310162261,145.7345812366583
EK202310134206,148.97911426909522
EK202310126114,133.13125980442055
EK202310202130,140.0014352632675
EK202310201610,147.03167914127476
EK202310140475,136.84002356895897
EK202310134356,145.45627433250016
EK202320007186,149.47873555696304
EK202310120790,138.7322065735348
EK202310245157,151.37207131233504
EK202310208016,141.93553183981456
EK202310174476,145.84145360650692
EK202310188403,151.15570711542384
EK202310142082,145.80245576374887
EK202310126792,141.93156995151134
EK202310182973,140.3975039635429
EK202310236318,145.5853780712245
EK202310191185,149.07230096333367
EK202310135600,136.29932988940678
EK202310212912,148.24724930421536
EK202310109044,147.59928940897572
EK202310220665,139.87549761369777
EK202310209857,148.62728279420153
EK202310136210,146.214830646238
EK202310241948,147.0659487497381
EK202310147383,138.9369355568088
EK202310119158,142.13796093367603
EK202310225656,134.9503146003867
EK202310115771,143.25954037013815
EK202310115861,138.34651621516554
EK202310156104,148.14968131236478
EK202310168339,145.01798263290164
EK202310186770,146.27933127521945
EK202310227679,139.49495918295793
EK202310198604,153.5722309704759
EK202310126896,162.44277914260962
EK202310119992,133.06294465011533
EK202310194849,128.55645856771807
EK202310224912,146.09717909755693
EK202310163124,131.29345455511088
EK202310181144,168.95910304372978
EK202310147897,142.935612267033
EK202310177921,158.53790936722447
EK202310199607,144.19158795366823
EK202310172680,135.16046881929793
EK202310129543,144.23376980941964
EK202310161704,142.77066326943125
EK202310193784,151.05441701314672
EK202310243291,144.9798305790039
EK202310208991,137.52382390417964
EK202310140086,139.80743895397825
EK202310136481,127.27327505626096
EK202310178220,152.57027560025134
EK202310210109,153.59765269791188
EK202310128687,134.77996828836348
EK202310213632,147.39407749797357
EK202310215453,163.97343645582038
EK202310235764,140.51041950082353
EK202310216758,154.38490485475546
EK202310163056,154.46281546759727
EK202310125899,143.17843692424512
EK202310180181,149.5193939181308
EK202310224630,143.53884083972153
EK202310118929,146.19736287988204
EK202310178808,164.47827820167842
EK202310234570,141.3874194516134
EK202310127428,138.9933458145876
EK202310213472,145.31428310682983
EK202310192759,146.37034532676643
EK202310210638,140.51257158494752
EK202310104955,141.2921204589793
EK202310124793,133.0862527887529
EK202310154265,136.34263580181556
EK202310136853,139.82493417238175
EK202310160020,138.0041970230656
EK202310129715,158.15943612563498
EK202310208844,138.24254535548693
EK202310165769,140.30731989501166
EK202310119276,150.97437099255671
EK202310155853,133.72606446847232
EK202310148019,147.76351895876834
EK202310158588,147.25578066518324
EK202320005915,143.35204026872145
EK202310139760,136.98905108716167
EK202310235740,144.3392948197127
EK202310163003,149.4379875466393
EK202310166151,142.77624428519707
EK202310205151,140.41346774093535
EK202310163809,139.81150313074804
EK202310195046,145.83511984100093
EK202310190606,139.38182797257184
EK202310201185,174.42309082155205
EK202310244204,135.55413820466921
EK202310221873,148.75803935307655
EK202310213079,133.44568159096005
EK202310167878,133.77171448663145
EK202310108748,141.59539249559384
EK202310231105,132.0334481020906
EK202310162450,144.86812725280768
EK202310106681,141.73982603206738
EK202310175585,140.14148613508638
EK202310216131,124.11011994687318
EK202310247112,134.20149387590934
EK202310133778,149.2848039364741
EK202310226737,149.4241273099919
EK202310149352,153.55725211719513
EK202310125918,142.69566790120402
EK202310163682,143.23336066323603
EK202310189571,153.20012675330537
EK202310128706,134.7066846745484
EK202310227554,145.43613145197548
EK202310149106,144.19515368466318
EK202310200290,138.4399383108764
EK202310192844,150.03028993219212
EK202310229985,126.3226331261721
EK202310196907,131.24429985450277
EK202310148131,147.22326451151827
EK202310223289,136.4065795455471
EK202310169529,131.39281772353627
EK202310169806,159.82245900656514
EK202310212585,140.77163269551278
EK202310196857,171.09105310859
EK202310190419,138.3894031346527
EK202310219008,141.19049541416214
EK202310142486,134.81099731182402
EK202310192709,157.75541939443727
EK202310182822,137.97222197798754
EK202310136899,146.79717324521962
EK202310115463,134.518507645806
EK202310146582,146.04380145532235
EK202310132422,148.2496663356448
EK202310112592,140.98955689607797
EK202310226203,147.21377516663188
EK202310121586,151.8316739063559
EK202310181107,151.60888521531734
EK202310213474,142.97996051966152
EK202310138830,146.6373036707994
EK202310168849,141.53350634851225
EK202310229317,145.9181871212863
EK202310204390,136.69304144244393
EK202310192992,146.86915248845096
EK202310152280,151.9690639026033
EK202310155151,153.80806913062557
EK202310174087,143.77881282644043
EK202310212165,129.3599000240088
EK202310152752,142.84661264289332
EK202310168592,140.85999159495555
EK202310191895,139.77369034587883
EK202310200059,127.56658846051269
EK202310243745,138.43708586875607
EK202310158852,140.51516782191572
EK202310157579,143.84044149507525
EK202310225059,150.42870719393736
EK202310183337,142.45965762135023
EK202310198264,132.2878847085364
EK202310114412,138.55427730487781
EK202310227155,138.38978141744337
EK202310234975,156.90045188869186
EK202310197349,150.5362905850937
EK202310208018,152.24248631197148
EK202310200505,139.9896973766337
EK202310115897,133.58059687778314
EK202310202707,146.65936951325608
EK202310207442,152.38301332211662
EK202310185479,151.60887448642208
EK202310237037,179.68677374580764
EK202310136200,140.56532390357694
EK202310154113,138.54734090440002
EK202310114492,140.83872158924535
EK202310176297,155.49741886526076
EK202310107640,130.00735164310598
EK202310209670,131.88371570264965
EK202310105256,152.065454436099
EK202310108117,145.0263349711638
EK202310214550,142.09410478795252
EK202310175559,138.43176720376312
EK202310148239,132.0196358904223
EK202310181548,143.80496680170995
EK202310216342,152.05934070155126
EK202310160035,140.38378364047813
EK202310168843,144.94670949131373
EK202310131732,146.51187160838455
EK202310209477,159.61666442325262
EK202310237971,146.0799373338635
EK202310129891,152.98244441963624
EK202310171726,144.63915896700553
EK202310229665,133.588844952569
EK202310204967,150.5285744295275
EK202310174899,129.5925006637071
EK202310116238,149.44297595763345
EK202310114560,148.18965946999572
EK202310238506,141.78867187525734
EK202310234905,142.65405418956183
EK202310229020,138.33150735702205
EK202320006240,160.95056770274576
EK202310142292,143.6506067961092
EK202310150080,176.82494937468124
EK202310159478,146.14689376971268
EK202310158699,147.30083435643328
EK202310245027,154.1200278506173
EK202310152722,136.9847357608475
EK202310233081,135.3226246814708
EK202310246556,146.63587899654556
EK202310105650,127.63812349971467
EK202310190838,144.4898125578212
EK202310218394,152.72064277216063
EK202310118154,136.31588191136402
EK202310131520,153.28458232602028
EK202310139487,146.39409609894327
EK202310146562,135.92342579803932
EK202310205269,158.59343275379172
EK202310139486,148.1272992367268
EK202310106738,144.41479457671247
EK202310196849,127.2867108882946
EK202310181949,154.72143586070746
EK202310201469,143.22710461384753
EK202310163916,133.37725410879136
EK202310221312,154.32350817378506
EK202310138582,153.0342777231972
EK202310135507,152.96838007961784
EK202310179372,120.75699757470248
EK202310004219,141.7345877212452
EK202310158089,135.80442370613272
EK202310150765,135.44601101636547
EK202310191391,139.41178615634624
EK202310112611,145.08030204382328
EK202310107389,150.5031152862007
EK202310233851,151.2695748473696
EK202310151219,152.6634351663466
EK202310232601,140.25484669494318
EK202310202073,153.97230700125476
EK202310225289,130.6658187180948
EK202310166576,134.23733164544487
EK202310224067,138.59078060538636
EK202310136837,141.70473866667052
EK202310177674,147.3189788538011
EK202310246493,155.1138773298588
EK202310183092,141.5183352117822
EK202310109401,146.20941722801078
EK202310145629,135.321727144438
EK202310130973,139.79853702910333
EK202310208348,143.23578531809105
EK202310184342,148.97223263137863
EK202320007150,141.39864711498467
EK202310237789,143.25724902305888
EK202310114883,136.3832338802405
EK202310205366,147.09661770284123
EK202310124191,134.6831151206118
EK202310155262,130.5698649604377
EK202310220998,142.80164664760213
EK202310220544,125.50104675346675
EK202310143757,141.7132575373537
EK202310106423,148.2794422467949
EK202310221380,131.71165462742164
EK202310126488,127.2404877255714
EK202310161364,145.4677349189102
EK202310239501,137.64083360453233
EK202310164868,155.60370136751396
EK202310203126,146.74442390204453
EK202310137546,154.9887394660653
EK202310121376,149.70873802240996
EK202310105109,142.63392392473168
EK202310205221,156.40847249501354
EK202310188382,169.5713291785044
EK202310241423,154.01508253331073
EK202310167391,139.8024302192098
EK202310228119,147.1416450767905
EK202310207564,150.5573052214597
EK202310141877,137.09655956418055
EK202310244134,143.7390265668929
EK202310148484,151.22607402522164
EK202310213947,132.44175470843152
EK202310189815,136.94552141769367
EK202310196971,147.6916078826666
EK202310170035,136.9572204976043
EK202310118616,145.7127907480266
EK202310202991,153.46837528929112
EK202310193605,143.07707849415385
EK202310142332,163.24946488645557
EK202310107201,140.61246973317077
EK202310196602,134.47217894786337
EK202310112787,153.249766234652
EK202310237416,136.18478218435962
EK202310234910,145.3100667109671
EK202310190727,146.59537172621958
EK202310114532,164.79042737747625
EK202310202380,134.08137005697756
EK202310196667,136.4700791708309
EK202310118771,141.88176853889382
EK202310112695,152.25463652782568
EK202310196403,146.1346406824236
EK202310214197,154.84813966846744
EK202310204797,143.2445672064523
EK202310107958,134.29682683484802
EK202310130013,134.4443981298522
EK202310135758,135.83829008062918
EK202310193054,133.97078404020775
EK202310148141,122.98089311891228
EK202310166034,144.6252436815724
EK202310158033,152.45041118109202
EK202310150288,153.60650830783132
EK202310113821,132.02205478712875
EK202310179440,151.10297667551416
EK202310217819,139.1498855669932
EK202310162109,147.06175169627943
EK202310200554,187.96870020435824
EK202310115242,145.62550148694726
EK202310154839,146.19035745841632
EK202310208688,141.9515953841761
EK202310191490,145.66429854532322
EK202310137318,125.14873894746376
EK202310142738,151.9405803802945
EK202310180609,122.91564832755994
EK202310158752,142.72234622232497
EK202310181525,137.36626720728378
EK202310236876,139.26224613218997
EK202310151933,137.3401627017694
EK202310203259,147.40657250982346
EK202310158609,146.9797777712636
EK202310142468,147.1514688471661
EK202310178475,151.96937005225715
EK202310113000,148.64393701932008
EK202310112010,145.03840026919625
EK202310141067,154.5272717217403
EK202310228986,137.0074474161053
EK202310123898,150.78142515562365
EK202310247624,148.40213700826487
EK202310110313,150.8610279995782
EK202310148786,146.15562557029577
EK202310200971,143.32415052164393
EK202310202596,152.55824140404525
EK202310196164,151.0326438351192
EK202310106209,139.90432957419847
EK202310177374,155.63235216988375
EK202310179062,151.83136343628547
EK202310222889,133.37624303862793
EK202310144590,137.26792899406055
EK202310136010,137.50705278887105
EK202310157710,143.23147829492808
EK202310168920,134.63047203215254
EK202310194908,145.07544980276782
EK202310245967,139.43841807485683
EK202310210453,141.57408616805617
EK202310223279,139.2270281366372
EK202310146923,136.31779991517826
EK202310231717,135.20882400187162
EK202310133833,129.1755726688581
EK202310108447,133.47159015393026
EK202310156614,161.0875286096828
EK202310124987,140.96060564100688
EK202310215881,133.53502032893377
EK202310161152,159.14211817284811
EK202310224348,146.6608120974873
EK202310242122,140.3887287801055
EK202310173831,144.6483219731282
EK202310122353,143.23220361506534
EK202310238723,148.38587420545443
EK202310232778,140.74950823855966
EK202310198262,135.728886119367
EK202310206795,142.56201720596965
EK202310105061,152.54217628445863
EK202310147550,132.8586886204623
EK202310169793,142.93132099685698
EK202310174721,138.3130920920739
EK202310197557,160.17578862097852
EK202320007058,148.26237108266596
EK202310201254,140.05778218756373
EK202310243393,148.5797671264694
EK202310225384,129.80478227556532
EK202310004551,144.80270521392112
EK202310187388,151.52547859936232
EK202310221213,143.51811690225873
EK202310206186,135.44672449115316
EK202310118966,145.3241182826014
EK202310126228,137.214470496792
EK202310143806,139.9658433175659
EK202310134776,125.27406269924784
EK202310222461,132.57865266897377
EK202310125996,142.84040543777715
EK202310219494,128.01944941922974
EK202310110685,141.18352278618428
EK202310222225,139.87395460163506
EK202310191983,167.27396655700997
EK202310144685,154.16949864077066
EK202310179138,138.2683547484517
EK202310179457,131.505734659925
EK202310217372,144.81127514464237
EK202310158103,168.45843964271305
EK202310167022,140.94445116042135
EK202310148101,140.752651425273
EK202310174010,133.7208764574157
EK202310247906,171.3557273361745
EK202310146964,152.95620110183927
EK202310195616,143.08468280944393
EK202310187966,145.80393238423022
EK202310172204,136.25899769926355
EK202310201348,132.94794923563492
EK202310125866,139.18815549508037
EK202310107865,146.61795535592827
EK202310116596,143.22174380869703
EK202310247975,159.03355756531647
EK202310118528,140.26352117171254
EK202310148683,143.245015787691
EK202310158367,150.594983178109
EK202310126019,128.92974797573586
EK202310163868,140.96970326647804
EK202310125121,142.73303847076892
EK202310152576,141.1432064168477
EK202310170352,133.50164636242454
EK202310233529,156.18290653419413
EK202310186906,151.0151400833668
EK202310144083,164.6485875028944
EK202310184975,147.35252494720655
EK202310178056,138.96163443768984
EK202310188978,152.88862078899956
EK202310217567,132.91870149168045
EK202310184281,169.7059531702259
EK202310140673,149.60950634810882
EK202310228899,137.94718005180513
EK202310196162,126.14960352505035
EK202310135089,162.2241847839422
EK202310115752,128.95806184442776
EK202310214385,155.21007851327363
EK202310232516,142.4160148935308
EK202310220873,145.31687382900782
EK202310172989,153.45225827935005
EK202310240149,131.0278047143795
EK202310212616,135.3198979193266
EK202310187474,144.71837645818272
EK202310156838,143.75078222823623
EK202310183007,154.5773091727758
EK202310227341,161.2151875113557
EK202310110343,148.79583278239556
EK202310198412,150.98972668370916
EK202310150894,135.18465847569615
EK202310181422,138.1159461057287
EK202310198432,130.528666568101
EK202310187779,149.9514002233501
EK202310159706,150.2822337743948
EK202310127815,151.03853039158224
EK202310242438,156.63067429865944
EK202310145323,141.9555301025105
EK202310130401,139.49935533062109
EK202310116797,134.26459445027913
EK202310123002,141.0045131532124
EK202310152154,156.07609677630646
EK202310117372,155.4552591809024
EK202310116670,128.2119898354441
EK202310237203,142.9156495750313
EK202310162551,150.33621363654194
EK202310113370,141.17652119610926
EK202310228900,147.44492462942222
EK202310175209,153.7699285429041
EK202310236343,146.11773993948924
EK202310236383,139.96159318155182
EK202310131357,131.0583184709252
EK202310159166,144.2484977522204
EK202310170247,145.91804215336032
EK202310222379,144.77055452004953
EK202310154909,149.2386795915947
EK202310146442,143.31649009067704
EK202310003774,143.8934898188577
EK202310112911,143.7610993957473
EK202310227351,153.6940106561388
EK202310209062,149.40810006659322
EK202310238802,134.49323608443817
EK202310210919,138.1574375846312
EK202310232835,129.47152037093164
EK202310117128,131.3587317735212
EK202310219225,154.70094006311206
EK202310174933,144.82994690859084
EK202310204676,158.2278205005363
EK202310107148,144.92741708938533
EK202310181371,151.85908352927117
EK202310146220,161.51997292761504
EK202310224369,138.8516994013921
EK202310114927,134.77232016042183
EK202310177552,143.5448744145179
EK202310221588,141.7011108555434
EK202310107465,138.97530441748802
EK202310135932,129.6762513313027
EK202310110876,148.91778093258048
EK202310237021,146.6545504195844
EK202310109014,144.61079045413692
EK202310140401,133.91918120341617
EK202310137294,130.31441346697724
EK202310163064,148.97069467216042
EK202310147482,149.92801894078218
EK202310127284,158.49648593697668
EK202310201694,154.80578953740618
EK202310198350,141.34234174602986
EK202310208750,142.1203580130525
EK202310004741,130.61450380065483
EK202310164975,140.93980440061083
EK202310219480,133.31348936952816
EK202310213044,140.9159031958083
EK202310225710,146.0416123599913
EK202310174791,139.5317274356612
EK202310110800,134.1119362700257
EK202310208627,146.17282514768664
EK202310191043,147.82829398136718
EK202310154022,133.2271479489728
EK202310224070,142.46044939435677
EK202310119217,133.0719228988077
EK202310166221,139.34019236827908
EK202310135615,136.03037581821062
EK202310184260,140.86547188425476
EK202310123132,150.0327644833789
EK202310234461,144.966271586599
EK202310167872,143.7326268558145
EK202310174913,139.03304040652176
EK202310199190,132.32518976033992
EK202310207044,140.31031368237998
EK202310121394,143.68044791772422
EK202310191133,149.86536899870458
EK202310222955,140.4733873533941
EK202310193537,136.5038699316867
EK202310131922,140.36420431885404
EK202310241321,157.63530580165465
EK202310223125,150.20529236542714
EK202310177034,153.83342071958097
EK202310189208,159.92229394951545
EK202320006578,160.10071290978047
EK202310204325,149.35670484867273
EK202310104387,140.05694782045492
EK202310188941,166.47062154151902
EK202310163981,137.7014879619329
EK202310222266,137.2279062437103
EK202310108713,146.20202884757734
EK202310201346,152.4123791009205
EK202310218638,131.3933010973849
EK202310161345,139.50314464531195
EK202310241526,132.63739858339292
EK202310199356,141.6939661263321
EK202310134515,139.57573623736144
EK202310004519,132.65138388070503
EK202310135276,153.38413838330075
EK202310219279,126.75162210321996
EK202310136740,143.6712154573967
EK202310200952,160.80350995406678
EK202310110068,139.63216478751045
EK202310157132,155.7357487503018
EK202310149621,147.48606598555781
EK202310138788,156.61509307699282
EK202310224324,135.34036578097576
EK202310239811,139.26504384231842
EK202310201046,133.8621732896353
EK202310165503,127.97035446511319
EK202310238259,148.20035630248051
EK202310165302,139.11398950459156
EK202310191144,141.30685534240112
EK202310185640,140.64753157924963
EK202310120926,138.30247533712262
EK202310197879,135.97216212513223
EK202310196320,149.9162802833778
EK202310220563,149.2418954736695
EK202310221699,150.7163154957564
EK202310229519,147.70692307969554
EK202310108573,147.14497642612608
EK202310184582,147.29128664432582
EK202310211294,150.94058811796566
EK202310195625,146.851508925815
EK202310139587,155.10274411940065
EK202310118764,120.7145866710872
EK202310110542,143.9233770160391
EK202310173704,158.20216265623517
EK202310136262,144.27481008913145
EK202310237271,139.9761962779443
EK202310205898,140.4010487359224
EK202310245831,151.9899306620892
EK202310193909,144.667948166819
EK202310204263,143.56428598969464
EK202310105876,140.53827753860384
EK202310192947,147.10470638598866
EK202310183403,146.0187036440498
EK202310133788,148.13819996890334
EK202310222018,147.49992166632276
EK202310129042,137.96868560351396
EK202310227808,125.66574136537551
EK202310218437,157.48450378917119
EK202310237736,126.232349139724
EK202310141333,151.8939957625888
EK202310156395,145.7966838600441
EK202310004469,140.29058754483418
EK202310114436,139.1211712863208
EK202310118411,135.71229261696237
EK202310163568,145.20064653386243
EK202310183481,146.5411696998708
EK202310124719,158.03466194986433
EK202320006725,155.2960962185604
EK202310166370,153.2712794671713
EK202310133824,148.8265896065452
EK202310210325,136.06147587260344
EK202310144287,145.44662419007756
EK202310130686,149.64869006974615
EK202310177102,152.5350693615238
EK202310168931,134.90513231718046
EK202310235183,144.8267013724747
EK202310228458,177.18199114904914
EK202310207703,147.5333417532818
EK202310203188,158.69721626562514
EK202310111430,131.96643727697182
EK202310244894,149.19014061834815
EK202310113983,148.0783585845984
EK202310202824,157.67622499116612
EK202310138446,129.76015544377114
EK202310176444,133.1807207522698
EK202310126844,145.2190921793027
EK202310226840,147.2250927270655
EK202310109459,143.6863228501601
EK202310118743,147.30280583234259
EK202310129553,148.18643964756242
EK202310199845,160.82480390288757
EK202310228563,139.93055893925927
EK202310218219,152.65270516431488
EK202310197921,148.9438629935934
EK202310233068,130.34294495231342
EK202310159242,144.76381250670352
EK202310198622,155.2552328041687
EK202310203352,142.9801671098125
EK202310164418,137.07131018798634
EK202310119871,139.82158535905134
EK202310207409,143.65219703248434
EK202310109177,162.7048637055928
EK202310165988,154.79815114825843
EK202310199785,141.2423502779701
EK202310196659,173.88955015235462
EK202310169272,141.52153646172897
EK202310197425,137.47677384740976
EK202310175738,129.17003994711519
EK202310135941,138.86888212227828
EK202310139904,128.3383962351441
EK202310194855,134.99947294373445
EK202310221332,135.75479998920204
EK202310126755,138.66798437048692
EK202310220018,154.134380110812
EK202310134041,144.76952527556588
EK202310210951,154.59926456910347
EK202310122540,140.30057110929718
EK202310205978,137.4984639410708
EK202310159579,132.99177250011925
EK202310118408,143.01723784543748
EK202310115221,138.6193472192062
EK202310120155,138.88389276483113
EK202310163240,157.67462258066703
EK202310147464,133.1468097427075
EK202310248306,141.5183352117822
EK202310152592,146.93625154947551
EK202310192478,134.13108330130626
EK202310126785,134.97742587402615
EK202310110706,139.60944164296004
EK202310182765,160.19864218230876
EK202310248138,153.62361363660355
EK202310186154,136.900405765887
EK202310181675,171.64706066192167
EK202310217987,139.75817359838422
EK202310179130,144.11564712678944
EK202310135992,149.79971956873572
EK202310221623,142.49493444957298
EK202310113128,158.79821164150903
EK202310210010,132.8521919817967
EK202310163945,153.53982213628947
EK202310239487,139.98900875226607
EK202310238588,138.97967829148536
EK202310146898,151.01123761002614
EK202310147158,143.26276804189942
EK202310187097,143.62796611331734
EK202310195731,138.8599747121867
EK202310105999,141.33831497969084
EK202310200746,164.57696819389554
EK202310129579,141.89590288249585
EK202310197982,157.16858502429625
EK202310183465,134.9826228454574
EK202310105248,135.8847624346199
EK202310142138,130.23995595145539
EK202310171408,149.29056024925077
EK202310131832,151.61183148670025
EK202310211971,136.9100634571641
EK202310240690,141.7543320771014
EK202310003608,122.5684856497552
EK202310145836,133.2475547515371
EK202310171399,157.90592381377843
EK202310137705,144.41782960663835
EK202310136000,151.447221178414
EK202310133882,132.68359497672984
EK202310141636,154.43613517427914
EK202310147290,143.09599574525572
EK202310241487,143.9633140744278
EK202310137723,131.89144121935496
EK202310140855,147.76442140173373
EK202310177098,146.8854729971086
EK202320006676,160.4995108697216
EK202310112514,146.19736287988204
EK202310141677,143.8633601282181
EK202310175682,152.19460962083096
EK202310236633,145.35779246952012
EK202310196176,145.58474210942492
EK202310156999,139.96195554669833
EK202310213305,169.8149538103014
EK202310200333,148.70146635332114
EK202310196550,141.042415761919
EK202310226257,139.16287680832863
EK202310210514,134.83942399202923
EK202310185954,146.3671639200883
EK202310239737,144.03242499132622
EK202310231636,137.1833710366935
EK202310167744,143.20244037398257
EK202310227786,133.0864774427539
EK202310234832,151.93059870780618
EK202310126608,140.89585648900135
EK202310231942,139.77722303214725
EK202310107679,139.77118438561573
EK202310154939,145.9967413561938
EK202310191434,136.40306994060728
EK202310143462,133.26430041906326
EK202310228890,143.93844714371576
EK202310181791,132.8463644234355
EK202310147122,146.65936951325608
EK202310114485,136.16847045102494
EK202310104634,145.29507873734426
EK202310183103,142.87367681553386
EK202310003449,147.6562376505112
EK202310220154,127.13946480486098
EK202310215919,134.73858865919564
EK202310183173,135.50189930522313
EK202310136581,134.68845526088558
EK202310135891,150.35774475339204
EK202310234960,130.72019111438505
EK202310213672,139.1668745679343
EK202310160012,147.54809840515762
EK202310112248,152.33516060314554
EK202310136825,146.5671699856008
EK202310243733,131.57638222913207
EK202310235540,130.66227240795897
EK202310241172,143.40879301170628
EK202310189939,134.80530907732407
EK202310115473,127.81414872662998
EK202310188980,149.51069995157562
EK202310248520,137.59697227967436
EK202320006015,146.63191196819662
EK202310156531,135.3241487748706
EK202310146465,139.31439124719859
EK202310104718,148.6681913562023
EK202310208272,146.65832716366145
EK202310170862,137.214470496792
EK202310235381,156.62422653443323
EK202310171376,146.13242621548167
EK202310167650,140.94455210780006
EK202310160990,151.5752151318093
EK202310195882,133.7391134731892
EK202310190552,142.2434420039245
EK202310120695,134.502663610056
EK202310177689,141.00807652875775
EK202310116634,144.41197795398728
EK202310110519,139.8859596114877
EK202310125017,161.55428801857423
EK202310182959,127.0302283562047
EK202310181811,154.23072496245615
EK202310214725,144.86419695348684
EK202310212263,136.682185241748
EK202310122692,140.92110407199817
EK202310215131,146.3513091271012
EK202310202575,154.34406143584846
EK202310167856,141.64125612782976
EK202310196698,141.5096136285326
EK202310226483,141.3692196558695
EK202310162014,150.99107551710676
EK202310125942,146.949156975877
EK202310106367,131.19191009069914
EK202310229140,135.4072174206046
EK202310207884,142.48038064893996
EK202310152869,158.95259666831157
EK202310178619,146.70519505000058
EK202310211976,139.44523725585006
EK202310229203,127.27586692963584
EK202310192119,165.39948298955386
EK202310202715,134.6551879030234
EK202320007183,159.05341990803296
EK202310218337,133.74663323169437
EK202310146967,143.25914917397066
EK202310184808,155.8883829493763
EK202310190764,134.1261383404916
EK202310156823,147.4437740200572
EK202310199791,152.46852289816664
EK202310128548,133.89303641925932
EK202310156699,132.30201220722847
EK202310191011,156.12548908538122
EK202310192556,139.44456692123666
EK202310201947,154.4761333818692
EK202310180835,140.38869686175263
EK202310218514,135.3452065765313
EK202310235403,147.89046886886317
EK202310222338,153.5802186684828
EK202310129625,131.54766874344827
EK202320005601,149.0950389535761
EK202310167199,149.5830330651398
EK202310216271,153.84650329371826
EK202310186219,142.30049465900822
EK202310200112,149.9949827319386
EK202310240709,133.1867536988903
EK202310140388,141.54023228069852
EK202310167460,137.83925590191535
EK202310207710,151.8153164137662
EK202310136954,137.602329397984
EK202310238009,150.9153244296522
EK202310241135,147.5880346253573
EK202310118669,145.56775407901338
EK202310177676,139.76433234213465
EK202310110622,135.51945394262347
EK202310106125,156.11662190753194
EK202310137730,129.10836250692586
EK202310169952,140.73705029930753
EK202310201586,149.0579582862178
EK202310199082,152.52105026483525
EK202310110230,136.65862796501105
EK202310169093,150.42870719393736
EK202310151384,174.02922143504765
EK202310118353,135.16073495698458
EK202310217860,148.8947710518907
EK202310155832,141.78573816994833
EK202310192043,142.00320094916987
EK202310227031,138.642995606668
EK202310181504,147.92829724449138
EK202310123944,138.34290224105084
EK202310155457,135.39026292168583
EK202310121127,148.5104889865098
EK202310004367,153.41840392274275
EK202310113745,142.10549927935347
EK202310121643,139.6319076814102
EK202310126640,142.6792370265882
EK202310203242,144.1573844363757
EK202310144892,144.34604094787557
EK202310108440,132.44394961721866
EK202310169807,157.629403050734
EK202310247122,141.5170453772198
EK202310129519,150.2078671044426
EK202310235954,145.92530328590186
EK202310122880,141.37088579694708
EK202310231944,136.4702349168585
EK202310244881,143.56428598969464
EK202310124312,136.28696769581444
EK202310193201,162.68993524609024
EK202310229571,120.17435039015845
EK202310157769,137.96797486271035
EK202310109164,122.59873928384913
EK202310188000,138.81288949074226
EK202310109289,129.10836250692586
EK202310157844,138.28148950381316
EK202310237961,149.5987423903161
EK202310138503,158.35706049975408
EK202310155205,131.86289182478674
EK202310199658,161.04735984641377
EK202310168116,145.92530328590186
EK202310236349,138.7777725944668
EK202310003984,147.64252470609563
EK202310227800,149.24482102932927
EK202310238162,129.41956210564058
EK202310207863,147.13792899572874
EK202310104629,143.8595880092636
EK202310199877,143.56190752366925
EK202310242313,144.32081807789638
EK202310180497,147.79665769768584
EK202310205863,150.15225880696505
EK202310198959,152.01037861772124
EK202310150579,139.08648052346638
EK202310142769,159.0890067058387
EK202310198383,135.09348624143186
EK202310114099,144.1715107297045
EK202310189094,156.45733752023324
EK202310128005,139.54699378959208
EK202310210639,141.87834469388594
EK202310247606,159.29860011135509
EK202310161724,129.63756031036274
EK202310141881,129.4196145573075
EK202310131694,137.18279007484045
EK202310204730,147.61684455659787
EK202310171972,142.61961235669878
EK202310208602,133.45943123944218
EK202310154432,132.46624439054463
EK202310122263,121.8074306715796
EK202310192830,143.77774793198628
EK202310211505,149.89851793748625
EK202310247017,155.29169600150772
EK202310106742,152.08332334962947
EK202310160358,144.63256928483946
EK202310241263,161.44673491474552
EK202310109888,141.7359798379575
EK202310119208,132.31544007292905
EK202310138383,123.86838787794152
EK202310195693,140.51007616007846
EK202310150042,144.68937501952658
EK202310233867,159.79568764431372
EK202310151155,133.03776558737843
EK202310152450,137.98841270914883
EK202310216227,147.66166404870458
EK202310119674,153.32948002848366
EK202310151394,157.00298570910311
EK202310198198,133.00617719736013
EK202310231585,135.883312601682
EK202310220310,173.6159395880816
EK202310133553,142.55946326340353
EK202310119758,145.12226386140628
EK202310154895,160.54198869763928
EK202310166029,145.1636260004901
EK202310209935,143.04786252849246
EK202310106150,154.93495112036092
EK202310220446,151.54133718237887
EK202310138946,149.34525854405732
EK202310136698,140.06276505119683
EK202310237887,128.8260031795542
EK202310133476,147.12090378276363
EK202310219601,141.09752977910864
EK202310171218,150.79485146889945
EK202310235182,132.0386920088201
EK202310132648,134.54159877428594
EK202310244452,134.34357995175583
EK202310138113,144.35504437721912
EK202310187317,129.46283541277626
EK202310179142,144.8831517630734
EK202310165891,145.21327108081422
EK202310177495,143.63193627076683
EK202310150032,160.6775569736007
EK202310133680,131.81788576195038
EK202310133975,157.82710939732056
EK202310203779,134.38530288908876
EK202320007546,142.8069663359743
EK202310191528,135.01863796839132
EK202310129147,151.00490035961863
EK202310181778,133.1448078350318
EK202310230476,157.43420136223273
EK202310110448,134.71790163890512
EK202310107980,146.61373083168223
EK202310150018,149.10423248218254
EK202310222076,134.80265507323682
EK202310178437,144.53626530860367
EK202310206209,127.2242848838438
EK202310211038,144.62646091680145
EK202310130172,152.00455307332342
EK202310166466,154.1863923726911
EK202310183473,124.37069820597905
EK202310196150,148.74538650678966
EK202310157693,130.15285161985415
EK202310104605,147.5214140013283
EK202310235306,158.35107833964463
EK202310107563,145.29711137015815
EK202310163320,131.62607366784917
EK202310136756,144.65846875017598
EK202310211564,126.0806008028927
EK202310232534,138.08385276173598
EK202310132550,142.71862622574554
EK202310160312,151.45881010184547
EK202310234805,140.57725517686757
EK202310185938,136.9766453170429
EK202310144699,153.8828085606481
EK202310191954,173.5522394651496
EK202310146126,140.07737669617268
EK202320006284,157.85104152253305
EK202310185460,155.88996418154116
EK202310191567,155.0182634705677
EK202310222307,150.81305168155131
EK202310105032,147.66981331368612
EK202310230256,131.96654501441947
EK202310220456,144.6286014677953
EK202310125059,140.08045781072457
EK202320006649,170.0470346733512
EK202310170919,136.34845341936682
EK202310244926,146.7534434070233
EK202310123389,151.0724303141531
EK202310122848,137.7917125292188
EK202310211774,134.18475671963327
EK202310197231,133.09457511060782
EK202310138568,135.44845925049594
EK202310198554,130.3499122248054
EK202310121478,144.82488038705455
EK202310236719,136.5375396011985
EK202310168801,152.80440625325917
EK202310224443,149.5431272071172
EK202310206512,146.56490037026913
EK202310220836,157.09112759359434
EK202310247269,143.15546768826636
EK202310131994,129.70042574829117
EK202310134008,130.3701805703916
EK202310157322,143.34881354696228
EK202310143414,154.7666475498282
EK202310173429,148.98952517253326
EK202310217512,137.48744223694868
EK202310166684,147.05461220428987
EK202310203358,143.30748986304144
EK202310135525,151.88632897979542
EK202310190632,138.0311629644423
EK202310109605,149.68654759086897
EK202310209788,126.76378674122299
EK202310184706,138.9116308348999
EK202320006994,158.87439460297446
EK202310184357,132.87490127892409
EK202320007190,137.0492476266084
EK202310105990,139.61371950421469
EK202310168348,135.53572148846249
EK202310138422,132.6491617961578
EK202310136152,137.8391302993014
EK202310126424,140.94444893960969
EK202310147111,139.87515850778476
EK202310231544,128.4088140971082
EK202310149122,147.8886192906914
EK202310212352,138.6570383079344
EK202310178385,149.34525854405732
EK202310224803,163.22749915310857
EK202310004063,170.84584995316519
EK202310206156,141.87236168160445
EK202310157699,136.2511615775947
EK202310154414,165.89313317255196
EK202310149221,139.75031669873042
EK202310171384,151.81772417654977
EK202310153408,141.72356884174923
EK202310109654,150.57353976893663
EK202310158683,142.30581920744538
EK202310206976,148.40992729106148
EK202310186788,142.40136793981725
EK202310187515,143.68263742905788
EK202310153792,144.16794425096904
EK202310144321,145.17670134037846
EK202310222822,147.3038987183269
EK202310152281,153.0381198854213
EK202310003851,152.0788983588997
EK202310205656,157.961105562966
EK202310239556,145.41442413141792
EK202310145427,141.58482808804894
EK202310107329,134.24629103812705
EK202310135305,150.81163351296067
EK202310225618,145.96161872609088
EK202310212945,145.35779246952012
EK202310244567,134.3352817113887
EK202310188392,138.169047709084
EK202310188450,150.80362321373636
EK202310119188,137.49379050597096
EK202310156387,147.08041138697678
EK202310154237,143.9474910387074
EK202310232890,147.82358653342214
EK202310219207,128.55094653975522
EK202310247057,143.12127281766095
EK202310229305,139.90947966107242
EK202310128710,123.10710179802277
EK202310179533,143.433304919108
EK202310115467,133.65073688105653
EK202310237723,130.91893114223194
EK202310197376,152.2532161385785
EK202310135350,147.24958324668523
EK202310135038,159.41771421534318
EK202310190843,147.6648513074752
EK202310148220,155.0182634705677
EK202310193335,152.85229003180635
EK202310201565,135.7247376041104
EK202310108505,145.92530328590186
EK202310236715,142.6483158228163
EK202310149792,158.59025044757104
EK202310193733,154.58000391985854
EK202310248391,137.22973993174963
EK202310134202,145.30058351898882
EK202310174938,149.59926669297707
EK202310104253,144.22095896968312
EK202310178227,153.67788520408206
EK202310200622,133.89011248253922
EK202310162938,140.3188240716045
EK202310136715,128.5994380107746
EK202310219551,138.86473463440032
EK202310213720,136.65744870503258
EK202310197334,155.88996418154116
EK202310162409,158.5552027810925
EK202310176758,126.33813117963138
EK202310106155,142.47562139874267
EK202310178600,157.09717275409608
EK202310181111,129.7602089863484
EK202310237737,128.39191743536102
EK202310135634,143.2910068859778
EK202310222019,144.75503302949548
EK202310211690,137.62349435639086
EK202310223930,145.66136462926607
EK202310159564,152.5424838191307
EK202310123361,150.80521714145988
EK202310154711,141.58989978487975
EK202310196284,168.41301890146167
EK202310142525,145.5587963850683
EK202310185635,141.45655171852576
EK202310163743,140.58163461580583
EK202310176119,158.53294513109267
EK202310243732,135.5497764483951
EK202310153106,155.57495372961654
EK202310105266,140.27494593076554
EK202310192211,135.51193745484218
EK202310109959,136.32298207218423
EK202310124347,139.94094713015596
EK202310215657,142.42949621783094
EK202310181609,138.7009700345659
EK202310166089,143.75607949797288
EK202310180562,144.8911670156312
EK202310220766,136.18478218435962
EK202310208527,140.94455210780006
EK202310197946,131.75731574962973
EK202310165805,129.6498248886263
EK202310184781,148.35199507604668
EK202310212044,153.79114630552033
EK202310182865,134.94269969966064
EK202310187564,142.78424372730186
EK202310187093,136.31148202428136
EK202310243295,138.49105762997874
EK202310156858,157.86272121299916
EK202310123996,161.56506588739316
EK202310120097,139.35435132267037
EK202310135094,160.2026848716799
EK202310189874,143.976816978634
EK202310210390,140.6952741874334
EK202310108372,141.54131337643366
EK202310217559,146.15932656738661
EK202310136995,145.744032950873
EK202310119918,142.71862622574554
EK202310108102,137.2806565776198
EK202310205335,136.11029015808504
EK202310192571,143.21926825591302
EK202310122214,168.77388513657596
EK202310111079,152.94474096918523
EK202310143134,148.11416725077427
EK202310244019,139.13580816959927
EK202310238237,131.1495914373157
EK202310136960,147.82829398136718
EK202310140905,146.26373524982748
EK202310207571,146.80317465040574
EK202310185887,152.21717994579873
EK202310179874,146.19736287988204
EK202310228155,140.0422062300255
EK202320006551,145.64118087851037
EK202310198810,172.29061012076826
EK202310197956,148.9601719629964
EK202310109446,149.61332046294126
EK202310145921,147.81813933280645
EK202310127078,135.89318051332853
EK202310106661,136.89764726795067
EK202310107868,141.31811751471224
EK202310137756,125.72789559245166
EK202310112214,148.15992231351476
EK202310223082,155.01270780957014
EK202310180270,140.03269991481338
EK202310164239,152.3934389013049
EK202310126360,139.135292464504
EK202320007775,149.4666260917367
EK202310212210,138.26935625395237
EK202310154670,144.5862225981695
EK202310225780,142.41960189830823
EK202310159250,137.85935380313822
EK202310189634,145.20829447335532
EK202310140814,135.9419952644868
EK202310127508,168.2926254934745
EK202310218677,127.69486388224256
EK202310128068,138.64147500107399
EK202310113414,141.1300188321025
EK202310127227,152.84935109248073
EK202310119514,135.50040186715032
EK202310228944,128.03510840029213
EK202310109272,133.89641367712892
EK202310181673,150.73009056992746
EK202310213638,137.7482284025378
EK202310244798,141.10371507014207
EK202310204831,144.59377565862002
EK202310208541,133.38152191885234
EK202310226684,138.92366473400543
EK202310106021,134.75434836750625
EK202310186790,149.37317728891787
EK202310134623,140.8138578373857
EK202310004353,148.04962272107423
EK202310120823,127.77024596672639
EK202310193351,130.61713997745807
EK202310129759,141.57769924965112
EK202310211069,147.0459899608817
EK202310145710,134.33422310935188
EK202310129442,141.4402889287663
EK202310157511,136.9125922624084
EK202310210155,135.36664056383287
EK202310240481,135.48647123504605
EK202310182044,150.23102848764395
EK202310180996,153.99479193527628
EK202310130678,142.30217954453215
EK202310003775,131.68421283630087
EK202310155552,141.037952465948
EK202310111202,131.93421338247907
EK202310108361,133.43132112561648
EK202310224126,140.93793243072238
EK202310115508,127.10842194182923
EK202310225464,133.6820790673638
EK202310198925,133.5750874462618
EK202310143314,141.10371507014207
EK202310231386,143.78767837840425
EK202310120970,126.516659095175
EK202310179304,137.79027628338994
EK202310222188,142.21483090455402
EK202310173726,150.0090587383947
EK202310151318,138.5792316056484
EK202310139619,141.43246073869003
EK202310175938,168.84610194960618
EK202310178847,140.3563370550252
EK202310191627,144.58851102422344
EK202310180100,139.92315467891154
EK202310237846,139.56392479933749
EK202310136435,142.4998234516576
EK202310104391,130.42766236661373
EK202310182074,140.8406067042126
EK202310197546,161.7945216012256
EK202310237183,154.0952701392599
EK202310113688,143.8978205980354
EK202310168496,139.8051743346663
EK202310140650,150.306354680448
EK202310202579,144.6774768987443
EK202310173337,140.74472219211708
EK202310148159,141.36599267018585
EK202310177447,144.70048079776527
EK202310172439,169.03185561507433
EK202310193776,142.14389203032573
EK202310126160,127.67634514471659
EK202310129091,152.63323952784842
EK202310180011,135.45067460956662
EK202310219524,153.79343798447042
EK202310188997,149.2002218750441
EK202310183044,155.32431546913827
EK202310192813,136.57501623045619
EK202310148696,156.47696494113512
EK202310197244,161.06007289340803
EK202310243949,135.73334745407956
EK202310223004,153.50120289252013
EK202310159964,147.67141738111727
EK202310226266,140.41346774093535
EK202310227381,142.4218153139245
EK202310143706,143.19841910722633
EK202310156505,147.47706831372884
EK202310146977,145.93693313317115
EK202310207164,158.47657964813004
EK202310115033,144.96488234999552
EK202310197774,169.75930707008754
EK202310183602,160.45329018426273
EK202310163574,138.64767766302575
EK202310139474,138.08965398833544
EK202310139787,133.6133803770028
EK202310151771,140.34900826761287
EK202310141474,149.45404034377182
EK202310201682,149.094618335553
EK202310235051,141.60432911907904
EK202310197036,138.57113901991403
EK202310208162,139.00371384598662
EK202310192736,147.3610823655354
EK202310239207,136.42249002145252
EK202310213359,114.58475854244365
EK202310165987,135.07368407749044
EK202310144351,136.90968924109634
EK202310192377,156.59271137804703
EK202310178661,160.01303620544275
EK202310133799,134.98227621187405
EK202310167137,144.0388840326261
EK202310196182,165.17400531499632
EK202310239217,127.40840050357048
EK202310163146,144.3086381231319
EK202310139455,154.0029654587007
EK202310164544,136.10902535304913
EK202310105037,178.4321358068487
EK202310168936,141.6234477278812
EK202310182321,136.74721320674956
EK202310223204,140.03311756397707
EK202310124648,136.48190718456587
EK202310133402,130.52196144370387
EK202310189249,136.63650297089592
EK202310211896,138.28499600864157
EK202310153695,136.47414137688605
EK202310197047,146.0424511501946
EK202310115358,135.4544085725418
EK202310178231,152.4123791009205
EK202310140750,163.5844308378175
EK202310196690,142.68559390440743
EK202310180158,136.27774944713678
EK202310118819,155.88996418154116
EK202310129172,115.92795783420684
EK202310160427,156.8916673305611
EK202310217514,148.93729065915105
EK202310228544,138.13855398711462
EK202310129411,150.21949076875683
EK202310120076,129.1997255698561
EK202310147682,144.8331810890586
EK202310119579,150.79485146889945
EK202310231294,135.51301097734915
EK202310205896,123.55343780072853
EK202310168792,140.33486020986055
EK202310194600,140.17005282617995
EK202310231773,141.78213806369786
EK202310197094,148.10035357534736
EK202310159125,143.45182800981425
EK202310145220,147.18379054094106
EK202310109432,148.98600423650953
EK202310154128,133.58747026935237
EK202310226955,134.12144348985635
EK202310232457,135.88574086125442
EK202310196244,142.846346628536
EK202310246079,149.3579595330624
EK202310168088,142.00021658223022
EK202310128614,139.4272169785477
EK202310156766,134.89658061564592
EK202310208139,145.46570615903676
EK202310167951,147.37697685367667
EK202310140914,143.69170512270043
EK202310123858,144.52367032829753
EK202310246678,156.496167207484
EK202310231310,145.42052939782374
EK202310145596,152.1847951148449
EK202310227515,147.7685613872359
EK202310124946,139.85970834532858
EK202310146823,134.48539529817262
EK202310135586,132.37656498152768
EK202310201307,133.35467003356533
EK202310182403,154.65934141168617
EK202310215443,137.79528403069494
EK202310126298,145.86028749554154
EK202310189734,136.2133615033263
EK202310150496,145.92530328590186
EK202310201647,138.086670816115
EK202310236856,136.49067738435787
EK202310141840,151.3542107570901
EK202310129012,145.51695543186213
EK202310191859,136.13033805995667
EK202310128135,126.37294183967322
EK202310140784,139.6014554276063
EK202310106371,144.39186030016276
EK202310189118,150.77838087028408
EK202310185786,140.02823998232918
EK202310177437,143.8939652045893
EK202310183495,139.85122682023214
EK202310183166,145.97696633446353
EK202310121858,131.1405817815964
EK202310128877,133.11447024235858
EK202310155995,147.32357926802464
EK202310158905,139.58538892612606
EK202310197700,130.6993948705277
EK202310135362,145.33134580245687
EK202310238208,155.3283014086757
EK202310225984,137.82657710509721
EK202310196965,164.4294076273048
EK202310244512,157.2425784167503
EK202310113816,140.64855393987835
EK202310141423,144.48592286137344
EK202310226411,133.6112651023527
EK202310217081,140.77163269551278
EK202310161000,146.88787317234684
EK202310141027,144.80704273016212
EK202310231746,140.943876465508
EK202310209069,147.99307793751282
EK202310142345,161.60445460055593
EK202310117104,150.08651690962714
EK202310108603,138.67355096986736
EK202310196141,155.22580346850827
EK202310192522,145.49701546290146
EK202310144266,139.44407746271315
EK202310203451,139.9011339949317
EK202310161877,159.324138674537
EK202310155543,141.76850290312277
EK202310123638,157.43685817844326
EK202310145309,142.88097868250586
EK202310138293,144.62770205447399
EK202310227474,140.05604896867976
EK202310227560,135.7777270646014
EK202310152889,166.8923687555814
EK202310107200,141.01792079456285
EK202310205243,128.18608063755187
EK202310203128,145.43421203246817
EK202310176303,152.99230299986095
EK202310236159,134.97383754484812
EK202310146226,145.2703581862629
EK202310114477,136.00991486364907
EK202310193701,158.6814381641996
EK202310132862,132.51913513855143
EK202310146635,138.5902325265551
EK202310118476,152.95998133883617
EK202310207776,149.2899612179848
EK202310165877,142.31661388887372
EK202320006410,140.85397558708797
EK202310111513,163.39068400519864
EK202310143909,147.19864544996727
EK202310132541,141.01505374520713
EK202310209469,145.76614032355985
EK202310103777,140.8907562235057
EK202310138311,143.2445672064523
EK202310155715,142.8342421916744
EK202310161111,159.68639233594135
EK202310231380,133.87143084597213
EK202310129520,145.9111012408451
EK202310234907,148.35199507604668
EK202310107216,109.58722282777072
EK202310106843,141.23878691608124
EK202310204308,150.59584947666403
EK202310214592,163.75953947282704
EK202310116839,157.17966114834908
EK202310180647,125.90976587334792
EK202310142824,143.15735095033597
EK202310196639,131.68560464748785
EK202310231947,141.76710963345346
EK202310135996,151.8099009402613
EK202310225970,130.79865665110287
EK202310232921,136.63291057737882
EK202310229671,138.778462749115
EK202310143117,123.53512165098796
EK202310235001,128.34353214701684
EK202310223296,138.99429381147024
EK202310166180,155.40613386693698
EK202310144778,136.58230924756842
EK202310140206,147.87625056108973
EK202310146221,135.58476775381092
EK202310191931,138.4629547628901
EK202310139195,136.4798403112149
EK202310110326,130.48614054140555
EK202310198683,145.06740714582108
EK202310108642,141.4031300523255
EK202310147919,153.70085098165052
EK202310120403,143.91817152067017
EK202310148663,154.94091175388584
EK202310194369,146.46095042544567
EK202310188744,149.65021592029225
EK202310197143,139.7829201702225
EK202310188007,163.2165789739544
EK202310230690,136.0242458652145
EK202310109322,146.33075434729395
EK202310122503,135.0824995264157
EK202310208466,132.58819470320037
EK202310169759,139.73489919970345
EK202310004770,140.3297014362297
EK202310197055,131.59314456291253
EK202310190099,150.87164789967676
EK202310238226,136.55139069485162
EK202310166147,151.99398953503317
EK202320006000,147.41660500986225
EK202310214036,137.61033002632857
EK202310004510,141.35882604500577
EK202310144131,141.1935803495257
EK202310182006,151.28741074557877
EK202310115418,127.64155036949613
EK202310203399,152.6262392709453
EK202310219700,144.7034723309446
EK202310141585,145.1304455305286
EK202310236911,144.16821915058767
EK202310153553,148.68943961908056
EK202310152777,146.67869498865076
EK202310216006,138.5888286930896
EK202310159334,159.05450429378084
EK202310200189,141.04369228949295
EK202310176376,146.13242621548167
EK202310177091,158.48789701206007
EK202310135092,157.70577134164034
EK202310152730,142.8589624174929
EK202310194718,141.02288176352212
EK202310174761,155.33690968381498
EK202310187516,142.21182445928358
EK202310225948,148.24692283061728
EK202310159500,139.58685031388052
EK202320005628,148.23431200380978
EK202310150262,171.69632430928647
EK202310197555,164.7860051458205
EK202310224652,141.4696183178166
EK202310239239,136.28120713543197
EK202310222699,136.19224143848572
EK202310115560,152.21566571373336
EK202310179277,139.90947966107242
EK202310202696,163.65981443236004
EK202310154234,132.35241836935697
EK202310113254,146.2509161582666
EK202310139630,141.06869813086615
EK202310202764,159.04768385864526
EK202310121640,144.0284824410138
EK202310142534,137.57163927923355
EK202310239215,147.48788797653742
EK202310244715,128.86121875431718
EK202310185779,127.66532679926922
EK202310221201,141.4642847655392
EK202310206833,136.91261104384148
EK202310171904,140.94455210780006
EK202310178044,153.45225827935005
EK202310168114,148.61330140132193
EK202310138587,135.39688111499214
EK202310173356,145.19587682041458
EK202310197110,155.58781161134718
EK202310242357,145.1304744667597
EK202310208746,130.887683225458
EK202310217847,126.11776551337455
EK202310199265,134.77326605014426
EK202310182895,131.44372238536525
EK202310107553,138.2678790667165
EK202310107608,128.25131747329473
EK202320005608,167.87235059687137
EK202310199563,138.55684300249524
EK202310141002,154.2746998544531
EK202310187238,135.3805268896867
EK202310187741,153.11264984710462
EK202310189994,144.19158795366823
EK202310147256,123.01754110771775
EK202310118527,142.11833760323867
EK202310229103,145.1602472369556
EK202310135696,132.07116890677457
EK202310165074,146.54307235057493
EK202310205649,129.57744724909736
EK202310174231,140.77493378810368
EK202310181105,135.21666292084063
EK202310173608,155.15989923763823
EK202310147350,147.75564965689682
EK202310145408,119.90523419641401
EK202310163214,141.9493889531065
EK202310141179,150.36445532776915
EK202310235877,137.6905702942038
EK202310168519,154.07438655950043
EK202310111852,146.6840283093726
EK202310120721,134.45750381335537
EK202310239396,152.0938360607612
EK202310125811,147.96685152868608
EK202310122414,156.99001342689945
EK202310109063,152.32054895680685
EK202310136944,135.8855443744027
EK202310112504,129.44915034053287
EK202310187424,138.16485379785115
EK202310107467,129.57807939973975
EK202310170488,141.6206026743064
EK202310221856,135.59733374388261
EK202310146245,136.21783322283505
EK202310211446,146.19736287988204
EK202310234464,132.35678878833386
EK202310216823,149.05426902551264
EK202310158691,139.75534190253512
EK202310130435,124.17701815755078
EK202310173064,138.96940817082057
EK202310159177,154.1369267415452
EK202310164312,126.0055684939489
EK202310190628,139.62525836164338
EK202310108846,145.29711137015815
EK202310180445,159.95485060665573
EK202310131205,162.47372573239872
EK202310164126,139.78521313785862
EK202310107936,142.0601045762428
EK202310243521,140.44790671289823
EK202310208141,143.56428598969464
EK202310190781,146.245585768819
EK202310172000,145.77426126090424
EK202310190053,138.75905339984507
EK202310233066,133.05421024357915
EK202310131018,133.4341624484539
EK202310149945,155.60776605471153
EK202310205501,132.55631140112175
EK202310248483,133.67886649013488
EK202310129538,133.137698312831
EK202310167469,143.21089783040978
EK202310106330,134.96594353242173
EK202310225391,149.02509621226702
EK202310125703,138.59420706974933
EK202310208418,136.5168645589889
EK202310147781,149.1269667588904
EK202310164598,134.6597694638667
EK202310214120,161.5998085834563
EK202310118444,143.87007369760875
EK202310145109,139.8582428936417
EK202310150661,147.2822636496192
EK202310134650,136.23258196656985
EK202310170695,172.69017167781038
EK202310171347,145.30728729186998
EK202310118507,136.16602858195554
EK202310135088,158.3579301536788
EK202310169570,147.3512112204528
EK202310198285,159.50342508926036
EK202310244339,147.4970746881692
EK202310218458,148.67213983631092
EK202310167361,151.06952193105636
EK202320006358,139.43343882685056
EK202310155685,142.54719707902473
EK202310193521,149.83960366679835
EK202310178456,145.74830999042442
EK202310120435,144.35547754229998
EK202310229594,143.51711623413743
EK202310204793,134.39867570249723
EK202310128806,141.8018204763517
EK202310145561,138.41473180301773
EK202310218298,132.27820028357954
EK202310185508,149.8771418917784
EK202310169152,150.06131614123353
EK202310119338,132.27282521055324
EK202310172073,163.03685928168755
EK202310164403,158.99622381102145
EK202310228535,138.62045347716958
EK202310233245,136.38764278604458
EK202310247155,141.6523183611595
EK202310184707,142.19380828821082
EK202310244628,154.6748533518141
EK202310184991,140.1457404603131
EK202310200030,138.75869807271312
EK202310131926,136.85536517107894
EK202310183294,169.8436244277637
EK202310156979,145.68271615911755
EK202310196008,156.54984865623328
EK202310124917,138.4665009776375
EK202310182478,140.6573461914435
EK202310206853,139.73308398905024
EK202310131555,145.80204691569972
EK202310134282,146.58731255645438
EK202310120141,158.994379172955
EK202310246441,143.91445901584208
EK202310195921,139.5317274356612
EK202310214428,135.2678916937189
EK202310124519,148.5102715127159
EK202310153352,150.50570213515644
EK202310155554,146.01391018118397
EK202310193684,125.64128096927698
EK202310225319,137.30011269455807
EK202310148621,133.99530084053958
EK202310237907,152.73603029351548
EK202310202805,136.96227222816427
EK202310161990,152.8708257130606
EK202310200477,124.87155772033941
EK202310114915,135.16875449600755
EK202310242909,144.6179506398587
EK202310142330,154.5526470695063
EK202310221377,141.00720561443632
EK202310137957,141.1249922976996
EK202310151180,144.9325503492321
EK202310182686,128.1076668286425
EK202310244166,128.98803761819386
EK202310242349,139.23624570788826
EK202310121472,128.93743203362328
EK202310192151,137.71451310446707
EK202310112554,143.78175340542967
EK202310225810,129.1841653962478
EK202310235008,128.25237196361232
EK202310217946,161.3465514814704
EK202310197822,149.88208610030043
EK202310003944,141.323794807468
EK202310135754,132.44269923494687
EK202310235898,134.17094999113073
EK202310171140,145.10210902008166
EK202310145149,161.1421998068363
EK202310202195,138.8954353541962
EK202310220091,149.2193811212201
EK202310232376,129.77437059436502
EK202310189509,150.08564746388058
EK202310113709,144.8879851885095
EK202310119993,135.13750667207296
EK202310223647,149.30444802661435
EK202310227478,136.55339009745637
EK202310174661,136.67476135821775
EK202310165728,153.93707750661147
EK202310182436,149.7571265008312
EK202310181591,128.87526647691445
EK202310233458,137.1765652777645
EK202310138708,145.65234570517822
EK202310107419,135.65214373709208
EK202310242771,143.17878441663285
EK202310110825,123.6349733679719
EK202310148516,146.23060062541606
EK202310169259,148.5675591939614
EK202310139428,144.6993582624332
EK202320005946,155.63539305178293
EK202310212395,142.1625650977112
EK202310211186,130.90188551546558
EK202310124150,134.94018244199734
EK202310172970,141.3253055539529
EK202310212383,139.84459763393434
EK202310152532,135.8398546222733
EK202310174856,127.07741900868339
EK202310150761,138.17551784085114
EK202310192707,158.87439460297446
EK202320006514,159.164975712195
EK202310230857,132.87490127892409
EK202310209642,144.38503005889024
EK202310244831,141.38219612040402
EK202310004958,143.1925632175739
EK202310222994,149.7339588003865
EK202310122972,142.97166148705304
EK202310240517,153.8399257980506
EK202310154489,152.71740436638726
EK202310149568,156.0701575962459
EK202310173750,141.56007252136845
EK202310127136,150.12407605813647
EK202310162460,136.28567890209317
EK202310237884,150.79485146889945
EK202310128591,140.98061576585988
EK202310167782,149.06667325706914
EK202310173162,147.84468916738248
EK202310176040,164.72913184196872
EK202310180187,130.5465456609996
EK202310205385,139.46527843669784
EK202310189417,139.1782758024216
EK202310110265,135.6307897448022
EK202310175081,143.63652687979905
EK202310241247,160.95056770274576
EK202310210940,133.84495137653184
EK202310239869,142.31801391197862
EK202310208022,143.15529925193437
EK202310186683,128.78683376885698
EK202310244974,144.21498929600702
EK202310196503,130.4126230785968
EK202310147774,150.76876916622476
EK202310194263,152.4340441463088
EK202310188228,135.37158480814742
EK202310164624,136.47445983147807
EK202310153042,136.95885778276664
EK202310157883,149.20155337100178
EK202310110532,147.31236088379052
EK202310166599,140.39812860834724
EK202310153767,145.19457430013222
EK202310126138,132.73051216338212
EK202310121044,152.34222845778731
EK202310133142,142.46224240716808
EK202310128385,134.52539241815592
EK202310175042,135.74457459049708
EK202310189448,152.91395317585418
EK202310190050,152.7429863146867
EK202310172092,152.57027560025134
EK202310207334,139.1942548724122
EK202310182559,141.5597019976573
EK202310137090,147.9216943395151
EK202310190532,138.54391247081008
EK202310236425,139.33579622061592
EK202310203185,125.50347079620664
EK202310168314,139.25003572742517
EK202310151263,168.64780332298812
EK202310108095,141.03857419000036
EK202310232838,142.87982993291376
EK202310135295,147.80307058947636
EK202310163910,149.65945281219058
EK202310194553,146.315765495861
EK202310174190,142.56944005104765
EK202310231328,131.85981724786865
EK202310147991,153.80137025936781
EK202310161571,150.29765406781752
EK202310240598,136.9125922624084
EK202310236106,137.84496567019426
EK202310109500,144.04358981799408
EK202320005589,147.0184351357149
EK202310143413,144.25866696220547
EK202310153498,141.85996606845973
EK202310181818,149.76993771948517
EK202310137951,142.5154604286361
EK202310158889,151.05343721234692
EK202310147118,152.70262917111793
EK202310153978,151.402995267476
EK202310107126,141.57402370541786
EK202310145858,140.65108694202542
EK202310220104,149.39673405210635
EK202310112400,134.57897975717722
EK202310236894,147.84468916738248
EK202310217550,134.90434086855208
EK202310236693,128.17335984050808
EK202310217785,135.666935209986
EK202310235143,153.249766234652
EK202310182831,144.11718595923833
EK202310117677,143.35535032447902
EK202310207224,138.5097569728396
EK202310217694,153.19950736942812
EK202310144000,147.58702396785262
EK202310165837,157.33504433272444
EK202310211421,151.1086484792031
EK202310004270,163.06853942616405
EK202310189309,148.4766578504335
EK202310127417,130.05230578296687
EK202310197347,166.0091544102917
EK202310209401,153.57351974866918
EK202310180542,138.80554357184772
EK202310162786,149.2058034991255
EK202310223059,138.5949849061369
EK202310147692,139.70857938914415
EK202310244440,148.09817428652826
EK202310180779,126.83076154685388
EK202310189325,127.82734027659085
EK202310110924,141.693365846811
EK202310157687,150.59376534179654
EK202310154799,141.61824768301483
EK202310169628,131.911199198955
EK202310169107,155.79036851752358
EK202310105506,156.10354022849148
EK202310154969,146.34644534496138
EK202310122511,130.9268138527899
EK202310156453,158.78072948131748
EK202310246928,125.55885803628797
EK202310203362,154.44126962275513
EK202310138843,146.77705243177107
EK202310157857,144.58561256524317
EK202310236705,136.33124509892517
EK202310236064,128.21791350513553
EK202310190655,146.461825169546
EK202310232773,156.88652590073949
EK202310209352,138.65583844353355
EK202310196574,143.21089783040978
EK202310153431,131.33588805439948
EK202310213738,140.94621973705006
EK202310159195,161.8275020570938
EK202310192497,135.7274043407629
EK202310179803,141.07550353209894
EK202310122219,139.49495918295793
EK202310121778,153.71334950512016
EK202310240799,143.0607470289434
EK202310186388,136.47618880019144
EK202310227442,149.67170379137374
EK202310236831,139.06955595774417
EK202310146534,140.79800022389765
EK202310108548,140.54400153113502
EK202310127039,136.40306994060728
EK202310239867,153.80839678811338
EK202310140091,149.13659614634756
EK202320007345,143.18891063873343
EK202310181587,133.8168742991108
EK202310183586,159.2818990971184
EK202310161537,150.57061164854116
EK202310221929,146.27481442460063
EK202310115533,128.05213399206016
EK202310245422,128.42751932412895
EK202310134303,140.88257334328776
EK202310206878,140.8650330536607
EK202310143077,139.90471763134414
EK202310187766,149.01763702447835
EK202310233861,170.86133260184343
EK202310145715,146.86515768515886
EK202310186238,139.429179518911
EK202310168663,149.10525563632729
EK202310230983,138.89610109960955
EK202310139816,140.65742882026316
EK202310206473,138.89299822285034
EK202310153829,142.1098694547097
EK202310182371,141.37513733665105
EK202310173647,132.83439745192376
EK202310114150,133.54789130180785
EK202310242508,143.60559583257157
EK202310203427,160.64231345250062
EK202310132984,128.98854948579827
EK202310117793,127.43318503610128
EK202310138841,133.67757764972328
EK202310139058,155.66415597509717
EK202310164995,139.215796919863
EK202310202198,148.39935883070697
EK202310160037,147.3189788538011
EK202310138091,146.5049863449413
EK202310183753,151.64547603544622
EK202310211184,146.44416992940413
EK202310187233,140.18704605695024
EK202310225971,126.58779835663127
EK202310155927,137.58799208658752
EK202310123628,129.433228557635
EK202310183593,164.2600884248367
EK202310196797,150.32734611863313
EK202310129620,127.87594543795016
EK202310157287,141.3161179162709
EK202310181152,137.54981708272055
EK202310203161,160.90108480146256
EK202310247889,130.5377995915736
EK202310205874,134.60342016443903
EK202310175828,151.48903469500735
EK202310141292,154.9092964468154
EK202310127480,137.58068189840637
EK202310112716,146.6057022686392
EK202310200229,139.8558886829845
EK202310112035,139.41402793965455
EK202310204257,133.14994221255964
EK202310145471,144.2553556791627
EK202310210409,136.40828556162916
EK202310166832,132.5593587739129
EK202310248711,148.24216627551542
EK202310177732,137.9271502070954
EK202310160771,140.6724307785831
EK202310136073,130.03255433057717
EK202310182269,139.49495918295793
EK202310240985,146.56327296174106
EK202310106392,130.7086643711047
EK202310208908,123.66862093226719
EK202310113165,137.77238885157686
EK202310152602,134.2664315921501
EK202310210636,143.68507562296597
EK202310140721,139.5090974002015
EK202310148290,143.92998628012043
EK202310199880,163.01531701910062
EK202310227144,146.4100791206086
EK202310147589,133.0860770474195
EK202310004177,143.16574310021022
EK202310138763,148.86453655236738
EK202310172464,176.4036086067267
EK202310105200,143.53741328839027
EK202310184573,150.5459428351579
EK202310208816,131.08667604255933
EK202310109118,148.66487382145255
EK202310200139,135.1450904486647
EK202310133070,128.2408969366146
EK202310122855,148.1272992367268
EK202310233834,141.6234477278812
EK202310209821,148.42484424895255
EK202310124502,140.95845739770726
EK202310187088,160.7922377403872
EK202310133122,150.46257170657697
EK202310004846,141.22026735995723
EK202310147252,135.35024130224267
EK202310175414,131.035181962794
EK202310181170,141.93596567899093
EK202310004408,139.34751835136004
EK202310125748,144.9355330612344
EK202310131440,145.0391142216782
EK202310192559,141.09131462839625
EK202310192910,148.7225969539992
EK202310180784,154.6965899518581
EK202310236540,149.32226801356185
EK202310175339,143.83872696748054
EK202310160527,159.26728695354447
EK202310236221,143.78175340542967
EK202310238864,155.27097442083763
EK202310166680,157.20658549649525
EK202310117287,151.2972911311694
EK202310192797,147.73321535028813
EK202310200327,131.4125103693537
EK202310176045,163.25166558779546
EK202310148346,150.880155797243
EK202310142274,152.38301332211662
EK202310122242,139.49495918295793
EK202310126568,126.64263263558011
EK202310204418,142.72709536336023
EK202310156236,147.6105132361572
EK202310189484,131.91601267729862
EK202310137543,133.38004536975964
EK202320007300,144.22352461206216
EK202310198932,144.49930578783398
EK202310108514,144.1715107297045
EK202310219932,152.94734233652716
EK202310132147,148.56107802801165
EK202310227649,170.00126346982555
EK202310224668,141.6064859742821
EK202310156447,134.4352816234375
EK202310210496,133.1348682918363
EK202310152297,143.4677691158038
EK202310187324,140.4549656312916
EK202310247309,126.85553205475821
EK202310190789,141.28106252560963
EK202310199601,144.50422762877142
EK202310239017,141.96535851528063
EK202310106841,145.61242679990983
EK202310182928,143.23582829473253
EK202310204568,146.214830646238
EK202310243353,142.0673267521273
EK202310123522,139.93935002094383
EK202310162526,141.69355757834862
EK202310214114,161.03525974380509
EK202310197207,158.26613082843275
EK202310232110,138.63937603510672
EK202310179397,164.00735379715738
EK202310155653,130.78058337984447
EK202310004343,127.24906073345782
EK202310192586,150.21122514094486
EK202310186352,155.1738191369689
EK202310124214,140.18474616759713
EK202310228925,145.19587682041458
EK202310112746,148.1583254457682
EK202310158948,138.2174033939628
EK202310210700,140.6021990611035
EK202310164939,145.41662587508262
EK202310183358,174.6827460537402
EK202310144690,147.05461220428987
EK202310206169,139.72304867417378
EK202310107548,157.4615618740331
EK202310213425,137.89994124141072
EK202310127466,142.26055724413195
EK202310215414,165.75820596758206
EK202310113096,136.99464809569295
EK202310177778,148.14194546161752
EK202310225362,145.71221180915313
EK202310164338,144.98285456562334
EK202310247571,161.27889952214676
EK202310126985,125.55541490313519
EK202310226690,140.10418631085335
EK202310122754,123.63741585505117
EK202310114324,146.06250735295785
EK202310162544,153.3695298252046
EK202310185834,134.17835227568355
EK202310147784,151.0474147893894
EK202310122287,152.14228188168448
EK202310169104,145.1798230726874
EK202310212851,156.7054601405196
EK202310004912,142.4462314527
EK202310122676,150.33169535668645
EK202310241678,149.7343419269988
EK202310235919,147.16389226104286
EK202310200266,138.6790144165493
EK202310229111,137.14317918929538
EK202310143535,164.26868834758343
EK202310132424,137.52506729657455
EK202310150394,142.69982578556852
EK202310121122,133.86536527634453
