id,GLOBAL_SCORE
EK202310003556,135.0350980147032
EK202310170625,156.83343724025852
EK202310167359,145.10702193333566
EK202310118370,127.51093314639564
EK202320006361,135.20107986629074
EK202310003542,134.8442131569394
EK202310125266,138.568149740098
EK202310144740,131.8357724588604
EK202310137443,135.67371329025886
EK202310159067,163.63575567663796
EK202310245067,138.2711346838934
EK202310240556,138.78098297786835
EK202310166743,139.65603069851304
EK202310247454,125.11971711871331
EK202310215702,152.91098764939863
EK202310142190,165.42715574635952
EK202310205417,142.41782704874987
EK202310119601,118.80898990196297
EK202310190356,140.08091697809775
EK202310158758,140.1743584631456
EK202310145496,135.9383984514281
EK202310164763,145.61808116499475
EK202310200188,130.32165541562998
EK202310238803,166.51176388455713
EK202320005607,157.3064220131403
EK202310225681,137.48802739926762
EK202310127174,128.42220231614226
EK202310204317,154.76226401537681
EK202310179355,123.28451127857785
EK202310176524,144.75641887038776
EK202310237228,130.85664051076483
EK202310172549,162.54339074071612
EK202310168863,129.4747880417667
EK202310185904,153.75637042922872
EK202310133615,154.92609929905436
EK202310122063,127.19070415748966
EK202310121770,149.0428918779104
EK202310125590,129.99375711818146
EK202310172269,146.6652365844863
EK202310147894,143.35281015786896
EK202310137986,143.6958342281643
EK202310150838,148.69947745114575
EK202310104915,126.70258457981012
EK202310170090,117.53691092615058
EK202310165637,136.96899872521723
EK202310134467,133.16848319556914
EK202310182637,162.56885789246243
EK202310112116,144.34629052279908
EK202310241220,159.23100003284313
EK202310103801,146.20292820050506
EK202310177448,123.88115130944803
EK202310157860,183.1627579098216
EK202310211985,140.91472761994885
EK202310232907,129.93906699535142
EK202310162917,150.68305189877077
EK202310211786,128.45921734219093
EK202310132171,163.59357401271006
EK202310153694,147.072554999773
EK202310174960,155.13855344051103
EK202310121096,128.63498787903544
EK202310222475,128.4600280245549
EK202310146254,142.0366564864345
EK202310111466,129.6162007429226
EK202310004385,157.6506636908105
EK202310108961,143.11337651351892
EK202310203170,133.57836594477985
EK202310161424,186.71273956411892
EK202310206583,145.68642517023753
EK202310138840,126.3001970294091
EK202310221976,139.28414067295043
EK202310143972,124.53961779200887
EK202310175420,142.242945322273
EK202310227655,140.4431003764249
EK202310163389,138.19440784350036
EK202310239480,148.5256601768419
EK202310146467,140.12198585127433
EK202310162597,143.15656863678325
EK202310194862,133.13038818577792
EK202310152448,148.494672650157
EK202310245431,130.99845344650447
EK202310206822,173.38225818938852
EK202310166559,160.41788561672837
EK202310221701,155.6265482009982
EK202310231403,126.32959192118369
EK202310156027,136.2621825267838
EK202310135956,150.3726038444937
EK202310183176,124.49409182849413
EK202310206055,179.475445546914
EK202310167360,140.6858504572883
EK202310142701,147.11456877081062
EK202310156629,169.334017825365
EK202310241352,145.40431673440224
EK202310123587,155.3812292658532
EK202310003639,159.31728100376515
EK202310158269,152.42030807419042
EK202320007090,134.45177275981735
EK202310111707,134.99159316001737
EK202310104096,150.1534667405358
EK202310235404,120.03684318033768
EK202310108783,141.441967854874
EK202310116298,134.27050982197377
EK202310156281,149.81053006145623
EK202310164483,143.7559023489893
EK202310108212,121.32601682946323
EK202310233950,143.1549840255377
EK202310157041,126.86822366718889
EK202310104522,134.8011638010419
EK202310175972,149.7607070299845
EK202310225965,141.8775174413133
EK202310138403,137.03728583185102
EK202310234452,134.1513919950378
EK202310104614,158.11724318602137
EK202310117970,133.99570014471786
EK202310128727,126.8457910592657
EK202310190230,138.7467552130968
EK202310201465,157.6462000267676
EK202310197534,185.3503155150554
EK202310171846,128.9893413595701
EK202310193751,142.90413756342332
EK202310242967,139.26676841496268
EK202310112852,155.21267269653214
EK202310132804,132.63231217239993
EK202310127612,137.52797098851673
EK202310136082,177.04514260705236
EK202310186665,151.3746683105799
EK202310156519,119.85118658829866
EK202310108430,147.66402042761362
EK202310164930,140.51704700209928
EK202310153971,171.5810513770193
EK202310129412,143.38567660785964
EK202310124383,129.12701333081912
EK202310215858,151.98597811216433
EK202310104131,153.2537507518172
EK202310185040,143.47977642023235
EK202310119251,134.36564357869742
EK202310191724,151.135726898533
EK202310149922,123.82635957173304
EK202310176193,133.23836891387865
EK202310204311,157.8919187681082
EK202310248324,156.77442543386556
EK202310120496,129.4548652799522
EK202310233548,131.55037654757112
EK202310219178,146.2984646301093
EK202310114723,139.03825554100902
EK202310185832,173.06944782102582
EK202310106587,159.74475882491816
EK202310239252,132.5866354193056
EK202310208710,134.89528129147416
EK202310244056,127.52674275108694
EK202310223702,123.08429567092357
EK202310236969,128.41151653254593
EK202310196070,142.32540614970645
EK202310227710,137.72811581120533
EK202310119702,145.13615110055932
EK202310143351,142.2947256318528
EK202310144967,145.31625575340075
EK202310207097,141.3111379682989
EK202310193281,134.53031690548838
EK202310223068,142.12642942692747
EK202310158743,117.79414535812948
EK202310142353,141.20732172841096
EK202310154024,157.20040633696314
EK202310136326,131.96845418989852
EK202320006526,152.6688848623179
EK202310240160,125.43128721001094
EK202310230270,136.52161893660667
EK202310209591,136.947965526968
EK202310201937,145.75687393797466
EK202310138686,142.9463311147903
EK202310125946,144.249306502217
EK202310112949,134.4775842319218
EK202310128660,149.1639217023931
EK202310223565,143.03074958977783
EK202310155372,148.7228955794
EK202310229467,136.59683771145828
EK202310232289,139.4879635793088
EK202310142439,156.3098857803294
EK202310128595,132.6963626744363
EK202310228661,125.99737684034528
EK202310220811,135.10500147978493
EK202310104677,148.867232219913
EK202310108708,138.22491499841752
EK202310235044,147.33807385810115
EK202310141363,142.97470313025065
EK202310174855,148.8785321247135
EK202310154755,144.2418786009139
EK202310157326,137.54629654551727
EK202310228659,140.84812170751047
EK202310215026,157.16783459853588
EK202310177129,145.09369055070349
EK202310178830,157.66295468595698
EK202310222959,121.36029539860583
EK202320007347,131.23510426002835
EK202310153807,157.93165243584664
EK202310165563,155.55478553373786
EK202310240070,110.10213981881142
EK202310171642,138.8773879017101
EK202310221419,136.11374153554783
EK202310210258,138.66769330044218
EK202310108225,147.29203768409477
EK202310156515,135.25130438135935
EK202320006021,164.38552887518745
EK202310214746,144.73704666890265
EK202310166648,155.23427010677548
EK202310243041,150.29784437163056
EK202310227731,119.60090289247015
EK202310118513,132.2816176816029
EK202310240129,148.93934693551375
EK202310140813,140.48379141039214
EK202310181628,149.22594753793427
EK202310126085,128.81156033701853
EK202310246101,144.40176126525844
EK202310113312,142.5179107709909
EK202310217968,133.7447558455915
EK202310213114,123.71996286189494
EK202310219800,140.84059373632476
EK202310184495,149.3715063691381
EK202310119316,124.13248943259931
EK202310180007,139.1309073697544
EK202310199156,133.86555678895843
EK202310177234,142.0139805973837
EK202310226743,139.42606940291034
EK202310189141,141.18828846444256
EK202320006005,185.25530688905224
EK202310227823,143.05049527801555
EK202310174022,158.4742326538493
EK202310134374,134.02738225861378
EK202310200180,132.88695750604688
EK202310161433,147.12816699470392
EK202310121700,131.42783028055413
EK202310237451,136.1605955740154
EK202310192827,157.31962561781216
EK202310160428,154.4233647365175
EK202310205223,134.81459440497073
EK202310111659,166.7855162674
EK202310218773,150.91117477990463
EK202310161247,124.39383605830287
EK202310109618,141.05661438642056
EK202310155619,137.99365598736063
EK202310135096,157.47575638627734
EK202310188704,151.82083332095323
EK202310198311,177.06464148907264
EK202310138345,133.08301024715985
EK202310187653,128.36533806793565
EK202310223676,157.42615069925662
EK202310165688,134.76649074044286
EK202310104779,145.7810955449692
EK202320007241,157.04205142276479
EK202310247012,134.46167460094276
EK202310115649,135.31764188183823
EK202310158687,148.90544558106336
EK202310139898,151.1961244301315
EK202310183012,144.72414396277696
EK202310189323,181.7204725514307
EK202310236084,139.04492085188988
EK202310187745,160.55219394243852
EK202310213754,144.63538502571598
EK202310207691,121.5296373180104
EK202310213360,138.83960496824295
EK202310134511,136.5921091950778
EK202310162421,144.5778132365808
EK202310137854,142.04527888528213
EK202310150901,152.10188640652046
EK202310114810,125.32435822804047
EK202310110564,145.75747768559066
EK202310188498,113.29809779031362
EK202310122137,145.48661599133297
EK202310234827,145.6210540775478
EK202310123845,157.29142567666742
EK202310117679,158.51169737624102
EK202310226733,146.51821454952452
EK202310146806,147.54655975123805
EK202310186532,140.89444608248385
EK202310198523,120.82520126351106
EK202310169242,140.42220767620904
EK202310189605,148.49899696739882
EK202310177460,151.0733750780374
EK202310156053,147.82712744755847
EK202310138997,147.16439939945795
EK202310231114,148.25123826873514
EK202310147763,140.72869097909404
EK202310119709,141.32539728852367
EK202310121129,159.4245995268331
EK202310137901,153.77092047816453
EK202310144077,137.1368480422295
EK202310110337,121.37529458717209
EK202310184408,135.44751449769595
EK202310215841,111.28980810178064
EK202310157214,161.5519616403584
EK202310193140,140.30107721057448
EK202310216105,135.505153086418
EK202310246420,127.19184000461534
EK202310118424,133.54967151957305
EK202310144290,156.42543503707782
EK202310236171,146.93091963223046
EK202310161913,138.62770305731627
EK202310116195,146.61909956312402
EK202310140252,136.57569813859794
EK202310238025,150.8199656436981
EK202310146861,136.5994063368345
EK202310125756,131.98250612985544
EK202310211082,143.1932805135842
EK202310202590,135.48991269726446
EK202310212292,138.86062444148473
EK202310151188,150.28367446939927
EK202310186431,168.65080041852343
EK202310197054,143.70269406813185
EK202310229535,133.7400058161706
EK202310237693,129.23412147121064
EK202310127899,139.56436425670566
EK202310125513,137.5847926102936
EK202310143417,149.69792066795932
EK202310114922,150.8923299134304
EK202310185011,141.18727891164406
EK202310157380,144.66184660465908
EK202310242841,124.7919190286755
EK202310128764,140.2818505272377
EK202310160302,122.19298255307991
EK202310132265,139.47310197604583
EK202310142152,133.4734482020323
EK202310184138,155.40364674947267
EK202310218922,160.88456076149225
EK202310105732,139.91326634752386
EK202310202421,133.27758314102286
EK202310204745,129.64222442743966
EK202310231651,130.23981263557832
EK202310206373,143.2867353473152
EK202310231327,147.4176168218897
EK202310129440,145.68427545998108
EK202310229405,138.31076551509773
EK202310233561,134.55334053312794
EK202310141433,145.6329974980277
EK202310164651,153.3927495215968
EK202310201935,137.85730368521735
EK202310184574,113.98218858802525
EK202310223915,150.08852548438702
EK202310200908,154.7544890872049
EK202310128941,145.57667100084615
EK202310186952,127.32116440213363
EK202310193974,159.97357766557218
EK202310169879,164.53675145021626
EK202310172093,140.28553175126174
EK202310184529,143.64812396868086
EK202310230089,140.99827567636527
EK202310181118,148.91253621891389
EK202310204225,140.37579629250598
EK202310112100,157.33825172077994
EK202310222373,162.08535797900706
EK202310182126,140.1540424312119
EK202310169072,145.69055300530798
EK202310203100,144.208891770337
EK202310228065,159.10844083510585
EK202310003374,132.3014761235638
EK202310231993,144.25321090385046
EK202310166999,137.35475077744405
EK202310113561,154.72203066882705
EK202310150384,157.50885611154558
EK202310204151,145.1951711420631
EK202310243179,152.6606269244035
EK202310229664,153.89473589166244
EK202310214850,133.96508307948412
EK202310203348,153.37292163338532
EK202310146725,145.3792121652153
EK202310134763,146.55717796244383
EK202310145729,160.64319945771553
EK202310246535,142.53852459225877
EK202310141577,111.79045185945495
EK202310216160,122.98093804360354
EK202310116782,125.9229948372624
EK202310211327,144.29958757086402
EK202310204090,144.79782133330485
EK202310175898,165.03625257548376
EK202310226259,143.2955958691201
EK202310151274,153.16209785261904
EK202310154215,152.45134982191138
EK202310174277,143.8481172484975
EK202320006496,152.84722359064358
EK202310141969,143.0783354772266
EK202320005622,136.93992763150806
EK202310157093,146.38849746011823
EK202310139909,128.16231041252072
EK202310209908,131.5111997681342
EK202310218730,139.14093982832574
EK202310229718,116.62645996827877
EK202310111615,144.6887741542541
EK202310138168,121.82726605455494
EK202310162118,148.3960764215075
EK202310164185,142.59203665540028
EK202310123341,148.37938194069952
EK202310154152,120.65068244253692
EK202310169662,138.78703303907554
EK202310195289,134.31174291249056
EK202310247758,156.79137117411014
EK202310223580,141.44709844195341
EK202310104690,146.42435073047406
EK202310234439,135.18446300389144
EK202310225052,173.75278920011908
EK202310139674,141.69127882072598
EK202310186662,135.4735296177082
EK202310198339,142.9549833731878
EK202310219978,138.57527578608816
EK202310205279,136.47616253667485
EK202310241147,141.76349490087122
EK202310225981,166.4680175505404
EK202310168112,163.83439373282755
EK202310226106,142.57676595850825
EK202310116095,134.01599302915062
EK202310114593,151.59932049906223
EK202310175636,116.05986241891205
EK202310117905,133.1964125694432
EK202310200614,157.08874090187695
EK202310137390,143.11241469443297
EK202310196458,153.29105959803388
EK202310212839,156.75475253237437
EK202310149449,163.56436424903418
EK202310172721,146.64828031806314
EK202310133382,130.01926702646702
EK202310171991,158.17916889453647
EK202310178147,150.68824863924718
EK202310210822,132.80510865728132
EK202310169958,148.09387678851039
EK202310216612,132.22393372906137
EK202310190351,136.198691807326
EK202310128333,135.65161910506993
EK202310156052,146.77661620105425
EK202310207300,135.50432487192592
EK202310148098,144.4994180201471
EK202310236834,148.36212843522705
EK202310206502,131.87278389632178
EK202310232490,137.03979023167818
EK202310115920,138.4450993381731
EK202310155557,140.29934838251023
EK202310118792,162.38544497314453
EK202310213449,137.49620244175335
EK202310157956,150.06846805325696
EK202310202461,145.31431075205805
EK202310210080,156.34492154400473
EK202310123713,156.30677579188367
EK202310138636,149.32946701092266
EK202310197194,137.52914427654576
EK202310136131,171.1509450452345
EK202310194280,146.24171491619217
EK202310144073,172.24489104245575
EK202310196767,160.60908677595512
EK202310152659,136.37387733538188
EK202310119318,132.86850632194555
EK202310175079,161.01708331826123
EK202310246973,139.70201035027867
EK202310177069,148.4771773966869
EK202310228915,136.59267278679238
EK202310237967,143.3814962578617
EK202310004766,149.01465557545114
EK202310197580,170.25288498793972
EK202310163370,151.87655128810715
EK202310126258,131.91952354639898
EK202320006245,148.09602348418323
EK202310214455,148.37660368894643
EK202310225077,171.52164153010517
EK202310121345,131.0625822170967
EK202310118753,128.61807366300636
EK202310209148,158.33702527406098
EK202310235651,127.86133905293595
EK202310195584,160.9740896486849
EK202310131541,138.7192069939996
EK202310167958,156.32602563597592
EK202310232848,120.37146523244573
EK202310112373,139.7373450704769
EK202310247588,158.63379973080268
EK202310124781,146.1829454402168
EK202310187345,151.74519006559348
EK202310117200,154.66175161896683
EK202310103838,125.70712109467046
EK202310123310,135.14443228167744
EK202310193567,147.8779424332685
EK202310176987,152.40588576357754
EK202310217483,122.25888407998934
EK202310219653,130.47841052672723
EK202310189258,144.82707236202006
EK202310213235,137.6271833274502
EK202310148485,143.26895176169475
EK202310243846,130.6524801242819
EK202310157685,155.511450626377
EK202310228217,173.96279814331083
EK202310167414,141.03535402180856
EK202310116553,142.57618049061392
EK202310154306,143.57095548653123
EK202310218246,143.83191217431366
EK202310214924,155.6700566655707
EK202310124301,140.45510838331816
EK202310132969,124.10004288507292
EK202310116665,143.67561742295823
EK202310126109,155.43311160789483
EK202310246626,138.86693753420678
EK202310165655,128.09605167504458
EK202310222900,139.94196374714542
EK202310183920,161.04452769128156
EK202310188655,142.1166573194833
EK202310140837,142.41062818824292
EK202310110105,119.28644176243205
EK202310166926,168.040659039075
EK202310222571,142.71649183327446
EK202310130862,154.14957222796556
EK202310159918,137.05191766673093
EK202310191732,167.3294434494183
EK202310154430,150.0670571641168
EK202310209379,137.00871746465572
EK202310242826,161.66442520728745
EK202310127621,149.04381179206686
EK202310144269,150.78596485947966
EK202310168554,165.59233018620392
EK202310225096,121.19304487594556
EK202310004191,137.44431886781962
EK202310198832,139.62062105460177
EK202310166122,167.3963551430679
EK202310197812,185.3740455858327
EK202310173577,124.67005523288091
EK202310107780,135.14047478234892
EK202310200080,148.76511706150959
EK202310244832,174.1223885727946
EK202310153701,165.33337977523905
EK202310248897,150.97047818345263
EK202310238758,140.51757032300637
EK202310180956,157.12185828813574
EK202310133597,156.34512265578056
EK202310165926,134.86183608084448
EK202310113563,159.57213249936078
EK202310219177,148.1333721920364
EK202310215546,155.58895064961214
EK202310239803,121.75215802837278
EK202310170081,110.61138346829989
EK202310206625,135.90951777249808
EK202310104069,126.19589502395472
EK202310186393,185.54698081380604
EK202310173267,152.21446561885975
EK202310110426,137.44331869055196
EK202310164765,144.09847672494868
EK202310158220,132.21084063846914
EK202310168816,142.92240445268698
EK202310204071,150.22448969552926
EK202310157259,136.6239223373485
EK202310156843,145.95400767251363
EK202310223529,147.92222702514331
EK202310149961,157.8726764125599
EK202310108241,127.98600390122388
EK202310168245,141.18726850626496
EK202310191021,142.33974317263983
EK202310165776,139.25605523534023
EK202310172874,127.54131469191829
EK202310163779,140.68434501962963
EK202310188731,162.90620090412253
EK202310105850,133.5659133330717
EK202310129025,159.20856793077687
EK202310122251,142.35400394478904
EK202310233739,144.5627565452141
EK202310145467,140.84590282756238
EK202310125541,125.8385501156796
EK202310128736,138.49868254576828
EK202310157339,166.24816578959812
EK202310204674,160.91697037049684
EK202310199931,136.75686994075505
EK202310159776,166.7426509365967
EK202310233618,148.48395697397024
EK202310209554,158.79167127292556
EK202310147590,141.0473885477617
EK202310233558,121.90445312302441
EK202310141475,150.25608588487992
EK202310192184,154.94279853563523
EK202310121465,132.73825528868454
EK202310144674,149.4140927845429
EK202310225145,148.70712088047526
EK202310211862,123.95205159082106
EK202310218476,127.61543478428875
EK202310227106,150.80797759624352
EK202310184475,133.40472498526867
EK202310132027,134.94971371050667
EK202310134826,141.9130327328095
EK202310182784,168.05080805166773
EK202310236142,128.93176000866535
EK202310215997,170.2999792094601
EK202310218885,166.35842268773706
EK202310189497,143.9989981865084
EK202310242392,129.76312221906687
EK202310139831,136.77603812911943
EK202310159899,118.9977782521618
EK202320007536,145.41762672452742
EK202310205864,148.67928351086135
EK202310205412,148.71296592870593
EK202310178623,151.79564036442432
EK202310144137,152.62545381921447
EK202310156851,163.1014989979269
EK202310200692,127.56003730077015
EK202310221442,148.12360942944898
EK202310225402,141.1790308208437
EK202310128314,148.6293682518719
EK202310135585,146.88384095000274
EK202310230304,185.67455262229433
EK202310106564,137.8954898983046
EK202310195276,131.92311690869002
EK202310168561,139.1676069114798
EK202310238035,153.555593162485
EK202310210412,134.69766004331862
EK202310193015,141.63379508936052
EK202310160429,151.8659281104989
EK202310203227,137.01633111302544
EK202310144260,128.75175213818892
EK202310231994,142.76544445514324
EK202310169556,140.13798975294677
EK202310112231,143.96307284143145
EK202310179305,126.61301718953132
EK202310111693,129.38420275617375
EK202310163778,145.95287226412475
EK202310197562,150.95381448031333
EK202310147780,151.2465390091773
EK202310165497,175.5584243737314
EK202310191527,134.5332299825732
EK202310106149,125.92091170866276
EK202310179787,129.146316732577
EK202310247018,155.10696025355094
EK202310177578,146.54541287500464
EK202310138872,171.87978010035692
EK202310204378,131.61283630372446
EK202310146296,144.66692697476324
EK202310110160,139.7810437881916
EK202310179095,164.67895107100765
EK202310220481,108.51437679591652
EK202310227227,156.69293783440918
EK202310234336,166.6857540896848
EK202310145809,133.71512188686646
EK202310209306,152.24565550878188
EK202310225649,135.64324778887288
EK202310226704,148.40602518959003
EK202310157072,150.4122685232434
EK202310121530,140.2397512199855
EK202310165600,139.61233237603125
EK202310197233,139.22276505045585
EK202310184332,136.7003736895629
EK202310143743,128.7103315855287
EK202310154640,139.94512091669944
EK202310158286,134.4373459402455
EK202310123880,139.5287121904485
EK202310182423,156.678535616566
EK202310124053,137.8430823084724
EK202310206144,131.17334081066784
EK202310140890,148.0219547556064
EK202310127015,126.95078032691433
EK202310134941,131.6810680054709
EK202310119304,135.6661266416029
EK202310212796,137.90536407375976
EK202310108377,130.49855929486455
EK202310174180,139.7871127615761
EK202310239157,150.93298103045805
EK202310216632,140.44030229038182
EK202310172285,144.32145810690756
EK202310150279,144.37922570371418
EK202310186491,115.05804951847566
EK202310197932,147.19444868372278
EK202310120172,141.96441298830118
EK202310216664,152.46985757081166
EK202320006884,173.8741621532228
EK202310178918,147.09760817154555
EK202310144935,140.09881207285576
EK202310141510,140.60092898665312
EK202310216762,138.373715553324
EK202310106406,123.97095499787414
EK202310111996,112.12614731949903
EK202310208681,153.38155490892092
EK202310226247,138.02569949893154
EK202310113253,162.10046928103387
EK202310122999,140.5164176083631
EK202310155079,162.33177065110578
EK202310160222,143.67051956719914
EK202310210742,138.53190684627248
EK202310156801,140.4530825317807
EK202310159360,147.40502863885612
EK202310180024,132.06948251917035
EK202310213928,138.9875816547593
EK202310152334,133.45804411559936
EK202310245937,132.60107992292063
EK202310164808,196.16969109081285
EK202310146870,141.32209418950413
EK202310163950,146.53788650138907
EK202310195716,143.76403739461122
EK202310150305,152.1442263800529
EK202310229713,120.81499905815144
EK202310188916,151.70115792971222
EK202310121395,138.24462690715504
EK202310160376,143.4490882295774
EK202310244651,143.62409975304442
EK202310150169,139.3475370939493
EK202310110958,146.85193091094908
EK202310143966,142.69552846071525
EK202310221741,154.86786349060642
EK202310187012,155.0854725965724
EK202310193822,196.39616219678655
EK202310172094,144.60119734147807
EK202310178633,143.13311942752216
EK202310117674,135.80106064859987
EK202310133805,140.81809541353132
EK202310180948,165.97642091946213
EK202310203849,142.27046840199816
EK202310149491,170.09237240815924
EK202310216830,162.94400698232977
EK202310229432,139.12236030272624
EK202310109652,145.61098992865828
EK202310181925,165.7965292036219
EK202310196245,132.12661931269133
EK202310248098,135.5376712929546
EK202310183221,162.47510434397205
EK202310196195,163.3609171004204
EK202310197137,138.55257846215997
EK202310110247,152.20001686355099
EK202310144126,143.1444994465572
EK202310156911,162.0339936614102
EK202310224215,132.58772426513914
EK202310236337,135.18119459521387
EK202310188431,145.85727177029975
EK202310137114,163.27249223788073
EK202310115030,144.9042778021663
EK202310117460,117.20366263300022
EK202310162361,138.0860389940109
EK202310130281,167.8339941905361
EK202310148428,165.51964511425723
EK202310163311,149.91521374640925
EK202310145526,134.67329932405875
EK202310235374,125.60797993934463
EK202310156223,136.61222463930767
EK202310151269,144.22310844096518
EK202310150741,145.66761142293223
EK202310225372,153.37943444847116
EK202310133344,138.8398676455041
EK202310127071,123.88824787111233
EK202310152237,147.59391172005687
EK202310244229,145.4709543131236
EK202310167190,144.40440024111524
EK202310154488,155.60556534214138
EK202310211108,137.8191580495145
EK202310114416,162.6087510604679
EK202310222978,166.66820530827056
EK202310187337,160.37246827867844
EK202310195712,166.6483128716402
EK202310176238,153.7761595764402
EK202310204719,161.0415378153152
EK202310184298,136.07427440091593
EK202310215525,151.01463127909867
EK202310154861,126.91049235536758
EK202310200739,125.22853048326897
EK202310242424,129.45637981446475
EK202310247300,128.5038528721443
EK202310116475,142.80473101217754
EK202310225458,132.7764281146956
EK202310126918,133.83398626675427
EK202310185579,127.43636057692515
EK202310241455,143.91129093525882
EK202310209465,137.5783224874779
EK202310142842,148.85826693614345
EK202310185122,151.24254938148965
EK202310223530,140.62315025419895
EK202310188514,143.74385428881476
EK202310171731,146.0174001788932
EK202310130376,158.5757274216378
EK202310222189,132.84771010755023
EK202310106430,147.28958209033885
EK202310127369,143.0391944789346
EK202310236443,126.5083124694229
EK202310182405,148.84564962206383
EK202310210187,124.4851367386246
EK202310116888,144.1943541573687
EK202310173132,152.6204212240294
EK202310108743,142.4478695045867
EK202310125006,133.1022181968755
EK202310213574,142.20012332211567
EK202310165356,133.29009794346783
EK202310149418,140.29344277722473
EK202310198882,118.01487190147672
EK202310231320,146.93374808938827
EK202310205653,134.32059731256024
EK202310198599,132.73168472239453
EK202310199963,125.95312246609228
EK202310173699,127.43285898137086
EK202310245726,134.73202700399523
EK202320006040,170.877888923147
EK202310154743,143.24734296733928
EK202310188160,138.77132714212289
EK202310214367,177.11446044312493
EK202310103702,119.55501193428469
EK202310127965,149.5840570891455
EK202310203245,156.37763066781702
EK202310139888,141.89337260615747
EK202310108972,151.14226462438603
EK202310004612,121.63524295470937
EK202310143552,152.56986799353936
EK202310120024,142.23513364701842
EK202310221518,134.50005675646963
EK202310180966,156.38067103266323
EK202310193489,144.05280022732939
EK202310117005,144.3078813471969
EK202310213271,151.2839619786772
EK202310120394,129.3605323339144
EK202310183259,131.09884880115436
EK202310125697,158.20445801375354
EK202310110553,137.47931393640073
EK202310150138,147.3671906260984
EK202310169349,133.60629823763728
EK202310224959,150.71205876251113
EK202310003872,146.56652324345077
EK202310189922,165.47153064977658
EK202310196746,157.941606428787
EK202310189397,137.57786738091883
EK202310154076,171.0519047453674
EK202310003409,127.82603819260125
EK202310132461,143.12632058707152
EK202310114430,135.69489859388514
EK202310207939,136.81734801931188
EK202310219274,120.62059322301232
EK202310226342,156.43291129510695
EK202310127397,137.14859047598358
EK202310237125,139.02501380344953
EK202310214068,163.54734154187454
EK202310184942,146.3117819864495
EK202310113334,119.45030618224564
EK202310121808,136.8826962153772
EK202310134472,138.64768715682922
EK202310213189,130.253087431913
EK202310200986,137.60334212213402
EK202310183319,156.77882531220013
EK202310138451,134.1276321159948
EK202310134480,129.65134110651252
EK202310248001,140.20264147207712
EK202310215511,135.71732735029997
EK202310148692,164.1813941374808
EK202310003356,137.60689664730438
EK202310186363,126.20291936435427
EK202310117649,131.51474108176643
EK202310107222,111.77503121426948
EK202310140103,133.55062737884077
EK202310162055,183.4795514243212
EK202310160543,148.67961865550689
EK202310104526,123.1265436397744
EK202310111072,147.34725940126276
EK202310144115,144.9192438609482
EK202310227753,165.41473356945346
EK202310168401,164.08736682329155
EK202310225278,144.89709891226718
EK202310121727,131.52220295495556
EK202310209068,160.9989646940241
EK202310117324,155.07812224902435
EK202310119649,142.9740518350439
EK202310154151,137.66148813594887
EK202310235668,142.79026336570334
EK202310197052,142.0515113139618
EK202310133218,144.36128146772657
EK202310228623,131.74071278823348
EK202310236771,124.65546880028599
EK202320007756,132.4632932733021
EK202310123680,136.38197845916088
EK202310153796,148.71596818998586
EK202310184256,169.53290732646053
EK202310189360,167.17049803220613
EK202310169170,153.0104505059877
EK202310238568,159.36892565285598
EK202310147463,152.81456419445342
EK202310246348,131.71990841223106
EK202310146645,133.9825653648504
EK202310112043,111.40692355052823
EK202310126693,139.1849575717457
EK202310105633,130.33998003463134
EK202310108187,143.56863757180858
EK202310142659,139.27273057431862
EK202310154109,156.7879994238272
EK202310187961,159.61325053933825
EK202310138151,129.04357688224366
EK202310145768,125.11330739553124
EK202310204437,133.15507073329354
EK202310234444,137.3676847122026
EK202310146920,132.4305953199418
EK202310191972,155.61787886900422
EK202310135664,146.64257760726
EK202310136647,157.21222545021118
EK202310149136,142.36238830678553
EK202310004755,130.39904492514745
EK202310003806,135.49679215264035
EK202320005862,149.9141208267661
EK202310238222,127.30921255570132
EK202310165638,145.0599521301514
EK202310195278,149.07779010030208
EK202310191050,143.99756212869164
EK202310165081,165.09867412792812
EK202310141108,137.71622759370047
EK202310225501,141.1971054845524
EK202310190006,162.2083027568179
EK202310232901,171.89674887470198
EK202310183145,141.08690199159375
EK202310133834,156.34276776450739
EK202310111865,133.59494048100575
EK202310233162,137.14146477190081
EK202310144096,133.69695924390393
EK202310241460,150.07985553824835
EK202310148061,143.2102680061356
EK202310123096,133.91439282925396
EK202310168745,127.1109767106831
EK202310232533,137.1130313356244
EK202310238139,149.03425047561046
EK202310107671,138.79542509483258
EK202310003635,140.22151287877938
EK202310160939,134.20521888885455
EK202310165138,160.27205286817698
EK202310177363,174.43263702318654
EK202310140380,150.45790117515426
EK202310127640,147.54900559545317
EK202310145483,147.49842857475087
EK202310144142,134.48587953318804
EK202310182466,154.23399190714193
EK202310134774,138.31652865147373
EK202310239504,141.83934609769528
EK202310179694,121.17929007001558
EK202310105818,138.90139857767474
EK202310206801,142.2580571070025
EK202310133427,137.25132983536736
EK202310172349,129.6746136158455
EK202310144166,133.89821051292398
EK202310118960,137.6438578353999
EK202310199115,156.42066354843922
EK202310213777,154.01892803307896
EK202310232118,133.59095828155364
EK202310204757,139.13525270189123
EK202310241858,126.59700027643073
EK202310204589,155.85886573602386
EK202310224131,145.40499079364372
EK202310160384,158.3575309770629
EK202310158733,151.05655542052554
EK202310139320,128.36519653242948
EK202310186373,141.342511304236
EK202310207408,143.5680356969352
EK202310202032,126.78417243806882
EK202310191726,129.41347919837744
EK202310237659,147.3369978709827
EK202310202929,145.04682155112926
EK202310138221,132.89264897443988
EK202310213944,151.50340784674606
EK202310217592,147.90086357884186
EK202310156873,144.8713630057155
EK202310154026,126.9419610538753
EK202310227896,141.04689745940243
EK202310165724,154.58492850642253
EK202310160534,138.19314074780283
EK202310238733,148.76463603430926
EK202310187242,158.39903087577434
EK202310160829,151.29239679451203
EK202310160276,138.8155743708143
EK202310137939,136.69744553325094
EK202310200291,137.30678575683896
EK202310238138,114.91674014830465
EK202310217144,163.45508544850819
EK202310196491,145.49365093803573
EK202320006298,134.67598124100766
EK202310228178,133.83923215862666
EK202310138802,127.74955662492775
EK202310240713,138.3191331545883
EK202310175243,138.81215697696615
EK202310207967,135.3490276154963
EK202310107352,136.75269641340537
EK202310211309,138.86257661825599
EK202310131783,139.10048769346173
EK202310166826,142.87003959874363
EK202310112512,133.86260729021063
EK202310153955,156.94715937398584
EK202310223762,137.11242272983807
EK202310220803,138.31343820407557
EK202310191806,132.63125953714112
EK202310139794,139.77432134403463
EK202310004495,139.0572696480649
EK202310165321,131.0215254466534
EK202310152644,125.52824765942677
EK202310107844,139.70209958842926
EK202310224636,133.5857083346172
EK202310182912,139.41275225688847
EK202310227725,142.10996008204245
EK202310129401,134.0704799157961
EK202310132710,152.84170475678496
EK202310167591,151.44905741293042
EK202310209362,134.11772578921722
EK202310191553,162.50894287525782
EK202310191129,136.58475265955065
EK202310229273,129.46513430657012
EK202310177141,139.9007123143158
EK202310210987,138.5495328997597
EK202310246808,117.10269483037499
EK202310186424,132.1120404366104
EK202310243671,147.3729473675273
EK202310157978,131.08554544481956
EK202310141176,128.01119162626395
EK202310166632,156.18480817695652
EK202310188518,147.763901094599
EK202310176726,151.2934254920672
EK202310232858,166.03211811247579
EK202310203103,137.9088734712201
EK202310172581,130.59666386842682
EK202310129669,140.9201690884884
EK202310149026,158.02774651024833
EK202310151271,138.519552168309
EK202310164311,127.85519108463653
EK202310193156,167.32241522675506
EK202310183315,151.47128699532288
EK202310129742,162.45095170699673
EK202310244163,146.26642709795175
EK202310162820,150.85996304490217
EK202310158627,162.72825319627665
EK202310195793,129.72093084510556
EK202310243898,166.23078505033197
EK202310211036,139.8212479045519
EK202310231066,125.1850490111971
EK202310188792,157.39748175076835
EK202310181166,144.2991969016757
EK202310240476,136.14835216740806
EK202310197771,180.04210942375104
EK202310141037,155.3179203924548
EK202310204780,151.44071821676502
EK202310191058,154.5184698392365
EK202310173228,149.79689504872732
EK202310197491,160.8483180636626
EK202310156720,147.17470486659641
EK202310244219,140.35808167254902
EK202310119128,149.99497696406007
EK202310241327,174.18055589440087
EK202310152238,159.55782843122262
EK202310179839,119.08934767264165
EK202310238196,146.84921808881896
EK202310153091,157.03847072676882
EK202320006753,160.01963935343971
EK202310123570,141.75834381154593
EK202310163341,145.09473281662866
EK202310162440,147.8313165683885
EK202310151053,138.15671073690973
EK202310188188,160.2475940654466
EK202310127289,150.0695553420139
EK202310248374,133.92639224258465
EK202310167393,137.92163784262522
EK202310192930,139.18476623028724
EK202310113187,164.7211261493735
EK202310174516,149.84750177903834
EK202310187588,118.7868859924953
EK202320007750,149.2644757179669
EK202310189741,180.0047248873472
EK202310174859,150.56844930739217
EK202310195086,150.08721056059605
EK202310183873,173.92946290678697
EK202310171631,138.19836267956973
EK202310123283,130.31927057640976
EK202320006306,166.28008479635355
EK202310139834,132.097920222766
EK202310239785,147.55662184004868
EK202310153276,141.3018096006956
EK202310180328,151.90410655918313
EK202310207645,167.56412997880503
EK202310130192,155.72143015293267
EK202310154977,137.29612974241823
EK202310139793,137.22747368932167
EK202310243107,148.29217576511093
EK202310209482,142.23866798776945
EK202310241115,127.88249547895165
EK202310214880,135.86377823696378
EK202310240253,134.6434275021851
EK202310226088,138.70080989681514
EK202320006633,171.31289502622687
EK202310245104,178.63315456889646
EK202310112870,146.53170186169768
EK202310161734,161.5905306100002
EK202310225927,138.41304819349187
EK202310145336,156.0490352105877
EK202310137212,115.78509527823896
EK202310190306,126.52494655005583
EK202310172851,145.88515368566948
EK202310231101,136.62010032838225
EK202310212990,118.46447514371039
EK202310122658,131.36746878951521
EK202310176278,150.34735424965882
EK202310200882,155.22518153916758
EK202310152325,140.011877843864
EK202310151272,145.37471460947353
EK202310194215,160.5809157648991
EK202310185678,151.53629993859082
EK202310243281,146.49573966125772
EK202310120514,120.48009916279214
EK202310126433,140.34738956590272
EK202310122944,126.5063695611502
EK202310236394,141.7508696883593
EK202310218087,145.37760632226386
EK202310151593,146.4241117524813
EK202310110201,150.71211465629005
EK202310131708,147.7602467438648
EK202310111333,137.42599033219673
EK202310183969,160.74672029177933
EK202310161113,180.26954860304818
EK202310184302,161.52555639196422
EK202310152148,130.35414592893017
EK202310236146,129.91024756432012
EK202310229823,137.79080753684042
EK202310133950,178.83035489716517
EK202310176959,160.7895367575247
EK202310003859,160.79311600668987
EK202310185070,147.66798258872544
EK202310004826,146.5205981967341
EK202310192593,137.5888962894856
EK202310212457,141.79222396323325
EK202310133750,123.0173306361525
EK202320007484,178.3536244162018
EK202310190675,157.0455617229438
EK202310129882,149.08388300977168
EK202310216142,135.8908183976547
EK202310197446,148.81101073436483
EK202310243332,150.2057660090826
EK202310139113,157.4832187913865
EK202320007314,145.91287046567686
EK202310192244,160.57283041469015
EK202310209792,132.07831778172778
EK202310218921,143.4898882202344
EK202310128700,137.09268892501643
EK202310219548,135.18168296016202
EK202310230864,144.01826723139507
EK202310141941,148.4271418633332
EK202310206423,144.52217860426273
EK202310188250,139.1073906393665
EK202310180278,110.4562594494133
EK202310123620,158.00196086825392
EK202310180928,138.70509034122432
EK202310148298,136.086418973402
EK202310124265,138.33363859063536
EK202310125883,154.28949417704135
EK202310128123,123.35782775086282
EK202310234185,124.96893304913641
EK202310141809,165.26871413200394
EK202310125724,147.3889805036713
EK202320006085,151.89352408880438
EK202310232099,152.0544875789464
EK202310193331,143.99204640958985
EK202310205400,138.12022953977322
EK202310160975,123.53106886865166
EK202310203863,161.1524224933741
EK202310126413,130.45009268349347
EK202310118450,154.72125800869298
EK202310133563,139.28531777483653
EK202310239448,129.42909656524122
EK202310114694,154.0464515668893
EK202310158288,163.63635491608537
EK202310122422,127.49511011978004
EK202310235320,149.13253568542098
EK202310201960,122.67682385762157
EK202310194645,151.67350652749514
EK202310214962,163.92588744112197
EK202310247868,154.68205581524916
EK202310126826,133.94748526515832
EK202310120690,170.75455214721154
EK202320006557,162.9963214418477
EK202310224482,127.16828071784064
EK202310188666,120.25515579902283
EK202310167967,156.58335985700197
EK202310240200,140.47174946768916
EK202310183867,159.08337589334283
EK202310195682,120.78838768478926
EK202310108034,151.77137711543756
EK202310143324,142.2383327032757
EK202310139977,151.44947018403198
EK202310134578,148.48156170027454
EK202310003485,126.39331148395271
EK202310127332,151.35236297223665
EK202310195959,149.8770721790506
EK202310173389,144.42583226199594
EK202310120326,119.84453914431381
EK202310228101,133.92463345442118
EK202310194577,150.71359449551917
EK202310230845,155.38025345715937
EK202310144430,132.38842469956236
EK202310155784,130.5228240567131
EK202310160254,154.15813373043395
EK202310118458,129.9320162605889
EK202310134107,181.17420805454958
EK202310247672,163.59660424888298
EK202310233715,135.10268989138407
EK202310192802,188.7099501532895
EK202310226073,126.49934374835023
EK202310112128,148.0369297005923
EK202310214142,165.2425563638653
EK202310205070,171.62653600014278
EK202310191656,141.8450958640762
EK202310108700,138.08130215188163
EK202310121333,154.88064723484692
EK202310153942,133.8860231335793
EK202310228151,134.2444630972048
EK202310185062,128.84022317086107
EK202310133213,157.86466712262
EK202310242233,138.05336776201608
EK202310143796,145.81668839248113
EK202310202444,141.58569301087073
EK202310166800,162.81632750609046
EK202310191020,150.22890430424297
EK202310122069,117.19067711814589
EK202310221793,159.51022098701193
EK202310235848,140.53856673326283
EK202310205016,135.52855295419226
EK202310119021,151.4514805400334
EK202310222995,158.93447740989305
EK202310114479,131.42709044199458
EK202310182453,133.37153538844046
EK202310143133,139.4192867660159
EK202310175194,125.44972504266366
EK202310144671,142.86066031505533
EK202310245023,149.09846485750998
EK202310144979,132.7702123300859
EK202310235216,125.37893379096488
EK202310247586,141.2624910055845
EK202310105223,146.85191013104816
EK202310163741,164.45430429629084
EK202310141732,167.57104140314092
EK202310142505,135.7170936708075
EK202310131799,145.08558926903106
EK202310209090,156.5987905680934
EK202310159139,155.20341786431754
EK202310214093,142.25759479832274
EK202310199515,151.64968367301614
EK202310228095,142.06966570484008
EK202310173578,138.2970208567514
EK202310170010,169.7736006123554
EK202310164861,149.81527367665427
EK202310167580,146.42004127096777
EK202310225936,106.21500596669978
EK202310147008,150.89152523501937
EK202310187537,148.5942622105225
EK202310170479,147.28137159455946
EK202310238268,133.59561134984585
EK202310231268,135.60974727929218
EK202310167280,142.91933318852372
EK202310203266,137.0882371043552
EK202310179810,128.0287825887097
EK202310107445,161.75856670670925
EK202310107969,152.38271243099302
EK202310127481,141.62346780775786
EK202310180706,135.0480780759945
EK202310125230,143.9752072008806
EK202310127751,135.572369083409
EK202310172588,142.07033435907846
EK202310202984,151.40780446631365
EK202310104212,130.42556185093423
EK202310106923,133.22477349583335
EK202310147971,154.09790962898157
EK202310243146,120.24858173436851
EK202310171023,142.07630948230997
EK202310109775,145.93274287522283
EK202310205700,146.65001057063398
EK202310143997,158.71108081311957
EK202310132126,130.1286041683203
EK202310127316,170.20196610927425
EK202310107147,142.3084959826192
EK202310151185,132.38691573186753
EK202310228200,127.46830084316949
EK202310117856,142.5859935974223
EK202320005717,177.14448832768255
EK202310129616,144.56108354024062
EK202310232791,158.686769473387
EK202310243834,133.5993606875773
EK202310246208,146.9303641455573
EK202310160233,157.093214029727
EK202310149219,138.48886725252316
EK202310108589,135.6844530712981
EK202310204725,152.7459657437648
EK202310243502,143.47785190207046
EK202310114320,117.93290832255022
EK202310202291,133.83188730116095
EK202310237771,153.3098063322545
EK202310216760,148.50212092091687
EK202310244222,131.7058151038204
EK202310113733,135.8426213447744
EK202310138119,142.9709821209931
EK202310219085,141.96376038271796
EK202310153944,121.62689379051874
EK202310161644,164.74689169987977
EK202310204382,141.4672522581499
EK202310229663,134.7445572061825
EK202310156198,141.58408172237276
EK202310148211,126.19901128423743
EK202310152274,131.57075193472664
EK202310197042,131.32875736539592
EK202310163556,151.3169386481359
EK202310197960,166.18838868726326
EK202310232731,122.30443369056923
EK202310147947,150.5275402812949
EK202310144176,131.71866495816084
EK202310237272,146.56294451379551
EK202310195596,135.25169552887448
EK202310231682,133.11507568102036
EK202310114178,138.71366108288504
EK202310165798,121.03724960789847
EK202310177163,131.26742833002973
EK202310161995,161.59917965041342
EK202310130803,123.12256181588356
EK202310225601,137.91461556839437
EK202310139718,141.38864298208827
EK202310146622,137.77479305111035
EK202310113181,133.49850093943124
EK202310179401,154.7933762264228
EK202310202908,164.1218315933784
EK202310171925,137.11484627711818
EK202310136543,128.57174710307018
EK202310119266,125.3831307179076
EK202310144770,138.73315161425452
EK202310217594,153.29345369668422
EK202310224918,154.71542665895655
EK202310116728,137.2934519836129
EK202310136368,147.58083802827778
EK202310242872,147.82960345481482
EK202310226098,129.85848158011487
EK202310243029,125.47829395552462
EK202310234838,141.18611332797616
EK202310103797,158.2960789442938
EK202310159666,115.92407597870161
EK202310234494,127.55285307614669
EK202310134806,131.1477371694614
EK202310191437,153.66053048688335
EK202310125110,140.61719294073967
EK202310217366,151.28371181046634
EK202310191101,113.51237854209202
EK202310179382,145.6369644341944
EK202310137469,129.76380920132888
EK202310137658,149.11442491326736
EK202310134629,124.47390328408281
EK202310104525,133.42814126024018
EK202310151444,168.46946199627973
EK202310237636,148.6308698980831
EK202310143439,128.963339740619
EK202310149845,132.28503325676968
EK202310128851,141.7362759708581
EK202310237330,133.74926170748415
EK202310117295,142.36853889502697
EK202310243270,135.31284277683952
EK202310187106,152.2606361330271
EK202310137652,151.28534367373106
EK202310217947,134.97664521413037
EK202310215368,149.45622248792657
EK202310113202,141.56391586820055
EK202310122109,134.54249873832987
EK202310121040,133.09341452605685
EK202310226711,131.59130693864475
EK202310132709,152.8315661754258
EK202310169984,167.54991895059584
EK202310198212,156.09436234020296
EK202310158003,152.43104179247007
EK202310214974,146.21286967166952
EK202310134360,144.29494116346666
EK202310178688,156.80660629848913
EK202310171682,153.56544964714558
EK202310103768,145.74338320888788
EK202310209555,150.01622151180013
EK202310151086,136.27112406615177
EK202310201836,150.49956977133579
EK202310174895,137.44024169260518
EK202310138537,147.53953387895356
EK202310111581,138.65830277590874
EK202310219638,147.8253051660988
EK202310154214,152.26094872529382
EK202310200463,145.4243594919794
EK202310172356,134.35415695382866
EK202310164996,150.34324470506732
EK202310140375,169.4828573502337
EK202310216009,114.26564532812554
EK202310113207,122.27147377052529
EK202310132100,136.42072812122254
EK202310126863,157.91412550801527
EK202310146868,136.7118867941697
EK202310108177,161.28004971127342
EK202310166280,157.75208309134993
EK202310182008,173.7809028754076
EK202310162197,136.47108851387554
EK202310147752,137.2076176208912
EK202310003947,122.49905806216037
EK202310176472,138.35556921947878
EK202310234387,137.04473290277176
EK202310170022,139.98915072367458
EK202310171056,141.59398677978652
EK202310180973,152.4300733409909
EK202310166464,147.6340174910981
EK202310123184,133.07913943233152
EK202310192128,153.82537385683614
EK202310207232,121.09717360480087
EK202310133397,123.37320035538514
EK202310113037,133.44589212059418
EK202320007617,179.57077294498225
EK202310128691,118.96890187476271
EK202310234443,131.3759075464739
EK202310163599,154.49262404824742
EK202310124529,152.30647678088718
EK202310195861,135.2964846711195
EK202310004652,142.06546472130776
EK202310128598,147.7363538080595
EK202310219754,150.37244625503985
EK202310153907,145.91701713689199
EK202310210564,151.310650470228
EK202310119285,139.80288695562197
EK202310236273,120.41513985064464
EK202310205597,158.521815243781
EK202310232930,120.25019084564104
EK202310191886,158.52079646635326
EK202310236382,128.48554690965736
EK202310174764,149.77568131269538
EK202310105490,144.3729882213246
EK202310177012,156.7062725830475
EK202310128378,144.09344111550672
EK202310165398,133.46208902126622
EK202310142395,171.40436722466535
EK202310220861,145.31167897008953
EK202310209523,144.68090816018088
EK202310122997,139.75438489325643
EK202310205282,133.65926424907073
EK202310131435,155.3238336880658
EK202310203906,128.3789397884837
EK202310236413,137.48221763593833
EK202310156951,173.9544353245172
EK202310106622,135.18970929463507
EK202310189975,167.34678717285863
EK202310225784,115.35260092126144
EK202310219294,120.58117813510653
EK202310105442,130.6948297348231
EK202310132208,119.5599134018479
EK202310105616,143.83957275627571
EK202310174736,137.61591809790153
EK202310196913,169.93435806453448
EK202310137961,129.17956744453022
EK202310176163,159.05823640933372
EK202310110032,124.68778841730742
EK202310157504,147.8523331263013
EK202310233635,143.41539938348873
EK202310248436,151.09490720144262
EK202310202168,132.16165623943675
EK202310155766,143.15210030344647
EK202310139190,129.80782171320038
EK202310178893,141.53060018980136
EK202310194060,155.25732719500652
EK202310118567,129.04784549670654
EK202310127903,145.19925632780865
EK202310236053,99.914930997099
EK202310156969,160.61096214229894
EK202310113094,141.0042690468232
EK202310117682,143.0485968644747
EK202310175150,134.89896656435025
EK202310190181,149.96091281103628
EK202310144477,120.19190281294314
EK202310167953,146.52527106138803
EK202310123207,143.94729096250208
EK202310211120,116.77266927057993
EK202310158476,151.29960355456916
EK202310245986,129.7595507076412
EK202310141979,143.27210595248366
EK202310210627,139.27016544021427
EK202310131358,135.5819211017974
EK202310108863,139.33970629517512
EK202310106507,144.4001003916636
EK202310219636,139.4098768169421
EK202310206075,134.99147423881547
EK202310164374,159.84737808017962
EK202310247640,130.12340561524556
EK202310128033,170.8679874054434
EK202310202213,159.15343967909462
EK202320007199,137.71756565829082
EK202310148351,144.09293418328903
EK202310167191,157.9911523037137
EK202310191728,149.91222599091023
EK202310200275,118.30279166417509
EK202310240207,160.7509616016176
EK202310169132,140.13420427469958
EK202310144609,147.25044687935463
EK202310198534,150.21726369608788
EK202310117322,151.13533306632414
EK202310111311,129.5915496021186
EK202310132198,129.61896151703328
EK202310123213,131.47117165551822
EK202310175579,144.8409457167207
EK202310179611,141.09352687653552
EK202310162505,169.33680766599596
EK202310192578,140.46361595235442
EK202310106746,140.03282224526797
EK202310131965,124.13379092959597
EK202310193615,123.83429416739247
EK202310196394,155.32525922093185
EK202310219201,132.0783777028409
EK202310223123,140.2666053904004
EK202310193426,181.32813936520685
EK202310118739,157.97971959714224
EK202310106117,145.9530553217794
EK202310104981,149.186848615049
EK202310210450,138.45441823448812
EK202310174407,139.11239791891623
EK202310104567,143.1607588873483
EK202310127432,143.38911528936637
EK202320005737,138.12961530760472
EK202310191941,141.1442368383446
EK202310153855,128.94723535973463
EK202310207694,149.9590461167963
EK202310227244,145.19915076346416
EK202310153520,126.93318161158601
EK202310160923,167.49739932111024
EK202310105321,131.46077989701502
EK202310134289,150.81832123717058
EK202310221860,139.81362611509198
EK202310127051,128.82362073596914
EK202310004011,154.59793080526768
EK202310106438,127.55688273450093
EK202310223885,120.7714982337992
EK202310147175,147.4348939067817
EK202310172305,136.60256427715623
EK202310233355,125.75088249407943
EK202310175639,148.54238418726933
EK202310119187,134.1833220338912
EK202310208266,147.54574826408697
EK202310218780,149.67627737222546
EK202310208314,146.10531684205952
EK202310231800,133.00797324013413
EK202310128055,153.94548752413263
EK202310239898,132.12663136540573
EK202310216957,139.9264186406638
EK202310209441,134.24624899128128
EK202310123208,135.35568493089343
EK202310209923,132.5967601616234
EK202310133751,134.04448086028674
EK202310245312,131.79084316261844
EK202310115764,144.66871946311306
EK202310207764,150.33482138708075
EK202310240599,170.74646690302112
EK202310147315,140.87383700156872
EK202310131500,129.05625767378086
EK202310176669,154.63967502726817
EK202310123945,142.47926405194124
EK202310209731,129.5709115843837
EK202310144605,147.12523410935378
EK202310122549,131.25222860747667
EK202310145497,132.69488386681235
EK202310140293,137.85959645517116
EK202310139650,132.3225667765222
EK202310157829,126.2570157971208
EK202310106995,158.49214513102848
EK202310124413,184.32503338145628
EK202310214088,156.37081098292148
EK202310164191,148.1298390062253
EK202310226197,126.72466734373086
EK202310004226,156.43531216240888
EK202310108441,134.44752914535843
EK202310135386,140.2263378540683
EK202310129306,145.44419942601954
EK202310235944,142.20346659133935
EK202310247944,132.48416211928392
EK202310165677,137.69195796052156
EK202310199534,153.25064606751928
EK202310126380,127.25642020976524
EK202310154011,124.8405585290408
EK202310132506,171.6760659343492
EK202310108076,155.25670448985701
EK202310160457,137.53462928273183
EK202310208714,150.3834636315521
EK202310154569,133.94249342870677
EK202310144642,146.8096090648572
EK202310190051,164.83747865929294
EK202310117172,152.1241350791951
EK202310177405,165.91175641886232
EK202310213301,140.78038733657021
EK202310137198,163.38446099849116
EK202310151042,140.69063692846169
EK202310168461,145.51033254718405
EK202310243164,144.14955749823997
EK202310179023,122.54133494667664
EK202310160904,158.67798877151304
EK202310171189,138.8148262001009
EK202310239158,140.7851894168059
EK202310167988,172.36583185542958
EK202310226837,149.93481722042054
EK202310135580,127.71078441982327
EK202310246488,134.24799210206226
EK202310003762,138.4304243694842
EK202310134904,130.63858434493656
EK202310136330,145.50063696023938
EK202310217816,133.06552680557422
EK202310122041,126.36995737192464
EK202310246474,143.14455995902597
EK202310157040,168.88665696556936
EK202310198401,169.98058952391938
EK202310117127,143.74060080271278
EK202310105754,165.63493476215496
EK202310166261,143.1044851496425
EK202310168044,149.60895855517012
EK202310220538,137.98023780762836
EK202310139280,150.73370082970644
EK202310135523,161.73107503289356
EK202310236682,144.05338752305832
EK202310244877,141.01648293274837
EK202310107483,128.2247632422348
EK202310175451,124.3029034346091
EK202310180461,162.01859098471044
EK202310144697,138.72492174854764
EK202310123532,127.21588666785289
EK202310123754,163.06229081548304
EK202310206309,170.99658375841224
EK202310239121,148.2626042564629
EK202310104310,148.0938072960164
EK202310211761,141.1913468641669
EK202310191013,153.60809413376384
EK202310240312,145.17959489291147
EK202310217200,135.37989023290962
EK202310114563,157.74575286185907
EK202310161367,130.9565512248784
EK202310144122,149.31750145929905
EK202310212504,129.36849984535507
EK202310177497,145.35844703105226
EK202310236237,145.40115110771862
EK202310198587,150.671659881873
EK202310163062,155.70043045168143
EK202310164746,146.97112984814746
EK202310201875,137.3115574817356
EK202310172081,155.55597431376114
EK202310239571,147.47990133816864
EK202310135582,145.16584430985932
EK202310168412,161.0284021449466
EK202310207958,142.25160687471322
EK202310192851,148.9456366155302
EK202310192868,139.6165583488333
EK202310240745,140.071502264369
EK202320007142,143.1711917752969
EK202310242152,137.82458183016294
EK202310158334,137.8441669509376
EK202310202840,141.5401863870482
EK202310135210,150.0252312260907
EK202310140844,161.58715345679897
EK202310231684,128.09900423482566
EK202310220876,140.28256442327037
EK202310135369,133.52494913555506
EK202310163963,140.94020180669233
EK202310126679,136.77090461638122
EK202310162655,152.59943304349054
EK202310154642,146.32920081609157
EK202310178024,136.1666409003533
EK202310168498,142.81651995762934
EK202310220365,140.36321183684885
EK202310111380,144.33606649837506
EK202310152697,152.978802381383
EK202310246759,136.50259870541169
EK202310111419,145.05286978608362
EK202310218578,127.0189226886709
EK202310110262,123.41912778280934
EK202310112025,140.07031196831986
EK202310219733,144.72497240545007
EK202310188715,145.06577495785902
EK202310120824,145.93837060063623
EK202310115460,126.06508690633359
EK202310243920,132.99378872429554
EK202310177399,157.149960005347
EK202310187981,144.07493654397987
EK202310245247,135.12282236735362
EK202310121751,138.46799204118196
EK202310157398,135.92838927434724
EK202310146316,150.34897297830483
EK202310147009,140.52235655798398
EK202310186969,156.30647548916954
EK202310137065,165.44920173778203
EK202310121746,128.19760771747266
EK202310156291,148.51263009527275
EK202310214011,152.13708900180666
EK202310214233,139.22287453589016
EK202310119619,153.008401250541
EK202310179742,141.41100497325294
EK202310182000,159.6593194763613
EK202310200585,159.2294323899602
EK202310152222,147.3265432193274
EK202310149190,159.3259239627779
EK202310187819,153.77632136889622
EK202310124003,187.17589890260558
EK202310201545,155.11701919446887
EK202310171385,147.99277371365625
EK202310238751,140.0335824486287
EK202310140367,120.82715685079975
EK202310237130,151.7822536802916
EK202310198345,140.2697953747525
EK202310247133,154.52341929347588
EK202310137734,121.4110153522258
EK202310148474,141.10663756321958
EK202310150325,147.6265990067939
EK202310208250,144.39492170405165
EK202310232333,144.25443437773248
EK202310226045,133.61875801215024
EK202310158994,136.65239415703903
EK202310198109,149.49486549368024
EK202310193685,170.50751749045747
EK202310178796,165.27005919787882
EK202310168028,158.3763873131316
EK202310106830,130.6606639102064
EK202310181540,138.85634831118895
EK202310182066,152.55431950272657
EK202310206663,138.70297883046854
EK202310219839,151.65899986660003
EK202310201710,146.87854008908946
EK202310187487,132.56254139500913
EK202310202274,148.22073646975394
EK202310137558,136.0640263129651
EK202310190906,147.29666216158
EK202310223424,146.5959529664611
EK202310178941,125.23810568740208
EK202310184440,143.236756874888
EK202310155782,115.46252050006802
EK202310122432,157.3820882359176
EK202310182848,140.2959959119944
EK202310164226,151.72931653010966
EK202310173490,147.38202079557698
EK202310213090,126.05305347693925
EK202310153722,152.3243357749915
EK202310173472,154.42572439423776
EK202310167875,132.98437635919382
EK202310133234,129.80225746867973
EK202310223308,129.23156392583982
EK202310205100,131.3523234870618
EK202310198402,129.2550452221893
EK202310110225,160.66529112890967
EK202310171586,137.89152866812728
EK202310122356,147.56943844655834
EK202310163392,134.27902522006244
EK202310183719,151.1238327119327
EK202310003951,168.06600912822705
EK202310138515,159.99197537374783
EK202310170831,132.97177075372025
EK202310133182,131.3761350544192
EK202310111516,130.88538098646586
EK202310125263,136.84986958087342
EK202310240055,141.9868632904812
EK202310180483,147.13291795900443
EK202310204716,141.6179137044233
EK202310187018,146.05804255991913
EK202310158527,151.53209150702668
EK202310122260,148.58070605497346
EK202310234650,145.50548406252085
EK202310144474,130.91186350435217
EK202310237894,135.67283853025347
EK202310106091,147.05710327563085
EK202310188317,133.97833747844712
EK202310158850,130.90553687536686
EK202310186426,174.35135529858545
EK202310169750,153.3686988535536
EK202310206676,169.15017825187974
EK202310155928,159.45349552824038
EK202310230978,119.03816098273754
EK202310233369,128.85384342181666
EK202310129476,143.50715195284073
EK202310133048,128.1652321070867
EK202310165488,142.14310251964847
EK202310143637,164.4422773581835
EK202310214266,147.20326189458436
EK202310126225,143.61093320879795
EK202310152458,154.37745529392325
EK202310223231,141.82544600517832
EK202310120167,137.97757037125962
EK202310143015,139.9408379445876
EK202310158308,149.1010338915619
EK202310173081,141.85640469732326
EK202310189028,122.4599777463261
EK202310132273,152.57543067308308
EK202310128353,141.62686799506224
EK202310174810,149.19337721599766
EK202310239062,147.76338755810133
EK202310120641,149.5650090075452
EK202310244227,138.5030777582481
EK202310118757,126.15133482809121
EK202310129075,143.49738844425292
EK202310224814,135.6430419049238
EK202310004731,125.03822913343326
EK202310156915,170.58811941747769
EK202310115641,131.47521589659866
EK202310118147,170.36697309484566
EK202310248390,169.83774951114194
EK202310218403,126.44688349700327
EK202310155441,136.83998606155058
EK202310230283,137.11673239963687
EK202310162794,145.2553252810098
EK202310182211,148.32668848050346
EK202310143073,144.10002131905367
EK202310177848,143.91772989196613
EK202310003966,162.02737631073032
EK202310194839,153.61727113944937
EK202310233597,128.29009722926554
EK202310160959,141.35767756542154
EK202310225528,146.249814725837
EK202310108255,143.10533676873072
EK202310166709,145.00393685445647
EK202310203616,140.94900664049905
EK202310189898,162.2533830016713
EK202310135324,159.64525662844594
EK202310183856,173.39040723539685
EK202310178334,153.98768959186347
EK202310112277,152.60254518245398
EK202310116332,137.04240682742815
EK202310174408,152.74586473033943
EK202310225395,147.906646577472
EK202310179921,139.0409234754885
EK202310136896,134.97575043755373
EK202310246946,153.87980015656737
EK202310132878,140.69281546510922
EK202310132936,141.3195840307976
EK202310117215,143.55923879636052
EK202310194744,157.3112446467171
EK202310239667,147.54171818520362
EK202310137081,119.90427201172398
EK202310195120,147.21728426354275
EK202310244943,141.26364827006148
EK202310216463,140.49881307485555
EK202310175023,152.20314308217647
EK202310123452,130.19388521750193
EK202310120759,133.71442287932732
EK202310200555,168.7482571413409
EK202310183159,153.84237730200067
EK202310237119,147.57357251326422
EK202310241465,133.01812281157183
EK202310185913,138.8983132208448
EK202310207534,149.75451697173895
EK202310158605,156.96423764896812
EK202310193608,126.55980801492836
EK202310238219,134.97412890969983
EK202310142209,158.36638810767357
EK202310158659,124.42960111166704
EK202310196102,139.78008436716993
EK202310244335,123.1017782018715
EK202310151300,152.5368061122968
EK202310135647,115.21591632012831
EK202310208600,134.74585674287002
EK202320006689,149.82602639237078
EK202310208813,156.18787567485225
EK202310154438,147.78908851378574
EK202310165804,135.24454388509204
EK202310124724,127.85469384343781
EK202320005923,146.73419956580142
EK202310193868,132.32672270863253
EK202310243558,121.24728211017984
EK202310213393,140.21899550748424
EK202310142913,139.36161149468296
EK202310168870,143.6775092085128
EK202310246882,153.20981430438965
EK202310123829,138.6097713288113
EK202310125993,140.40686255289364
EK202310148678,123.47815311362365
EK202310214338,125.65658905292396
EK202310118609,138.01021260927388
EK202310223350,165.29206561841772
EK202310161314,131.9596276132996
EK202310172634,167.8560612460079
EK202310218585,133.20247899234298
EK202310004027,139.7542704718321
EK202310177913,140.22049420737338
EK202310195749,132.49590052907965
EK202310176453,132.52177117126973
EK202310213885,135.19715884186937
EK202310137118,151.3555235612598
EK202310219450,122.20282899952193
EK202310228378,164.914691847896
EK202310157141,172.49747071885005
EK202310131718,158.1891290904571
EK202310165083,136.00255532930044
EK202310004821,138.4198151159946
EK202310115195,135.8359821558463
EK202310179460,121.06356244847689
EK202310204918,135.94095732779286
EK202310126066,141.81609251237202
EK202310147822,149.41757913889748
EK202310233974,144.93610383986586
EK202310152337,151.60162957375115
EK202310121597,165.3010401345544
EK202310113315,128.71943656198215
EK202310172487,170.6562230051344
EK202310208865,142.48196294004606
EK202310178856,129.96037079675716
EK202310163216,134.74496462875518
EK202310192275,137.83707476444246
EK202310123629,142.69555729783923
EK202310118365,143.99667930363987
EK202310205626,144.66526329438975
EK202310197305,116.2504727271939
EK202310168104,130.70824213879678
EK202310147731,156.88672400116164
EK202310202905,135.26144911822584
EK202310240860,131.18595371803224
EK202310003646,142.85429721430032
EK202310241992,131.53167649880248
EK202310139823,141.28674230381412
EK202310229599,129.77214151887998
EK202310183516,160.45669813678762
EK202310224914,97.9168441486668
EK202310191077,143.23288417702503
EK202320006964,168.3544283487376
EK202310237895,137.1279427795472
EK202310176057,134.95694011383554
EK202310165954,137.22735799980416
EK202310122162,134.42766433509698
EK202310126238,130.02096057136023
EK202310121795,154.41011592784528
EK202310161976,168.1144876420833
EK202310191508,138.25406679611143
EK202310176644,147.5429280212992
EK202310152467,178.03743695023937
EK202310219240,137.24765887328542
EK202310208125,138.01487360597062
EK202310159439,158.39860379892406
EK202310112020,145.9169138326653
EK202310131152,161.7108802600355
EK202310231176,145.84209372203827
EK202310119600,148.2297495035762
EK202310142740,174.20693862716837
EK202310190305,135.68495138302333
EK202310181410,145.58036089388324
EK202310195269,135.6190455365423
EK202310154821,110.18160740186133
EK202310247409,135.7154829132431
EK202310146034,127.84660189460006
EK202310193073,155.81186145648962
EK202310184666,187.39930222944744
EK202310107982,144.875273636078
EK202310118565,120.73324398816443
EK202310189557,141.6690554875207
EK202310176523,159.49840131006175
EK202310199098,165.62186965463982
EK202310192444,170.38818956727374
EK202310201510,158.95817006186746
EK202310152404,156.64854347559648
EK202310159084,158.36920695439164
EK202310241360,142.4840430411658
EK202310216628,140.12558660770063
EK202310228907,126.47248981795501
EK202310129890,167.4102385868874
EK202310151590,151.78419751756962
EK202310145359,134.4711577272046
EK202310157050,142.96703404098338
EK202310176488,115.7304021594627
EK202310130834,140.6800074333146
EK202310209574,138.4733249999307
EK202310111176,143.20383697507626
EK202310147278,145.47226331664004
EK202310208597,162.45362009965146
EK202310196533,136.0347026771295
EK202310195547,155.85045488386103
EK202310176613,133.6372453633832
EK202310164726,143.60437814100447
EK202310243633,140.63797930861907
EK202310196133,152.43564185141128
EK202310147029,153.3640950189935
EK202310218892,159.1281445399129
EK202310140920,145.03889056146767
EK202310155482,147.53796079437126
EK202310135200,120.78782066580101
EK202310172820,145.9012898481445
EK202310105543,131.00222839845546
EK202310172387,150.48657097686868
EK202310176697,125.50671100545894
EK202310218951,157.46632786945554
EK202310103784,136.4103636632368
EK202310230023,126.87661249631847
EK202310164692,141.32334364162077
EK202310104542,139.4918795985588
EK202310176068,137.57319071914318
EK202310244683,141.71895493410452
EK202310119149,140.0377548624592
EK202310191861,134.0612759469073
EK202310199949,123.88528816919012
EK202310161393,138.7494681616883
EK202310125111,146.12507013088046
EK202310199054,165.77232645381812
EK202310004487,132.32529636478947
EK202310183184,116.63528599737393
EK202310201897,149.40224070793494
EK202310210681,124.51912615338716
EK202310171699,122.24227963838948
EK202310136344,137.54667956047848
EK202310142799,132.15657151752538
EK202310003358,143.1260747439894
EK202310177915,145.99366391060607
EK202310233198,156.29627587508114
EK202310180154,136.192605126795
EK202310174450,122.23814658509846
EK202310136841,141.14824670087572
EK202310121016,144.16016025011032
EK202310165032,134.62141392439824
EK202310228963,136.88520873247563
EK202310121559,133.61940668938325
EK202310181916,137.36965269723103
EK202310145575,169.65003222831882
EK202310239181,148.9887169481023
EK202310188158,131.76613507133393
EK202310128251,121.61183835248245
EK202310132218,158.6417278305534
EK202310171818,139.21689352884252
EK202310104717,136.56723195051146
EK202310166536,159.67961787102774
EK202310165544,164.70762034306495
EK202310106140,135.30146156585297
EK202310120542,119.8527938327833
EK202310200432,145.42001441668512
EK202310137688,144.83797732499886
EK202310199770,139.47538883750894
EK202310151234,136.39052923692273
EK202310239824,155.93903295998788
EK202310109979,141.07184892476204
EK202310222377,115.47199306706571
EK202310129765,151.05056049586588
EK202310004768,128.55030073766542
EK202310161683,151.15316561352174
EK202310111657,147.27939151964364
EK202310233223,137.1688899091659
EK202310191113,171.68821620193927
EK202310133283,153.70731084794946
EK202310196259,137.70869403694414
EK202310180866,132.86165098760674
EK202310219289,128.74317086404832
EK202310195465,172.91314902926055
EK202310163110,144.03450157419786
EK202310236924,131.56386212833547
EK202310175544,156.55707449754885
EK202310106368,145.94998798360623
EK202310187622,148.65246144814782
EK202310204563,151.23812577813084
EK202310169494,149.1116215032859
EK202310151846,165.9124561159187
EK202310239299,135.56831260067415
EK202310145012,134.11106889225002
EK202310110945,137.1516360891502
EK202310198659,149.48339112928292
EK202310130369,108.65868398514215
EK202310191235,133.2866418332838
EK202310171717,121.32502433365806
EK202310235589,153.9411936962257
EK202310114348,150.7568945442163
EK202310232893,157.82130358950445
EK202310164789,148.13819688120572
EK202310236042,172.61190123597567
EK202310004445,133.5484279469812
EK202310172245,141.2162466109013
EK202310224823,133.97481295340324
EK202310136877,153.73866728999454
EK202310123423,144.00038052322583
EK202310153225,153.85197052746528
EK202310145756,130.351538758156
EK202310146568,147.6894731614756
EK202310163087,146.87952004780576
EK202310245297,155.57983938962488
EK202310209644,122.5158006162903
EK202310140290,140.2997699987371
EK202310221072,139.22153292520497
EK202310135414,144.37447533958724
EK202310187378,164.99628106032938
EK202310133530,154.15446714596692
EK202310224364,147.97362302004737
EK202310195517,152.19609891573336
EK202310204169,125.60868673729024
EK202310210323,124.24823298404152
EK202310200422,141.98816709390178
EK202310151056,126.89074270480842
EK202310227277,131.80218677138652
EK202310247028,143.4356565126472
EK202310180050,148.50760276735588
EK202310127868,160.36221283436964
EK202310234685,144.13758543083597
EK202310223304,131.25534202193467
EK202310222628,129.20760196804738
EK202310132162,146.73636237690982
EK202310107313,170.06689201753085
EK202310193034,117.42862306270123
EK202320006263,142.85391293191242
EK202310180508,135.34372292600392
EK202310126699,141.42957276073608
EK202310161588,154.17747367328832
EK202310230044,129.1331757967553
EK202310131679,140.90497716396473
EK202310130402,147.3459376086041
EK202310186216,142.00416888999953
EK202310104460,142.75319452649748
EK202310138193,118.77284920908612
EK202310190994,158.23948857725605
EK202310235895,140.19206496987493
EK202310129828,157.34734666384207
EK202310188700,181.70259382815814
EK202310162187,137.51364722463748
EK202310137095,134.53190708626167
EK202310142210,136.78837256296896
EK202310197331,154.00966607465458
EK202310224439,165.43504274164
EK202310202545,163.30040546077856
EK202310172841,151.28946314761234
EK202310185316,161.4756532340192
EK202310193096,122.79918082037993
EK202310239366,136.6263680093926
EK202310157680,147.22448893011307
EK202310216245,137.46676641077343
EK202310122188,136.86720058809644
EK202310229644,133.8734487059948
EK202310205871,119.70062499855543
EK202310215556,164.84137930554198
EK202310158679,179.35416942188633
EK202310147755,141.15845130934198
EK202310186194,182.03766595111472
EK202310117620,134.03111476882663
EK202310194359,143.7231349489371
EK202310198922,118.88514590757751
EK202310116214,141.00850806619368
EK202310162259,142.30349717035153
EK202310157059,165.01587792802394
EK202310128924,146.89223998880075
EK202310141619,151.1565595515265
EK202310221578,141.95460164207628
EK202310138618,132.98355853835972
EK202310183482,136.91185903176992
EK202310152447,133.8091071489902
EK202310237940,133.95266582297577
EK202310150193,141.08904304666387
EK202310183803,176.1040986891463
EK202310111372,147.20070633466582
EK202310201263,150.04755030773956
EK202310124638,156.24837930654087
EK202310178960,154.7241696556959
EK202310210327,135.16107639066604
EK202310201273,148.12983358028885
EK202310222624,147.84999179667352
EK202310180840,130.9845049970008
EK202310185078,151.43546864633942
EK202310168572,176.14567723520454
EK202310170490,123.2862069201844
EK202310232989,138.60008987725175
EK202310162228,173.25007535300213
EK202310175459,136.97727278695905
EK202310165474,134.0130239070196
EK202310243395,146.13683419770152
EK202310127631,134.93785395047541
EK202310186924,133.4138157844659
EK202310163431,128.63377454135278
EK202310189463,181.640963770991
EK202310190842,167.26830093825558
EK202310185696,145.58682201960227
EK202310111713,136.03950163835776
EK202310193617,149.46395240792842
EK202310125805,133.5168066024366
EK202310151745,144.30854571887463
EK202310175297,139.298067805308
EK202310196724,134.10501299103453
EK202310233146,174.52276508277808
EK202310143125,146.59999181620734
EK202310162683,146.1657855664718
EK202310105844,145.91723462048975
EK202310137395,140.1753343568838
EK202310234360,160.89860757408775
EK202310169711,154.01035710323274
EK202310229840,125.80245255923164
EK202310108815,135.48409777376017
EK202310173350,138.7200103541618
EK202310221654,131.17954627971818
EK202310117503,130.80721608608874
EK202310118377,118.51995388032157
EK202310193948,147.00130802018415
EK202310157293,151.41997622982205
EK202310229924,154.66716938378806
EK202310207252,134.21312776587652
EK202310112063,143.92388766287095
EK202310211575,129.169905788113
EK202310121865,138.29114210509738
EK202310229242,132.03629544097063
EK202310217753,113.66397605995871
EK202310154203,166.1697525953983
EK202310119526,142.11679340539413
EK202310233019,145.03171679341168
EK202310110136,136.62148790842303
EK202310136917,146.82328764359707
EK202310232125,137.65085314052212
EK202310195652,168.75893654788186
EK202310003341,147.9370726788281
EK202310172729,138.93469879825193
EK202310106011,140.82728117685244
EK202310226908,146.41479351354465
EK202310160952,182.92393731265804
EK202310123901,154.65434501847747
EK202310219883,143.09331651067686
EK202310239294,145.03157381360137
EK202310191292,142.6943591502436
EK202310242675,140.33298793620628
EK202310159365,152.805783397923
EK202310207357,132.33103728592974
EK202310134219,151.09250252280103
EK202310204692,165.9877122672588
EK202310145833,135.58932940018053
EK202310232367,131.9353837223166
EK202310133942,160.32809162237513
EK202310116957,155.4388076783691
EK202310113990,146.15726528449395
EK202310110317,125.86342018060503
EK202310183678,128.59186978912862
EK202310210475,132.64807782894496
EK202310215753,141.43711389501254
EK202310172041,156.52471512460363
EK202310127368,142.5385807149145
EK202310133141,154.3604752304854
EK202310166184,165.2819086247597
EK202310123460,135.11302802157178
EK202310159288,155.87921418103147
EK202310224966,172.7706932772718
EK202310169548,127.61013144152602
EK202310157945,157.78240396734205
EK202310208906,136.9940056658818
EK202320005732,141.57986562797313
EK202310140120,142.18807171210014
EK202310153086,149.63145381029292
EK202310230330,110.96336618826918
EK202310213318,124.97426669428242
EK202310178418,154.3392952382379
EK202310155143,133.81472625511702
EK202310183350,167.83948312833385
EK202310171243,152.68684581364678
EK202310241995,135.47252400488256
EK202310166956,129.26490842008354
EK202310239455,163.5717661859694
EK202310230110,136.3706652541112
EK202310232654,138.0416053440377
EK202310230579,113.77238352166087
EK202310230165,145.2637529742696
EK202310150438,145.00521671943932
EK202310114432,118.71651526634001
EK202310178701,158.2608706649274
EK202310193862,158.6053651606029
EK202310133458,134.56685737946424
EK202310126585,133.80595825287986
EK202310114949,134.20407573010095
EK202310239835,122.2818386341686
EK202310198418,148.72108523413704
EK202310164005,137.5442655333852
EK202310108538,137.3520694233954
EK202310248296,123.83540012551028
EK202310164825,139.08007887049718
EK202310202468,131.58315254113072
EK202310179750,141.28288795938437
EK202310178078,138.21993382803427
EK202310224170,161.2072647359623
EK202310108711,129.69741733107784
EK202310107024,140.83602266634088
EK202310229155,135.9260837811034
EK202310109556,132.23265763443803
EK202310202152,142.82886679415978
EK202310237189,144.94612858876812
EK202310147644,177.07210198893807
EK202310161108,170.68896169435436
EK202310122907,151.33243405425938
EK202310108647,144.4211295918945
EK202310116234,143.0566109906365
EK202310180820,137.85579700682064
EK202310185427,133.08935544228694
EK202310156227,157.15316113024346
EK202310121246,137.07183781860348
EK202310135704,139.27249828113972
EK202310225359,136.79169681960212
EK202310205195,141.8766298188358
EK202310201515,147.28985538914728
EK202310195070,143.56030061974772
EK202310185184,150.89887028522918
EK202310233163,142.79311402245554
EK202310169236,142.8371304398214
EK202310113651,155.43028259929343
EK202310105373,133.0638596378396
EK202310106115,124.55729577953895
EK202310245413,131.4021739097853
EK202310219987,140.2330821678366
EK202310142576,153.59365003066264
EK202310158268,145.07340362094237
EK202310156894,156.80726546687373
EK202310004886,141.01166839023603
EK202310154420,117.47799176249424
EK202310210832,139.71647707241206
EK202310220049,151.4973076728547
EK202310181921,175.90023663791806
EK202310201324,159.27302026702597
EK202310191459,138.48114772074055
EK202310128368,135.78723843429705
EK202310175128,124.93053643523902
EK202310172288,149.48599028063308
EK202310216634,136.9190676580676
EK202320007004,170.7694412336359
EK202310244935,113.40070788267953
EK202310176831,135.63408536869912
EK202310119255,131.68724529317637
EK202310225916,143.83465675881789
EK202310159227,160.1005588685213
EK202310208285,153.04501397619057
EK202310139560,159.04299018942865
EK202310122710,134.49589581097607
EK202310121289,124.80710273299132
EK202310124642,143.64929734950312
EK202310232850,134.7103611461456
EK202310162749,161.81891729759013
EK202310114861,160.15992203629474
EK202310147672,149.34226932975272
EK202310146693,135.75002732627613
EK202310229560,141.22894476126254
EK202310153109,144.84666665752042
EK202310159133,134.12574425006426
EK202310147681,120.62526520352027
EK202310154454,148.5181975609959
EK202310215971,143.17070187272972
EK202310176116,151.8785343706726
EK202310108965,134.55597329606104
EK202310117311,131.85927644897012
EK202310205689,137.4266366746366
EK202310196959,168.70907680718182
EK202310208747,179.61533252711925
EK202310220306,144.128311521664
EK202310229825,130.6287034075766
EK202310156765,151.95966701159534
EK202310123916,152.39410900463207
EK202310208563,146.822565915727
EK202310176612,140.99064881582078
EK202310150270,151.30961287078793
EK202310167920,117.98389422048561
EK202310004780,135.91350434584143
EK202310228392,144.10660184173457
EK202310162764,150.133530073901
EK202310178248,155.29676321513136
EK202310161854,113.22726879899032
EK202310184896,150.3898880615232
EK202310196454,139.0754895949084
EK202310166252,164.246261221466
EK202310224266,137.7745510121684
EK202310228300,148.43688786513403
EK202310228517,129.80818805885207
EK202310119762,144.85489261529602
EK202310197634,141.40755999636838
EK202310163433,133.32436968174306
EK202310205791,153.9190422544799
EK202310198433,133.89660329764504
EK202310205023,142.5603530785829
EK202310139454,146.87136758430404
EK202310201839,134.88496203713413
EK202310197547,172.1385311938473
EK202310233724,142.00275134132153
EK202310153252,158.73548168241138
EK202310190922,142.13174513121695
EK202310142523,155.54380837958902
EK202310219846,150.43865048714088
EK202310198901,127.50225924879857
EK202310167227,146.82084262486768
EK202310111384,135.8836315549986
EK202310136046,156.90926745272813
EK202310214121,150.15880821922622
EK202310118169,127.04006353219852
EK202310183250,138.97916656549805
EK202310188579,142.02509428605364
EK202310131031,143.63799154351517
EK202310104480,143.25009090562196
EK202310239710,145.69499923882347
EK202310234691,118.16475675993708
EK202310168972,149.51400065557655
EK202310120008,131.9915445908754
EK202310212233,130.58776424105665
EK202310215929,133.6247767175054
EK202310211484,126.10958360733312
EK202310222506,140.43245490723655
EK202310202763,166.01929344426685
EK202310220490,138.44781767461757
EK202310116375,139.72302328394554
EK202310175337,168.36549820792206
EK202310240580,143.44727308294074
EK202310109905,143.02184927951572
EK202310192597,144.72224707249055
EK202310114800,138.86399953715255
EK202310132205,120.17962703671014
EK202310110193,134.95282735426898
EK202310165102,150.7163619985584
EK202310116663,140.78240217110735
EK202310218315,155.80974127047577
EK202310113156,144.55659955895325
EK202310231146,130.76037953216832
EK202310180373,135.51276629573243
EK202310232424,120.25585024302711
EK202310224878,134.53521870579542
EK202310103830,124.99238371556115
EK202310240706,133.0407056493088
EK202310120776,143.70329058543228
EK202310160117,139.66390104387693
EK202310132998,135.21697557717317
EK202310003968,163.46591445556965
EK202310209613,139.74487661627126
EK202310241092,128.5617260791431
EK202310123771,140.31784498883184
EK202310245280,132.44076985573858
EK202310244377,147.01370805783165
EK202310109713,183.993036147667
EK202310228232,145.86885272078592
EK202310148652,138.1057335684311
EK202310243472,140.04805914622872
EK202310170765,141.97255576101796
EK202310170088,114.98472251604687
EK202310004315,120.1797301293596
EK202310217178,139.3234968246425
EK202310108775,141.37274406740184
EK202310180920,141.17181779190645
EK202310246305,137.8413061005675
EK202310206922,161.79334651981543
EK202310167783,141.243502959408
EK202310129574,148.53069177766537
EK202310174308,140.70507336259362
EK202310161413,174.49442519096723
EK202310148150,165.67295893294758
EK202310141044,153.25142089973707
EK202310231588,144.70911674185484
EK202310118970,140.97411563715912
EK202310181033,161.2047231697615
EK202310194383,149.36331516098772
EK202310183986,156.30042300506005
EK202310150419,140.78556413947356
EK202310194684,151.47577347768512
EK202310123982,183.84608176840794
EK202310167254,140.87893714774484
EK202310170710,130.71359068395344
EK202310112450,128.18959341400807
EK202310220586,150.8730272355038
EK202310189665,159.5188842372095
EK202310117974,143.53533942745818
EK202310131602,145.27971462731762
EK202310162096,152.80938068639736
EK202310243659,141.541235255715
EK202310187107,128.219850236727
EK202310188591,124.30050289256775
EK202310130729,141.6794499575364
EK202310207612,132.6014926827559
EK202310190165,128.38189999736392
EK202310240918,131.5354448828292
EK202310138933,136.46861970779338
EK202310124424,141.80430928150957
EK202310207452,135.42260686267628
EK202310149692,146.31957594296927
EK202310122269,151.34922348796871
EK202310178206,148.1086622889061
EK202310236928,127.42987825212165
EK202310108129,158.61575567616353
EK202310242986,141.93253248164197
EK202310153555,131.16759167308842
EK202310135472,162.2127118999995
EK202310135151,149.36172192419554
EK202310121132,150.0760131613389
EK202310159808,138.95554597202997
EK202310111940,125.78597490214804
EK202310211823,135.22790889042489
EK202310208954,151.88877886388698
EK202310174925,147.30740696834778
EK202310139934,136.10780841403582
EK202310128204,168.3907600855775
EK202310207948,139.69317562525003
EK202310194132,160.8766944459535
EK202310213757,139.9906677481059
EK202310210438,142.79948054127348
EK202310144525,144.6058273167179
EK202310125105,136.33731226582486
EK202310120299,138.65139046702973
EK202310246727,134.08066295417726
EK202310200847,141.3094712844055
EK202310181091,129.26285165638058
EK202310130669,133.18952825232589
EK202310164111,145.31642955264385
EK202310141945,148.52147748121493
EK202310238865,163.7881301999981
EK202310107320,128.29962585750857
EK202310220000,147.98907900706592
EK202310180826,138.02736490350668
EK202310117534,136.21575525172457
EK202310148403,148.86126629477292
EK202310235756,144.363259998261
EK202310215153,131.1179217247627
EK202310215909,115.03019194206374
EK202310232668,138.3842409298838
EK202310169331,183.47930140134497
EK202310168151,142.44137963413615
EK202310218890,147.05215128676255
EK202310186779,141.30887921275365
EK202310114858,123.87533077333354
EK202310152341,144.63565494800528
EK202310128217,116.40692139989633
EK202310193271,127.34183566633143
EK202310180464,148.71670963603938
EK202310205276,130.75772033868387
EK202310125640,121.22018742840294
EK202310141600,144.82575278442187
EK202310141981,173.07543022305134
EK202310167795,157.21430339836897
EK202310192334,138.91826347128364
EK202310241694,131.52165365936736
EK202310196935,126.34290170077253
EK202310180151,131.08013484593388
EK202310106774,156.4801770620202
EK202310215027,158.58462892491937
EK202310216078,131.6257314102591
EK202310163711,154.25445791991493
EK202310109770,144.07041035627765
EK202310215501,133.54059572561263
EK202310163977,146.78321749550327
EK202320007174,154.97929238090398
EK202310205844,136.11350374318562
EK202310139223,131.47909887897117
EK202310244458,136.31959003427272
EK202310131387,155.84238811814535
EK202310143831,125.3486927064096
EK202310147793,152.963623154242
EK202310219748,118.20995853083608
EK202310155389,139.73239109194026
EK202310134466,164.25425967182875
EK202310151903,143.72106991686292
EK202310234772,140.68948869354756
EK202310131775,167.2130338372673
EK202310134952,149.0430186437416
EK202310118242,136.0509980118404
EK202310107035,132.72580191784374
EK202310131515,150.848141778109
EK202310244132,131.18223035014626
EK202310201654,156.49755099203435
EK202310237041,169.82692903419246
EK202310171334,166.66506315284113
EK202310104916,126.85068566487237
EK202310182983,129.65724573668726
EK202310164359,145.22646641370088
EK202310112552,141.7795140683314
EK202310201546,151.72521487194942
EK202310202954,129.73195321692845
EK202310134253,146.34418465901032
EK202310004718,164.1517373284796
EK202310242169,153.73566335173757
EK202310188966,145.1667253133884
EK202310179423,132.93363224651748
EK202310218744,161.36882205954632
EK202310193025,162.74530606998812
EK202310232272,143.70415013899918
EK202310217104,128.33461976788942
EK202310245973,149.42384779456964
EK202310108124,144.4034965119176
EK202310195074,160.64883440801864
EK202310177534,162.49923298800343
EK202310220572,143.48083387706853
EK202310176418,151.99711680457952
EK202310159967,169.01291609354635
EK202310163800,157.59718906250498
EK202310154402,167.7050244866301
EK202310212424,138.77792995354955
EK202310115194,146.66651912222704
EK202310157002,147.46650830020093
EK202310236493,138.72327672424595
EK202310209384,146.0448303556121
EK202310153699,137.7396213940414
EK202310140162,136.7913349319778
EK202310191690,155.06512454583483
EK202310164321,146.67892238915215
EK202310167679,119.59979689166745
EK202310118401,138.1784506803517
EK202320006231,146.89891002978737
EK202310158105,136.21736441075356
EK202310179352,140.57219320916724
EK202310112735,127.00792569097817
EK202310144319,143.915563741633
EK202310173893,164.80579097076406
EK202310160526,145.32313108862238
EK202310147338,140.88876664094866
EK202310164737,146.59589266606207
EK202310226429,118.60967108324168
EK202310119510,144.72921541196152
EK202310111353,147.29804265197455
EK202310121601,129.80024149490433
EK202310138216,115.28998041601332
EK202310222532,135.92082341389835
EK202310138949,134.42947612882156
EK202310214912,154.68648861243622
EK202310121057,130.8866186516404
EK202310231318,132.4020657745527
EK202310137231,138.05145060127006
EK202310136824,135.01728625934416
EK202310115476,134.73397440433462
EK202310195522,166.2108809146781
EK202310130890,105.22099137373826
EK202310161838,156.86383791072072
EK202310158188,129.9153274122085
EK202310184190,142.92910371265444
EK202310106659,161.4212748751997
EK202310134400,139.10040788589203
EK202310209267,137.46898825312903
EK202310241209,147.66048132887772
EK202310214760,151.48875780430265
EK202310151809,172.72689711089762
EK202310198002,136.80950867322164
EK202310228621,139.4784887334888
EK202310162885,120.0437549949041
EK202310133298,154.41543547198674
EK202310126484,141.56456164790916
EK202310196380,112.912047574224
EK202310143373,146.48056589876433
EK202310202385,147.06506006610908
EK202310131648,142.45193808185246
EK202310116966,145.00303130755606
EK202310134410,161.45203175259027
EK202310191544,144.79182170746373
EK202310196047,152.6808354264869
EK202310119440,139.06015930956218
EK202310132919,146.81124201441642
EK202310156448,159.4798596198198
EK202310198177,137.07097319633792
EK202310148838,145.6840388232033
EK202310171364,146.6853676546077
EK202310120500,131.66824086106845
EK202310247151,147.0495612335047
EK202310144904,130.61256640660983
EK202310174989,131.84528570065737
EK202310133355,135.05579974649922
EK202310226353,164.87659602462028
EK202310176858,121.85956428877805
EK202310227114,139.16427710167784
EK202310187693,146.00181740567314
EK202310109711,181.17199296762126
EK202310181780,156.52684381250887
EK202310163147,151.53310896073526
EK202310190696,141.57802041784436
EK202310165868,162.4984464056335
EK202310110400,133.72292367132093
EK202310135537,159.37913290814052
EK202310169217,151.52451076616208
EK202310195878,164.2528137268752
EK202310189489,133.50225974011008
EK202310205257,119.57393736908682
EK202310239304,156.61337500675802
EK202310132417,136.74557097000195
EK202310221095,114.19466063313097
EK202310110398,124.52898558622903
EK202310240389,140.8417168655719
EK202310185614,148.49126352881808
EK202310213110,139.11664729109668
EK202310154463,135.12727002443341
EK202310177140,167.84922947230103
EK202310175268,141.76274640649552
EK202310199152,116.52654457454172
EK202310128676,148.68601271652315
EK202310168399,170.4904060894131
EK202310201459,138.8925368491032
EK202310235106,148.89626030668475
EK202310232368,137.53411825785463
EK202310127908,122.46474417889623
EK202310182464,139.4971843807793
EK202310184852,120.19005152470504
EK202310170955,129.5226863750459
EK202310185265,157.2753749295149
EK202310114431,150.91949886725777
EK202310124741,161.31582413024606
EK202310193561,145.48591181066888
EK202310113830,139.05007318635728
EK202310229300,144.07682224080668
EK202310176918,153.18427827037385
EK202310222543,139.71915090350035
EK202310240095,146.01896265631063
EK202310208448,142.24521507326065
EK202310201172,173.40143981779678
EK202310125525,138.99032174446126
EK202310221529,143.90993427509926
EK202310120352,141.3168546873734
EK202310140711,134.54156930702655
EK202310211389,129.46523682123507
EK202310124018,181.74504195075244
EK202310143340,120.1372309165212
EK202310180385,149.63422620360004
EK202320006974,157.401433555256
EK202310159693,150.02997594752378
EK202310181459,135.2552349581901
EK202310182182,141.692193285541
EK202310141048,143.18637328826588
EK202310211604,139.7026403075474
EK202310141173,134.72347196612125
EK202310151648,146.7849472068845
EK202310243583,158.78602587048877
EK202310133700,125.97005161544692
EK202310152960,152.71434563801964
EK202310192543,144.47208328852048
EK202310131141,105.37918548468
EK202310134377,141.74070800092161
EK202310174653,128.76877164398513
EK202310218574,139.78962684180058
EK202310191005,152.2143725191796
EK202310104855,126.6637161631388
EK202310178218,140.06371790828638
EK202310166318,144.97047978547917
EK202310202248,131.49159158896785
EK202310234490,157.4171392037015
EK202310225442,151.36249178973802
EK202310123331,148.1538704335775
EK202310238951,145.3528698126493
EK202310114122,136.6678665513299
EK202310202645,161.03592539450494
EK202310221624,128.1993862040491
EK202310147534,147.4321410420636
EK202310197356,167.67657276029198
EK202310222430,143.4863368297843
EK202310225523,115.28376136355516
EK202310177178,161.41376476563
EK202310153665,123.27400685368944
EK202310196238,139.0567958401236
EK202310244577,148.01531227190927
EK202310172448,168.55210362342387
EK202310225799,115.05915921696167
EK202310183968,134.61959666974693
EK202310203019,167.4843186784989
EK202310109776,147.94250613122355
EK202310111537,138.33292455888187
EK202310124731,172.13040595354664
EK202310213643,141.27031853760124
EK202310146267,138.74555050280162
EK202310245701,141.6982224182639
EK202310177157,123.94612872442056
EK202310153114,152.33455838073772
EK202310004024,171.24600600157174
EK202310240323,149.96428661413768
EK202310116344,137.95848933447667
EK202310174344,121.77714447137188
EK202310166165,147.4939608757963
EK202310122743,145.271789688978
EK202310226015,136.26552238290253
EK202310152541,158.322007702187
EK202310189773,140.79871193303217
EK202310232097,150.00077858213382
EK202310155304,125.76040660497878
EK202310200289,143.8570999650165
EK202310208997,131.34947735737367
EK202310176430,143.42907638932522
EK202310205504,129.632024304344
EK202310241123,148.20488872244457
EK202310160664,141.22056499654113
EK202310235837,143.46880092486796
EK202310190225,129.1515749232724
EK202310218794,120.27698230244073
EK202310244811,147.30257151741378
EK202310144333,142.49133293447713
EK202310134916,154.63050765717603
EK202310133279,145.10786702317967
EK202310230299,128.93532894534633
EK202310181539,162.67017379567
EK202310137837,126.88188314380807
EK202310142434,160.745951300914
EK202310108559,127.32258241885624
EK202310172173,150.65495841820697
EK202310170541,158.37028174230608
EK202310106066,136.30997470492028
EK202310242004,125.00952186334331
EK202310114374,153.8403672718998
EK202310147018,146.94398315555938
EK202310193730,137.6331122711853
EK202310155054,135.85282114606204
EK202310211249,131.12782264955086
EK202310203058,151.32482274859166
EK202310224924,167.78981087384912
EK202310153934,152.00267811118627
EK202310192789,147.96304552233016
EK202310176566,116.64719610675581
EK202310215186,130.77738876325913
EK202310159944,131.8592926950962
EK202310209677,139.63907177712468
EK202310137062,144.7050953038381
EK202310209003,153.7719074548054
EK202310236143,135.1058256503904
EK202310159540,147.82527269726575
EK202310141923,143.90274749966235
EK202310214900,137.52820723512997
EK202310150311,155.94895876104482
EK202310145121,150.03982083273155
EK202310138102,150.34745859536898
EK202310195227,162.26094086522716
EK202310215003,142.82476405933323
EK202310133345,146.53432936460354
EK202310241621,176.5635690289602
EK202310232734,131.95007276698584
EK202310192752,181.2437609808806
EK202310155287,141.30438540846814
EK202310230367,141.14970368364106
EK202310204826,150.61982974985364
EK202310217569,167.61858652510273
EK202310239151,134.61444462111064
EK202310225087,164.8185431909866
EK202310142211,167.3861091600822
EK202310143872,180.9271200899239
EK202320006692,147.1799541507706
EK202310243470,126.00465037665381
EK202310202312,148.4419605672253
EK202310172400,164.5586998943513
EK202310175257,162.9656228647217
EK202310156574,150.96317530729334
EK202310195996,166.68716847532858
EK202310207174,155.3484441396391
EK202310221440,154.603260994333
EK202310229365,134.24637551480197
EK202310184849,129.49566613492263
EK202310186317,145.59606349991085
EK202310122351,128.23655293392366
EK202310147942,161.04707401015065
EK202310204767,126.52477073605492
EK202310151776,143.46874873661238
EK202310162542,170.34261563202688
EK202310149376,155.06710850330603
EK202310188687,136.17626400019253
EK202310126040,138.4028842653003
EK202310132787,135.15945333849194
EK202320007196,142.87898325057458
EK202310194184,161.40589236039364
EK202310148035,147.61237673190453
EK202310242086,139.99973498594807
EK202310158984,148.70307390937518
EK202310123998,189.7091343268146
EK202310143322,169.5210745640678
EK202310169220,156.73651178550324
EK202310163343,109.43656558351863
EK202310195035,156.8519227524988
EK202310244095,143.24472755902255
EK202310004865,165.9413561494914
EK202310202516,127.32478532149514
EK202310170156,140.84782266217667
EK202310217210,134.39426732340615
EK202310139116,155.89237339122184
EK202310181676,169.83033281326777
EK202310117650,133.5345946184783
EK202310126117,137.1631264657765
EK202310145631,118.85982617216193
EK202310194552,157.91324922493152
EK202310231065,132.1755832785776
EK202310243723,148.46015523061675
EK202310150462,146.43389878729545
EK202310175160,141.11991148349927
EK202310145549,162.71170756001337
EK202310218100,132.44330312250983
EK202310172122,128.52051932184213
EK202310195049,149.767744359353
EK202310179443,142.28288169924483
EK202310149733,146.90516127777582
EK202310115695,121.66134254829502
EK202310149488,150.19227555139966
EK202310154087,163.0333503013089
EK202320006192,145.52881689889514
EK202310125278,125.06582166413017
EK202310241332,168.8247700925443
EK202310143810,144.43162489058403
EK202310105018,143.40772227667904
EK202310237785,143.95656377443538
EK202310223864,177.42661040197015
EK202310226433,173.78011391596775
EK202310157972,138.69385975728483
EK202310174015,136.01520848970245
EK202310183160,140.11681640392845
EK202310191076,154.12234512554167
EK202310172756,142.8066261794394
EK202310104599,125.05112537764086
EK202310238264,130.05029240885813
EK202310127187,151.51851535002874
EK202310165833,161.01725273508606
EK202310195179,148.82675503142738
EK202310153898,160.8188885099982
EK202310170585,135.20683426980293
EK202310245910,135.55616924364483
EK202310170174,144.79519518116223
EK202310115207,144.7457865012094
EK202310120317,134.48556076721155
EK202310236898,145.9426847816774
EK202310146305,151.30957656528187
EK202310112140,142.26848044009367
EK202310143217,131.37492989980564
EK202310150540,144.389859076135
EK202310223717,132.4997089676568
EK202310219843,135.77753597472986
EK202310198855,143.32505993099394
EK202310191446,158.57939094730062
EK202310190334,152.7420807820772
EK202310184752,146.67925471896
EK202310160416,139.8072543877711
EK202310173011,135.8312899824046
EK202310128863,142.92479739670446
EK202310190262,149.29274297106815
EK202310110902,146.45706903650174
EK202310193520,156.2263770503324
EK202320006543,139.69836935114694
EK202310187711,150.76642762437328
EK202310200254,142.19700635279648
EK202310155513,145.43005074133245
EK202310180642,157.11245485619298
EK202310196569,145.6956170305411
EK202320007271,142.98794853590942
EK202310179403,142.96014244577856
EK202310241241,164.18639471492952
EK202310192182,149.17131218450692
EK202310203673,156.88458878298528
EK202310163605,138.8380119213771
EK202310108085,146.99086764689554
EK202310195692,164.73558491309927
EK202310190401,131.71243008003194
EK202310192575,135.28112652106878
EK202310227513,161.9853313726169
EK202310130882,151.29337807256442
EK202310104224,137.95324180952124
EK202310144297,128.89319868847446
EK202310210525,134.84955177600554
EK202320006267,159.06648108718622
EK202310150061,134.32935548690813
EK202310189465,178.09070083976098
EK202310239884,132.22564083238686
EK202310137344,159.59687012585792
EK202310212273,137.1183952635394
EK202310205202,177.01169095254124
EK202310147736,144.36577247380123
EK202310138489,160.39617420624094
EK202310169998,173.03753411216772
EK202310123563,129.50343701265763
EK202310162573,145.77058195359288
EK202310122865,155.38690984429854
EK202310189811,143.01233765702113
EK202310160895,149.62309041545433
EK202310153256,144.74690456081822
EK202310216969,128.87154817274254
EK202310152260,187.3301434051076
EK202310141709,143.46463116551047
EK202320007373,134.2555860047033
EK202310193336,181.67209938916358
EK202310164703,153.2834473104269
EK202310103814,137.54104019278876
EK202310200017,132.46132197878183
EK202310218767,127.52536651339113
EK202310188858,138.30498987425304
EK202310192187,150.57270856980074
EK202310194207,133.267128699124
EK202310130206,155.99794359392865
EK202310110494,133.9851975840469
EK202320006130,153.80155215377513
EK202310211320,142.10417066798465
EK202310224161,148.65902565847537
EK202310240472,136.27141877517548
EK202310209032,166.5183692599348
EK202310167634,136.93374799385074
EK202310180571,130.91217934248
EK202310229017,136.273156974004
EK202310131345,136.7129694151945
EK202310138019,123.18619329543768
EK202310004554,106.71054386553784
EK202310132971,136.66163880883332
EK202310141635,141.38532341825373
EK202310194247,147.2332053594752
EK202310148311,181.1448421829587
EK202310121972,148.16429191585559
EK202310142685,145.22268561881583
EK202310106949,151.07466366416932
EK202310163326,152.78633086524098
EK202310220547,142.85908955845196
EK202310104514,139.39661059893234
EK202310145431,146.6598108780925
EK202310117273,138.97324727185156
EK202310166607,146.3663200523469
EK202310189589,128.72069519252014
EK202310196074,138.75572943300926
EK202310153363,131.61031858882507
EK202310162392,135.94031739465717
EK202310229624,137.05955792305917
EK202310195898,154.16083449509304
EK202310219784,135.02856025945405
EK202310184116,148.98923559353557
EK202310223449,151.78772599273526
EK202310163821,144.39406740530063
EK202310183192,138.37029887149671
EK202310226918,143.00033019433587
EK202310154785,136.94606387612797
EK202310179367,148.03353979701762
EK202310195531,143.61717974084016
EK202310130452,143.5889950894786
EK202310121734,132.24354547760225
EK202310133991,145.2460364380426
EK202310210591,148.6973008439285
EK202310139555,164.16503690553554
EK202310228357,156.2521223584838
EK202310125608,140.8101994224433
EK202310107185,128.90626135740587
EK202310235572,147.27514806910503
EK202310230158,138.93372017238983
EK202310145383,127.91117490321952
EK202310143147,146.7022509246867
EK202310164771,148.33829189447403
EK202310144247,144.84372370708826
EK202310220979,119.72903413425394
EK202310149131,128.7389516875548
EK202310196632,164.60491887766818
EK202310131051,169.44106579484387
EK202310134659,141.3202608249962
EK202310200213,124.36451544411477
EK202310146862,130.01439239059272
EK202310188949,139.6664550882866
EK202310137016,156.56397076663956
EK202310239591,150.6365783207853
EK202310160714,166.84979428817056
EK202310120187,134.42857842338455
EK202310171815,134.47084940996467
EK202310197107,145.60068039184102
EK202310135357,135.34345436292423
EK202310139656,139.3455321963067
EK202310210779,147.75541586132763
EK202310238374,142.985711701818
EK202310232468,131.23512213866996
EK202310170608,130.5715139430796
EK202310161875,142.87886607568225
EK202310154794,138.41545285060596
EK202310178981,122.99396712601973
EK202310115024,138.35058893739858
EK202310198317,183.03770932795783
EK202310176549,142.63666858851363
EK202310125448,140.6749618269594
EK202310223899,129.62430888852603
EK202310240237,157.14166634438152
EK202310194815,178.06729655177213
EK202310245437,133.9771933600492
EK202310109463,140.50612470337558
EK202310126220,140.72334273561228
EK202310162672,145.92149483634066
EK202310106706,113.2469840520082
EK202310230813,150.69615063533075
EK202310229853,146.88431622887182
EK202310183987,160.62470123308097
EK202310130317,161.011503212589
EK202310104984,149.09644272384912
EK202310174152,124.38822075787351
EK202310228308,135.0472699463104
EK202310111938,143.43835478708027
EK202310191965,164.0096318906903
EK202310125325,141.28088868266587
EK202310235246,136.16208705314074
EK202310108851,144.8909352918219
EK202310139648,138.24206507538145
EK202310116135,126.40437163140669
EK202310195391,141.32974600767653
EK202310139056,157.56410679932625
EK202310201109,144.5806536335345
EK202310247192,177.1816464934822
EK202310119623,147.574467070405
EK202310174223,138.88011635774345
EK202310150628,155.4249720263458
EK202310166077,169.7015202023911
EK202310178835,142.92045107938574
EK202310184672,183.4728007371811
EK202310245587,139.2451383664579
EK202310211153,150.90597427211654
EK202310148852,149.729680555402
EK202310237982,118.24077809932595
EK202310212607,133.4222466126853
EK202310188439,153.1923045124205
EK202310244428,139.10468572610475
EK202310187031,137.22334111356724
EK202310114894,147.75239207418213
EK202310140044,152.2180450815199
EK202310223861,134.83526009963623
EK202310184954,146.44942189236858
EK202310229341,153.49665872600082
EK202310193100,150.62870970266633
EK202310154175,149.55759513528
EK202310103979,126.94698197787164
EK202310210100,154.96086714296413
EK202310112422,130.06455225870198
EK202310147941,148.29572492135165
EK202310109450,150.8128532020896
EK202310227736,146.5165968144109
EK202310147053,150.5492438312081
EK202310219645,141.4826716009786
EK202310213369,138.0405126259933
EK202310154826,154.2105812180198
EK202310119234,148.53712368649312
EK202310210678,123.84398346541991
EK202310106182,145.63498371213436
EK202310132534,133.83344050579723
EK202310220157,129.66440509235824
EK202310108493,140.8971348312639
EK202310192669,166.3571453467065
EK202310172385,146.51847930625038
EK202310133787,123.45106895585684
EK202310172222,145.96708539260456
EK202310183649,160.67425130500615
EK202310135892,118.56185814300042
EK202310129170,162.13735103208367
EK202310209741,139.86573517411077
EK202310129427,143.84900386967578
EK202310192393,151.4272603723969
EK202310245714,136.620407397348
EK202310130517,149.85418645225573
EK202310178411,160.5713621354121
EK202310189618,143.64992693162213
EK202310143288,173.5717459042093
EK202310199193,129.98032864796474
EK202310227313,170.10472074536204
EK202310213919,154.5197003539748
EK202310244481,135.7741091430857
EK202310120478,130.97665538283493
EK202310107634,130.08655710719054
EK202310157691,144.79532919919743
EK202310215874,140.84499132210445
EK202310246981,141.47892981762112
EK202310153195,146.1278924958598
EK202310242256,163.67871095531117
EK202310123017,110.15455777042699
EK202310205136,143.22926409838985
EK202310170231,163.33700272055054
EK202310168120,123.27807687285112
EK202310003727,145.32806115374967
EK202310217369,173.50821368633999
EK202320006688,168.21887023750207
EK202310230112,133.36391774458733
EK202310177152,154.49672734874034
EK202310106847,110.10018573919402
EK202310228061,138.83040460525814
EK202310233311,149.13565802278507
EK202310226138,143.03932839737791
EK202310200931,142.49638568959696
EK202310219804,146.46848075290853
EK202310141658,143.6078467391283
EK202310207757,142.44188455069718
EK202310147486,145.4515628556555
EK202310239005,151.08410794168284
EK202310129712,147.72495307597012
EK202310148369,134.03542947888081
EK202310155404,129.34063596459413
EK202310218716,133.33784789175184
EK202310188882,144.16870978285837
EK202310221316,114.22053497022452
EK202310137120,153.36827989974648
EK202310217405,150.68833097737877
EK202310149231,145.15542593682466
EK202310174189,133.75758761248565
EK202310138929,130.53532032235125
EK202310123610,140.33296574053793
EK202310200717,138.58157740000172
EK202310190751,146.7160622999254
EK202310146784,133.12503097056916
EK202310132879,158.16889538562566
EK202310133709,153.226920189475
EK202310128722,130.77139378253793
EK202310103790,159.31878393582446
EK202310218931,136.50406006660515
EK202310218663,149.00142110801468
EK202310247844,157.6914761162553
EK202310190812,155.20461697119018
EK202310208756,147.21323843101592
EK202310156744,142.805674278927
EK202310228838,157.78102080486858
EK202310136171,145.02842077816155
EK202310126151,137.30864651756323
EK202310173890,129.90998941149851
EK202310235680,123.68915899512012
EK202310156616,176.36945631830918
EK202310134563,152.18536487678347
EK202310211003,131.50910713850334
EK202310185632,150.41522005619365
EK202310241758,118.86003045466603
EK202310148534,142.60765714761268
EK202310182316,149.9949363777289
EK202310191280,156.63000804342462
EK202310129812,151.3192704745878
EK202310004693,133.6775693396476
EK202310172541,169.49503370510396
EK202310201639,137.72111067119022
EK202310204202,139.49743407453965
EK202310129486,128.968174049701
EK202310203423,158.64722899377682
EK202310169919,148.37937221935454
EK202310174297,125.38226024769264
EK202310172937,145.45162470497394
EK202310109427,139.37482756491588
EK202310131119,153.43924526420506
EK202310151810,167.18046621264676
EK202310137213,141.30520378366447
EK202310136572,147.78861826945607
EK202310132184,133.3109268439286
EK202310238825,133.90208004699113
EK202310160725,155.4396107260761
EK202310127240,157.70229286045603
EK202310115224,144.94009784775415
EK202310127515,127.75613960829529
EK202310130232,163.4710645232712
EK202310176152,131.49961637040084
EK202310189265,131.04591969313
EK202310121845,122.24516673716863
EK202310248808,134.54302092787225
EK202310216603,133.4203629295015
EK202310106462,142.9742471735148
EK202310186070,138.8365016656174
EK202310200271,150.2459895762082
EK202310222232,135.63064325904426
EK202310224303,147.96902454889863
EK202310108205,142.34209921910548
EK202310213223,147.1090589051427
EK202320007747,137.6864427830648
EK202310195798,147.80605685057296
EK202310172690,130.28881746383308
EK202310139602,141.19723449420565
EK202310124892,129.4587239894656
EK202310136630,148.93141535656278
EK202310133236,122.67134520365826
EK202310109780,151.2171309388721
EK202310139773,136.261271281331
EK202310138601,142.89211621584312
EK202310192309,151.54994468914376
EK202310201720,128.76674558161417
EK202310246040,151.1838223763043
EK202320005733,166.40053078481395
EK202310119837,146.98659928908654
EK202310235139,137.65097241995903
EK202310129171,145.83024290651903
EK202310204107,151.18105577625084
EK202310206346,180.38638522848765
EK202310126908,139.82568851441616
EK202310201951,134.06363120307654
EK202310185504,140.18983187539334
EK202310139015,161.47489337102158
EK202310164756,163.52815416423965
EK202310207001,138.79394193955068
EK202310217541,140.14419424791285
EK202310149840,134.45239858005618
EK202310218711,139.244523550191
EK202310133519,142.21789764009293
EK202310168888,157.51748487892417
EK202310209126,163.2491138619824
EK202310189031,144.13589995684853
EK202310217455,161.1225799065774
EK202310155271,143.9184874880921
EK202310215067,161.91063516996616
EK202310161595,127.45210373811982
EK202310120502,131.21520235318735
EK202310241869,161.4608241577593
EK202310103712,151.01936875538195
EK202310150266,173.46420852120082
EK202310119972,139.87046883012454
EK202310179290,128.28785541749838
EK202310192440,175.04974273724113
EK202310131793,146.69249701673974
EK202310109571,150.52187556907649
EK202310230188,157.3902189566708
EK202310119855,149.35843185058746
EK202310138704,163.79792854948852
EK202310118159,120.91584783248885
EK202310166249,143.87504571032989
EK202310187053,145.73805569036398
EK202310165742,150.00499294327886
EK202310183750,137.29883294920583
EK202310205405,137.94710458285
EK202310131038,159.35027590375037
EK202310207627,154.7819741774306
EK202310220460,150.31166956088146
EK202310239483,130.84582513007442
EK202310141073,164.88564537519784
EK202310217239,123.14478903769341
EK202310146989,158.53959534754023
EK202310160800,152.0376680194292
EK202310190813,154.4919280341501
EK202320006164,133.68534798993434
EK202310143973,173.90562713005903
EK202310111799,144.97432609934452
EK202310208269,147.92091535901238
EK202310159828,162.65379337769008
EK202310113945,132.58747199132424
EK202310168361,128.7476446746147
EK202310176103,148.45810350699205
EK202310136310,133.664890915035
EK202310200326,137.3787423868522
EK202310179044,138.05820153350433
EK202310197944,125.13416210014609
EK202310183295,170.27912720683415
EK202310240215,156.73249677453282
EK202310225695,129.8558634363669
EK202310138029,127.56946328117174
EK202310208987,152.63117719934974
EK202310156602,176.72618884325206
EK202310239059,154.0128068769101
EK202310185901,161.63992066023343
EK202310200662,137.37327140975418
EK202310109920,105.10682803154764
EK202310188247,145.70729692072877
EK202310183201,166.64087008062253
EK202310104073,146.4942523150045
EK202310183040,134.25882295561507
EK202310200329,142.4902758645449
EK202310108982,147.9521224508286
EK202310214848,146.19262828472708
EK202310194212,124.32911234671622
EK202310155460,160.6745409009579
EK202310179825,133.72001879256715
EK202310183614,164.54968053691496
EK202310233580,137.65298988828667
EK202310223060,132.11075643053687
EK202310110018,149.5215068205884
EK202310219086,142.64077211610254
EK202310210708,115.40770100787796
EK202310206894,144.7661662111124
EK202310176692,133.5144531801881
EK202310211237,127.96350962374231
EK202310216145,135.4398055780197
EK202310174790,141.31707922588794
EK202310130432,116.60469623121455
EK202310176912,162.61471845258274
EK202310239861,124.14843944974677
EK202310201821,145.29123443049602
EK202310194140,149.23538024116436
EK202310201014,148.95505714565166
EK202310211210,156.66029414046307
EK202310210215,142.37636354026347
EK202310109048,138.13231838326894
EK202310115364,136.5672084068428
EK202310125998,142.62349099251423
EK202310113308,119.5721090845498
EK202310166014,152.78842760634618
EK202310240961,130.3478237255066
EK202310192526,158.7067268076855
EK202310118614,143.62964112810047
EK202310208485,141.3096686167291
EK202310113185,137.10530497499565
EK202310123009,144.47295215314978
EK202310131866,157.05549662673937
EK202310246596,137.81050628070395
EK202310144786,120.42181579386718
EK202310188069,163.45023425110355
EK202310161238,173.98546613301843
EK202310108065,155.4613491145548
EK202310176554,150.96399924150668
EK202310172801,164.35208794201907
EK202310231997,156.19188661370535
EK202310150544,151.9395267174336
EK202310242116,143.85987987899946
EK202310228121,127.3313096903814
EK202310163938,146.81690011844523
EK202310208770,148.47572574603765
EK202310162906,145.91631562024816
EK202310171122,125.96406648970967
EK202310136574,112.74551516924336
EK202310168247,139.92086755288878
EK202310116653,133.3802527119459
EK202310225365,146.4917302191545
EK202310154568,133.5913353814894
EK202310144616,130.46571212828724
EK202310123329,155.343580867794
EK202310184908,139.50960620351512
EK202310176975,158.1028523247545
EK202310244230,152.75885384856204
EK202310139801,169.9827340424349
EK202310140231,142.97891170029584
EK202310163109,145.1227796289699
EK202310133245,126.22748135424862
EK202310003719,132.71960695387426
EK202310128658,132.589550017642
EK202310196514,153.74345619808585
EK202310136745,136.3895184337112
EK202310135739,126.72790745500683
EK202310167219,149.194867675236
EK202310188340,148.7014470071526
EK202310233341,138.12361763908314
EK202310207484,147.98342366387706
EK202310145893,143.9613487601693
EK202310137850,147.20750070501427
EK202310228098,141.0327323017761
EK202310123631,137.71408107616833
EK202310233006,147.02081212591645
EK202310236781,141.7374368462542
EK202310184351,144.4451690461331
EK202310197215,159.75621530440011
EK202310134606,143.27114228077966
EK202310124613,162.36258574553443
EK202310176760,127.74515462095229
EK202310181242,159.98178797297254
EK202310146018,132.30416482716691
EK202310118057,144.43138604304713
EK202310241929,136.43189292786707
EK202310134625,173.0092016200699
EK202310226675,152.64052648836486
EK202310200650,148.08650460568282
EK202310202459,127.19253669725344
EK202310165871,147.7720924707189
EK202310190177,143.66170583251937
EK202310221650,136.65032648812584
EK202310195755,148.03865778727877
EK202310128800,130.90015039578736
EK202310103775,139.5810139983625
EK202310117228,147.00043048514863
EK202310151800,127.88648595194002
EK202310210424,135.03538138161133
EK202310208507,125.66175695703441
EK202310003803,129.8168081577302
EK202310171322,163.35814265598546
EK202310168526,160.2653071672853
EK202310197721,145.05491098255968
EK202310238027,147.0374470232948
EK202310172276,143.4806902592147
EK202310124247,131.65725187835403
EK202310158194,140.9506624817458
EK202310167282,148.4083210364035
EK202310173439,141.6928109486133
EK202310125677,143.04524912468008
EK202310210177,148.3711593183616
EK202310238899,143.47554719297966
EK202310113985,125.01228347239518
EK202310209990,141.23133844103242
EK202310228124,145.84083866371606
EK202310104190,136.1504518025028
EK202310201389,132.0794811740039
EK202310123163,133.03314560642787
EK202310191131,163.20764610196065
EK202310203502,151.80584141641378
EK202310123878,149.89081732155958
EK202310247275,130.41803500229707
EK202310227023,143.09087226869187
EK202310175135,130.54616246743046
EK202310226835,143.57659712342357
EK202310109034,145.1225547117255
EK202310186583,159.27211798045877
EK202310107744,129.37066283984174
EK202310220042,147.7444779341013
EK202310202298,148.54104123505275
EK202310189344,178.372457564648
EK202310148801,149.3908295563335
EK202310172716,137.50639134787914
EK202310179116,140.23489122078433
EK202310174016,153.9615501339128
EK202310108847,127.22475312043193
EK202310232003,145.77777407454994
EK202310126703,138.47167645231417
EK202310106477,144.87117838363176
EK202310123106,127.65764666883243
EK202310169334,182.23506169947166
EK202310231339,139.3613029111397
EK202310175772,156.909091046657
EK202310196241,168.99309882283606
EK202310143871,139.25462138444914
EK202310142265,153.73418207214436
EK202310163563,134.59596182629352
EK202310244604,126.4470857594761
EK202310247610,151.70931754626585
EK202310116133,128.82717147552012
EK202310144893,131.62840283505074
EK202310138511,169.9035877787356
EK202310178199,157.35121099356752
EK202310238970,173.39552566523176
EK202310137277,138.32821160807563
EK202310195419,140.58198158818286
EK202310234603,146.96714945623168
EK202310137485,145.39943410846092
EK202310221268,127.97654535209642
EK202310166447,153.59886345222225
EK202310163342,133.96592222254463
EK202310160258,143.05576126813617
EK202320007173,155.03184212333554
EK202310166608,146.59799521741382
EK202310190777,152.3949100903334
EK202310228415,126.2701377778568
EK202310160470,133.63448656345773
EK202310199928,138.9976936177271
EK202310139397,137.8103617605722
EK202310103828,147.59321879985836
EK202310198546,148.6237434403498
EK202310168601,156.48800505517568
EK202310199500,151.1421628523215
EK202310130735,116.72492821870134
EK202310203344,147.7442607641213
EK202310149177,143.54960752742267
EK202320006908,158.79559561926553
EK202310182119,144.41151471029576
EK202310108526,147.60107913190188
EK202310123316,128.22560285315117
EK202310175509,144.02364610258272
EK202310115166,150.78129190539917
EK202310169504,140.3965832934538
EK202310191512,134.04655813971274
EK202310111425,119.90637571646299
EK202310192823,152.9335206666667
EK202310159703,132.5246527880518
EK202310110465,134.334470346124
EK202310217003,140.29323505319883
EK202310187166,139.84844111134322
EK202310225739,151.68754225694906
EK202310125501,135.9440412978306
EK202310118486,123.10253921761239
EK202310221279,131.99464393922733
EK202310194956,142.6086125456244
EK202310178722,138.55255034246906
EK202310182533,152.84254193795505
EK202310138053,140.8199927159046
EK202310231131,146.69250809465217
EK202310212157,140.3125869373319
EK202310125603,128.3284862302142
EK202310136248,152.89394088038145
EK202310115244,135.0438875123354
EK202310132254,124.95703696472316
EK202310178792,165.39558759717465
EK202310191023,134.83065006234173
EK202310162415,145.08678652131118
EK202310125102,144.84784110662406
EK202310208134,143.6282243737888
EK202310105586,136.38026484959616
EK202310213166,133.68536025147927
EK202310247801,141.87428332242874
EK202310247262,131.58788841596026
EK202310126467,139.38806618040294
EK202310176266,148.68010211216708
EK202310109933,164.34098067541555
EK202310161495,155.9612954897111
EK202310205248,145.02641225689524
EK202310224138,138.54825653702525
EK202310212586,150.1760442951969
EK202310131904,133.25437891225158
EK202310120534,154.935186182421
EK202310109184,143.9501976129616
EK202310198723,182.45881917632482
EK202310190770,150.60529068905126
EK202310114461,148.53273391025138
EK202310223578,133.4224634336141
EK202310133222,145.79061855053712
EK202310136866,128.79231087546907
EK202310176700,154.2227131481551
EK202310126084,141.5905570571474
EK202310196727,159.08093685912868
EK202310225009,131.5338942513236
EK202310207005,181.34918704568824
EK202310222794,147.1949419041471
EK202310171893,152.67243416841325
EK202310172296,134.78546814954763
EK202310139698,163.55943372076857
EK202310128914,125.12967433655584
EK202310235545,137.53697697537555
EK202310109242,126.67513768200502
EK202310177486,146.30344422118534
EK202310199539,147.49501227744327
EK202310188301,136.6092031058359
EK202310201859,155.7941763445087
EK202310170159,134.96101228757647
EK202310148167,147.41146981438183
EK202310155933,165.12912170829824
EK202310149269,147.24832902686703
EK202310188885,132.79863086453295
EK202310109274,127.71667240045652
EK202310162745,169.88270062324335
EK202310146260,150.4450153983329
EK202310168090,111.02841625464085
EK202310219761,112.2392721378442
EK202310230205,122.75410162691188
EK202310114523,137.84277511922014
EK202310201162,173.19080961802544
EK202310188350,154.37616643287464
EK202310178664,127.96755821966784
EK202310125253,140.15159462368177
EK202310194315,142.07674699018688
EK202310178855,147.57243299532473
EK202310114913,151.37330263240983
EK202310209479,147.45522980270533
EK202310207800,152.94144859235857
EK202310205487,120.25109917031398
EK202310168431,161.28165994031792
EK202310235593,136.8409962335483
EK202310235602,132.89706061200232
EK202320007124,180.24467192941432
EK202310207771,138.16133940146332
EK202310228788,120.927889416823
EK202310227982,137.255457965359
EK202310194813,180.32807921488535
EK202310241087,139.8905030419752
EK202310148405,137.9889707061575
EK202310140778,151.7178196787157
EK202310198551,134.57976797401003
EK202310120216,153.77709848056173
EK202310154323,141.8687041855218
EK202310158123,152.26602326942185
EK202310215528,153.0883908553897
EK202310237307,146.9815222851341
EK202310144499,155.7831859650286
EK202310200349,143.22205353068492
EK202310199428,144.6850015466231
EK202310205917,145.6150955252821
EK202310123848,135.56769455253783
EK202310171335,166.33000378202806
EK202310113026,149.3937334497955
EK202310227460,148.74686333980253
EK202310218273,163.0278247143957
EK202310211553,149.5804531794637
EK202310196786,146.25786832893985
EK202310237300,129.51354951284796
EK202310125146,135.39413472187925
EK202310118100,128.3601870556547
EK202310186326,134.61200555847734
EK202310128919,127.85924490243261
EK202310198759,115.95718106699496
EK202310236246,155.67022885038946
EK202310149187,160.0905838359774
EK202310182726,155.07684294566587
EK202310152601,141.2010160341919
EK202310220436,133.18198841949163
EK202310193514,165.8337529040597
EK202310246478,119.59304677195696
EK202310243128,168.66610936788183
EK202310127415,145.5894630217825
EK202310213162,146.198128463843
EK202310137235,133.8955470465013
EK202310178654,148.5366768288124
EK202310118153,129.0585237678221
EK202310004571,137.61786252926015
EK202310151403,181.88258719448814
EK202310245278,150.42854879391797
EK202310143897,139.949305616128
EK202310218277,143.75027271366386
EK202310162879,148.35609353813393
EK202310136599,131.62959320831982
EK202320006442,171.53251453727188
EK202320007344,133.2564822037684
EK202310189969,167.1876468122959
EK202310166949,172.123855135962
EK202310114939,142.4051236692001
EK202310226036,156.55500814939006
EK202310166986,143.00651135083018
EK202310217723,115.48503939726211
EK202310137499,156.48183321422
EK202310132371,138.08925256348536
EK202310197508,146.8406207389935
EK202320006448,186.48204747944703
EK202310217287,136.38882770376986
EK202310210663,129.62759242828704
EK202310104277,142.16731281605274
EK202310200683,145.4349566083403
EK202310225623,182.46071195309074
EK202310207191,150.91883315390493
EK202310129539,130.11415591530266
EK202310128514,161.1274632053393
EK202310140966,131.72064907118244
EK202310129386,141.0972335369886
EK202310179691,137.73638286393873
EK202310188920,134.7574351742578
EK202310247484,140.55345029845162
EK202310193673,134.90703609942867
EK202310170091,124.85670872742787
EK202310172920,165.29397964046228
EK202310223477,152.90335494368782
EK202310171073,163.66566906042107
EK202310194158,151.7594601252886
EK202310207919,142.1607819920441
EK202310120306,150.58286848976329
EK202310207223,130.14031041275564
EK202310244280,135.9742253311844
EK202310106527,130.70168797809845
EK202310142859,163.78879580316357
EK202310168389,161.61718684867566
EK202310143594,131.3536267357774
EK202310167480,161.9667704558582
EK202310156995,140.78355342795123
EK202310119214,147.96219171202864
EK202310148853,138.55699200101296
EK202310217497,141.85473000982643
EK202310120366,134.93795235820207
EK202310217526,166.75073963027756
EK202310195002,143.56259140190522
EK202310169241,149.20653167242483
EK202310159114,146.13927076707182
EK202310192176,143.90877805265376
EK202310159110,158.62867961663287
EK202310158664,141.31023405386944
EK202310192338,138.57614227890312
EK202310230524,127.65709944240515
EK202310210362,154.24602123137117
EK202310212895,155.286580423307
EK202310193440,135.93530409050305
EK202320007869,151.6758009162045
EK202310167916,147.46838488095523
EK202310206630,136.07993840783678
EK202310157459,151.68888399275758
EK202310216902,158.24550662203964
EK202310198965,143.53655960318423
EK202310201874,136.82137093812614
EK202310117999,134.84819675684264
EK202310204212,148.0383582731603
EK202310183852,161.9371399673604
EK202310219321,147.2945974226419
EK202310235218,145.4310216418921
EK202310106655,140.57954102850675
EK202310109169,157.79716950392822
EK202310229525,135.1456592623776
EK202310234441,130.31248022382715
EK202310119016,122.83717844462024
EK202310003723,135.90285070920666
EK202310177973,123.12031012382191
EK202310143560,160.4064861310713
EK202310245405,161.85806008127827
EK202310123670,119.79874766636215
EK202310125143,159.9365926340923
EK202310162721,138.24372927047384
EK202310121368,143.95761296474717
EK202310207810,161.06077207698
EK202310110877,139.92847127718073
EK202310207642,142.15393270614976
EK202310236676,121.29084499291206
EK202310178731,151.20811598989195
EK202310166361,153.00242810862014
EK202310221798,138.60212206145764
EK202310177403,172.52873411944134
EK202310134022,122.54971229112206
EK202310167333,138.87842207614315
EK202310166210,126.53824029593281
EK202310110220,151.80352836402056
EK202310145795,134.60823853579586
EK202310164123,141.83938405344014
EK202310196621,153.68233303592
EK202310120415,137.67380807043727
EK202310148912,155.4938213989309
EK202310179102,132.46839158350963
EK202310196322,133.6912472146289
EK202310157568,158.93474207113366
EK202310146998,142.84502594747855
EK202310223698,164.8476350592767
EK202310234532,137.14422493331125
EK202310138792,158.44508443510904
EK202310246869,138.86482445076052
EK202310126504,136.0888517811466
EK202310113606,162.63443212043498
EK202310131578,127.65814482408638
EK202310156389,147.81696463142694
EK202310138943,121.72344406082031
EK202310105288,153.03391867929784
EK202310188558,183.00563462041765
EK202310234995,134.3103101958221
EK202310181950,174.42483296994837
EK202310157098,144.72147765635648
EK202310132543,140.41869655890522
EK202310174319,146.70556888300698
EK202310225811,143.2943496605997
EK202310157066,157.66632727971472
EK202310205138,144.55254184590527
EK202320007203,153.07067303898765
EK202310227039,128.18665442991224
EK202310106033,129.73145444559887
EK202310146183,157.41642767944273
EK202310226180,130.16515213686128
EK202310162385,151.8395876069002
EK202310235946,132.44538051522233
EK202310182408,148.51459623228777
EK202310155735,150.76841640293497
EK202310190520,166.30588798461682
EK202310146058,125.26640510915014
EK202310202633,155.84242500858684
EK202310196099,144.17651312212678
EK202310129632,129.4378141525319
EK202310138166,120.25642046140769
EK202310148720,147.71777172593912
EK202310145781,150.70803422086314
EK202310140364,142.10375307430144
EK202310152526,139.034819234917
EK202310109041,141.98005694303586
EK202310239518,158.8828057672979
EK202310187894,118.80444939178197
EK202310140674,150.31129372502463
EK202310133919,136.6051600599854
EK202310183378,144.73734154094734
EK202310232538,142.85309217117666
EK202310203159,152.8997832316353
EK202310114364,158.39191772963696
EK202310165382,146.89692750573818
EK202310212412,139.55774566284595
EK202310106291,130.62057588542837
EK202310136964,147.93437072273176
EK202310114872,124.45183428263688
EK202310211044,147.89961249459586
EK202310196962,163.1548240450179
EK202310229743,127.9422467519483
EK202310180091,123.68739891036114
EK202310113899,145.64384524559915
EK202310238528,162.56941563057737
EK202310167500,145.40805798300232
EK202310184018,154.98209748910614
EK202310194972,155.79945685493854
EK202310120304,161.17234280481367
EK202310142049,123.3522559413446
EK202310178765,170.94852553713457
EK202310182864,122.73680766954044
EK202310192331,143.05377459693557
EK202310164774,152.11499469333162
EK202310156817,160.00121877433418
EK202310237151,143.31223253340264
EK202310234802,145.27911898727618
EK202310210106,160.65925370433104
EK202310195014,139.03905223766773
EK202310147893,150.07763240101144
EK202310113010,139.61350553315478
EK202310183485,150.82469161386172
EK202310123549,144.49496652513656
EK202310215820,139.00016163607327
EK202310174861,144.76397052118716
EK202310170243,123.68948822610871
EK202310139779,138.95130756172122
EK202310226387,134.84043422758282
EK202310126951,137.45768754697514
EK202310122461,122.6722227589451
EK202310137617,144.15867582801695
EK202310232607,154.31833896930266
EK202310188917,159.73158377925606
EK202310230010,120.84208277399516
EK202320007620,153.4337927099646
EK202310179514,128.72201008618833
EK202310200726,124.2374044178753
EK202310145542,136.903327955918
EK202310140934,152.3020588212894
EK202310141993,145.35970342793385
EK202310202052,136.04367615029022
EK202310206128,131.82094325252825
EK202310129191,155.07215923369304
EK202310132531,154.52024617298684
EK202310145895,139.0506471902247
EK202310150717,160.50776236215435
EK202310238478,132.27024205668025
EK202310215961,151.08929309171359
EK202310140355,172.59862777828974
EK202310107109,111.73161740622709
EK202310245704,128.4583935777076
EK202310140078,145.73786171894346
EK202310201205,165.39707351771668
EK202310105811,127.13042259799312
EK202310213056,147.73353168321276
EK202310218710,137.31887371697215
EK202310212505,135.70181556386393
EK202310222413,119.31846332006893
EK202310172293,141.1213032726515
EK202310109647,134.39326472265617
EK202310188891,142.63591837543353
EK202310137965,137.58153482285846
EK202310107117,105.76315586486882
EK202310207869,145.43176813595016
EK202310169495,177.53023373303893
EK202310114538,149.91567913377818
EK202310165920,139.61508591613588
EK202310130807,146.40399892734948
EK202310170628,149.5618655127049
EK202310117370,138.27728036997593
EK202310239420,150.85886367614978
EK202310108908,147.33984168861946
EK202310124380,132.6168941689475
EK202310114384,158.67133074596666
EK202310176015,170.4032111482947
EK202310213032,135.09396599355972
EK202310191795,131.44649849864166
EK202310203571,146.61239735798588
EK202310138185,119.84947214534428
EK202310182667,152.50694661373683
EK202310178540,143.46435372510365
EK202310173419,154.87959266535657
EK202310171759,144.7713542776415
EK202310230057,146.14302455411857
EK202310239289,146.70090080091646
EK202310203690,157.46336154543854
EK202310109021,146.6952222495798
EK202310126805,158.02622915672578
EK202310213809,121.40308230115505
EK202310174863,152.89175136827188
EK202310221636,126.38086696239313
EK202310171548,127.4560635364443
EK202310194319,147.00372875854427
EK202310233853,168.69306295223421
EK202310158671,154.43409203590278
EK202310230596,127.9154971262654
EK202310221893,121.34599226421531
EK202310227172,146.09631366655742
EK202310231306,134.810006428066
EK202310158074,136.14705325796425
EK202310104860,158.80888295085165
EK202310216640,163.5405066103165
EK202310200103,146.51518882142616
EK202310141785,150.1184209597803
EK202310145978,129.30835731777088
EK202310004077,156.75306226050844
EK202310133888,147.39065871795805
EK202310125723,145.5673353593976
EK202310136090,170.53213295804008
EK202310246571,136.12725727153034
EK202310243027,135.01893108781738
EK202310109649,152.2113089145593
EK202310176461,140.19631096796658
EK202310122952,147.1640358074883
EK202310243326,134.0492543332456
EK202310135058,172.9670534048629
EK202310200094,137.37964355505287
EK202310146558,130.36649265636413
EK202310121295,127.35274074622455
EK202310214783,159.0592174074744
EK202310172681,127.37067842152157
EK202310241971,142.44629873459766
EK202310188843,155.58752727453225
EK202310136447,133.0714284982366
EK202310231662,134.9944877528697
EK202310157790,144.71843714903574
EK202310120107,149.4583668732444
EK202310225152,164.13068519091107
EK202310200264,157.86141066245196
EK202310134521,129.66715552925257
EK202310173584,134.76904128641436
EK202310196666,153.69698459298152
EK202310164106,115.0038512544482
EK202310138379,156.39292604234
EK202310228204,130.74019889390328
EK202310125152,147.12768553359223
EK202310216720,139.7482614701054
EK202310228063,141.68071184445753
EK202310169786,149.11789238669778
EK202310176342,153.2934469817716
EK202310163187,157.4377856928273
EK202310124025,146.6881265431444
EK202310171872,146.3234963756756
EK202310137265,148.15112541059554
EK202310209292,134.82056591632508
EK202310137925,139.1938744492379
EK202310199295,137.08547830626384
EK202310152826,174.25342647014952
EK202310104368,129.97524567087476
EK202310187730,143.3949445633142
EK202310181862,141.2817251674958
EK202310165938,134.18014570836348
EK202310183431,142.94891710151035
EK202310236615,136.78137036792654
EK202310189593,130.54657313989546
EK202310221069,139.5811463937719
EK202310205373,153.35266039975818
EK202310142031,148.51188401350444
EK202310128716,128.77738214157108
EK202310202961,146.84981814433038
EK202310205295,147.53414302965197
EK202310116568,148.89403141139863
EK202310209928,138.86653914504825
EK202320005639,145.95253707746107
EK202310133603,157.11769319581552
EK202310196192,165.25437327197918
EK202310133688,147.5428248138414
EK202310107855,145.3984167702709
EK202310138935,141.37003934941478
EK202310204089,147.21209547502605
EK202310219313,147.5447429095282
EK202310189726,142.46071006531963
EK202310152282,150.4847660780483
EK202310180251,143.8037762703849
EK202310165981,141.029383504061
EK202310137451,139.68222659936094
EK202310126122,141.96414028223393
EK202310243998,135.01885111101367
EK202310184231,172.57745332519465
EK202310228417,139.96822303992488
EK202310241091,134.8901512165603
EK202310190393,152.91387755805795
EK202310211537,133.0246179405046
EK202310147678,146.99473984962938
EK202310242270,147.84414985272136
EK202310149069,165.2697039094043
EK202310163921,183.88282775481142
EK202310133083,129.09863478847063
EK202310224140,141.98301373458563
EK202310152867,121.0038925915273
EK202310203736,109.5193606761874
EK202310165596,125.3470634422378
EK202310214453,133.8771885828135
EK202310164740,149.3322104476158
EK202310214137,177.52831524494428
EK202310146679,144.69836449597193
EK202310104097,118.46061337979833
EK202310200834,162.8162349825443
EK202310163017,156.5635044693642
EK202310165977,148.89026738793507
EK202310243475,117.47378552071847
EK202310241365,149.48259947309026
EK202310244319,131.14882694763057
EK202310120396,139.08946252683532
EK202310241624,144.06296346709286
EK202310198761,167.66336488280174
EK202310150943,134.14285744798357
EK202310248679,167.49224242356883
EK202310215685,153.41148567508077
EK202310104356,137.92367609557417
EK202310206239,134.26055092877863
EK202310157180,128.137898878249
EK202310131514,152.35562054855808
EK202310244801,147.72196156733565
EK202310116569,154.02935835660105
EK202310123027,122.6255211751288
EK202310223311,147.73334088224235
EK202310174904,142.647655805019
EK202310133194,155.08403333071638
EK202310184130,132.873064855686
EK202310194455,156.88176786555113
EK202310106381,163.24754932719705
EK202310227001,149.90418587496006
EK202310153912,152.85633619787825
EK202310193865,134.36296542355214
EK202310232459,130.9274000045655
EK202310198400,132.16711079861255
EK202310182607,144.25350509979637
EK202310225129,144.69264517202814
EK202310197516,147.94872442589013
EK202310131801,159.619989777298
EK202310212554,150.96023413640273
EK202310227543,146.5036306085806
EK202310130530,126.32089837099173
EK202310193825,175.9027698804264
EK202310211045,142.56349053163004
EK202310129373,146.29969481817452
EK202310147392,129.68526085232662
EK202310187904,152.46727356226927
EK202310208503,146.23468384161447
EK202310110837,145.63500074643338
EK202310229225,129.92624852885388
EK202310164336,126.61988231702006
EK202310195313,148.7240897436177
EK202320006926,149.84506236313874
EK202310174594,136.27431727020647
EK202310187599,155.70300010025665
EK202310198391,152.7394323414231
EK202310224871,131.72677994386683
EK202310128469,143.09109925583428
EK202310108118,138.72404594448795
EK202310164855,156.0954537446153
EK202310157619,148.56918757124936
EK202310212148,132.50464940447011
EK202310241888,150.58197788666627
EK202310200720,150.04146935306562
EK202310178703,147.2420260698687
EK202310208199,147.70611198419977
EK202310200707,149.55963878121875
EK202310222186,156.93006628001416
EK202310235687,173.3191709540948
EK202310169723,153.36992251318208
EK202310242395,142.0478997327942
EK202310202866,171.10779439522614
EK202310137258,131.9487370634299
EK202310209819,149.3095804424049
EK202310111291,133.11181529297704
EK202310210190,144.41350279389135
EK202310181968,146.10083132869664
EK202310173847,146.58759485684917
EK202310170341,125.073738555949
EK202310112839,144.40823484782874
EK202310207240,126.75941831287628
EK202310122514,136.07928973318087
EK202310190722,144.58082918481182
EK202310186422,127.27164103617098
EK202310154379,180.22038302006075
EK202310245323,154.42170970585659
EK202310122299,132.949142565948
EK202310125100,142.95280446709245
EK202310118253,129.34845934868932
EK202310238969,160.07289480941756
EK202310168188,155.77420777255332
EK202310160206,155.30095500355716
EK202310222871,155.06514097416007
EK202310209611,151.09770339254752
EK202310212974,127.59491548243446
EK202310128407,138.64842531860435
EK202310222412,118.35388671966844
EK202310200939,138.35888530901144
EK202310003959,134.29123246336272
EK202310190302,148.46875374015855
EK202310186405,165.37525452083494
EK202310138957,124.72743612004503
EK202310105023,126.637978637054
EK202310236632,135.64696768407123
EK202310162662,130.726359905346
EK202310198218,156.34880920072487
EK202310186500,133.59375246836004
EK202310138863,139.45390521713367
EK202310241224,170.63153438875537
EK202310171644,139.78306431037
EK202310239875,124.09905305842042
EK202310187156,150.60318416902214
EK202310174507,145.9197505589433
EK202310139245,159.18854026066103
EK202310161355,158.3752121065479
EK202310131302,138.6815586862273
EK202310106366,145.77827259348513
EK202310180236,169.52195973586345
EK202310146739,138.18113774196883
EK202310122526,137.61606024814418
EK202310171449,126.37964557980807
EK202310158382,144.14329325579894
EK202310003648,125.49312079591277
EK202310203626,137.55196456002528
EK202310105539,133.74255838368668
EK202310172856,154.18071657265025
EK202310247114,164.26235336090258
EK202310169299,166.99694745982538
EK202310216048,137.4877353046973
EK202320007664,131.43820215547328
EK202310106821,141.03072518871124
EK202310201424,130.8769403342283
EK202310177794,142.98234006004554
EK202310225174,132.8824132180165
EK202310236955,137.13036824548408
EK202310216158,130.5673279510949
EK202310176370,138.5817493925924
EK202310139805,135.16162681487873
EK202310129688,137.23879655542217
EK202310114179,138.77549445785286
EK202310004734,137.02320679354875
EK202310153706,168.20225352817747
EK202310159985,139.9879229176048
EK202310207436,140.85934005240284
EK202310172357,145.15114023112397
EK202310137540,153.04352505158855
EK202310246082,142.92641162029335
EK202310231504,127.80362053637396
EK202310180342,169.05187525896804
EK202310149538,152.59710031641686
EK202310236300,138.7931401814743
EK202310184866,153.93737962772252
EK202310236107,169.80514248222062
EK202310177453,138.68077553367763
EK202310171178,144.580214449915
EK202310146756,140.3944654128037
EK202310147896,154.4795531455749
EK202310167599,146.9187704983738
EK202310165277,126.306681136543
EK202310213182,148.1794574979333
EK202310231983,149.2934649464699
EK202310119961,132.64472833974006
EK202310168921,147.23594245489292
EK202310152986,141.28511677004545
EK202310222123,133.18535394368823
EK202310165121,132.09591785686092
EK202320006143,144.4227977877898
EK202310136406,132.1987886860366
EK202310113171,140.06159100712654
EK202310178750,163.6305590373728
EK202310184720,131.31449608370704
EK202310135947,139.68162789324538
EK202310106555,152.57415685789505
EK202310147773,152.8539574907694
EK202310166654,135.04391224900306
EK202310231220,143.44141985580225
EK202310179554,153.7150534320739
EK202310121805,131.79191398167677
EK202310221539,136.8295410895729
EK202310109095,142.34048613287803
EK202310228094,153.80484803146805
EK202310128632,123.40674054059986
EK202310168239,157.44334045026164
EK202310229923,144.3852409105331
EK202310182545,150.803250643703
EK202310111819,137.01926878071208
EK202320007299,167.972207376411
EK202310113423,141.15593683052072
EK202310141017,151.75196230851137
EK202310236316,141.49686439295004
EK202310108216,140.59345028740543
EK202310192703,169.53029425983433
EK202310123050,136.46348091776338
EK202310221659,136.3539347598158
EK202310195354,172.35777313004442
EK202310218205,155.9768028557334
EK202310142204,145.54798540892395
EK202310169069,145.67278102116077
EK202310110164,148.52400772792564
EK202310242272,122.27119306813725
EK202310171541,170.10641577139242
EK202310164252,164.0280969102032
EK202310230378,123.36791588729135
EK202310162807,121.69055444227234
EK202310125970,151.70638521929612
EK202310232037,136.4325470189824
EK202310179302,120.02326161657962
EK202310113416,144.71341998862835
EK202310120907,152.12615315867885
EK202310131914,126.14797781513093
EK202310246477,135.51987373502692
EK202310210578,141.1110056823967
EK202310224656,147.53721929678554
EK202310134643,139.41417787507788
EK202310165344,137.29263135335887
EK202310128094,159.81618030864914
EK202310212344,141.43394472676314
EK202310163429,130.68995348230175
EK202310142109,126.5270198172432
EK202310148011,150.51972661034443
EK202310177720,130.61397264605898
EK202310130679,145.7843496628224
EK202310128185,170.29189870645104
EK202310157906,146.10503516613238
EK202310219715,126.60955285249068
EK202310107586,127.23917546374342
EK202310236962,139.44780498419783
EK202310133594,159.91426012043217
EK202310124136,128.3366431782239
EK202310147276,159.7982566232703
EK202310209860,149.38622204984605
EK202310170014,130.47453036219267
EK202310125838,151.58980419843516
EK202310176810,128.809807892717
EK202310104451,149.27678955900487
EK202310181648,149.1108156634306
EK202310148857,132.39934977302974
EK202310161540,162.6926411916331
EK202310109347,137.3078869651993
EK202310143168,128.6016475799309
EK202310182799,136.46957425125828
EK202310183847,141.6771583523738
EK202310231882,123.6996447060199
EK202310236483,116.34988751568763
EK202320007850,150.6764849221898
EK202310171115,128.9161780473793
EK202310138799,149.00095573268717
EK202310229790,143.53796492867548
EK202310120135,140.8297044135518
EK202310165362,146.5874664665012
EK202310160759,136.04269115334841
EK202310128908,158.5459111793593
EK202310126950,134.43963039018323
EK202310210878,134.80259788124803
EK202310144127,131.73644490751005
EK202310103769,138.30199327204957
EK202310224658,161.7366757894335
EK202310158660,151.16020573593158
EK202310115044,113.37599785943374
EK202310225928,131.2119722542841
EK202310131183,164.14332272942866
EK202310191329,127.37194413624124
EK202310247806,150.5724174837893
EK202310128359,144.7935866407881
EK202310158015,139.76739242742397
EK202310216742,144.77503812777968
EK202310180156,123.18308929971758
EK202310156742,159.7443335075266
EK202310206889,140.63618078587544
EK202310141595,139.9242577478912
EK202310213331,138.06642440935218
EK202310110177,127.11100295781868
EK202310177752,142.40802084660325
EK202310143528,125.06062122779448
EK202310121245,140.6244177958716
EK202310121730,133.52142294645552
EK202310166696,172.17716675467167
EK202310139416,137.78748393007714
EK202310137350,146.62266564612102
EK202310173056,136.56756732605376
EK202310183242,145.15268822124025
EK202310181856,139.44680067930634
EK202310187043,151.90951085301563
EK202310146563,139.35691984107265
EK202310210145,118.10511102750115
EK202310149292,152.59434146462542
EK202310219306,142.3769924885283
EK202310180670,130.93035577854866
EK202310154730,147.40435876638168
EK202310220947,128.39685680880876
EK202310202735,144.08983573073334
EK202310123527,129.17363775681685
EK202310120644,159.58514219383304
EK202310129017,160.03187814917814
EK202310162431,159.3215768704895
EK202310150024,145.94481274789004
EK202310237610,147.5514864556032
EK202310228863,131.7243779002689
EK202310114239,129.46843399224232
EK202310111704,135.7480967636067
EK202310175377,112.55303099407843
EK202310128857,142.54693299612626
EK202310141561,137.80968400684208
EK202310133921,137.45191429639746
EK202310143422,136.59460736695047
EK202310222897,127.21561182119385
EK202310127138,149.0816400502205
EK202310185976,132.75604653917154
EK202310118702,139.54193334401484
EK202310112998,165.472545664645
EK202310134460,170.74272449450385
EK202310198419,152.0492133647534
EK202310116533,134.2901427237757
EK202310152035,139.48079458115245
EK202310186167,147.0066209003133
EK202310174777,140.67847732711647
EK202310241957,125.8545699524374
EK202310194759,146.73247920403645
EK202310209627,135.102616142403
EK202310110386,148.46428637738725
EK202310183168,131.54452374555817
EK202310230042,154.14086783137122
EK202310173070,139.5635521918625
EK202310118014,136.31690668207278
EK202310201071,133.89157891159186
EK202310151104,108.80598137099255
EK202310150451,146.9661932399987
EK202310185662,164.50140812518225
EK202310152420,133.45311680233158
EK202310004807,140.13484098314837
EK202310123731,158.460741576833
EK202320007290,145.03393948467848
EK202310159273,171.34208654176112
EK202310241776,161.44798655946695
EK202310240911,128.58641391868866
EK202310128834,138.98252654439358
EK202310128400,143.5204880632888
EK202310233118,144.27133396710488
EK202310234404,134.27232547649083
EK202310158169,163.09062773386228
EK202310168826,125.43869070873407
EK202310223636,175.3646428433272
EK202310228740,173.10836838183351
EK202310115835,136.12727120287545
EK202310131407,140.2987556790143
EK202310150935,142.19277471935254
EK202310225345,172.5943114474913
EK202310146990,154.84096320647026
EK202310227539,143.53027416065785
EK202310145038,126.51407581175535
EK202310134905,132.80982029696168
EK202310176247,164.40058903002645
EK202310238587,152.88821268686522
EK202310208338,140.84707137824032
EK202310202600,146.47279766197155
EK202310244941,137.14059617361883
EK202310121341,154.48777569556592
EK202310142598,176.125060110535
EK202310198678,126.3251963551283
EK202310243034,145.60987126407835
EK202310188200,147.98572119786022
EK202310248513,107.40217111944838
EK202310247587,135.65670478926214
EK202310175167,125.47343423959074
EK202310248135,141.00576041834236
EK202310116341,138.82120946653987
EK202310187249,165.05808565514167
EK202310117946,129.04467118381774
EK202310120013,125.12497337952922
EK202310168464,132.2030633882985
EK202310188127,132.73693877147065
EK202310234954,138.92649206678288
EK202310240694,141.36682332583212
EK202310156774,161.2556529279908
EK202310242931,128.30552398556273
EK202310120909,140.36614837559722
EK202310213600,130.87921424078252
EK202310185790,167.68249236844088
EK202310189010,138.93392099040412
EK202310198849,133.78058209898842
EK202310110578,147.16741222292418
EK202310197754,150.4419799906311
EK202310224146,136.88007814880913
EK202310174258,141.1028269409582
EK202310190295,153.89338441658856
EK202310215366,143.33498416330872
EK202310236141,142.4436375765115
EK202310235081,146.29404055550387
EK202310113404,130.6143181802129
EK202310147836,148.51416953080385
EK202310119847,170.36082192001837
EK202320006154,142.03980806775647
EK202310181606,146.28660752820144
EK202310108458,150.04838423016616
EK202310191692,148.37716071259968
EK202310137028,138.3042069906718
EK202310186568,128.85199181959806
EK202310193659,181.36194851851036
EK202310201443,145.68209363021055
EK202310171284,150.4194482159015
EK202310162022,141.24472851179445
EK202310124310,122.18023429225167
EK202310150577,142.0376646470704
EK202310180293,148.69405845091313
EK202310233601,153.79905531075013
EK202310218244,136.18878375855144
EK202310147274,135.289635552416
EK202310144827,143.1723610586267
EK202310188705,125.10115789043556
EK202310171879,127.25679722433786
EK202310004380,152.64959371307035
EK202310124117,134.45371359259843
EK202310139515,155.8788736067667
EK202310223076,133.64576232700995
EK202310189237,139.37603030602807
EK202310158900,166.9177157925734
EK202310172965,144.07756692723538
EK202310133331,125.869861742518
EK202310139550,144.34064833484518
EK202310182260,142.17377354055716
EK202310240459,142.308304250831
EK202310129723,151.62371136296983
EK202310140428,126.19004839943152
EK202310116169,134.56643906195217
EK202310121335,123.67489570263783
EK202310154424,122.95603136022572
EK202310171495,141.88713239550654
EK202310230777,149.95248184308502
EK202310207460,152.2014392160423
EK202310194955,118.05852371031997
EK202310233382,149.96481470988954
EK202310126476,146.34096796982863
EK202310112541,133.6841436511074
EK202310211941,158.62034786781803
EK202310160649,156.9989946837941
EK202310147152,141.7099680555873
EK202310226978,138.6043425004974
EK202310156779,130.4331503247049
EK202310160400,161.77109173837044
EK202310113592,142.88379815869547
EK202310173652,152.90610806337506
EK202310159519,144.55843632866228
EK202310124262,134.7125524858073
EK202310205506,134.44653029222007
EK202310219097,144.62183462996256
EK202310226057,129.47182056897984
EK202310153736,144.58838825883396
EK202310180775,128.6386529901047
EK202310169348,181.04995348310047
EK202310131502,149.889804043886
EK202310121729,125.03469569424635
EK202310159565,134.19177602134704
EK202310204448,143.26475418457133
EK202310153462,139.90262644111021
EK202310144316,139.37934269772865
EK202310135075,166.8042182128504
EK202310221375,145.73267872712177
EK202310163745,156.74765344505258
EK202310128307,144.42572218756445
EK202310117545,169.0013576598813
EK202310135049,162.16624767765825
EK202310168241,147.7477542090824
EK202310212910,147.44839258919566
EK202310201819,149.87825150609063
EK202310159317,151.09630163958053
EK202310205644,130.79972256376445
EK202310154083,130.250165617096
EK202310229522,131.31828319596866
EK202310110884,143.99930306636722
EK202310157913,144.38569290801547
EK202310178487,173.96512495631976
EK202310159316,141.55068542194118
EK202310109379,141.79068841004744
EK202310188031,163.78705657138008
EK202310198040,152.4164250476045
EK202310175083,160.53585698620537
EK202310155364,153.08759202770446
EK202310204163,134.70432432924054
EK202310199502,141.48485524866356
EK202310204489,140.56500734283276
EK202310179081,148.18729364810793
EK202310233796,131.6865909282305
EK202310166659,149.50551286779165
EK202310160108,150.84481778510096
EK202310189609,149.30090285840342
EK202310104591,148.34977995704395
EK202310241388,132.0673584074577
EK202310141772,144.0558929747082
EK202310193970,147.11200686930079
EK202310115247,131.78116858433813
EK202310205518,133.52911948943523
EK202310169284,137.35392512968008
EK202310148744,145.20815391817553
EK202310190361,133.29040645998003
EK202310174521,161.9798661315365
EK202320005722,151.3165148380134
EK202310223637,142.4918050665118
EK202310206779,140.4317660438906
EK202310205588,125.76518807424628
EK202310173304,144.58375128614892
EK202310168176,167.04461729223692
EK202310213786,154.3799692056095
EK202310193979,143.23079000625293
EK202310126924,118.75484489396993
EK202310130529,140.85280658313556
EK202310119471,149.22551069609108
EK202310196749,152.09129321424828
EK202310113250,149.920795964468
EK202310155906,125.9007414768009
EK202310105766,127.8321851678623
EK202310201584,146.9852727570884
EK202310106175,123.52333541554461
EK202310178826,143.60168028103374
EK202310184322,133.0758296643458
EK202310106188,136.033369755939
EK202310124482,151.2474366589315
EK202310186934,135.57414469084804
EK202310190559,125.22779754607555
EK202310247940,122.60643217811291
EK202310161261,151.27561750327186
EK202310167492,122.67566554350086
EK202310117822,120.67907846944955
EK202310185255,145.07706080501256
EK202310209656,122.12729120059284
EK202310161945,157.48843607087224
EK202310214665,149.70096001815833
EK202310146073,119.54821018359497
EK202310160721,163.7829984708468
EK202310245095,153.1153849281225
EK202310239697,126.16406311297197
EK202310196401,150.4089138030049
EK202310245200,163.90031852308178
EK202310151874,164.9984480640767
EK202310127590,152.97097944188786
EK202310172784,140.21434570578407
EK202310217741,149.31823414542606
EK202310118696,142.72876189413924
EK202310175680,157.6846959396003
EK202310248407,139.20471765585535
EK202310116779,136.06372542816547
EK202310230914,152.12406899035716
EK202310121682,135.19806727813068
EK202310124137,131.45941542890455
EK202310138758,132.9238582339788
EK202310115217,166.45763471103115
EK202310165227,138.91475426532094
EK202310198606,117.71246649829074
EK202310139887,147.54557314589437
EK202310235696,141.03831453735336
EK202310140862,152.04256238771427
EK202310245296,152.03644063420788
EK202310178643,152.05549206457673
EK202310109769,112.28182473511458
EK202310168383,138.63721532160463
EK202310173293,146.01880741866796
EK202310199278,152.88142271141388
EK202310188364,173.00542971202506
EK202310226539,124.70658141279492
EK202310104626,147.19701182518648
EK202310113611,155.81712156407872
EK202310155381,122.16061538945168
EK202310207381,162.4635202165451
EK202310232919,156.74276563626742
EK202310239683,133.41251244640802
EK202310131225,134.0412013905711
EK202310173001,143.5236055732534
EK202310194749,121.8523758274863
EK202310103766,143.19262069264022
EK202310173848,143.70196159463882
EK202310134143,124.47108319349647
EK202310233093,138.16913600335118
EK202310184337,165.6673356052571
EK202310129410,150.21179856138312
EK202310118391,135.11049468721606
EK202310222008,141.37100811613251
EK202310172498,146.92849373294453
EK202310187928,125.94817734836913
EK202310159483,115.44669219749125
EK202310110871,161.31359602122598
EK202310146779,141.6093820660978
EK202310155616,133.01822908525656
EK202310137460,146.71654040366337
EK202310209877,138.663444645922
EK202310140666,160.16605665488916
EK202310122918,129.02782486848562
EK202310170046,146.28626524588984
EK202310143434,166.71403697065983
EK202310140495,133.62248155312216
EK202310174705,155.1440839689887
EK202310228168,142.94154643814477
EK202310127824,91.55990325874276
EK202310235975,141.99598599409347
EK202310190602,128.1934727583601
EK202310106408,143.3128522767159
EK202310233717,145.5047092183374
EK202310203927,128.8624885014157
EK202310106512,138.13082623052847
EK202310208972,142.78870340774756
EK202310156588,164.53234224447496
EK202310242168,137.61736717085887
EK202310123091,149.39832283155886
EK202310199389,135.8266845100869
EK202310154978,136.93047265326484
EK202310158716,126.67020614428525
EK202310159396,151.0194333940368
EK202320005678,178.03716658995535
EK202310110183,128.02589650731267
EK202310225959,128.5700016505338
EK202310225303,147.12309846835092
EK202310108877,148.70102639452716
EK202310237629,145.38765307121017
EK202310211593,122.82212911777444
EK202310151540,167.77215510734646
EK202310149041,156.265765012108
EK202310147417,136.01265278519185
EK202310229267,141.0333623274058
EK202310194169,122.35552321413618
EK202310130855,143.8250887291134
EK202310218381,138.12008698727342
EK202310131759,165.30737967342992
EK202310159130,150.28136901227634
EK202310181380,149.81772821435985
EK202310154840,159.78376917725296
EK202310155113,142.53547113699892
EK202310190213,130.00438391431942
EK202310125761,154.73430879373882
EK202310228436,149.07781180852112
EK202310245583,142.41722960598943
EK202310138440,130.30205432131396
EK202310153292,136.4417310648729
EK202310114994,131.32588342867996
EK202310172366,147.79167988147307
EK202310124479,127.01136722780205
EK202310184003,173.21999840765181
EK202310179734,137.54320652775363
EK202310185315,157.79646280318107
EK202310247954,171.03177144224364
EK202310146620,138.6087899541524
EK202310171244,147.5042168783966
EK202310134666,144.95924616272012
EK202310220005,144.31941377957935
EK202310156110,147.04316990549077
EK202310207825,171.0930689703359
EK202310168883,148.5744639118781
EK202310136483,118.43507317822362
EK202310196952,171.68141596888648
EK202310196373,138.48812864354673
EK202310118816,130.60954659690708
EK202310165110,149.16060287446442
EK202310142607,160.01284888173103
EK202310168946,137.38544266989348
EK202310105295,151.952363800526
EK202310106334,136.62130897855806
EK202310105612,130.59507336230396
EK202310119938,145.4587227801522
EK202310192361,148.6440259616495
EK202310195020,133.1864930189914
EK202310129686,137.37808075076012
EK202320005926,163.7854225038101
EK202310210500,136.2079774846716
EK202310139090,146.2773675064338
EK202310138528,163.409496084014
EK202310201466,136.45650974189084
EK202310230750,145.11129907334865
EK202310148719,150.0848084106807
EK202310150803,125.42575797898141
EK202310216988,158.81545570189317
EK202310111431,129.68006790262928
EK202310185972,110.24968590674843
EK202310195667,164.93397131375286
EK202310140854,154.44193443214633
EK202310210882,143.73024247692555
EK202310233837,122.67683696954516
EK202320006073,158.25555427233868
EK202310196309,161.02138481683096
EK202310206916,147.63999524217297
EK202310226122,133.6167717189238
EK202320006289,153.89511758550518
EK202310226436,161.8613217997598
EK202310169442,166.12892661942288
EK202310241543,136.63792064030991
EK202310217591,140.43873340830712
EK202310140276,135.26223613962392
EK202320007784,141.63077134520023
EK202310149529,137.52289031277022
EK202320007633,153.8535818173009
EK202310119859,159.833808677455
EK202310230599,121.62114923811268
EK202310140256,140.22541558334555
EK202310155491,138.4189218950017
EK202310132167,146.4641478770856
EK202310224240,165.3956142487182
EK202310110704,139.29576078890946
EK202310140659,133.6465341234969
EK202310209654,139.86585981978112
EK202310210751,134.13985344382183
EK202310114252,140.9888098986037
EK202310131050,121.72074079264766
EK202310176400,121.87340832261705
EK202310225146,142.9996388472183
EK202310218218,148.9455379431966
EK202310199879,152.50644623882488
EK202310233661,138.2387054233483
EK202310225646,121.94055776134925
EK202310141379,127.7844377674444
EK202320006182,142.7931542400296
EK202310173692,121.32327792574253
EK202310177607,149.20647459369945
EK202310233946,136.30702271458398
EK202310126324,137.86721592589598
EK202310191584,138.69679350122357
EK202310162051,190.80235380540546
EK202310217086,141.94663275562132
EK202310175283,138.51030657371658
EK202310161464,157.88827990299998
EK202310175429,147.4699385481719
EK202310162548,162.58003690900418
EK202310124184,125.33501558840416
EK202310175929,152.23805509230405
EK202310162414,146.34553456798568
EK202310243129,116.49240443899981
EK202310157428,184.11685458829027
EK202310155573,127.90162935062412
EK202310163052,153.94739604001472
EK202310206064,150.60983377401095
EK202310248323,143.48252186917242
EK202310168056,157.7701462853922
EK202310128927,134.69648555657002
EK202310139485,169.58095201328138
EK202310242735,136.33509224636623
EK202310134082,123.04385566289068
EK202310104455,136.95087975829588
EK202310159631,145.851775444936
EK202310212803,143.9760680156147
EK202310104486,160.65299499027878
EK202310194508,136.044440284681
EK202310147608,179.2742501620727
EK202310150343,138.54521867663294
EK202310231361,126.52451487511036
EK202310170149,155.28758657063844
EK202320005932,166.49472078520233
EK202310211081,130.8627574203559
EK202310164819,166.72107275445975
EK202310182415,144.94603000227906
EK202310129406,154.85804634967698
EK202310186466,138.1237385836719
EK202310116340,134.7927020596806
EK202310177218,147.35695604467412
EK202310207532,148.370632351873
EK202310222391,128.0891798813339
EK202310176449,167.3886040993691
EK202310245955,140.81009541468464
EK202310193130,127.5149784761056
EK202310158757,130.53673802263515
EK202310227627,127.87721691668186
EK202310136426,135.97135237598215
EK202310130279,159.9915593507584
EK202310140320,138.2521202988177
EK202310208976,129.8486527060806
EK202310140233,173.11879942757926
EK202310111236,155.49455263101254
EK202310106947,158.1667260184215
EK202310225392,135.9888195449846
EK202310156828,145.0366901142995
EK202310169518,126.28589505686813
EK202310112332,147.68612722648362
EK202310157079,175.20299183090088
EK202310113908,138.2160994584056
EK202310228518,126.48542877088649
EK202310162931,145.59173615667862
EK202310209191,124.64173551255179
EK202310170787,145.8020269106192
EK202310123235,128.73658825673556
EK202310155678,125.49819184330839
EK202310164712,133.8497024105107
EK202310124306,134.37808116152823
EK202310209118,159.18754021863896
EK202310198258,132.6564518118393
EK202310234831,141.08711453680758
EK202310226914,160.68130362571634
EK202310202181,134.76517821615235
EK202310181074,131.96657534576795
EK202310231524,122.10023228174508
EK202310159999,179.01975680291613
EK202310214159,160.76539507132128
EK202310104655,136.79439814981612
EK202310191665,144.64166528756923
EK202310226912,141.65740479958728
EK202310229568,138.80993284080085
EK202320006366,143.63985320389176
EK202310158803,140.14240821957898
EK202310218310,130.5203059310396
EK202310204232,133.91786370747894
EK202310186641,140.45740437714514
EK202310145275,152.67595088727737
EK202310215048,156.81999486300393
EK202310155714,139.22313333680398
EK202310154842,155.37067805637807
EK202310131202,143.263034663778
EK202310166844,152.21475732534927
EK202310209974,130.60004280395526
EK202310111411,144.39880812223467
EK202310208383,132.4292343227081
EK202310228239,140.71581122345316
EK202310220185,128.67434940956443
EK202310177863,128.90021260543998
EK202310191386,145.99164407801572
EK202310176540,147.07867449412376
EK202310128361,157.8524946782654
EK202310127737,138.2737803447289
EK202310205567,180.20020146151603
EK202310110038,141.90045357867632
EK202310135018,168.0782269105356
EK202310152829,172.05209848520656
EK202310106061,132.62538189644732
EK202310234328,172.81910546651852
EK202310179105,166.66139447446417
EK202310106635,139.54417339023263
EK202310133437,120.1637077888824
EK202310163497,154.4169040009124
EK202310170389,130.65980095418155
EK202310176900,153.62916360406186
EK202310218778,148.0232105118105
EK202310188856,151.4043801089591
EK202310195987,162.7122613059028
EK202310139386,148.3892808797099
EK202310220080,147.82789312130916
EK202310132718,162.11954285026073
EK202310184630,182.96679811490304
EK202310175811,128.74192892030536
EK202310109074,144.10139470338564
EK202310237543,136.25565613292648
EK202310229949,137.07318133070154
EK202310174243,127.99126677439853
EK202310185313,152.94639577301024
EK202310150933,156.65384841916907
EK202310114721,138.51816155697628
EK202310168635,145.80594640898858
EK202310188341,154.8206305456265
EK202310213705,146.93891046185428
EK202310239073,134.57806398312175
EK202310163500,142.7879594840693
EK202310208351,132.93942431499482
EK202310106450,147.1351149922155
EK202310115408,129.8330626746441
EK202310223788,135.74288252846614
EK202310243905,133.48604412995076
EK202310173232,140.79589557887456
EK202310147240,143.2374548550069
EK202310170514,139.34329733643554
EK202310150951,121.11475417720186
EK202310116493,147.15581991533176
EK202310195983,147.6276604663551
EK202310152131,121.24740063648062
EK202310104754,154.78114668545004
EK202310205406,135.1035210993733
EK202310160153,157.59079818005029
EK202310221221,121.9115248787601
EK202310160257,163.50319017947245
EK202310137708,136.25606629738473
EK202310115489,136.41256712004306
EK202310137151,133.55940174523
EK202310227780,129.65442199974484
EK202310214472,137.47574282119814
EK202310133088,163.26167314898666
EK202310239663,149.88550923083187
EK202310215474,146.9464182978459
EK202310183236,124.95883466313467
EK202310214837,141.75733273639386
EK202310187923,128.6661429410568
EK202310197935,164.05647675816098
EK202310140273,146.8464081120589
EK202310117788,123.28913673862613
EK202310170592,145.07527656952806
EK202310156315,139.09214439531002
EK202310166296,140.80392094355798
EK202310156678,137.19372662620907
EK202310197364,158.2280219176033
EK202310004739,143.63370025691688
EK202310133626,134.81011100757635
EK202310199623,138.79638907870347
EK202310159296,156.83906483738858
EK202310192767,153.26148534022803
EK202310148778,141.04304349224157
EK202310156041,141.39433823016276
EK202310186950,145.537256093668
EK202310236558,132.3009292665206
EK202310213585,139.50582152029872
EK202310184418,135.66776646915997
EK202310140115,142.90212809429207
EK202310163224,131.4781558691271
EK202310228835,115.87774723618577
EK202310162030,145.36948901374902
EK202310168987,144.4794431765384
EK202310221729,130.7646133286513
EK202310181909,116.98810401091671
EK202310149566,165.68563701547657
EK202310149852,137.9013321788701
EK202310246189,138.0041078128358
EK202310173822,155.05407892481472
EK202320006684,155.49398394937634
EK202310151342,155.1212027346073
EK202310004964,147.5240376267962
EK202310167966,147.43513837042985
EK202310184397,127.37204710876523
EK202310200638,135.96510290136283
EK202310181195,144.22692994500423
EK202310149384,150.45096188912106
EK202310192111,154.82438576112548
EK202310119248,155.10591308355686
EK202310150757,138.87852606902499
EK202310105899,118.94007853354515
EK202310109147,123.21720164236902
EK202310003890,141.49662742896973
EK202310136861,148.62548624304134
EK202310209403,147.01431223213925
EK202310143496,124.36648580305862
EK202310171668,142.949281488954
EK202310168536,142.3883295470522
EK202310216195,159.09011063218597
EK202310117347,149.6413957248208
EK202310208923,133.00825472272186
EK202310239643,155.39129568314047
EK202310206445,131.67761542974398
EK202310104049,123.10184270437384
EK202310228180,139.10861826261328
EK202310116347,130.54929058996493
EK202310205059,136.83080997225892
EK202310248120,111.04944418350155
EK202310171398,155.1298745162858
EK202310161887,133.34366814209938
EK202310208795,154.71585690487828
EK202310211198,137.77561929066155
EK202310175547,151.37504184698665
EK202310168520,152.04085778016534
EK202310212595,138.4734998566228
EK202310116251,139.20051444028508
EK202320007851,154.80540649643535
EK202310106764,114.21401071840708
EK202310187318,122.24756315030038
EK202310158705,143.29651888820072
EK202310185110,144.8047795224411
EK202310170152,137.37205589386005
EK202310195607,147.5444066526388
EK202310111449,124.46648686663924
EK202310153841,156.83685431898388
EK202310167617,155.43141429469208
EK202310114265,136.70444383987868
EK202310133143,142.96991706767392
EK202310158293,132.59904115039825
EK202310181702,145.70615466313026
EK202310212416,139.3892939665419
EK202310231600,129.9209249074967
EK202310230507,132.0041962663234
EK202310223031,124.86990791585333
EK202310180391,126.92257031799993
EK202310177543,156.39187933497485
EK202310218831,147.44919489893329
EK202310223265,151.7089844305485
EK202310109405,142.8572182824048
EK202310138084,130.5732200106456
EK202310144834,136.38040944756975
EK202310119130,150.63259201214777
EK202310241445,146.0088519896109
EK202310187813,130.31466676640662
EK202310233825,163.81349933706883
EK202310163582,144.58285639802483
EK202310152391,126.71302519416903
EK202310236241,152.96358282026173
EK202310179557,135.52898102072933
EK202310004239,153.5428628784547
EK202310218905,136.43077497029157
EK202310132305,133.7041435476623
EK202310230005,141.66321994912585
EK202310210560,146.94798864830514
EK202310216882,150.17855652635467
EK202310176911,135.61277679331258
EK202310136229,130.12715592692754
EK202310106054,142.29889714274174
EK202310195370,145.89248826313872
EK202310173198,137.9585357103262
EK202310173224,140.24320872710737
EK202310192049,154.18762889412068
EK202310119480,141.84703339773193
EK202310173031,132.16249848508232
EK202310141972,163.5257878638472
EK202310146369,128.96465038113968
EK202310242801,125.82359851909331
EK202310206809,139.00628048546636
EK202310185734,126.5972507679021
EK202310139207,166.33196847828503
EK202310210887,138.5365820370075
EK202310105956,147.32194328636496
EK202310163503,155.763279727118
EK202310123765,131.07469044885002
EK202310232619,145.82552004231152
EK202310205867,144.27617674677415
EK202310158665,149.36797921225488
EK202310236631,138.60240545776182
EK202310190792,147.41856465623087
EK202310210386,135.72318907426836
EK202310200450,145.4513806671338
EK202310174140,145.50194038647507
EK202310138770,129.1679064175916
EK202310237110,139.73474707465584
EK202310164459,143.18408322983163
EK202310132579,125.88540379219344
EK202310196378,132.32458805212067
EK202310193320,159.96898557980933
EK202310232595,173.32447860649518
EK202310130509,147.6244710759944
EK202310109357,156.21499796402222
EK202310231395,148.33918494621966
EK202310193035,172.02448292940431
EK202310213027,137.3317964734511
EK202310138622,135.3089445555724
EK202310193234,162.90706204032222
EK202310185497,120.26597770743132
EK202310228201,137.39025155695163
EK202310230916,150.3113108925342
EK202310219136,143.35303767373836
EK202310229694,141.1364839919754
EK202310242998,143.4585092149271
EK202310118461,154.6376304662663
EK202310147273,135.26108652664146
EK202310112383,146.4761326324553
EK202310161078,168.2542674443758
EK202310164392,179.71278993856941
EK202310111127,133.54506598901375
EK202310169688,117.33458060338572
EK202310111033,147.4683079367292
EK202310118526,137.23066106834517
EK202310190143,164.83841094516578
EK202310232739,133.15723658969765
EK202310199403,147.78219959255793
EK202310168879,168.73026049925096
EK202310140593,134.48870177420397
EK202310003734,153.2974724286078
EK202310234646,122.20966136219955
EK202310133170,150.14888812676836
EK202310181389,141.65910915008638
EK202310173177,146.27029401287498
EK202310164882,144.1948650416202
EK202310191760,145.90013460453582
EK202310234933,151.9159791202419
EK202310164012,142.85049557321088
EK202310207434,150.09683820883453
EK202310198243,131.8419629076371
EK202310162062,153.68799927617357
EK202310124086,140.7557582193646
EK202310159310,137.7684365074183
EK202310241058,126.75675149819173
EK202310179083,144.84975002774067
EK202310175051,132.39740733060106
EK202310149452,159.28173619831182
EK202310230416,134.99154217916416
EK202310187500,157.89266961425633
EK202310183313,141.04472769803047
EK202310237296,144.31661042744108
EK202310214789,139.60613360080015
EK202310180222,144.26482719918937
EK202310122939,158.15062328575723
EK202310181965,138.674279582571
EK202310228380,148.3327180955555
EK202310159058,106.74669602627104
EK202310188976,148.74464230879775
EK202310172452,154.70407238889567
EK202310215052,134.70750000916044
EK202310247517,159.4332417332178
EK202310156349,144.36058538241275
EK202310242723,142.76691803385737
EK202310107972,135.3330272446708
EK202310153284,131.30697295624597
EK202310142419,146.8945129757718
EK202310202260,134.43934935369944
EK202310169840,161.31190037256684
EK202310229959,142.20716087368402
EK202310112101,149.72019787712009
EK202310170405,135.16487322633273
EK202310187604,140.73580987800966
EK202310226938,140.13149556332525
EK202310170407,129.02039576980616
EK202310188787,148.19516383252622
EK202310157751,140.39415584030164
EK202310110049,150.87360147867508
EK202310171605,140.42184370774896
EK202310225647,148.62913558292462
EK202310160034,150.19492945704465
EK202310104086,142.3249117395007
EK202310133846,127.73060147386926
EK202310149687,151.3001146138815
EK202310237643,151.57233977798006
EK202310240693,148.000481563037
EK202310209107,166.18427250080225
EK202310152954,140.251327866183
EK202310107042,135.68441515395574
EK202310147766,135.44038812295958
EK202310157864,133.0232123281403
EK202310132609,144.48318028660086
EK202310198224,156.61517132273966
EK202310181372,153.37272573796002
EK202310107536,157.1361964660483
EK202310107339,121.37899397535212
EK202310231880,150.985748341216
EK202310121562,133.54254232779883
EK202310219911,139.7927568782179
EK202310111456,139.59898789874774
EK202310230174,126.14721220707523
EK202310123273,155.85997120802153
EK202310130394,142.13028312384162
EK202310125858,138.26890975248062
EK202310148270,145.66501999429164
EK202310158632,145.18815134082342
EK202310131026,119.90605314096814
EK202310204177,148.4651620232448
EK202310116255,151.37696074966232
EK202310149497,151.31057394085627
EK202310105304,159.40876600501926
EK202310188432,137.13786180968307
EK202310153241,151.89274502179785
EK202310143739,153.2063939427729
EK202310157045,157.15069547432725
EK202310221281,134.02099284503407
EK202310183812,161.04059316394486
EK202310237731,140.61572389935418
EK202310157369,153.67423030760446
EK202310162985,153.3474812738501
EK202310120645,159.75570500325813
EK202310222168,125.52334689354694
EK202310185855,141.61742415957846
EK202310208538,149.10912688742906
EK202310176660,139.9661672444579
EK202310004357,147.67210538406442
EK202310131180,146.65290604006609
EK202310239429,162.9799756065686
EK202310143219,129.8271501101203
EK202310117261,138.47948349594208
EK202310185385,168.46331792089933
EK202320006967,142.6322397234943
EK202310133649,134.74521446781318
EK202310124686,141.25184081131863
EK202310158040,143.97337284862624
EK202310196688,141.72571114372298
EK202310191616,140.09069517329024
EK202310115678,125.53488896072874
EK202310147246,149.9645629749982
EK202310143506,142.4547822871639
EK202310151678,117.36192153303631
EK202310154413,159.92858794571285
EK202310140205,139.6541564810724
EK202310220100,149.06388730601796
EK202310125163,138.02125851270515
EK202310220961,143.8509927843947
EK202310230382,126.41450043390016
EK202310235095,139.5721063149339
EK202310161057,167.46491649625182
EK202310118114,125.78011730251403
EK202310170808,137.14653423750164
EK202310134456,143.73504532411062
EK202310200301,138.96289293365527
EK202310159200,166.5772731326199
EK202310238472,139.62514314294782
EK202310128987,137.54291084321207
EK202310108858,136.60826717972137
EK202310226102,143.54672756385418
EK202310113124,118.27245769739643
EK202310225235,143.4672415099978
EK202310179343,118.52981301381325
EK202310178389,149.1859759593451
EK202310119599,132.0195128281978
EK202310244023,130.92360119824258
EK202310156102,143.54589978320305
EK202310130216,161.52758791816345
EK202310234897,129.59249318584853
EK202310187102,128.25505773704472
EK202310239290,135.65077567328083
EK202310136586,136.36087160630314
EK202310108466,129.9404941202417
EK202310230613,136.9664378244383
EK202310152593,147.5152448405874
EK202310196010,158.41652435029107
EK202310226253,141.81930076807882
EK202310203216,165.91415467860128
EK202310166883,151.45919862059165
EK202310129487,140.02815545260754
EK202310105043,142.33900195106935
EK202310138902,136.8612819899245
EK202310202724,136.43471695337178
EK202310201811,152.53614061331876
EK202310175242,137.21685057561217
EK202310114269,119.7288305141126
EK202310231260,137.61610054685082
EK202310104135,154.48909042118098
EK202310157818,135.35032803443076
EK202310182339,144.85857701400724
EK202310147937,149.1255513716633
EK202310200292,138.78813341457732
EK202310230177,126.10114518597874
EK202310162469,137.9242648224604
EK202310204330,141.17556057233998
EK202310139204,129.41429213975672
EK202310130100,123.24340105158875
EK202310155710,149.0251896098511
EK202310233995,150.12653382995572
EK202310184497,146.38528840362386
EK202310164378,140.61782595508504
EK202310219862,135.9368860681001
EK202310125493,138.97492291087465
EK202310154947,137.21269824980678
EK202310177743,132.6608005203679
EK202310183365,119.12797007822812
EK202310195017,146.0343026740003
EK202310111369,146.31062331921714
EK202310225082,164.229041741403
EK202310155429,136.81799861959112
EK202310226852,135.8995397913412
EK202310180504,140.18743470284278
EK202310181743,156.92669274120587
EK202310003997,150.4247696018238
EK202310205645,130.6649859666829
EK202310115820,143.7176572415969
EK202310162941,118.09772748236531
EK202310180586,129.39609809509662
EK202310220916,127.89185439918441
EK202310202555,170.89232808379944
EK202310149995,144.19092068357864
EK202310119295,150.69128990164918
EK202310187858,138.31544974410804
EK202310237992,141.59426810629435
EK202310213952,167.64939917045703
EK202310123029,125.4980514524024
EK202310147096,149.24472357460758
EK202310223097,117.34575074332498
EK202310166215,139.55435488478656
EK202310004720,151.30044060826287
EK202310163572,138.59397665113931
EK202310162607,144.8822323180902
EK202310126965,143.16297094172276
EK202310140141,138.86446277696118
EK202310177046,147.7904599252249
EK202310197851,160.1522434819512
EK202310117189,144.65007265916375
EK202310210540,142.98707831324714
EK202310177596,153.1636943599545
EK202310155696,143.1349810862122
EK202310175690,150.57263585967985
EK202310219739,148.99975167978937
EK202310003649,128.76632675321844
EK202310175576,145.79348754168097
EK202310178878,148.9407211529873
EK202310211266,136.41440434423563
EK202310141670,146.52156397422712
EK202310159615,147.71718106155407
EK202310234233,151.2130082639611
EK202310229461,143.88069668125266
EK202310205036,157.40469480142846
EK202310225181,134.71855213906025
EK202310191452,150.98867145591655
EK202310146939,138.28968212201372
EK202310182164,147.59952400375053
EK202310170225,155.83830012060903
EK202310194220,146.59127511518193
EK202310197061,153.18062100935057
EK202310173373,131.50178683328807
EK202310209119,160.87134505684745
EK202320006628,167.20296079046005
EK202310136886,117.3114615935925
EK202310159668,120.24113365977388
EK202310204891,158.8149835256619
EK202310246209,152.14761805293853
EK202310198151,160.1991796722842
EK202310111528,136.56935865090787
EK202310181657,140.00614231177053
EK202310110692,127.25498440841632
EK202310187777,155.61233935491413
EK202310180038,137.4170068232374
EK202310107931,143.4738845638075
EK202310186808,141.0869272345057
EK202310229289,142.62712786621546
EK202310223469,140.0561726640435
EK202310124329,120.01752415551155
EK202310181534,148.1311975210508
EK202310132729,138.9239285838493
EK202310121382,143.26154759214404
EK202320006815,160.71138121461516
EK202310199820,150.0711803196565
EK202310148775,145.26909392343018
EK202310160487,132.9057659140993
EK202310225148,167.69344028052495
EK202310144291,145.94955442118703
EK202310177549,139.5324160544132
EK202310195485,146.92856306541404
EK202310183864,150.65940871600012
EK202310120532,120.90790299960837
EK202310170076,124.47592141773978
EK202310195740,154.2350006144934
EK202310179595,136.49846393282112
EK202320007837,141.57469136473208
EK202310184046,143.87614020124624
EK202310171869,142.67201550491737
EK202310223256,138.14529576193476
EK202310233904,151.45127117199277
EK202310247327,173.5887935009303
EK202310127761,140.6493845412026
EK202310131174,148.29007166902596
EK202310112799,133.87075147594746
EK202310121242,145.85571460161714
EK202310220124,136.80343554487916
EK202310118386,146.919311308354
EK202310111074,151.97607229222493
EK202310182197,156.93213692809985
EK202310138009,127.14655562804232
EK202310205273,162.83133927892493
EK202310118039,149.919373350138
EK202310126134,147.00382918015254
EK202310130337,127.26671212044542
EK202310106788,130.2500076652265
EK202310167682,156.06365863982492
EK202310146264,144.69309681226238
EK202310138461,129.97196376450466
EK202310218689,111.06857001968683
EK202310176319,153.83996396676972
EK202310118958,146.09320796490974
EK202310167604,144.22902511418488
EK202310205793,130.41528169085475
EK202310104740,135.48727168535493
EK202310166561,133.26115227299317
EK202310110675,120.59244035452238
EK202310201775,151.61138635839148
EK202310188302,162.97644886826882
EK202310167994,148.10255146619662
EK202310135487,159.0436854543209
EK202310168143,172.79222238438567
EK202310204808,138.4296773963777
EK202310151944,171.58908572710249
EK202310224341,141.1158587885495
EK202310111538,154.57227895604365
EK202310122316,139.02461713461415
EK202310178272,157.01295919944232
EK202310174655,147.7262514909041
EK202320006786,157.43282430420984
EK202310170761,158.4787441371334
EK202310117836,122.22349314228795
EK202310197808,159.9009199692678
EK202310236038,173.76633904558892
EK202310147177,143.22388397124476
EK202310226210,140.3110453985511
EK202310128001,146.08281801344793
EK202310150524,173.63422407059642
EK202310128526,153.21561579204354
EK202310126204,138.01593779538098
EK202310117271,135.74060056978863
EK202310176809,132.11190511545385
EK202310169896,158.21683892905077
EK202310241503,139.17652778129013
EK202310159411,147.8513990003312
EK202310168543,155.4980572098167
EK202310196558,139.0401149717996
EK202310163150,152.05483919320343
EK202310235581,137.03502983249348
EK202310233161,132.84446298684924
EK202310190473,145.14893148897974
EK202310196173,134.29241056382156
EK202310208613,133.3453263477505
EK202310177724,139.85420329717155
EK202310175056,143.01486398782478
EK202310111228,170.2867230773263
EK202310234828,131.74539183122536
EK202310121915,144.76910278065736
EK202310220373,152.3274131780122
EK202310145989,151.97335742112065
EK202310246664,159.37494788931338
EK202310239676,141.17744108137876
EK202310223963,136.02714140762137
EK202310210083,156.52494732670985
EK202310165601,130.15518237456266
EK202310211271,148.45107037641756
EK202310179038,138.8125851437998
EK202310112961,152.08511710876041
EK202310141004,131.75093179318247
EK202310150784,165.02843292130055
EK202310174865,157.07241721221078
EK202310123688,130.36138494079603
EK202310190962,149.94966433042205
EK202310192255,146.75935592545082
EK202310192265,145.13508067881426
EK202310193019,146.113351939047
EK202310114602,151.67075273744132
EK202310110286,135.95342002302493
EK202310163569,143.1225616017978
EK202310174927,155.23473860962727
EK202310204027,153.30748952718764
EK202310197637,132.90495898479412
EK202310190376,135.33417347827287
EK202310146945,135.34229593382568
EK202310149841,130.14233884616274
EK202310170965,161.0771743629041
EK202310107183,160.9192672616104
EK202310163517,153.1898183939079
EK202310203286,150.48038704624807
EK202310146022,126.24337091876754
EK202310111432,125.48214034578936
EK202310202147,150.75018976963264
EK202310139521,158.15927440592594
EK202310214439,152.54180065869755
EK202310178903,150.53736779701637
EK202310123729,133.67555611493532
EK202310199058,152.57151890659244
EK202310136770,131.09109979726358
EK202310226727,148.55325819867062
EK202310223073,119.17514604339374
EK202310200813,145.56550152421156
EK202310123891,148.02269472555244
EK202310122410,154.21793104389505
EK202310213591,136.533007746601
EK202310247671,172.7570683518865
EK202310168753,130.1144094206324
EK202310227492,143.2571122915077
EK202310121230,121.7769127519243
EK202310162300,161.21354003300047
EK202310138673,139.77473875261796
EK202310177419,137.90527218341384
EK202310221047,129.2938647046814
EK202310199069,142.5255345339891
EK202310124433,164.1988637286897
EK202310152193,163.809186970089
EK202310221750,142.00190438885477
EK202310111508,139.22491248390975
EK202310225858,125.02523893795365
EK202310244419,156.26814031676878
EK202310139413,152.79637427815186
EK202310156930,140.02736010690404
EK202310160323,155.98909953573673
EK202310140167,138.7835040987819
EK202310106834,132.80966754317754
EK202310116024,128.0074423746575
EK202310221867,130.1047523060004
EK202310158833,159.17602697017733
EK202310123702,145.83596040210713
EK202310192686,132.1167308632416
EK202310210956,146.41365988334485
EK202310142282,144.21378983509487
EK202310138282,166.56570619123977
EK202310224531,140.51334604259011
EK202310165971,126.27501864466512
EK202310161662,156.06952953916303
EK202310109830,136.3608118419189
EK202310149086,155.78797718041196
EK202310128457,148.08969679975488
EK202310146894,144.05815945828067
EK202310153536,135.25642232230035
EK202310137317,122.14325803336439
EK202310109096,132.17242091613375
EK202310188535,146.0389829278731
EK202310193279,123.36962886469155
EK202310229951,149.64002896912027
EK202310110507,132.63807750852772
EK202310158912,115.38933941888428
EK202310121939,151.94233524495604
EK202310133006,157.3337539559919
EK202310123534,132.38953137049052
EK202310116590,135.65464293515987
EK202310225727,130.67429728061177
EK202310121585,123.38293294330484
EK202310204778,136.66502047230466
EK202310185473,162.16518339750505
EK202310210130,154.0601560469213
EK202310148836,137.0790415710423
EK202310119653,155.9566843583281
EK202310198898,134.40890679273264
EK202310248089,147.95546549075698
EK202310139296,153.35784635199815
EK202310179982,156.54618303088435
EK202310237915,136.53151013188977
EK202310158701,134.52185629754413
EK202310200383,142.18164341200008
EK202310123263,155.01555322920728
EK202310120640,146.0818773300053
EK202310164686,154.82525874556543
EK202310172560,140.7527441264543
EK202310112120,148.06118988640344
EK202310111450,131.13285420875079
EK202310127176,172.22775477040116
EK202310155228,143.10431071131742
EK202310122785,169.63767570763096
EK202310129726,148.53255363494418
EK202310202138,153.99483136423612
EK202310174059,128.59767483530845
EK202310241322,158.30275391061477
EK202310240201,142.9892950106403
EK202310152861,170.1807579511243
EK202310190128,157.05751902898646
EK202310142222,153.62319787778893
EK202310239282,137.40724474080986
EK202310123815,129.74787246829067
EK202310135342,148.4202711312943
EK202310165056,144.4458345405061
EK202310197918,145.22224305888102
EK202310152287,154.2034511399651
EK202310118776,142.3219138211795
EK202310204594,140.53683115149593
EK202310207755,134.29478589029318
EK202310202942,134.5445861634901
EK202310115468,133.41458192236826
EK202310196078,145.74225395558975
EK202310208592,154.8394839510863
EK202310138579,132.06044415662905
EK202310221870,136.62421914071956
EK202310104365,140.50393706178775
EK202310240461,136.8336101278465
EK202310189760,140.65615492569597
EK202310190187,151.42104919979312
EK202310221590,174.20121375426285
EK202310195095,122.63231922618216
EK202310209962,124.89854459251909
EK202310236666,125.90812084694184
EK202310163532,155.40615369114718
EK202310200231,129.3194719968605
EK202310166801,134.10220256941457
EK202310137829,121.126595964783
EK202310178645,145.0206169379723
EK202310132257,123.88285654022143
EK202310116109,138.36649517211447
EK202310170340,132.68064634076381
EK202320005685,137.523192230259
EK202310110254,137.06207406949736
EK202310142286,139.7597246149694
EK202310113972,141.36480806859646
EK202310173627,167.0333232652593
EK202310161526,155.84953715824537
EK202310199255,135.87179048412253
EK202310127635,137.1283059447284
EK202310230652,151.73864174097517
EK202310162047,152.03615618667027
EK202310187427,159.0400824151638
EK202310183777,150.12411038143125
EK202310209587,144.60185645087736
EK202310206498,137.5150948212284
EK202310212354,130.7913754538126
EK202310124840,136.52620198723125
EK202310120474,150.9858227364332
EK202310145470,131.5237378134921
EK202310193235,140.07821298289238
EK202310173946,140.1822222703752
EK202310139407,139.23014589083743
EK202310172298,133.25633433777503
EK202310172477,166.86302957328803
EK202310136836,128.45248407632758
EK202310153000,146.3287382592909
EK202310227011,142.44414814106693
EK202310116524,128.24630184621589
EK202310182080,145.52723118215016
EK202310172447,151.93287900948937
EK202310202778,136.43663479666057
EK202310173634,132.98663499326196
EK202310233498,158.90246577725898
EK202310147033,145.66346336506322
EK202310229276,129.12139237751055
EK202310149539,152.53626795393342
EK202310169898,164.16016581768847
EK202310140444,145.81765473922388
EK202310148794,141.16661792642844
EK202310168225,140.8576127730019
EK202310122509,140.1575704001619
EK202310200433,134.85677353873774
EK202310147275,142.16668742571585
EK202310173524,138.4222501466986
EK202310172383,153.39541849746976
EK202310162443,147.27488370575006
EK202310136680,160.11395151720666
EK202310145392,112.26002964968855
EK202310128822,155.03833043359901
EK202310178947,119.86784994538925
EK202310161017,142.12188391084362
EK202310117154,148.2504437518434
EK202310191847,137.80956473982764
EK202310235861,147.2489444021824
EK202310144219,135.9890356919468
EK202310163279,151.87578233001307
EK202310123158,124.97731496891626
EK202310130523,158.61140912564716
EK202310149646,146.9383501103944
EK202310135587,141.8706351636487
EK202310206712,170.99639681701086
EK202310114144,157.43029144606822
EK202310143984,130.05067854116209
EK202310247715,137.7532263229105
EK202310166729,144.17443876063447
EK202310166588,163.33635050479455
EK202310104103,147.5688792081021
EK202310180245,154.48150757279763
EK202310147372,154.6987676306344
EK202310153045,129.27057218741652
EK202310218342,125.05197346162898
EK202310178452,138.0170395672187
EK202310215610,141.50643608985538
EK202310125820,139.57581311080273
EK202310145000,126.09628237024643
EK202310123565,141.96352734940135
EK202310119232,141.1728451741928
EK202310121655,130.07231202043556
EK202310220009,145.4331923685622
EK202310108478,157.5332777250486
EK202320006810,162.2462638031822
EK202310164302,116.09573420389523
EK202310127527,128.30497674743705
EK202310158421,138.30759891104822
EK202310130473,119.77695064736434
EK202310191209,138.9409933508592
EK202310151031,134.87139799142403
EK202310242418,121.34537768579044
EK202310117038,148.12695849846233
EK202310169468,168.36373679501781
EK202310155518,132.31460791212405
EK202310160439,147.865848546755
EK202310137675,148.82347293435768
EK202310129243,143.9586436220754
EK202310161476,164.40151182800668
EK202310117393,141.65200019938152
EK202310183468,131.0295886046822
EK202310136137,143.29252285697584
EK202310186954,162.32305638422056
EK202310149506,156.0152628725054
EK202310138751,162.48673669525985
EK202310210563,147.12807761646226
EK202310153823,148.00131792394953
EK202310109991,141.20046115802728
EK202310163957,147.8894171673808
EK202310213655,140.68724446759927
EK202310200962,168.83162566953038
EK202310161409,190.071444455708
EK202310153656,152.18004269283094
EK202310135461,120.64645233225318
EK202310192428,144.94190212678873
EK202310125512,145.25046991719643
EK202310217273,153.78961655922862
EK202310154096,161.98638428548725
EK202310230788,120.08239281911409
EK202310178884,127.02496122487936
EK202310172461,157.68594534570497
EK202320007592,131.84390751089882
EK202310199895,132.17950014428737
EK202310239443,140.49677425034216
EK202310123294,134.7107973958123
EK202310177951,141.38147042525856
EK202310203901,169.07183644871083
EK202310133270,142.56418184758277
EK202310150003,152.42896739321142
EK202310173535,153.05717754446835
EK202310177996,142.95753431482123
EK202310177998,136.06487796633652
EK202310105111,137.93251954684007
EK202310132782,148.236485994567
EK202310147465,148.81647541298693
EK202310189373,141.82657254565984
EK202310212915,149.41049480876308
EK202310192950,138.68388647103208
EK202310116860,143.45863469933255
EK202310219235,134.84954956620027
EK202310159602,155.55792320157445
EK202310004247,133.24066292244336
EK202310108971,142.62768839731405
EK202310188852,150.52699159659355
EK202310139403,149.9542672338952
EK202310234630,146.03685647307725
EK202310003419,132.69067482933076
EK202310240718,140.7740863531516
EK202310139149,158.63080559893552
EK202310191432,147.31927417177312
EK202310150654,179.28865762162206
EK202310106818,130.45567792485693
EK202310238168,130.93330912429275
EK202310164496,145.083899863948
EK202310187495,156.46744827585366
EK202310103974,141.25585684759687
EK202310109251,167.60932526418387
EK202310120857,123.21419893650841
EK202310170330,148.39315667174387
EK202310173297,146.7364032595233
EK202310140255,134.65778403885352
EK202310139229,134.24995003920046
EK202310174339,153.16460888555034
EK202310241642,146.0630218635559
EK202310124888,143.81761236796606
EK202310182131,137.82272696896635
EK202310204239,138.63201527662724
EK202310168111,180.11443532751557
EK202310121789,138.66615608257004
EK202310140719,115.98947341457932
EK202310192995,137.07545530813366
EK202310117846,123.89136567666927
EK202310116879,129.54075131449417
EK202310146348,129.77185302977745
EK202310161368,165.5706564794644
EK202310176187,170.60400228351102
EK202310003798,127.98965254052654
EK202310147169,147.50188277542176
EK202310130622,133.6752046752788
EK202310246544,180.18725828331708
EK202310153051,148.76241145281983
EK202310185995,151.5841850991588
EK202310110814,154.6336400404593
EK202310151121,139.22815242417116
EK202310219095,126.51593026704911
EK202310110404,108.39285296873284
EK202310144409,133.85315434229358
EK202310187391,128.29013470371333
EK202310149764,148.8707376199984
EK202310201310,160.59193564128412
EK202310236862,134.3471389440911
EK202310137394,138.7371120112298
EK202310141967,145.80271195361453
EK202310116050,117.57813727239449
EK202310207103,142.51560650965007
EK202310004907,146.3157119387837
EK202310151090,136.99790501645302
EK202310172058,149.8604944247523
EK202310115937,133.5309084108851
EK202310200500,132.42133925511155
EK202310197265,130.87928031149903
EK202310156808,151.3723097374612
EK202310210778,152.51439122168279
EK202310178848,126.41678231198735
EK202310189222,146.27503749958873
EK202310245286,139.06828533512075
EK202310201625,139.57492352747158
EK202310245649,140.16315760753602
EK202310149643,137.614314876767
EK202310136510,156.14743226981923
EK202310122753,135.13749047706327
EK202310246817,145.94283049318543
EK202310210226,140.32467317666072
EK202310172695,141.15010944915528
EK202310170665,171.26725253987541
EK202310142911,141.087043919892
EK202310169874,151.21104129850355
EK202310198233,150.44117917403727
EK202310207245,138.90776216455632
EK202310123010,139.57093406280947
EK202310237178,139.0478225015612
EK202310199794,144.88236159018987
EK202310150744,138.6423803078954
EK202310230791,140.69873341408768
EK202310219009,139.12016738498852
EK202310156827,150.46213155032655
EK202310128134,140.2141639528024
EK202310106985,144.59755455431056
EK202310169339,182.5361052969804
EK202310235910,146.58910702725606
EK202310234586,137.283740234767
EK202310225660,124.62073139670481
EK202310004833,146.3504035448196
EK202310197506,154.43861412483915
EK202310165175,152.27518877368448
EK202310133623,149.89059663251433
EK202310188944,134.29206936377403
EK202310195388,151.31277491368218
EK202310136775,156.2033833001311
EK202310123115,127.06670828836337
EK202310236860,136.514406374361
EK202310144494,130.3658906277044
EK202310229026,144.81844223748095
EK202310135882,137.4725987260862
EK202310212362,143.69196253651623
EK202310159458,142.19736480897382
EK202310208432,152.25940965467402
EK202310157240,131.06520014534559
EK202310209343,144.77082811956788
EK202310214206,151.49818611507538
EK202310178372,152.63527039748055
EK202310243735,133.93777660514058
EK202310148264,131.87401690950193
EK202310137796,139.4671587383944
EK202310124924,155.21242647754778
EK202310236432,142.07901680362096
EK202310175676,137.61764242829616
EK202310235955,149.05715973639076
EK202310198947,148.32641921890828
EK202310134055,140.6744965142595
EK202310174001,151.2719149840493
EK202310115167,144.8669954438181
EK202310127593,146.39448162051343
EK202310158302,144.09467491783363
EK202310212755,145.04326062898463
EK202310240947,126.63450816084065
EK202310149996,110.11571642263092
EK202310150238,119.56007327592934
EK202310235315,149.9681582330009
EK202310112303,148.36363904004287
EK202310162832,168.4496981207442
EK202310168734,151.1174961289586
EK202310144612,115.21340484953598
EK202310141463,152.91888026642218
EK202310186157,155.13839237988697
EK202310196629,158.5981436613091
EK202310177781,132.39020380030323
EK202310214576,159.19650570617063
EK202310213457,134.42611576824993
EK202310109319,132.1707407002525
EK202310140409,179.4751449701303
EK202310159595,123.0198674091348
EK202310221635,133.67292439913467
EK202310156425,150.8448340506826
EK202310151139,135.9547539331322
EK202310122849,138.52859202280385
EK202310149074,140.19711328479755
EK202310242259,151.541909806573
EK202310164229,158.44061400122249
EK202310193843,154.60609113998504
EK202310206163,154.5135691010964
EK202310226035,128.79881862800002
EK202310152221,153.09261434534176
EK202310105803,149.89317644686813
EK202310226363,141.5652656350723
EK202310154688,163.15125710155309
EK202310176650,125.9645306212434
EK202310145747,139.4728635607134
EK202310211584,128.4738634142822
EK202310220442,146.45636231060575
EK202310205364,128.69488105603136
EK202310247943,146.61852397696575
EK202310211494,137.26275425142072
EK202310223193,149.31059099389864
EK202310192188,162.27187874994647
EK202310182827,134.80301111056556
EK202310232562,159.4339381796388
EK202310133290,158.92212947362196
EK202310158696,144.1592275375649
EK202310217289,138.27115258828135
EK202310160255,156.2422346092723
EK202310153931,134.16551642209083
EK202310152474,129.05383680230457
EK202310202098,151.0225465408879
EK202310222372,172.1745432879295
EK202310122551,134.02301904870055
EK202310189977,157.61120061881684
EK202310235124,147.00552723887688
EK202310230811,155.98907674572993
EK202310139101,152.43804954666425
EK202310172491,137.53952177534637
EK202310217910,122.609263880084
EK202310111343,129.49084134989943
EK202310003655,145.78420376952334
EK202310143114,143.28903481475206
EK202310199189,120.06869728156437
EK202310216615,144.18416627850544
EK202310191841,144.16803445468247
EK202310125751,136.15295150423356
EK202310138803,154.70042129265084
EK202310164581,136.90693311476855
EK202310208664,156.3113052984361
EK202310110520,143.9245885763488
EK202310121702,143.098469520768
EK202310217544,126.70414454000367
EK202310230128,146.97410463575855
EK202310143116,145.67615270667312
EK202310240904,122.56751115535425
EK202310119417,148.02774396067744
EK202310140166,137.56148569706426
EK202310173685,160.3818967116313
EK202310183555,144.7757172877117
EK202310184119,143.55980961897427
EK202310107937,139.65105585211853
EK202310212966,140.69835461811456
EK202310161552,135.4802144705145
EK202310176844,125.65232005501673
EK202310106215,133.82655946525028
EK202310114075,142.15396013684725
EK202310130063,163.02265855519698
EK202310205703,143.72498127111174
EK202310197515,143.88786089858954
EK202310211815,121.14486434555818
EK202310201003,147.24900626589456
EK202310230991,117.43320348624796
EK202310117518,157.75885739089475
EK202310197246,173.73409712172355
EK202310172663,142.83593954906527
EK202310139483,163.48888663476103
EK202310129316,171.98048603564678
EK202310152009,143.10823401391227
EK202310202611,138.65828685946047
EK202310226354,147.56080258491065
EK202310117193,151.64236992757196
EK202310118713,135.70087014644045
EK202310172411,172.10032544064785
EK202310219644,137.23178828063467
EK202310213531,127.65867756038669
EK202310242803,121.18451594333456
EK202310152661,150.2715829518579
EK202310152241,135.18309036528112
EK202310229787,134.9837637840321
EK202310242437,122.04474405554492
EK202310108706,169.96757672881498
EK202310185541,152.78074322682187
EK202310164254,162.4979112895222
EK202310169434,142.47162394864648
EK202310140161,135.09369086629374
EK202310140926,158.35593794716283
EK202310144378,140.80403630841022
EK202310207675,136.475953622583
EK202310176041,99.53778846500188
EK202310179507,140.5463208212453
EK202310217262,135.8406980126764
EK202310212384,138.39934160078212
EK202310236809,141.18611332797616
EK202310210937,135.0923339720709
EK202310146509,140.94674083355844
EK202310208359,134.31554260441058
EK202310196964,171.0781430947457
EK202310121297,130.94330612104096
EK202310125054,140.8282255985548
EK202310150801,137.86132349801323
EK202310124068,139.936954415486
EK202310217152,147.1444706700037
EK202310213127,145.198887939076
EK202310138002,134.6980409670448
EK202310137999,140.37243398707977
EK202310120368,139.6880734785818
EK202310139442,142.81563103922915
EK202310130726,134.5859442100141
EK202310227013,128.66708728595506
EK202310120427,136.28034734180085
EK202310178312,138.54048022061332
EK202310174421,153.11263371628166
EK202310152720,166.58586062032717
EK202310244641,141.12694694900128
EK202310207759,137.73165116296235
EK202310150664,129.7452653635241
EK202310130175,158.17243954456438
EK202310218396,144.94225496735623
EK202310200848,147.3102068716235
EK202310169858,146.03298658384153
EK202310167529,141.57036984242637
EK202310105681,133.18340655576515
EK202310120146,137.01607682653054
EK202310119589,162.43062278214978
EK202310116721,138.79127052662022
EK202310167292,144.33235702662049
EK202310184949,146.94983072232026
EK202310114495,139.45805678560959
EK202310196817,137.64396008107968
EK202310247795,122.38305633235646
EK202310182295,151.8881811102081
EK202310104403,155.3197454394568
EK202310145319,139.35185011243624
EK202310180791,145.20308008291047
EK202320006323,151.1506614138316
EK202310240533,145.84480028946413
EK202310127909,139.27318367894674
EK202310127901,145.95398791429463
EK202310152050,138.63667693163018
EK202310129455,140.06642492478218
EK202310109106,142.3949275522924
EK202310131756,139.28464836504057
EK202310237136,137.96157576179726
EK202310120314,136.65039927099036
EK202310148251,161.599668506116
EK202310138226,136.12196712372702
EK202310109018,140.892993128478
EK202310208749,148.69617330070588
EK202310003722,142.74975415239336
EK202310231839,139.5148033354027
EK202310221232,134.19414887574123
EK202310216059,118.53890312548057
EK202310225575,143.04139568911785
EK202310106813,150.20365563641798
EK202310165461,142.53006623930509
EK202310233667,149.85301574391997
EK202310155049,137.1506751516245
EK202310114377,158.38250866575336
EK202310231905,144.2554302253976
EK202310205554,154.21095436513062
EK202310158652,123.34815207387146
EK202310178116,128.65718586210912
EK202310206509,159.59520167697943
EK202310203355,166.23860146667403
EK202310242205,152.55639193566387
EK202310133154,129.27755661854354
EK202310227076,140.3650020712852
EK202310138977,141.28309084462944
EK202310227762,134.3118364531054
EK202310176853,130.44235345413722
EK202310162306,147.15135592427018
EK202310210652,141.98038513186685
EK202310231471,133.19736701264011
EK202310198811,140.3795543331296
EK202310194755,153.3744691522091
EK202310213637,133.12366223036736
EK202310216935,159.89530899765992
EK202310148553,163.01969184338816
EK202310118079,136.32099202027925
EK202320006148,167.89874069189003
EK202310169315,137.2062927701505
EK202310215478,133.0843905876181
EK202310193163,175.4375123112055
EK202310166480,161.72246292139462
EK202310121860,128.3605153629668
EK202310229325,139.64547390779464
EK202310178140,129.365069734986
EK202310217881,149.91675143824207
EK202310172603,144.49959203187973
EK202310172232,142.15972499994953
EK202310215413,162.85031337309184
EK202310200194,145.7289415441755
EK202310212870,126.50097208761275
EK202310152587,146.2475189766788
EK202310138105,146.13299885848352
EK202310184620,152.95912055733268
EK202310120222,154.0879910985201
EK202310181510,155.7341412937466
EK202310209297,138.45434259330597
EK202310114316,141.73810389655537
EK202310122992,143.30973724964318
EK202310169594,116.30363869203906
EK202310130080,122.68954679616394
EK202310133522,145.95866613336628
EK202310248335,132.11574545395084
EK202310146609,150.14145569362296
EK202310125379,140.8155261002262
EK202310138254,155.5995947148958
EK202310148644,149.50221093169242
EK202310142229,147.3466954791029
EK202310179390,181.87816774686416
EK202310122502,139.05108521184627
EK202310132067,145.49750337279323
EK202310139033,127.74902152943434
EK202310174868,162.07816762961212
EK202310135426,140.88143805250255
EK202310159611,114.15548750507371
EK202310201750,149.43394982744277
EK202310182771,136.5895667313686
EK202310168375,135.54640461554177
EK202310238925,141.99633537787122
EK202310220283,124.72429679886969
EK202310141586,135.4056654411759
EK202310121160,137.627316529137
EK202310231913,146.394733204771
EK202310180283,131.46986143238985
EK202310131842,168.56387474622773
EK202310188406,147.70051882214474
EK202310154032,157.49244818471755
EK202310108823,161.20095386874328
EK202310120117,138.88873845636667
EK202310247965,165.35839599228908
EK202310229128,152.63429191019728
EK202310150441,137.7298071396359
EK202310211128,139.7218690122028
EK202310185601,137.49884868062642
EK202310160008,146.40217063940204
EK202310229066,143.30562142635918
EK202310180392,127.81875387681043
EK202310119754,140.87822650497478
EK202310156284,145.18712642383403
EK202310202853,168.28001466800117
EK202310122376,157.23336876247268
EK202310233034,148.37473982152238
EK202310201718,138.1399494587336
EK202310195404,144.3587824010951
EK202320006623,152.91411460663429
EK202310172346,138.7728146005565
EK202310220369,140.60112188718182
EK202310133576,140.65030409777208
EK202310203386,161.49762264055892
EK202310125524,140.83123102389044
EK202310183338,131.50986558855885
EK202310199400,165.57990649778506
EK202310232929,110.54994784674079
EK202310144777,145.19615842520972
EK202310206148,131.54549246090778
EK202310163892,128.73676293883193
EK202310226194,130.752265228626
EK202310229083,134.12221816643083
EK202310242355,137.99838050771814
EK202310153019,137.06831978690198
EK202310133725,158.06945324923277
EK202310237397,135.14226470493142
EK202310108761,140.83257880895576
EK202310202125,133.47330294184724
EK202310223149,139.76553762628185
EK202310211064,140.33745089233452
EK202310206726,174.43207939231107
EK202310239457,122.56329708134878
EK202310131359,133.98209337023377
EK202310225966,158.84255306805022
EK202310162670,143.1728281765995
EK202310112377,151.23188409461076
EK202310161138,119.43304515441704
EK202310143575,108.75287080341303
EK202310140582,120.85428286407948
EK202310106691,141.2584970774633
EK202310106388,134.0815750308542
EK202310132651,134.1504501518828
EK202310235986,161.86795316999945
EK202310116284,143.52078505701988
EK202310243775,165.33476684023398
EK202310129332,133.7802125088814
EK202310004513,122.968174933806
EK202310148366,119.37633133510695
EK202310127277,136.29641808771376
EK202310197024,133.07463401834386
EK202310132043,129.60085033943753
EK202310109603,123.81989991040307
EK202310119816,160.18803310793254
EK202310183299,146.35526365932745
EK202310157782,132.30835537203026
EK202310240073,173.68234681859653
EK202310124263,134.4136678603554
EK202310118878,134.60242591604162
EK202310159933,137.51313438728744
EK202310235851,143.68320631522752
EK202310199705,155.38154382063368
EK202310121857,146.98583778552984
EK202310135337,154.7712013234511
EK202310116218,143.66160465889985
EK202310247152,137.0620850046042
EK202310213364,169.7394947585342
EK202310117331,144.89101561590394
EK202310220060,141.28082522844116
EK202310113433,146.35158408675838
EK202310200316,140.76677331212673
EK202310204117,140.02107009999287
EK202310142962,145.49622514850566
EK202310149474,153.63891587873198
EK202310156319,155.34664975377973
EK202310111297,135.36065775207675
EK202310149401,148.1162019836756
EK202310141738,155.19129527052203
EK202310219293,133.01992493784329
EK202310228805,138.00385076870796
EK202310232975,101.71866756251464
EK202310238431,148.69340768501547
EK202310191477,151.20681894979148
EK202310107521,165.49762214429637
EK202310126862,151.63307896451047
EK202310116842,144.91861031404164
EK202310220332,149.1701381411914
EK202310191222,125.86394577766323
EK202310142584,153.56828854005457
EK202310181821,135.38879685764627
EK202310193376,137.02404130726774
EK202310220744,127.49580143667644
EK202310146397,129.05413638935545
EK202310168910,136.75096679068957
EK202310230593,143.3907607539192
EK202310228617,136.51585934274922
EK202310155826,142.8178459476591
EK202310211936,152.52814155297406
EK202310210374,148.12364349672626
EK202310143369,119.51415580891552
EK202310226681,133.1179389362881
EK202310222110,139.785344634957
EK202310237461,153.75498352462745
EK202310004906,111.96129608837953
EK202310242700,144.63652952284394
EK202310205947,132.33645513661125
EK202310178378,151.21225162606558
EK202310165711,152.89048843392413
EK202310169499,138.61792262492818
EK202310146580,131.74513668076054
EK202310213522,132.12138744813475
EK202310236119,166.68741074060586
EK202310223991,152.95625152881163
EK202310121767,147.39819515046776
EK202310188210,129.84224027669399
EK202310160523,146.2998101051353
EK202310109762,156.47449210997118
EK202310171055,150.49322086689682
EK202320006726,147.2976002701377
EK202310210705,140.57046618857098
EK202310152215,145.0424479647632
EK202310125726,145.86239571342742
EK202310172100,133.54186802839635
EK202310003880,154.21244894658125
EK202310128330,131.2842250056839
EK202310112999,149.47859602051585
EK202310201791,160.5123952742813
EK202310124897,138.87786237878592
EK202310218886,163.4237989806685
EK202310166286,149.07664277665887
EK202310214269,145.9023938942292
EK202310131160,157.10487864608425
EK202310189137,123.80821740633243
EK202310118145,144.18901035832397
EK202310182255,129.64049924839563
EK202310177007,145.97962723868608
EK202310205755,134.70780868537216
EK202310135629,122.19016660204359
EK202310232047,137.8843297037681
EK202310171967,147.30815685924088
EK202310184827,169.71851493281093
EK202310131897,156.39079918790407
EK202310152600,171.75023097415482
EK202310184315,160.72726955891753
EK202310106757,143.86302012218675
EK202310145774,143.91249513758984
EK202310134477,148.82103653223425
EK202310221434,141.27459209712245
EK202310183603,146.45099196985285
EK202310191157,128.02580155230348
EK202310182657,136.33517987221836
EK202310174889,158.03559136022648
EK202310118138,150.9293903267521
EK202310157349,141.316466005587
EK202310143539,152.0206306811607
EK202310106752,146.80032487442753
EK202310163158,143.46552582066818
EK202310132302,151.52694462850263
EK202310198764,168.45387354063084
EK202310237390,124.71079711481958
EK202320006875,166.18517011327467
EK202310144420,127.63622345380718
EK202310238324,129.7069889458677
EK202310199756,144.34261418771203
EK202310226741,134.8043199531767
EK202310207205,163.8135902805606
EK202310180418,121.68406102548107
EK202310110312,133.23900844552583
EK202310119768,144.79056181591727
EK202310225430,143.82142550587
EK202310217204,146.40930624176866
EK202320005824,144.44892205503305
EK202310199269,136.02769629224053
EK202310199501,127.26542536162049
EK202310158676,167.71954953593357
EK202310224293,142.36300619141295
EK202310232892,144.89480867385768
EK202310225252,170.25388924310485
EK202310113567,140.59771249498817
EK202310224840,135.47770789081753
EK202310109292,143.9921232024934
EK202310226200,138.89263136034668
EK202310239680,121.86889674772733
EK202310173548,152.1871414227024
EK202310235032,141.50937164746674
EK202310153501,125.0470993267385
EK202310124943,139.48310604374646
EK202310164539,125.7306240912657
EK202310230792,128.7950873909816
EK202310218099,135.67354480233206
EK202310229998,135.91604902423467
EK202310157394,150.61190618237865
EK202310226677,138.94632875690417
EK202310165785,134.78999667221788
EK202310148800,162.55630184879075
EK202310140528,173.95441305015612
EK202310110007,147.67358148310905
EK202310218212,134.515619157431
EK202310237319,142.97789678037617
EK202310113425,130.9857832056875
EK202310193343,134.00389136266526
EK202310111647,142.94178544927001
EK202310219959,137.74632037967348
EK202310171010,158.67826918427536
EK202310113418,147.0382187493625
EK202310220109,146.46917605931438
EK202310231986,135.75944683564194
EK202310163423,130.38778111099052
EK202310155174,124.83172138214272
EK202310184525,147.14778772837016
EK202310229347,151.58223355769778
EK202310142923,136.97277445400553
EK202310210269,124.43822987818609
EK202310196636,138.94789622474312
EK202310158355,131.50519600050504
EK202310150025,168.21143692383077
EK202310208520,160.22970757641923
EK202310144006,140.9255409046483
EK202310142308,151.17796899029887
EK202310205760,149.8260634526483
EK202310237299,78.11192881637339
EK202310163552,148.87594938038922
EK202310221189,135.1501432354918
EK202310129583,151.9893541476604
EK202320007854,140.4069584819174
EK202310177946,143.78868620741278
EK202310184968,154.67138495950184
EK202310146300,145.75030547887025
EK202310104019,130.8075059387092
EK202310197813,142.62068630420995
EK202310175869,137.57636388538674
EK202310179266,136.38148713791898
EK202310167362,137.28730092662448
EK202310104210,135.67751263429557
EK202310202549,161.2620658414209
EK202310191743,155.0393181325378
EK202310166413,135.17032914585937
EK202310203749,138.71008731943303
EK202310165306,145.96686878578876
EK202310216846,144.13285068473073
EK202310198888,132.42419406423417
EK202310229697,137.19041569182676
EK202310105578,151.99682565589376
EK202310214588,177.9168634426602
EK202310201136,167.50374331648317
EK202310228123,144.08061745454182
EK202310110127,135.80055801010286
EK202310247206,163.1759446639382
EK202310121901,152.35685942706007
EK202310166880,165.01055615790548
EK202310118097,136.69330207779907
EK202310142606,156.2688943332944
EK202310181131,139.99988148504679
EK202310211240,126.95924176611823
EK202310240803,153.96019887232762
EK202310188331,144.4022950241402
EK202310190398,135.2880603358485
EK202310192965,135.24329444205793
EK202310238010,147.97797367091954
EK202310184509,158.14062248776762
EK202310156014,124.78737175597709
EK202310175583,154.87357558945934
EK202310155000,142.34296010857975
EK202310243443,151.04138061595648
EK202310218044,140.42437635608283
EK202310170653,150.5450078672688
EK202310182360,154.2203315647538
EK202310170068,107.7259905941512
EK202310217301,124.1843289873018
EK202310227388,143.11093023932534
EK202310168221,150.45815185575074
EK202310182297,141.30031542890862
EK202310222399,133.66922407489332
EK202310231989,144.78499988261288
EK202310170400,129.52283795163538
EK202310192873,153.64698695901325
EK202310227069,128.85990847024914
EK202310167053,114.55094584895207
EK202310127994,147.73833349421486
EK202310158796,167.86411300075113
EK202310185789,157.66054397335589
EK202310111478,145.74202628750484
EK202310175233,158.9727825066214
EK202310129973,127.94153558976168
EK202310172495,135.67891747510166
EK202310107866,148.4703741176906
EK202310124298,129.88744268881433
EK202310225001,123.62922559086614
EK202310124145,121.88633601629556
EK202310127463,128.98443013980346
EK202310136106,176.21323617537234
EK202310105453,130.83306133284736
EK202310175015,149.81396228239964
EK202310230922,155.07243614638585
EK202310238898,174.3060826200988
EK202310208522,152.8685034619082
EK202310178681,160.8513917220716
EK202310141116,147.34893363793395
EK202310004001,157.25167425820194
EK202310191798,125.73130001724346
EK202310201918,137.0880009940504
EK202310108606,154.77308532928467
EK202310220064,128.85465773548825
EK202310120614,134.0344375683634
EK202310131340,122.96566531143122
EK202310151419,183.49644314886348
EK202310221165,141.40031948178347
EK202310192641,138.15514687325057
EK202310191435,136.60388223401435
EK202310232224,133.1447167472391
EK202310224387,126.5832052733942
EK202310145906,145.87948550122985
EK202310230764,134.22029269565726
EK202310236583,140.36619244286513
EK202310157601,116.75156522543006
EK202310166668,162.3708976053998
EK202310244790,147.3244607296956
EK202310127133,147.83139533320076
EK202310004413,175.84836284764555
EK202310238475,122.43606593109541
EK202310136559,125.3643982806556
EK202310152026,148.8675976274186
EK202310180741,134.80699234541822
EK202310221752,133.26540820796546
EK202310228294,128.27578437008356
EK202310231601,137.17813325105408
EK202310238106,141.27026278750532
EK202310175909,148.54260398464143
EK202310165153,131.97970512162524
EK202310105565,146.65701094682433
EK202310185347,150.4129078350565
EK202310184004,178.4068705740649
EK202310183138,141.98883492314891
EK202310113152,130.23779078702367
EK202310199569,162.32524541420185
EK202310151037,147.4404221635575
EK202310106219,138.47364387428098
EK202310106185,135.19106660384557
EK202310164530,145.30498437701596
EK202310166239,150.5581278499265
EK202310108760,156.82029628263948
EK202310108861,142.8447946839212
EK202310177413,172.1404667046024
EK202310211129,121.66619789343846
EK202310229184,133.4758431506712
EK202310209428,149.65433506817453
EK202310228583,143.1821632689799
EK202310120692,158.84330063084093
EK202310137642,125.78927658373586
EK202310245435,142.4684409573454
EK202310159599,125.9148258165772
EK202310148010,155.33616321617728
EK202310129728,160.84404180089496
EK202310114201,156.1639637644312
EK202310207474,171.8650810646018
EK202310158602,166.8277246775908
EK202310197691,153.5370043679635
EK202310235040,152.30651873722158
EK202310129119,147.03777987646345
EK202310142174,140.152018696751
EK202310191253,139.97618917746445
EK202310241141,154.17030477134435
EK202310144017,137.54369293578662
EK202310182852,134.19301712559073
EK202310243301,146.3929349855858
EK202310176307,149.58756249726838
EK202310209283,141.49900584164877
EK202310216003,134.89183191653837
EK202310246200,147.80911285187358
EK202310173196,120.5781839881034
EK202310122833,128.89572710223044
EK202310118540,139.94841043376178
EK202310168622,164.36211066758608
EK202310174271,137.4295953242848
EK202310201560,150.92243268723067
EK202310113325,124.20604698841447
EK202310172664,136.25688747977836
EK202310192162,162.91125008432644
EK202310134544,139.0675603532842
EK202310222337,141.62179088661358
EK202310199226,145.18386123939615
EK202310214101,160.96942245290103
EK202310188611,153.140309390288
EK202310220799,133.05743049456566
EK202310184861,138.20416205613733
EK202310106782,123.33847615186693
EK202310232084,135.3967530236536
EK202310178435,153.84091706055455
EK202310165952,147.0276249992237
EK202310141382,147.5175924576524
EK202310163439,153.89260124477673
EK202310205428,121.95505436051761
EK202310178086,147.2078231518621
EK202310004022,158.08787259178362
EK202310114303,147.32478498131556
EK202310104436,141.45133387935982
EK202310240015,161.156859053101
EK202310202741,172.7874478943954
EK202310226747,140.95554813114003
EK202310148639,146.910630680108
EK202310117683,134.8236195062136
EK202310232945,128.4364819919415
EK202310220108,162.6472913504011
EK202310172683,147.19614181219276
EK202310104609,113.13134211327063
EK202310182165,129.5509906837091
EK202310112029,128.65824196944513
EK202310157969,152.12057649652343
EK202310120703,128.17999755126232
EK202310191410,129.771818910756
EK202310156166,139.10183541486774
EK202310248074,141.928122531857
EK202310175176,124.2460014706125
EK202310194239,135.96845156619594
EK202310162582,143.76286353636536
EK202310218787,124.57706337269009
EK202310228638,115.84761333655823
EK202310139489,173.26055383946758
EK202310210571,137.1223059882501
EK202310143902,132.76984757394837
EK202310198163,157.14069929829836
EK202310166041,178.18715656813515
EK202310242789,160.0096057490257
EK202310202040,146.92448714219182
EK202310194102,152.88734124634635
EK202310210845,145.36749980205616
EK202310193409,169.87789580039993
EK202310241561,140.00495092275727
EK202310129327,135.61011676628044
EK202310145599,160.67542614133293
EK202310155246,138.564259549703
EK202310204706,130.00476612979958
EK202310218784,153.40034116246608
EK202310243990,159.35133727656904
EK202310137899,119.86270056451656
EK202310175650,128.13193334620263
EK202310234991,137.85083226624755
EK202310221501,139.46537798659963
EK202310117760,127.41756057142592
EK202310209924,130.0638134395104
EK202310158508,146.45744820331754
EK202310188607,145.18000632032783
EK202310176707,150.1647676869125
EK202310241804,166.82185425925132
EK202310130229,137.90758459166415
EK202310196748,143.403020506372
EK202310226961,136.8534198544338
EK202310126275,135.49922872179258
EK202310182346,144.6293982154938
EK202310215287,143.07624250951957
EK202310186469,197.82175419081494
EK202310147351,148.2940523504501
EK202310227063,148.74977222454518
EK202310239630,129.02466096456058
EK202310202315,142.0502329639557
EK202310151573,144.6985010178075
EK202310229182,122.99341934448559
EK202310197801,145.9873912498244
EK202310247336,179.3467203099243
EK202310183064,134.1049436723288
EK202310200957,157.83208578550529
EK202310112953,149.37122049347954
EK202310185221,146.7180013227986
EK202310176129,147.81581444087973
EK202310171777,135.034156665229
EK202310186071,142.95124638404045
EK202310206123,130.27404156251248
EK202310217431,147.36093593182363
EK202310171470,99.26503636279843
EK202310246028,140.05412113521527
EK202310145970,137.27977690098376
EK202310234938,125.33177784340354
EK202310156116,136.22018405794174
EK202310116714,140.47535899082845
EK202310212797,142.69761222365088
EK202310138938,160.48001959097232
EK202310148128,127.3455766144975
EK202310175673,130.44612050433494
EK202310238664,137.30482211880647
EK202310190836,157.84293231948027
EK202310196156,153.4006062725276
EK202310132459,140.83544267059963
EK202310159062,141.83614518569163
EK202310147832,140.74529764742945
EK202310116029,144.06610603725636
EK202310203822,146.19681215266414
EK202310223388,134.85778690611897
EK202310208656,138.1687837117808
EK202310003650,117.10731541880475
EK202310163159,152.07116969629607
EK202310188703,148.80907990854163
EK202310144864,131.75896423522852
EK202310156884,155.01737812276542
EK202310216506,141.9858363827676
EK202310220197,134.58209500562583
EK202310234667,135.32377550467498
EK202310203255,151.1978789482607
EK202310105960,135.66765192424776
EK202310115804,133.66452592418676
EK202310246112,151.98551480087917
EK202310168025,155.64635655106804
EK202310178472,146.78794141180862
EK202310181975,137.9246215897629
EK202310132905,138.3666191577523
EK202310113841,135.84778666384148
EK202320007828,162.519433932964
EK202310192867,147.89944301979955
EK202310109054,137.13926719078225
EK202310236216,155.3247434305972
EK202310170777,138.50754505911246
EK202310166144,140.03418375799492
EK202310201844,131.83723588289615
EK202310123470,131.09836593533606
EK202310224526,123.701735042143
EK202310151158,127.13670749359937
EK202310184295,155.82568800245514
EK202310124272,142.32299828775595
EK202310162944,138.1384710485069
EK202310224817,122.96826043055927
EK202310172859,156.93236656159218
EK202310137191,107.53102869296487
EK202310140281,175.8931179331475
EK202310114907,139.5621444804499
EK202310122165,143.4043083494733
EK202310215454,142.73824561546925
EK202310243142,130.17160085709776
EK202310164187,143.03076201424818
EK202310225253,138.05077529437477
EK202310174458,167.26075859311263
EK202310176969,151.63518773613035
EK202310219479,131.05346628297738
EK202310119494,147.67063182612384
EK202310123405,155.61228801536012
EK202310231534,124.88393855336724
EK202310222489,142.27741319352842
EK202310111149,159.28303851478947
EK202310184714,140.55423135886537
EK202310196844,153.79021949623979
EK202310232521,125.58714206879185
EK202310184622,193.33408614235867
EK202310118852,134.93571887732665
EK202310168516,165.48325716236855
EK202310178071,138.38824086208535
EK202310149839,139.80407058342757
EK202310184305,169.88925968079215
EK202310222961,130.5122647162687
EK202310197108,136.13973107660755
EK202310244680,123.80921107856139
EK202310164685,168.05511920094864
EK202310153568,148.93501605913536
EK202310204533,150.73417689372025
EK202310243304,143.66697899429371
EK202310122606,131.93989082733887
EK202310107843,134.17367967440273
EK202310195481,125.74892664925315
EK202310195622,123.19334939489224
EK202310185200,143.70929675054015
EK202310127597,148.5938922128781
EK202310145627,117.47655190115884
EK202310157400,137.48258130322267
EK202310226857,141.01187124725354
EK202310127964,146.80316486853457
EK202310179573,147.403320465096
EK202310212013,139.1573017589274
EK202310226545,143.57195579375022
EK202310166825,128.39176371218684
EK202310163867,176.25193632202544
EK202310196745,135.2291315239109
EK202310109208,134.4901221798595
EK202310205143,142.344350057552
EK202310136525,137.2025004821885
EK202310159137,143.04955327201594
EK202310238980,142.76571273983384
EK202310121185,140.14169597611655
EK202310142061,146.28736281955725
EK202310198507,142.91155273308922
EK202310184870,131.82004721521355
EK202310155208,143.2209260343609
EK202310124725,120.0986886896207
EK202310103880,155.07569099131024
EK202310246880,144.4722701602275
EK202310190191,133.90096181089712
EK202310241383,135.3016703721394
EK202310109761,135.66939626358348
EK202310218045,152.42641685273938
EK202310208985,139.00722251558685
EK202310126092,132.742561323464
EK202310247678,168.00722208944197
EK202310137747,144.8718711544588
EK202310201825,128.4193915104874
EK202310130845,137.30356437250276
EK202310239295,142.28331469934858
EK202310166294,145.16403916986712
EK202310211671,132.114833843621
EK202310248376,136.13437034140335
EK202310188903,140.02620727725497
EK202320006661,169.84931314927542
EK202310157204,153.4104231808094
EK202310222542,137.95508716390015
EK202310182598,144.03773484444477
EK202310128634,166.29170697380286
EK202310137926,132.50298226397973
EK202310197018,135.34763398241122
EK202310184643,188.56682895859691
EK202310217014,134.45720358570037
EK202310200280,143.0918684546317
EK202310183028,145.71988372584795
EK202310106142,116.39769279766605
EK202310103822,144.19232350613623
EK202310157052,136.39869418350958
EK202310122614,139.45921248680827
EK202310155664,140.1232308284085
EK202310165913,134.9183784299486
EK202310191203,136.05679129492228
EK202310119226,129.029410490756
EK202310234080,150.05400084937912
EK202310196735,124.93568540080118
EK202310149314,142.66516335094815
EK202310155188,129.63255938644753
EK202310114860,135.84892803053629
EK202310118865,167.0773273863959
EK202310160832,155.01158423091826
EK202320006619,157.84411400302548
EK202310127739,139.5290673061112
EK202310115501,141.666330015367
EK202310166491,176.79404474455825
EK202310197828,153.42392163582764
EK202310242137,133.61097591994653
EK202310235787,142.14204854974003
EK202310220464,145.77341398659772
EK202310112649,141.82250319183075
EK202310110214,130.81471265645098
EK202310164835,140.98735415914217
EK202310204462,121.08900565435442
EK202310187862,152.64384159794938
EK202310131273,133.76011159763803
EK202310128020,146.30418408417057
EK202310204211,164.5398353663088
EK202310208246,140.47674394913514
EK202310166450,141.11381330381593
EK202310171141,135.79765846664395
EK202310159355,138.71411071434102
EK202310194303,155.29328426470627
EK202310214928,133.4335806938311
EK202310122215,132.74069641646017
EK202310175732,150.61882001712638
EK202310195150,149.785451356154
EK202310160826,155.00017413270018
EK202310159966,177.8415936320497
EK202310158608,142.70982437725792
EK202310243112,160.19974463418333
EK202310109607,145.6284154707783
EK202310149652,141.34990660352935
EK202310110860,154.97053420465213
EK202310232156,142.2389170244286
EK202310178087,143.06602154541392
EK202310196125,154.30247776857297
EK202310178589,158.19732615077808
EK202310146655,137.18845339072544
EK202310176638,151.57912429892576
EK202310183451,145.57090851079536
EK202310238783,121.04377494558754
EK202310180591,132.4058961019545
EK202310180161,152.78127055706452
EK202310160060,139.96632774735468
EK202310234699,133.15269730730242
EK202310113916,154.27065940867897
EK202310227268,137.83748579897167
EK202310237635,136.73208083383068
EK202310182258,134.05821258355797
EK202310193859,156.53318178557663
EK202310153659,171.2836019057326
EK202310203955,128.84966912406986
EK202310236094,145.969632353366
EK202310187734,151.2744003275564
EK202310216149,133.08085229955435
EK202310168413,165.29255647527793
EK202310116401,131.76388760020254
EK202310201191,173.52215405254387
EK202310190480,138.25455356396466
EK202310161074,179.40200818222894
EK202310140353,140.29029289901305
EK202310173633,137.80686741402442
EK202310158068,130.7295279174814
EK202310154103,144.69450256751384
EK202310113546,154.68949090393062
EK202310204238,137.90273850415142
EK202310104944,128.5737399450373
EK202310234535,129.68959031610876
EK202310126859,156.62496204901882
EK202310117542,125.52634753471162
EK202310210903,135.0313142417873
EK202310157130,133.59182472241164
EK202310145116,136.35689592716662
EK202310208124,140.03925829629432
EK202310245982,157.51118802435712
EK202310133043,161.50998899253682
EK202310149054,150.68875253082686
EK202310190190,145.54069013850415
EK202320006047,141.6483135782199
EK202310134850,128.4743468953056
EK202310202384,119.6391932154927
EK202310154117,133.62547929095845
EK202310133365,137.19006219390914
EK202310108193,142.88182066351345
EK202310203056,153.54892891945238
EK202310149046,150.41038269530605
EK202310165578,165.94390703486505
EK202310186659,156.90989162547797
EK202310196955,166.46976264318917
EK202310197552,175.77390550091636
EK202310212202,141.993305743789
EK202310224513,123.07645333880745
EK202310004468,157.90479459175967
EK202310216094,123.5383787291455
EK202310230966,124.2556951320976
EK202310118412,136.63425750875896
EK202310247101,142.64126564628464
EK202310178117,140.46761611364602
EK202310219876,138.46711130778144
EK202310215307,163.67557894702318
EK202310218134,141.90869857364387
EK202310221530,141.05493695174943
EK202310154982,124.5217408739296
EK202310182970,127.33192627113884
EK202310214235,173.2743320110029
EK202310220158,153.95513849283392
EK202310104394,139.62682527470287
EK202310111159,124.46993640076707
EK202310158577,130.266205895956
EK202310110382,126.44874277056316
EK202310133639,138.76144319950063
EK202310246509,162.28500234275938
EK202310149660,172.98009325813615
EK202310168884,142.75317573756286
EK202310243940,145.91572992446004
EK202310191906,136.56943407419354
EK202310127477,132.17400249749403
EK202310225432,140.67246732289462
EK202310233319,145.4158523170729
EK202310162668,168.69940568343765
EK202310148695,154.4443340621264
EK202310178807,153.63353011454677
EK202310106771,142.19325628484887
EK202310155396,144.4899068237732
EK202310189899,164.81369598155905
EK202310106717,164.9818487194983
EK202310232588,140.98280282570224
EK202310226348,149.7769736121743
EK202310109931,140.2849667505267
EK202310226884,155.35752811810679
EK202310213466,135.68581259436888
EK202310121691,124.12679098464561
EK202310198701,167.79857144886444
EK202310131737,147.9611840225441
EK202310166136,155.77962708894165
EK202310116855,138.75380104096124
EK202310138351,148.660537093555
EK202310191381,147.28686230207776
EK202310003663,121.35092108786915
EK202310172884,161.64872629965663
EK202310185550,144.62832848092322
EK202310148380,145.74006025846973
EK202310149387,172.76311592587865
EK202310236333,128.58745016042928
EK202310199352,151.1833144471264
EK202310137894,150.2440921153976
EK202310133727,154.65190873366203
EK202310178526,158.614409500313
EK202310189610,149.61562317682152
EK202310109350,141.36093743256993
EK202310218617,136.01101664941305
EK202310109125,176.19511323511634
EK202310163826,129.47877984419355
EK202310130248,172.21338152697322
EK202310221541,147.10171187684784
EK202320006518,156.78949211920477
EK202310229391,131.0236018180887
EK202310211450,142.1008052975946
EK202310193482,142.53780516981627
EK202310198828,141.4633497945208
EK202310183006,138.07829705711558
EK202310003501,149.9397006132617
EK202310121041,139.24244828146374
EK202310211350,128.07488638314547
EK202310246075,143.48692301818306
EK202310127204,159.1514745671208
EK202310234563,132.62200106264416
EK202310139042,117.74379310305717
EK202310171256,157.75938045549168
EK202310139647,156.75790350082056
EK202310122462,132.25417999345208
EK202310144293,137.10303517915816
EK202310168436,138.5198708419278
EK202310120536,143.78557952216934
EK202310166379,143.8151498950562
EK202310180256,120.58372054583296
EK202310246761,148.58929098768508
EK202310219864,138.5253204883611
EK202310190068,178.53073846686118
EK202310181556,134.5232523192235
EK202310230597,123.01489228922279
EK202310130866,160.08010963078488
EK202310205037,153.35407184394197
EK202310209585,160.7017097497361
EK202310185564,153.33247121268306
EK202310176944,139.28520471329458
EK202310176381,136.67552471852588
EK202310141448,145.41447867764242
EK202310148056,152.71669419751078
EK202310182965,134.50561602421337
EK202310135422,139.27987074406943
EK202310122191,126.97522994058392
EK202310145667,161.3739303437443
EK202310202035,151.82475018692287
EK202310136887,142.6091141789554
EK202310200020,139.92218045962983
EK202310184127,159.30013125123284
EK202310107122,124.2245948161135
EK202310134379,141.80884072749714
EK202310211319,135.3459294418932
EK202310212855,157.71159927133024
EK202310242461,151.05535114772985
EK202310200853,132.8329985663174
EK202310200401,152.44881192896725
EK202310189295,158.78285381230927
EK202310105500,144.53455633776622
EK202310128584,139.93263391891037
EK202310209825,134.24277471610137
EK202310204586,139.35311610923358
EK202310179426,151.47919767618393
EK202310180912,134.18515122621298
EK202310173571,154.0155889479843
EK202310112070,140.02068792470214
EK202310199038,163.1071699698539
EK202310126021,142.91779486867716
EK202310155509,127.63639835224939
EK202310197401,125.99323111265396
EK202310107626,161.52053426052146
EK202310105142,144.73691584719936
EK202310243059,133.48570166289275
EK202310174039,143.8462903374536
EK202310201047,146.78154270454243
EK202310204579,150.31270816815174
EK202310187739,147.36017190175934
EK202310181773,148.47865793478624
EK202310128097,143.24279824662528
EK202310222975,166.17165741011814
EK202310132503,152.16352871929527
EK202310188182,164.7752372727049
EK202310133046,149.20403310622015
EK202310176947,156.36902007082256
EK202310167628,130.57198597810228
EK202310134899,122.99703993601238
EK202310115714,124.60196264531811
EK202310225258,142.35109758349412
EK202310181522,144.7558853066309
EK202310190839,172.34496625988513
EK202310217264,136.00929978125362
EK202310123146,151.5216836364084
EK202310142906,157.41905595709946
EK202310165063,140.51834189621698
EK202310004149,149.7830971152016
EK202310222025,122.68522184325563
EK202310201396,150.36605466336894
EK202310140521,163.44304376813685
EK202310190410,139.27674757323535
EK202310237623,153.4844084720817
EK202310207648,129.58979357809227
EK202310150068,167.13036408339954
EK202310199516,156.1562526577235
EK202310214499,163.33171230701106
EK202310193968,143.14292270181087
EK202310199178,134.9721061398354
EK202310226312,137.74115143669815
EK202310171202,145.17321949269018
EK202310136385,172.04464818551233
EK202310240675,141.6063054684105
EK202310131075,124.1901272227605
EK202310213481,127.39495466265403
EK202310212831,160.50187848505334
EK202310163142,146.1180876548443
EK202310107446,133.52106331073858
EK202310157890,158.1205988429979
EK202310214663,144.76686053014814
EK202310163666,144.37929955324836
EK202310117353,148.46685011570975
EK202310209794,134.70859521672398
EK202310123734,139.3729631326523
EK202310224602,141.246072000386
EK202310218073,159.41026967343998
EK202310247816,179.3978365191697
EK202310234711,140.95471070412634
EK202310145443,142.11513888576516
EK202310246298,160.66563518704143
EK202310110010,156.75298310551744
EK202310159895,171.20546227722156
EK202310111143,139.18259483342268
EK202310209834,137.0729621480193
EK202310209444,146.38015658204327
EK202310192938,147.44106266255304
EK202310132559,129.88535772657227
EK202310152101,165.44827266660536
EK202310180196,124.05028026213245
EK202310194423,117.01480673627871
EK202310200390,151.28342669462072
EK202310180474,132.01775249136995
EK202310116603,160.81269945345971
EK202310171924,138.40014918457092
EK202310212746,145.89186274255778
EK202310146529,141.575858215271
EK202310215859,160.90894197200262
EK202310141533,139.98529702079077
EK202310233067,145.03765220810178
EK202310214675,153.4168597415483
EK202310148386,142.10236836479524
EK202310168758,147.32080188248602
EK202310222971,135.6054431502942
EK202310109333,149.6415427188104
EK202310243241,135.00237654875588
EK202310146985,146.28031050902425
EK202310232878,177.35349559744665
EK202310234120,140.45211226367675
EK202310162882,150.92171362815228
EK202310190206,141.6605038240607
EK202310159348,177.4552597921621
EK202310201231,137.30768311618468
EK202310178530,156.6224973555366
EK202310189794,146.54297116690753
EK202310236784,139.14285106475677
EK202310175553,139.9890841611314
EK202310241797,139.97608267021587
EK202310114344,147.50685356488236
EK202310239590,164.12078462275082
EK202310227224,160.27837881460144
EK202310121744,145.01185731158665
EK202310003715,158.95944869765225
EK202310116073,123.07204468374792
EK202310197067,137.58246519002054
EK202310115532,137.5509244206509
EK202310217365,180.31218062611293
EK202310148754,147.32772697022855
EK202310109024,146.8158631125255
EK202310004073,148.067911737888
EK202310198767,153.00882041595318
EK202310125904,153.3603858742018
EK202310189747,109.10975619446205
EK202310121824,161.3235189529625
EK202310183939,155.21620097103613
EK202310207963,150.55919621326063
EK202310004477,137.6653128613975
EK202310184855,140.95746783893358
EK202310121710,134.14906122291174
EK202310155103,132.29231385180736
EK202310127606,146.12687591023524
EK202310237460,124.94352807298827
EK202310189005,130.43385524810395
EK202310163144,191.88698567697364
EK202310195358,187.62138810415559
EK202310114203,128.90135470428962
EK202310200907,161.18343106344682
EK202310149290,148.11270223415315
EK202310186674,144.12124245194258
EK202310219434,138.37797757007513
EK202310113939,144.88717891073517
EK202310144604,133.4656540408936
EK202310202520,141.2423747006998
EK202310199251,147.0348007873858
EK202310171909,150.336834639363
EK202310197493,147.56616888586484
EK202310200738,155.51359053286762
EK202310242193,154.11218117516754
EK202310166469,147.47737723688286
EK202310179577,152.4197134119599
EK202310199333,149.56295217125606
EK202310208438,142.5845351964688
EK202310243666,145.90424438055103
EK202310113305,134.28986119333342
EK202310189666,173.4938074016436
EK202310233041,125.21902914552203
EK202310127498,143.73699960681847
EK202310208207,141.82523004792074
EK202310161596,134.86086554341955
EK202310175979,143.97911578567877
EK202310222437,142.3689758542664
EK202310139352,147.44884652989734
EK202310120360,143.352474535955
EK202310183484,152.1629062623349
EK202310206451,131.8929432359005
EK202310163448,162.12918575007106
EK202310113067,138.84254207601856
EK202310217739,109.49826138111052
EK202310120891,119.5015281081501
EK202310144456,130.28510373702792
EK202310243976,149.35518363370474
EK202310126697,144.13792621869564
EK202310221562,140.86448609127882
EK202310245501,133.62719530080827
EK202310227085,121.29663042285108
EK202310124539,156.59740190589898
EK202310113359,152.8582216881236
EK202310127238,146.06880456538258
EK202310186281,153.5447712655177
EK202310231780,127.90562905407278
EK202310218693,137.28927208780937
EK202310166062,150.54796272736857
EK202310194807,169.06641273654395
EK202310145164,138.37229341825127
EK202310139520,135.83347427577655
EK202310202232,149.30035582395587
EK202310106234,135.47659742369422
EK202310150099,130.7110169454109
EK202310148854,150.43863425583962
EK202310207751,143.1422252043506
EK202310119385,155.02065911688126
EK202310247407,126.62609767576637
EK202310187815,148.37421451017684
EK202310180649,125.04467195294977
EK202310169614,117.92945084987308
EK202320007494,150.22671193069255
EK202310123604,137.53070686578096
EK202310115115,135.8735295261066
EK202310247203,134.7840158012367
EK202310128939,135.2495466247194
EK202310151766,176.33808761430984
EK202310154684,148.03564431490327
EK202310147564,150.0170359754582
EK202310217040,137.14867013433326
EK202310219269,125.39090394609306
EK202310177587,142.10737541232604
EK202310172628,131.29414144961117
EK202310193264,175.34561832336652
EK202310204129,141.93297601694385
EK202310227714,131.6199022693729
EK202310174368,154.4133539635513
EK202310115514,136.33478825281875
EK202310114314,119.51911566870982
EK202320007053,155.63821159183746
EK202310196358,158.997111084201
EK202310223590,124.77855895613294
EK202310186191,141.3063164789979
EK202310169460,160.7599208705293
EK202310206652,170.1878541583401
EK202310176776,154.12372058288898
EK202310112945,129.1011384042912
EK202310243798,129.65796282126075
EK202310173522,133.36721902684823
EK202310147691,157.8581314596583
EK202310221131,125.24597165412268
EK202310193542,149.9796619675766
EK202310110806,155.15020203921168
EK202310140872,139.3206428578687
EK202310115723,130.05099213453838
EK202310227673,144.80515085455303
EK202310104188,148.2632842278032
EK202310176128,138.73525226861517
EK202310179757,147.64356665452254
EK202310217690,123.54499388415724
EK202310114918,146.97325491799614
EK202310160022,138.0436295060066
EK202310117222,148.95595154840444
EK202310181651,139.0392556158544
EK202310202302,144.90738794556592
EK202310141935,142.19513473756518
EK202310166006,143.57225673333005
EK202310141835,159.06337746865913
EK202310113039,143.88640156135807
EK202310171526,146.8582287803511
EK202310231390,140.13353909035638
EK202310111326,139.69638336994024
EK202310104950,146.53644497545224
EK202310234139,146.0255089108545
EK202310207302,146.70606000856677
EK202310202018,138.08210561175025
EK202310205260,143.7847574871484
EK202310221441,151.01876146445719
EK202310174816,127.06935714611306
EK202310138649,149.78995649490525
EK202310208013,177.47906068045145
EK202310181493,144.63134744818208
EK202310243648,123.93763985340424
EK202310113262,155.14259894821456
EK202310171352,154.3353538798563
EK202310189555,135.077904308773
EK202310154506,144.9711644671216
EK202310227922,136.1156911019589
EK202310243180,153.21438299981057
EK202310145403,125.49464032101375
EK202310229261,131.20187034995598
EK202310125086,141.07271018296387
EK202310188059,136.15678041464267
EK202310175935,152.57323485362193
EK202310104930,145.2851512784781
EK202310207696,153.64368019460943
EK202310176769,139.3763552687881
EK202310241580,127.8635079049744
EK202310128189,118.98366129452981
EK202310116358,135.68432587618946
EK202310203206,146.10776561343266
EK202310224617,115.08302431476865
EK202310216139,133.65928345295316
EK202310175157,134.03474608070619
EK202310148792,142.4290367994571
EK202310127748,113.09053521612243
EK202310183427,169.40762083528787
EK202310151784,134.19945514959664
EK202310202141,158.6211880746312
EK202310211204,155.44219855983783
EK202310230323,116.0091083345007
EK202310109892,144.10552860706622
EK202310187574,131.72422164840313
EK202310174395,144.9113934918156
EK202310205384,149.3183548413342
EK202310139355,133.43726308426676
EK202310161479,157.80637108564616
EK202310135561,119.25822384692151
EK202310165218,155.23750679472988
EK202310183022,164.12277349698297
EK202310125772,121.90504818854288
EK202310105325,141.3992324263928
EK202310205291,164.95435953140512
EK202310183115,134.22038250881693
EK202310142673,138.8794281860422
EK202310144959,130.6352979204492
EK202310156704,130.65498270118277
EK202310132122,130.3382036878453
EK202310174428,152.24319012814524
EK202310238510,149.6692426414175
EK202310004299,154.24366157180265
EK202310225687,150.96854839701786
EK202310152553,144.44612203698958
EK202310180231,142.82753578971315
EK202310189895,158.1497657603974
EK202310115789,131.95409575571912
EK202310107016,145.3175964400192
EK202310174702,127.5906413277445
EK202310184083,127.83743923104215
EK202310193580,160.04492937003403
EK202310217608,182.39591843782148
EK202310143791,146.81872692061302
EK202310171379,152.53196475492416
EK202310151018,147.60044287205375
EK202310167547,136.95066338511296
EK202310113875,143.6675241769849
EK202310242027,144.02107607157407
EK202310236948,141.31484730386063
EK202310241638,128.56315825419787
EK202320006399,125.84378408586967
EK202310155475,147.9410109685648
EK202310183498,136.9482206618389
EK202310175183,130.72870721903112
EK202310212112,138.1491276804179
EK202310219895,142.02487489852635
EK202310136160,164.06243449226383
EK202310237484,143.11308609047256
EK202310165481,137.69840407920313
EK202310240928,134.72187762560173
EK202310103807,125.87370593982246
EK202310138400,138.58538250844964
EK202310206371,121.7187361843308
EK202310194193,158.1518075392334
EK202310148048,155.34597611971915
EK202310215728,136.49003433109868
EK202310131760,144.3278648403211
EK202310123574,141.35586527313822
EK202310141515,143.28244704061322
EK202310237561,156.17296054285532
EK202310217955,121.78920132980298
EK202310208062,143.4868887747507
EK202310163578,142.4093546496174
EK202310116460,131.63147600208637
EK202310181932,171.4422950657903
EK202310190411,146.08951190991948
EK202310229861,146.88034229015568
EK202310246656,136.51962804180772
EK202310118260,133.9484277000374
EK202310115843,142.01768531820488
EK202310170542,161.45376682260783
EK202310189836,143.15839878344892
EK202310176951,143.06103672009374
EK202310116213,154.63328093472006
EK202310128876,137.46403880458354
EK202310210854,135.2405206237858
EK202310217897,142.5605373264576
EK202310213279,145.27485091930225
EK202310203346,145.62383692844048
EK202310111168,137.25709645545243
EK202310205607,143.97956293353968
EK202310181632,165.9317372486116
EK202310163875,138.5134068659493
EK202310106796,141.50590411970865
EK202310172056,170.31765498758608
EK202310195599,133.2372409547404
EK202310140727,151.07193577265062
EK202310208341,147.78453239306788
EK202310129380,147.26459252414534
EK202310140408,148.46522788248492
EK202310196671,168.17129362550486
EK202310164630,140.83098444252772
EK202310147505,141.35482706453942
EK202310110408,108.61412284966988
EK202310189343,174.79141560674702
EK202310232277,153.7023044770781
EK202310113134,130.70470586483526
EK202310154457,144.35265246186484
EK202310192875,137.74050713797948
EK202310116376,131.94579610300073
EK202310198131,137.3689489468559
EK202310200171,146.9450096425403
EK202310200642,149.75497038279687
EK202310123172,144.82440169348286
EK202310182386,148.35292520767544
EK202310148751,152.3016521358924
EK202310109301,141.7445810112161
EK202320007005,148.54379865013084
EK202310118442,147.10659725663277
EK202310132586,141.97498575333177
EK202310137853,132.6550760631302
EK202310175957,143.2647789436021
EK202310137878,147.6635025129888
EK202310141392,153.69938281939886
EK202310150895,133.02301745136106
EK202310234943,112.13226401411319
EK202310180019,152.23852621006228
EK202310118936,153.60382281132468
EK202310140493,123.29668579446269
EK202310175748,143.94380356815202
EK202310139140,134.12944718297746
EK202310194407,138.67539275144966
EK202310174235,130.51793582825735
EK202310171740,143.68627519991173
EK202310135496,168.77232223759873
EK202310219315,136.97475091685652
EK202310209481,152.8772177497362
EK202310142378,159.63980006447218
EK202310213131,134.92251362019238
EK202310126847,147.70140803266852
EK202310139757,143.03473007814424
EK202310166582,157.80083924225497
EK202310177776,132.62284849625507
EK202310179499,145.4941051951515
EK202310243445,131.3412857433466
EK202310176421,130.6724544638256
EK202310219058,124.3611662250645
EK202310108023,134.90822449031248
EK202310140417,179.69642929888477
EK202310130436,141.4966758695536
EK202320006321,157.88602095866065
EK202310220044,138.85312938394748
EK202310131037,126.4239677942563
EK202310248111,131.34060499803843
EK202310106861,134.46841867712538
EK202310110253,143.76431832361345
EK202310201245,151.7552587221411
EK202310138402,130.78844281543175
EK202310233866,163.74249480161814
EK202310003560,137.28647858258168
EK202310120345,141.5790813488846
EK202310201242,114.63201123151522
EK202310190427,167.22863382817633
EK202310148725,123.80913486112988
EK202320006763,148.84375574612753
EK202310196906,171.96885894020954
EK202310241763,143.45682285039572
EK202310204305,156.75563529647903
EK202310190705,152.85089459834887
EK202310107647,138.34372519858093
EK202310178205,151.5993103871944
EK202310226329,151.7415711414643
EK202310155075,149.77317935650927
EK202310161375,157.36673934483773
EK202310184194,154.09500545270913
EK202310146287,139.59186202035158
EK202310151428,186.48388780176268
EK202310169581,127.81294491443145
EK202310159986,138.89553979837567
EK202310235054,143.45242075170972
EK202310232794,153.93159270973945
EK202310237245,141.3511890464801
EK202310159951,180.09672669771743
EK202310137689,146.4290981835547
EK202310104122,120.56383769178257
EK202310237215,143.48651436945502
EK202310224167,155.12768759025445
EK202310165353,142.76806970954752
EK202310003464,133.19518511540824
EK202310146423,145.66677689178096
EK202310175125,133.60551913920645
EK202310229556,157.27129649819707
EK202310227408,139.4067894924824
EK202310243062,135.77849496649895
EK202310213464,129.60120437372467
EK202310111472,144.38163688860195
EK202310108233,137.9638028229591
EK202310223065,130.55746112940304
EK202310230558,146.60449861527076
EK202320006897,132.79620165344394
EK202310200032,142.09095883715045
EK202310187191,132.15172735177032
EK202310161900,170.36108063474185
EK202310121241,143.96499976958552
EK202310225448,136.20589322098672
EK202310227739,140.85261131143395
EK202310216508,142.5820424861475
EK202310233619,147.55729826023617
EK202310233918,150.02248710206769
EK202310202411,121.01350513511284
EK202310186765,143.0807968706052
EK202310241519,125.23692180734199
EK202310203547,143.97832469211832
EK202310186570,190.72512171255107
EK202310146153,128.91909498128038
EK202310226412,145.73359497419602
EK202310214773,155.77681146574557
EK202310141684,152.09772444159537
EK202310149333,148.17928615184542
EK202310144706,147.36069488329306
EK202310104027,153.5508542133348
EK202310109413,131.16219214401357
EK202310193755,137.97257099412727
EK202310166019,151.3026446537721
EK202310203410,178.9351187800968
EK202310211531,136.33713074742934
EK202310196157,138.66133342594583
EK202310244349,190.1592373085764
EK202310145494,127.3735573873777
EK202310212588,147.46955161505224
EK202310139780,139.98469146600843
EK202310240088,168.9571114195291
EK202310111166,148.24727627176253
EK202310188435,139.26485297000906
EK202310177633,138.63267060196804
EK202310112926,151.96110640187226
EK202310234867,134.33258701691494
EK202310185802,141.62022690707366
EK202310162594,175.42359873655442
EK202310180089,156.86645779927937
EK202310217336,121.60864896978804
EK202310192546,137.42641996753335
EK202310214169,138.25018487668154
EK202310140770,157.4773889906677
EK202310133498,134.4329312455118
EK202310118801,147.50556818522986
EK202310142404,150.95422974567546
EK202310147891,154.89601625287375
EK202310210538,122.50446111322276
EK202320007456,144.55275639319862
EK202310144587,129.52405185745835
EK202310124235,126.52063900801143
EK202310158438,135.64335905151393
EK202310215490,140.00107876155627
EK202310174451,153.03996908273717
EK202310212066,132.75061280584663
EK202310222526,118.53890467208754
EK202310188934,121.66958877667753
EK202310227893,129.0955618560419
EK202310181260,148.4572451305466
EK202310202577,135.3045784613422
EK202310120212,167.5382192023239
EK202310149119,162.41977416817198
EK202310154393,168.23780534422693
EK202310152225,132.30527224607937
EK202310105646,131.55746906696496
EK202310119351,131.19745789336258
EK202310148657,139.5636573555603
EK202310196509,145.4030975545699
EK202310194902,137.41299409088307
EK202310148288,138.13911265872952
EK202310215542,154.30242104132407
EK202310167939,149.08562394430945
EK202310167455,152.28102628634477
EK202310117792,125.96257725221531
EK202310173362,148.1240266983539
EK202310124739,184.31208556967215
EK202310175587,151.08571446118629
EK202310213185,142.41247407279394
EK202310152468,136.7153419905394
EK202310131120,156.6017574232561
EK202310124976,157.31040786829078
EK202310112499,152.9617434331201
EK202310195528,136.49572038926777
EK202310239210,128.25159688042936
EK202310142674,140.57111313681168
EK202310243104,139.50812792102886
EK202310237267,157.72083840260478
EK202310169374,130.9271385800904
EK202310234090,133.8657949646986
EK202310233816,145.85416262352985
EK202310196376,157.8293354663234
EK202310148225,156.89321082763396
EK202310228837,139.95158525577745
EK202310181830,140.76564122510382
EK202310191899,147.0055969956831
EK202310229263,129.31427676864865
EK202310141990,140.09345610733408
EK202310169654,176.53105024605406
EK202310123584,159.33749775111298
EK202310109674,132.48905434696945
EK202310106658,140.53755315341624
EK202310237324,135.34128548739653
EK202310133847,173.32695290089862
EK202310177544,129.35984555012084
EK202310123823,144.4529164119373
EK202310240866,120.32573638160069
EK202310200799,137.14783807284786
EK202310004956,124.13033737652957
EK202310109116,158.44128339698108
EK202310181159,154.86504536038598
EK202310128546,155.5009977505731
EK202310206764,152.11815105388334
EK202310203787,129.1939395876833
EK202310193227,151.06343411591803
EK202310157337,181.86408442825123
EK202310190691,154.60837726813816
EK202310126193,149.96501485645354
EK202310223219,136.8974665915266
EK202310161546,151.0499363465549
EK202310220676,152.20856380798025
EK202310142344,139.81581275194569
EK202310182666,130.38497449361589
EK202310217828,134.4704525017829
EK202310240257,134.77446044683666
EK202310125068,135.72941450692434
EK202310166358,154.99608192737404
EK202310177216,170.43182862233783
EK202310146952,135.6678818375707
EK202310199886,152.32836324869209
EK202310147741,135.4151100061542
EK202310143091,150.21559673456974
EK202310199575,139.21912612937095
EK202310187305,156.12008898536442
EK202310222496,136.8384020765618
EK202310216424,138.3782587025325
EK202310104377,144.4469276077161
EK202310227219,127.64690287215319
EK202310140922,137.87336787248046
EK202310165008,174.73305937437996
EK202310135583,141.77741996458155
EK202310171535,152.66592917046762
EK202310219272,132.02038229326442
EK202310120647,143.35661962517614
EK202310140490,147.7584017076273
EK202310173840,127.68018889837023
EK202310208109,138.63758894786451
EK202310175605,156.06006892062604
EK202310194297,135.19913958281188
EK202310116012,112.0269853035784
EK202310133738,137.30520377191473
EK202310003422,144.1878522151996
EK202310186980,147.28635841848822
EK202310157421,136.26625131294432
EK202310145922,131.43168978609305
EK202310203349,155.32757617564013
EK202310230457,161.23340773489335
EK202310230009,131.33817109170667
EK202310144393,164.40836547102893
EK202310155684,135.68475189119434
EK202310243499,140.58552776678263
EK202310148155,139.7786985048899
EK202310162141,146.15281860681145
EK202310202043,138.12451059929543
EK202310165608,141.84751948681773
EK202310193544,139.53763297326458
EK202310164222,137.70487628502948
EK202310154530,151.02805958443693
EK202310185022,137.25626403925492
EK202310167516,159.2983129955566
EK202310165006,131.88568975039175
EK202310138314,155.28030515985412
EK202310213702,137.1872002007255
EK202310223111,164.67234573937947
EK202310183009,128.99930137948834
EK202310175427,130.75307080837882
EK202310198303,113.59117736411635
EK202310142355,167.10823649488287
EK202310190847,153.95845252914566
EK202310165750,158.57465078220434
EK202310163376,132.07898124204286
EK202310146237,136.83848738855733
EK202310228171,135.61222984337147
EK202310222340,155.69024219839972
EK202310119317,124.48807918845657
EK202310209759,146.44195745366838
EK202310188992,149.07475934753018
EK202310236787,142.21715900269618
EK202310235111,131.97338933722313
EK202310192259,138.30786138661242
EK202320005738,155.90762280450318
EK202310143173,177.8275799346367
EK202310188740,136.1890133605303
EK202310106354,146.80328566400297
EK202310235348,147.97199211591905
EK202310234038,169.9006198377068
EK202310172622,160.8107504852335
EK202310172486,144.75703946848623
EK202310121194,133.73602060558775
EK202310221290,149.75052920903673
EK202310207879,141.7166123672858
EK202310114510,141.45383157191947
EK202310179068,152.60379755473508
EK202310163368,140.60343414847674
EK202310232807,137.4022269206399
EK202310120523,128.97142751003156
EK202310103969,151.294536906077
EK202310004188,141.81028582079728
EK202310170648,158.15253303166313
EK202310139767,126.9651947513136
EK202310138473,166.36564491863214
EK202310235505,139.61445446011365
EK202310178729,127.59142682875903
EK202310246801,140.8627022687981
EK202310120603,135.72062686674482
EK202310114895,139.65888957867222
EK202310223798,134.80449787487981
EK202310128963,131.37062528361227
EK202310133013,130.50734981063394
EK202310180731,203.91784790855863
EK202310113860,109.04047109573362
EK202310201583,114.94100823523743
EK202310137449,135.04934294188894
EK202310149678,172.1579246801014
EK202310199061,158.2144575613441
EK202310206139,118.59503127848708
EK202310178048,138.91743864122066
EK202310206902,143.18541349842423
EK202310135879,140.78298994253393
EK202310118974,154.96474719227473
EK202310240661,159.93212791639772
EK202310247702,125.04818974909509
EK202310108959,139.52402336245657
EK202310139148,133.6405119348253
EK202310213608,133.85440214459302
EK202310200833,139.87901684073958
EK202310205491,157.53169085840923
EK202310151833,160.83764485786358
EK202310170507,136.76476813425072
EK202310204695,155.7080939675359
EK202310190993,144.21161059098918
EK202310181846,153.0207369570776
EK202310191614,149.63832329416752
EK202310146281,136.6855341739692
EK202310239715,145.4665008859656
EK202310224583,128.18013553274
EK202310225752,145.34293421410752
EK202310004050,149.89186646562982
EK202310112334,119.51691938629291
EK202310178782,130.25698428503853
EK202310162090,134.59724444641677
EK202310221447,153.75562485438664
EK202310219812,140.3709314777226
EK202310161855,139.41880895315884
EK202310127861,150.65741560351222
EK202310114282,151.50662600702577
EK202310105617,128.52671723817693
EK202310209302,137.4685142962612
EK202310115118,157.9253479848463
EK202310003916,141.5800019368317
EK202310153698,137.9412297796472
EK202310229027,145.38333245091627
EK202310125705,153.16823062048107
EK202310123526,140.0484462732773
EK202310226530,144.32411275226494
EK202310136267,114.27336537568806
EK202310126875,155.05828316583174
EK202310219223,130.24567076912734
EK202310169669,145.97710949569813
EK202310136907,127.84477282758357
EK202310167168,117.41046885995323
EK202310225793,124.67329278913479
EK202310178640,146.90104901504563
EK202310130165,139.06267596410154
EK202310154261,139.57297916279978
EK202310220444,147.7872067037796
EK202310237028,148.63286742207532
EK202310165818,132.38148892043424
EK202310122598,145.48355145376428
EK202310220372,155.4880648476132
EK202310137417,135.6802801905407
EK202310143378,154.36926306612025
EK202310175009,147.3128933727284
EK202310211432,127.0926974155953
EK202310207842,141.30603946005124
EK202310180149,135.2173428496312
EK202310190554,138.3808266359856
EK202310223988,133.09261369526843
EK202310130954,143.60282385604125
EK202310116904,144.94645604591577
EK202310161528,164.4999525434368
EK202310148911,125.10454369463056
EK202310153873,130.8833580192746
EK202310144622,136.61499700769332
EK202320007179,152.25062286464814
EK202310213291,133.46886927470487
EK202310248459,150.29198142920555
EK202310129665,120.29424547672359
EK202310105584,123.34962085001689
EK202310223037,113.9336869124353
EK202310173189,133.71793727746729
EK202310174998,161.525539114415
EK202310128550,127.76263761630031
EK202310192354,124.41613699058516
EK202310118760,114.81450364163751
EK202310131373,133.66225654843169
EK202310168865,129.0494449365738
EK202310105103,138.43000772537457
EK202310242757,130.8665206891082
EK202310164146,165.80384342484655
EK202310165707,151.5231789119066
EK202310157341,163.96312074316455
EK202310161673,156.18845474914656
EK202310203730,118.48935599311247
EK202310165334,137.95726228679118
EK202310149964,148.88132623867375
EK202310109435,141.7146665813026
EK202310105784,139.6185629036599
EK202310004512,128.06791193254844
EK202310129345,142.6305526995278
EK202310168741,148.5081604658353
EK202310225441,141.084714352461
EK202310189863,134.03945403702463
EK202310181790,143.55302917416034
EK202310223107,138.03781985547005
EK202310117337,134.3128515569403
EK202310247125,152.97452665399607
EK202310146172,131.5727976215243
EK202310229871,135.42265779535865
EK202310167352,154.27155656698875
EK202310197659,173.7646002179454
EK202310237148,139.3537237356801
EK202310204685,139.4043164614863
EK202310241003,129.7213287289843
EK202310148969,147.5156633271168
EK202310217817,163.3277693749882
EK202310154285,147.07018675874113
EK202310241422,143.01711014907468
EK202310238083,150.03399694759423
EK202310177368,173.99501238501205
EK202310161506,150.05846706564543
EK202310159694,142.89542471905634
EK202310233873,137.38667820673382
EK202310159627,126.43377141068704
EK202310204809,142.77566329061807
EK202310221148,141.07138037215816
EK202310203840,142.95618008293528
EK202310175485,132.54657000634964
EK202310157943,154.18667011980148
EK202310166246,143.3830532314516
EK202310104784,141.91699151625505
EK202310123376,158.34020485312678
EK202310204029,148.3155991928172
EK202310185358,157.07694658644556
EK202310108669,135.22344620650816
EK202310236018,148.980413656381
EK202310238742,138.0223804152132
EK202310111453,145.50864249177775
EK202310113005,150.69949442038683
EK202310234668,143.5021231640076
EK202310231883,138.743087660963
EK202310170221,153.475914916179
EK202310004896,123.25282169923386
EK202310161173,136.49215016354907
EK202310145172,138.2687929806047
EK202310173181,144.2465775074417
EK202310188825,135.33405977618833
EK202310179888,153.86924023975814
EK202310232212,135.7925407260231
EK202310162487,145.16479448587276
EK202310136794,145.39846714592497
EK202310169969,147.17393238478593
EK202310165477,132.0256305838788
EK202310177712,134.00488384068433
EK202310129186,126.02392933766527
EK202310127134,154.50906317825377
EK202310228641,134.94480380716516
EK202310195004,144.13808301881167
EK202310196656,137.96521503532156
EK202310129468,147.98282349465342
EK202320007200,144.73880132447988
EK202310153589,142.90924634283837
EK202310212764,163.25398718921983
EK202310205885,172.4449267734657
EK202310198505,120.90939410685824
EK202310222811,142.3860298244378
EK202310168127,146.85760544531533
EK202310143599,132.12239415298316
EK202310227359,138.58571040698638
EK202310135358,134.42656424749066
EK202310171217,157.09491590406182
EK202310191424,141.9227497930762
EK202310149689,170.31219578464408
EK202310195376,151.8381349671218
EK202310178299,148.94578865611675
EK202310210228,144.08257087848435
EK202310107326,131.80491671425858
EK202310152535,146.88044327333012
EK202310154473,144.6269371437355
EK202310174554,152.74963307183802
EK202310163286,148.10935196491383
EK202310111638,142.92479167757838
EK202310196108,146.96035906067854
EK202310212686,136.93419434423626
EK202310231718,149.1616636956224
EK202310137776,133.95859926784996
EK202310178405,173.100918073596
EK202310117455,124.02331087494603
EK202310118568,137.83951560725407
EK202310222315,145.80022072824852
EK202310160822,159.11836619157694
EK202310118020,132.25884069246965
EK202310194677,176.68786939243057
EK202320006977,147.4320296770307
EK202310214502,180.56360055388063
EK202310146297,127.54872298265857
EK202320005953,142.20049360572645
EK202310200023,129.35217983010875
EK202310147399,146.01378859801025
EK202310110181,103.02088604415253
EK202310225409,162.13574913919825
EK202310107374,139.7641704313814
EK202310235775,132.595389977423
EK202310154935,143.08818411932285
EK202310160129,151.77053325544756
EK202310136819,154.3215880228388
EK202310212339,136.74001344377768
EK202310186377,147.76243832130953
EK202310149686,159.4002972227933
EK202310137146,149.1554049703606
EK202310219413,110.68604440562632
EK202310224119,132.0780513556563
EK202310124397,127.1297057143301
EK202310118844,155.44120150765488
EK202310178888,128.2407379945601
EK202310203695,134.40625728534997
EK202310215102,137.35168296325296
EK202310116309,136.46639827978012
EK202310177340,172.69095210500407
EK202310155692,141.1460014050728
EK202310209761,124.25015832961218
EK202310192459,153.5266303230314
EK202310166094,141.6895835450209
EK202310106639,141.77269787719604
EK202310122597,137.69926049479855
EK202310176641,142.5651689858928
EK202310128106,135.47352364492914
EK202310164373,143.46543516463055
EK202310172650,147.44698104576034
EK202310161760,138.9358421009262
EK202310175173,128.62672806284036
EK202310220355,119.94445432762105
EK202310134340,129.44446326693483
EK202310200856,158.62142060407686
EK202310198775,180.7675383458752
EK202310237814,145.30588104886925
EK202310144745,142.15394780804746
EK202310116937,144.40927351682376
EK202310180183,136.98532336818548
EK202310123116,131.0656670761956
EK202310111360,135.13011893619714
EK202310218124,145.06580520695903
EK202310146929,154.9451086368518
EK202310144079,172.48323869030912
EK202310212540,159.16304887277028
EK202310206504,149.97437604773145
EK202310126991,124.3322779815702
EK202310159652,136.1047827823534
EK202310132965,137.28901840315805
EK202310203675,139.28628450864258
EK202310003467,135.9386327716049
EK202310178560,127.24810370654659
EK202310115094,137.73788760371312
EK202310127215,145.14608006228102
EK202310116379,138.94068076189694
EK202310121118,141.20798645781176
EK202310196670,127.4642630823437
EK202310159655,122.23730263994224
EK202310201991,130.11426535756712
EK202310173068,143.7020047703729
EK202310117260,151.64892365484965
EK202310130209,150.21405262837098
EK202310183122,119.29348728776625
EK202310216257,132.65216505485338
EK202310176511,154.16800832537749
EK202310187962,153.3589905022196
EK202310245277,152.93199856451102
EK202310181710,114.32136651879829
EK202310227487,132.87710443041726
EK202310210107,161.44262196313355
EK202310175757,137.15044066398917
EK202310229135,143.92110191476476
EK202310150766,139.46223988152497
EK202310164086,147.9657238298555
EK202310121488,142.68114125072938
EK202310122656,134.99896383015596
EK202310176310,140.93086006881657
EK202310207786,144.89604202870285
EK202310116196,147.32323488158593
EK202310166658,130.92343871191855
EK202320007269,165.9304749104147
EK202310240222,144.48927882609982
EK202310233074,124.96280471981157
EK202310003785,135.29850969618215
EK202310218333,134.84255693939858
EK202310199829,143.81794180792022
EK202310141201,117.65944140218342
EK202310152509,141.1895237196118
EK202310213008,127.15838266341638
EK202310234244,145.7352226577785
EK202310185496,142.26960202743723
EK202310123939,146.44979485441738
EK202310245118,133.61676384104265
EK202310126945,142.08359881490625
EK202310192940,145.6350872302142
EK202310154479,140.7310128152701
EK202310238968,134.79814034535497
EK202310220804,138.95205829715138
EK202310121547,144.7985330681117
EK202310156977,142.9412710795922
EK202310220913,125.50207205561183
EK202310153791,149.5689285242904
EK202310231371,138.39693690344808
EK202310155012,150.05847012552485
EK202310106729,119.39917797339506
EK202310121458,132.9390064993872
EK202310129298,148.36993178091282
EK202310185168,161.3264277706181
EK202310171342,165.11228618895453
EK202310182043,152.22725144790527
EK202310159692,151.31535429112722
EK202310198219,130.8077080596519
EK202310186486,151.08929050563563
EK202310194185,125.49152902798374
EK202310135060,170.92288003180172
EK202310151875,146.80066857019287
EK202310148212,133.7602468080751
EK202310158337,140.85802011386386
EK202310160093,160.22760282575467
EK202310176986,155.59532185228312
EK202310142751,158.26754826702177
EK202310186987,140.1997877601976
EK202310213398,127.40203921824737
EK202310227507,156.33623600589917
EK202310230539,136.6586612389599
EK202310233022,137.72832852946794
EK202310112067,142.19948585054752
EK202310191571,162.08205228151857
EK202310128575,145.0841315458656
EK202310116429,152.17121030437633
EK202310222260,143.75079889736494
EK202310167112,142.5868211761071
EK202310197671,131.6790222246294
EK202310133983,143.7067149383879
EK202310125081,148.66962934006696
EK202310165303,127.26765977680962
EK202310245022,137.60871492476412
EK202310168737,137.6391349980768
EK202310224066,141.2880302945606
EK202310112653,131.50511451686347
EK202310163794,126.56797946106792
EK202310177672,147.13753219846404
EK202310113138,145.64779486111652
EK202310198082,133.83271005949385
EK202310186324,165.6796931472137
EK202310245063,124.70874206725597
EK202310162008,141.18489013177205
EK202310187033,132.4567701604495
EK202310165002,146.6857833648173
EK202310179112,136.59029509297005
EK202310136261,152.64018299146386
EK202310107886,137.90235248678553
EK202310178081,162.04074487219947
EK202310107978,158.79243421928345
EK202310186291,172.47895247389425
EK202320006194,145.5526159623325
EK202310162147,142.2133633952457
EK202310145820,137.17185790768127
EK202310208270,148.4956550286414
EK202310244610,131.22943643858076
EK202310115965,133.45421658625477
EK202310173325,144.96699807035947
EK202310200487,145.67916483335932
EK202310151600,153.62453132266873
EK202310174873,126.76612837290604
EK202310154656,142.2271580395476
EK202310186158,169.53724100964448
EK202310159695,142.45045089914015
EK202310153171,156.88625423530448
EK202310116138,146.37961469514116
EK202310241920,113.44272637527465
EK202310172803,139.5340680536703
EK202310003408,136.74166887591778
EK202310113293,137.93618341431474
EK202310199063,157.39667283873337
EK202310151401,178.36983078956104
EK202310154601,141.92084649140813
EK202310111616,142.74895015947394
EK202310135809,139.55729477059563
EK202310123689,128.60470337853445
EK202310125344,130.57859868491846
EK202310204834,140.45203140906077
EK202310154600,148.6879600453311
EK202310171105,129.58125859513507
EK202310192374,135.42176808485112
EK202310137424,131.59927363427212
EK202310004414,128.1034358980933
EK202310157406,144.93157692962228
EK202310194870,157.44099286848945
EK202310184853,133.4712491653138
EK202310176587,142.14081588097307
EK202310211243,134.34543699316887
EK202310116843,141.59171846568398
EK202310167978,128.59827176635343
EK202310199028,141.3985766351935
EK202310178842,139.7251879956622
EK202310003563,161.2176020525081
EK202310113491,132.28924997199874
EK202310202425,136.51685584755825
EK202310156026,146.2680610624114
EK202310235868,124.43246258849103
EK202310129923,137.70095540757225
EK202310115347,136.39768497305167
EK202310136092,163.00880541374264
EK202310212411,138.0019865446849
EK202310198783,171.77858212413133
EK202310154295,134.21584063707394
EK202310132080,142.7293274353048
EK202310115510,134.81763832671564
EK202310186713,129.7691605962512
EK202310246486,128.66032064476883
EK202310220909,137.77696818983551
EK202310133930,135.47901847381428
EK202310230327,158.01678123042169
EK202310227578,154.13779574062355
EK202310147328,181.8197799966879
EK202310174500,142.8815504081753
EK202310121141,140.4436803738671
EK202310218136,149.4967614442386
EK202310187497,166.51291733518238
EK202310219497,137.03505642276556
EK202310158430,163.30875905453917
EK202310232072,150.9949023378561
EK202310161910,152.7081808393433
EK202310232257,137.51488401627313
EK202310109324,136.96143705730242
EK202310117586,132.21597925852873
EK202310145201,146.38222999415373
EK202310191458,158.2339655827844
EK202310163905,132.19513686234433
EK202310200681,148.1915006308527
EK202310190561,143.51016110694232
EK202310144363,129.32681249340294
EK202310196397,137.7509433465334
EK202310168831,131.3944971463104
EK202320007357,151.422837330207
EK202310125955,136.0732554400734
EK202310210692,133.65101206003015
EK202310202677,129.53740249439957
EK202310212296,150.11289580600328
EK202310228282,119.49090762248562
EK202310198392,141.03144097898755
EK202310189017,152.81277928731222
EK202310184070,161.20933442780338
EK202320006398,144.88624453912925
EK202310221409,154.53156328424546
EK202310229971,135.20650608450396
EK202310202941,150.40073419953808
EK202310131905,128.4076027638442
EK202310112775,137.2941804201197
EK202310209245,153.31290768512025
EK202310185710,152.5606935042881
EK202310155827,139.5076450618024
EK202310158156,155.75629607674583
EK202310143080,149.8542966271691
EK202310217821,124.426811259554
EK202310205060,142.7054311888474
EK202310152230,150.63113046889617
EK202310215647,137.9653918066021
EK202310216568,134.5413090834483
EK202310173496,141.87149010956
EK202310132220,127.89169810916297
EK202310229606,128.65582773553518
EK202310197847,134.80885997873122
EK202310114444,129.74703401109912
EK202310212587,131.21927115779266
EK202310128678,132.4093156207765
EK202310129009,150.33297842776076
EK202310135868,141.15431708687015
EK202310004655,138.08623067951333
EK202310004666,132.12398147360378
EK202310172312,130.15194753903754
EK202310212324,130.99907638351164
EK202310234071,144.74644920708286
EK202310237714,132.17410514588784
EK202310227143,133.4073458008896
EK202310106080,146.230895423116
EK202310115972,137.72024962807942
EK202310223416,137.85739590361436
EK202310185745,137.59596625305753
EK202310108584,149.97526738134596
EK202310244398,135.7204762219792
EK202310104476,151.63727368683584
EK202310243111,155.6937545784558
EK202310182118,152.33739709225915
EK202310231776,133.36937679318348
EK202310114793,148.00447620694086
EK202310107506,132.213575140001
EK202310203271,142.07922830365683
EK202310206441,142.33848952792283
EK202310197006,132.59703237881214
EK202310213977,146.6847557932318
EK202310174608,153.3702692281406
EK202310126126,136.27987115489887
EK202310230545,139.86309523151263
EK202310103903,159.6628053837716
EK202310234105,159.27835208569687
EK202310165010,140.98078551260008
EK202310181940,134.33855994984532
EK202310118673,135.78748449511687
EK202310188868,180.24953180102005
EK202310170989,158.5906091310238
EK202310213961,163.253766065778
EK202310236748,132.6100157783652
EK202310128144,156.3301214796501
EK202310131032,133.81302532382196
EK202310199927,139.28587467490155
EK202310228569,137.13286535596714
EK202310137099,160.8907261238381
EK202310216503,154.39664389661402
EK202310225348,130.3047105637663
EK202310188082,133.4174870109029
EK202310107466,164.7915479111291
EK202310119468,164.12552146590758
EK202310177435,123.65612900216698
EK202310226065,159.8670930300641
EK202310238474,144.98158825292845
EK202310178935,123.29142262080433
EK202310111288,145.60221964594624
EK202310231278,150.42207550112806
EK202310195743,159.23553806484645
EK202310177642,150.79655175267902
EK202310159731,147.54885163333162
EK202310233199,143.55451042466686
EK202310164963,150.36765682450363
EK202310108728,138.6980710061857
EK202310241516,131.19312867020685
EK202310114502,137.13592333797465
EK202310163597,153.59204606836897
EK202310194099,131.43697025121784
EK202310191390,147.32616093110764
EK202310136653,147.40375226287102
EK202310132780,144.38812255081567
EK202310192296,142.87512133253648
EK202310210820,138.49517123558175
EK202310157545,141.19461346760104
EK202310117978,141.34584372810048
EK202310128805,133.34904174099384
EK202310239206,148.38247570604946
EK202310184728,148.10635574867644
EK202310188346,144.00332580204753
EK202310115220,134.3800953453781
EK202310136091,182.5472817811729
EK202310187000,142.23005240882406
EK202310004481,156.7219734972666
EK202310142481,133.13902811435761
EK202310241665,128.74026376341826
EK202310172530,140.51209317901245
EK202310242247,141.25924901048322
EK202310201108,141.84547439903443
EK202310157151,151.03803088379107
EK202310248777,163.98518329103766
EK202310234150,143.53211144671369
EK202310245991,139.30146559692568
EK202310196183,138.94521759473176
EK202310112151,144.00331874725504
EK202310240040,152.33240824703532
EK202310122111,123.79071111814217
EK202310237646,148.26075240473392
EK202310236751,129.38661897482672
EK202310110678,120.89185531371292
EK202310175472,141.05689234227387
EK202310104032,152.94054150313164
EK202310130367,139.03723388898283
EK202310218178,159.93220811698743
EK202310190059,172.99469433945148
EK202310154040,128.7881491514349
EK202310104704,128.17393806791398
EK202310234675,133.44716046208072
EK202320007076,148.5229212159827
EK202310117416,155.31470663633257
EK202310106592,145.60065583703667
EK202310218855,155.9785945341829
EK202310112951,132.9986275119611
EK202310198510,139.64196777344898
EK202310170591,134.28698117927522
EK202310171607,146.36674832044775
EK202310188047,150.84333924450857
EK202310106176,133.20551469465892
EK202310139729,162.65520932477153
EK202310188177,148.7392556470258
EK202310216551,134.02663895603476
EK202310190746,132.61112550489483
EK202310198445,160.185747456266
EK202310167557,143.20550995748718
EK202310232345,135.16328115130366
EK202310205089,150.62071884103187
EK202310200704,149.53821198594216
EK202310168328,161.6853734265224
EK202310117660,121.33418176143176
EK202310241204,159.15118719293463
EK202310219555,135.0672696493878
EK202310108822,142.405853887566
EK202310178261,147.02881580243277
EK202310170803,134.75906026773364
EK202310180578,136.17894645059172
EK202310183233,161.44875900552043
EK202310214067,175.58350647464292
EK202310177910,142.62995837740587
EK202310184628,187.5144597957261
EK202310236640,134.23403316046426
EK202310189443,177.33127415718008
EK202310219770,138.2919637265081
EK202310188035,158.96234645363208
EK202310110194,160.53121876300932
EK202310244334,154.72284543293355
EK202310196346,170.97041029096837
EK202310239240,136.5131301983824
EK202310190697,156.03500819662722
EK202310183845,160.71823338431057
EK202310173568,141.94899349026883
EK202310122648,134.85056265128736
EK202310138573,146.20483978938762
EK202310107238,138.25399518598758
EK202310123716,141.92006720365
EK202310222719,143.86349704414886
EK202310119574,137.32380220151154
EK202310106379,138.57994907446846
EK202310179487,162.72740281831233
EK202310204316,145.94904902164848
EK202310112072,140.8250969292926
EK202310103891,171.8665403239093
EK202310121527,151.4290546211072
EK202310147901,149.5985680252471
EK202310129747,143.71062926451913
EK202310216313,113.5159946689894
EK202310138904,162.65921979409814
EK202310148441,144.58796258051026
EK202310153870,119.61384651267385
EK202310108732,141.88356413107408
EK202310180949,150.62657058397266
EK202310108710,132.23034818603415
EK202310198670,121.42971362039866
EK202310150197,165.36713783986258
EK202310213492,134.45017453217355
EK202310136448,137.67208989457737
EK202310131230,157.12792082497916
EK202310231399,146.53576843184896
EK202310121599,162.97212765151627
EK202310179738,151.86317937633945
EK202310167476,177.27845124537453
EK202310131623,149.99086049492922
EK202310140730,147.28546716443336
EK202310144389,152.24792179582292
EK202310245102,130.33313313175412
EK202310132691,133.7231356928709
EK202310106449,145.78401480588533
EK202310167353,119.91069294944674
EK202310236989,121.43538005193284
EK202310111119,125.42048270199814
EK202310186689,181.04185442955705
EK202310209031,169.05199209224241
EK202310139037,152.83422610475623
EK202310158574,129.20417322768805
EK202310235776,135.79939405073958
EK202310149594,152.97760551146007
EK202310106989,157.67383288108053
EK202310207828,154.85191107645457
EK202310129283,139.94522697919626
EK202310103761,142.72785962854527
EK202310117820,127.24674986480315
EK202310170386,136.95589089511864
EK202310200918,151.3567602644822
EK202310104618,129.86917619093134
EK202310211311,140.7438590912816
EK202310217151,168.2714038060276
EK202310197688,157.29960412706296
EK202310141161,125.96628282384415
EK202310200723,134.42226723835742
EK202310192613,128.16621887026488
EK202310231385,144.50938609772993
EK202310161421,127.47160402818278
EK202310185090,149.5145768137467
EK202310118323,140.87644640010157
EK202310179435,146.53003890261672
EK202310246748,175.68716954279404
EK202310203308,128.0078946082523
EK202310166549,143.83339123445197
EK202310231043,155.94386676994438
EK202310144171,134.910839898611
EK202310171076,147.7173772340415
EK202310234671,149.74235929661978
EK202310178258,146.96749847709086
EK202310123111,127.99238673377045
EK202310105273,168.32284290151682
EK202310232779,112.81696789284653
EK202310245923,118.38637401763246
EK202310232934,131.62234503199852
EK202310206444,147.8564864998164
EK202310199292,146.85519460203273
EK202310172407,138.8175067713934
EK202310110982,132.99890945525993
EK202310136670,153.01230865913578
EK202310196416,160.90532263806045
EK202310147370,146.30119572508127
EK202310203187,143.0934912404623
EK202310127574,147.24673597688403
EK202310223109,144.0894582153684
EK202310210815,141.7292005089432
EK202310132728,163.81755967705362
EK202310195728,152.0373199742373
EK202310162562,157.92500740835405
EK202310122166,138.75356689953486
EK202310133502,139.6095157898315
EK202310176748,132.7911449940555
EK202310149681,149.124532582323
EK202310133367,151.22186896684386
EK202310233308,149.39055006001988
EK202310111956,146.1222915904767
EK202310213087,127.51853789756447
EK202310163861,136.42885108805754
EK202310183017,124.45087211312284
EK202310148049,160.77360952581307
EK202310159587,135.4340538600481
EK202310120104,149.12812280406646
EK202310173791,140.63153070222737
EK202310120609,130.43523984678941
EK202310120220,151.36105001517686
EK202310164643,140.8289774340441
EK202310242480,132.69696925983766
EK202310237393,127.16310194309321
EK202310110258,126.69868674339129
EK202310203310,151.5966212382206
EK202310244388,122.79613551673587
EK202310142420,144.1114674203337
EK202310127247,149.259015427453
EK202310245410,140.27218784161315
EK202310198231,150.86085610486015
EK202310224714,132.64617120953477
EK202310112152,146.1345052388104
EK202310219634,156.2253895674163
EK202310120507,166.31505875254808
EK202310121024,141.1640299626463
EK202310162609,145.6225994898977
EK202310198139,135.74438165082557
EK202310115733,152.21738901693155
EK202310197648,170.38494481503986
EK202310152061,163.8421211002596
EK202310246184,133.16783505799464
EK202310175646,159.80206450107278
EK202310195357,174.99400233219257
EK202310180995,154.2085285499251
EK202320007602,151.19914747759816
EK202310125780,139.70715984072055
EK202310141209,139.668607134157
EK202310241145,154.12621703285808
EK202310214473,149.95607140089652
EK202310104412,145.59977128368664
EK202310145300,148.10983997226398
EK202310178546,132.40932399044004
EK202310222192,144.04608646344724
EK202310003791,128.48011627062337
EK202310164084,149.58975798726806
EK202310247625,130.71420982799776
EK202310179777,139.62221495037616
EK202310204086,135.72850509590387
EK202310199051,155.70777638327075
EK202310199503,138.8272817487622
EK202310124201,133.25436684063274
EK202310111462,141.09068174745178
EK202310149507,162.55202759335236
EK202310149626,147.18597743403336
EK202310196221,150.24519140339882
EK202310241259,166.59146061746986
EK202310110599,136.78835250441696
EK202310234816,152.16823054883642
EK202310179926,154.61743065687395
EK202310158821,155.83145216176436
EK202310203000,145.63588352673887
EK202310162317,140.2057757469563
EK202310125499,137.65563436583398
EK202310171521,150.81318437563237
EK202310155121,141.30815287730323
EK202310246662,144.6009456737858
EK202310222404,120.16316254511511
EK202310119271,133.4975734795967
EK202310179293,128.0248443899377
EK202310162370,154.3586493027939
EK202310185317,149.33110110845223
EK202310192836,158.91327350208934
EK202310197187,160.52537009961927
EK202310119438,150.82371236395667
EK202310154800,139.38044535863054
EK202310162887,149.22620174874135
EK202310114407,157.2456762107865
EK202310107541,165.88631668854572
EK202310165391,137.37023590310605
EK202310114222,136.88248858865734
EK202310108463,145.31409859204345
EK202310160505,157.9472912497057
EK202310175819,123.03689120277937
EK202310224211,142.58282729478748
EK202310181094,155.5395919875957
EK202310209683,151.31752324398008
EK202310144068,165.53786919482062
EK202310185016,169.19168337423466
EK202310242866,117.66760568935632
EK202310136700,112.41213063544393
EK202310129667,147.0346621946818
EK202310185490,149.4402313892616
EK202310180615,134.34056877171668
EK202310106120,140.09797323295155
EK202310139529,129.74229716281073
EK202310208712,144.76246597316123
EK202310202493,138.7311186951004
EK202310127493,145.891671679618
EK202310185646,139.13782723205986
EK202310236048,125.66474482071197
EK202310215422,136.92322774498174
EK202310154768,138.65582902994055
EK202310156660,146.56830035013326
EK202310215522,121.7865535115975
EK202310191431,148.76068527422865
EK202310219661,138.5080877781667
EK202310111217,122.99783292622475
EK202310142283,147.9083993652497
EK202310152451,155.04778797378862
EK202310131900,147.05939199290836
EK202310118813,159.99296754762798
EK202310158474,136.9993466912867
EK202310206038,182.69437781344578
EK202310140824,127.52692805861722
EK202310193053,137.50246634726443
EK202310239738,142.15939758875945
EK202310183514,162.7666577962821
EK202310228473,142.06426385447514
EK202310187727,143.53691190063262
EK202310208678,148.88434346051125
EK202310151445,150.37024802916233
EK202310129744,137.90778553261458
EK202310242221,147.9075016155003
EK202310140908,135.49360886116403
EK202310213034,135.51073229434084
EK202310162066,140.866208112966
EK202310166091,128.37609477856108
EK202310168349,132.1537331530776
EK202310204830,147.04081838355268
EK202310119237,135.44823778648745
EK202310177687,142.92198016227053
EK202310194046,141.0594875161619
EK202310120099,130.65404909240578
EK202310139982,155.5588144241563
EK202310172126,132.0269815799698
EK202310225892,143.24311595413968
EK202310204605,147.6439652245305
EK202310166382,153.26095323791338
EK202310164816,166.7609037387159
EK202310118373,122.45792304429219
EK202310141696,162.23118010277605
EK202310229964,137.8717206102153
EK202310127949,144.8520443038557
EK202310239375,189.72392057604893
EK202310173625,139.72817760468544
EK202310141849,171.0076480810116
EK202310115485,137.84707135497007
EK202310129234,147.8349982829253
EK202310105793,142.39639783001257
EK202310158046,143.59957483599553
EK202310192078,142.2724422370467
EK202310211785,133.12164380155704
EK202310194018,162.81194495146357
EK202310223067,126.68996366399968
EK202310131851,150.91182067267414
EK202310146819,127.64982090719032
EK202310240643,152.88496921042972
EK202310156305,138.72076522840933
EK202310207011,133.86350554294862
EK202310225288,149.7062843058778
EK202310246090,152.74992097638417
EK202310159743,138.16193717549018
EK202310160951,181.15261562684137
EK202310164394,138.83277373076828
EK202310172687,139.2317438726306
EK202310157664,143.8233611869063
EK202310186799,134.92280274204208
EK202310177813,165.42022530876397
EK202310135564,147.7918819429193
EK202310109869,133.76405716461827
EK202310232529,129.83672336750868
EK202310190796,138.57414082272948
EK202310157371,146.9351190732343
EK202310248440,140.51484364913125
EK202310236433,140.39362755353565
EK202310155362,147.7330796735406
EK202310178291,148.70528101897645
EK202310236912,150.291055874898
EK202310104076,138.65095909039675
EK202310192380,136.88341484470297
EK202310138804,135.28592206497441
EK202310151241,144.4308480058778
EK202310199540,126.42256300525304
EK202310173988,120.01404684946259
EK202310173002,146.5364995536438
EK202310243625,163.39482090891124
EK202310193531,143.84488626098545
EK202310114242,144.6295811930079
EK202310138736,139.60275269888234
EK202310190347,138.33563307356093
EK202310236408,143.4930956542799
EK202310120734,161.46058100694617
EK202310199091,161.73430373481756
EK202310163422,135.23908607797213
EK202310204728,142.03647924611482
EK202310130979,135.3603912575324
EK202310183928,163.12269290278172
EK202310149172,153.42266795445698
EK202310112222,138.40264300817188
EK202310135593,171.37711565127486
EK202310116248,131.86151909001964
EK202310139060,151.28287032656107
EK202310119677,172.77929786733367
EK202310158107,135.49822762832088
EK202310132346,176.74877101117286
EK202310134894,155.22928439898558
EK202310136486,127.8753336105474
EK202310129929,157.48881666638027
EK202310105561,136.92579075389207
EK202310154663,139.30601473084647
EK202310170691,160.4367031950535
EK202310129385,147.81051560484534
EK202310201900,147.2006192389543
EK202310167771,139.33639337935773
EK202310157806,143.29186099381357
EK202310149813,174.77200436985848
EK202310176321,149.6336137454394
EK202310114996,155.2718274189206
EK202310190897,159.25489260787967
EK202310166461,136.95270730502628
EK202310137821,137.5511406806408
EK202310112150,144.24355177417397
EK202310192173,139.60952461991852
EK202310173654,144.4253081112784
EK202310220329,146.7280561650335
EK202310202774,156.69897259093068
EK202310150939,138.46733408853945
EK202310155941,127.84910531720274
EK202310185382,140.9321230156294
EK202310237219,140.8908743215853
EK202310244185,124.07952166265665
EK202310221987,125.2165445972095
EK202310193216,134.01581100596164
EK202310145019,140.00895094319972
EK202310193312,155.45805921751437
EK202310121038,124.42852297112583
EK202310210609,149.54694326055642
EK202310198874,142.6743959302616
EK202310144516,146.45350236639092
EK202310110453,132.99427078090974
EK202310135805,128.7533717649608
EK202310128896,131.834761881396
EK202310183544,153.7002666150185
EK202310181264,135.5810827210115
EK202310204958,145.4317729131058
EK202310168271,135.0620072716561
EK202310219179,127.1967070177044
EK202310224962,156.66806251112533
EK202310210604,138.25756548218126
EK202310159739,162.605009425277
EK202310132707,158.28081606400406
EK202310105567,164.42924136219293
EK202310226814,145.4404817930668
EK202310217907,130.45185100191463
EK202310199396,132.20026125882828
EK202310105066,140.8920124198995
EK202310200675,137.71560345536858
EK202310237294,141.6070361288202
EK202310157377,142.16002414095897
EK202310229136,131.35678654415932
EK202310186430,116.96081185794318
EK202310163802,115.5994792936155
EK202310142202,171.9797603078497
EK202310195256,139.03060350820797
EK202310004248,154.76376863514545
EK202310195944,127.51913924765697
EK202310152129,132.94625969559291
EK202310235567,150.78776470002282
EK202310239108,164.98794172188343
EK202320007089,145.1523649575835
EK202310188372,140.23801030328625
EK202310177026,140.86209527128491
EK202310130893,148.68088936356685
EK202310145973,163.5861402460937
EK202310168876,124.30901260791265
EK202320005981,149.61163151344272
EK202310158643,143.42766587836508
EK202310186188,160.00414233247992
EK202310134495,134.24524192325586
EK202310247686,142.26190141450738
EK202310150624,152.19429892765285
EK202310205684,126.33728301474633
EK202310130971,142.87429167182296
EK202310109938,146.07430237828245
EK202310157726,138.09299971716854
EK202310217250,161.92713952763629
EK202310232228,131.57870153516996
EK202310212931,155.77677212036429
EK202310224251,138.75714827766214
EK202310177088,141.02619293244337
EK202310178114,126.50346151879003
EK202310133902,139.96966473502752
EK202310243447,129.41552922184437
EK202310203833,131.33843147642156
EK202310205106,149.20020113871155
EK202310244839,163.53410459318084
EK202310153612,162.3437422012536
EK202310168129,129.87734409006052
EK202310210315,120.29832635813219
EK202310221450,137.96942309357397
EK202310229011,140.73887318302656
EK202310109445,134.87030898885186
EK202310172449,139.7162208851721
EK202310173624,138.24108911383237
EK202320007778,136.69665998260433
EK202310191821,129.97976976414859
EK202310163402,167.3987302168644
EK202310198726,172.28357811074483
EK202310235035,135.4682773590033
EK202310190400,133.54853110112464
EK202310223143,136.08911316857288
EK202310134393,167.00602228479002
EK202310190107,147.88230772499296
EK202310199104,163.37923962649484
EK202310198171,122.07424479053121
EK202310126236,143.68521125003085
EK202310110975,128.6992938005002
EK202310163529,144.3305426149515
EK202310208517,138.70520981239335
EK202310229161,113.48721351876799
EK202310224145,145.28201278002757
EK202310245526,131.53489082422578
EK202310105925,128.27561568878906
EK202310241775,131.90632151443953
EK202310131256,139.20340438226222
EK202310167720,137.1454803986681
EK202310128585,143.114600326476
EK202310171250,146.90854324551083
EK202310136309,141.24073120291803
EK202310159794,139.183594878881
EK202310147802,147.12852185749085
EK202310217371,135.72455989478493
EK202310142272,140.48137088606393
EK202310192020,151.85572665123908
EK202310121935,150.32580611320236
EK202320007881,154.52943080881272
EK202310144741,147.60974571859288
EK202310237080,153.98325735545828
EK202310121787,133.18929019028832
EK202310157606,133.42872879979683
EK202310171437,167.07601775513484
EK202310108122,140.73085756095048
EK202310151362,115.22936607947679
EK202310115777,124.75593731823078
EK202310239193,146.60191536249891
EK202310233042,135.10303080471067
EK202310202833,193.85876265498607
EK202310113174,153.42392054387926
EK202310167499,139.623089721755
EK202310126289,138.4539218125648
EK202310129491,131.38843116349432
EK202320005784,149.47401808457178
EK202310170372,134.35831950555524
EK202310213906,142.9592337935501
EK202310199476,116.15421982685872
EK202310247011,151.57084849236028
EK202310195117,130.42530923328783
EK202310120294,141.19254818386688
EK202320007259,140.01562948641373
EK202310188597,142.88383427645263
EK202310165978,135.89338549483932
EK202310115867,125.22318038246279
EK202310193317,176.8571388850027
EK202310203873,135.79814587639066
EK202310205284,129.18048439517423
EK202310111575,119.49323275976657
EK202310225817,134.77804400049916
EK202310231254,126.91534278270342
EK202310183664,172.5925621442503
EK202310104179,119.79546817887643
EK202310230497,131.2105853389294
EK202310193284,148.8076028228901
EK202310147738,161.81830225336026
EK202310241264,168.601922306746
EK202310199094,166.1858525221757
EK202310128153,156.98376721022265
EK202310177426,147.86471260675384
EK202310106407,144.70015331638555
EK202310224168,158.94542117919153
EK202310182894,144.07887519656785
EK202310196624,154.4202677202409
EK202310174799,135.91733100184751
EK202310244287,158.3720787067931
EK202310158225,137.7890194287014
EK202310158700,175.33254231887167
EK202310194647,132.6523110781037
EK202310176945,140.7398633183911
EK202310242585,142.43287909290004
EK202310168424,160.50022311556393
EK202310155163,149.05094198190008
EK202310124200,121.03596705098414
EK202310167074,148.1127397726247
EK202310227610,176.17871402921747
EK202310172440,176.9160413106303
EK202310224828,111.14914438472819
EK202310125087,136.63698928727314
EK202310172624,150.22422858043132
EK202310212981,132.25246819321399
EK202310212038,120.82521486859038
EK202310181888,141.39398573196632
EK202310151373,147.5894379227348
EK202310151400,186.35037343719296
EK202310129480,149.20215664820125
EK202310105531,150.4682526387155
EK202310168802,146.9652297688651
EK202310143364,134.67771244733797
EK202310124872,115.7759477436131
EK202310204355,133.91308940900913
EK202310151111,173.14512997949416
EK202310208992,117.47723812275385
EK202310214546,162.34988018814067
EK202310149411,134.90893853665992
EK202310142260,134.03406804691826
EK202310164059,142.75236692854276
EK202310109215,138.8425186606739
EK202310199582,141.91620378866963
EK202310127468,130.64715480997944
EK202310142858,152.50555251963797
EK202310203332,147.5192300596426
EK202310158565,146.34233126315416
EK202310172619,136.14606170890795
EK202310107206,105.07486250578444
EK202310211213,130.0286764062485
EK202310172337,137.05823485668967
EK202310220668,131.21603876802567
EK202310153800,133.81601144862552
EK202310211090,127.38614237171322
EK202310189907,145.99144573497156
EK202310187277,125.99921806371242
EK202310196375,132.86529493817787
EK202310133091,134.04057083284277
EK202310126566,130.8829299644868
EK202310157696,131.3592430963119
EK202310170462,121.630276038664
EK202310187255,141.66069213439303
EK202310123459,141.71255631906033
EK202310145959,135.84762264290094
EK202310220363,152.9753079266059
EK202310139815,121.40869911457764
EK202310181913,147.5257341707307
EK202310109098,140.71926881770878
EK202310132727,164.8919722250829
EK202310122252,143.643805490844
EK202310167093,181.00282750574155
EK202310139661,150.8725981112579
EK202310174818,165.60911494451508
EK202310166691,131.52872956171382
EK202310003691,161.4764362548545
EK202310237525,130.05729790831268
EK202310117373,142.33161275159017
EK202310179546,142.68603094149742
EK202310126077,131.10911628946832
EK202310184499,197.6897766368961
EK202310186109,157.4637719862797
EK202310106103,146.47258754403887
EK202310112500,137.1160484431492
EK202310133741,142.53930898890144
EK202310109783,131.43503709757005
EK202310117249,141.22745772290713
EK202310203878,146.64163439741455
EK202310196452,136.74698370361907
EK202310181760,157.8725855149366
EK202310112276,155.96648585366057
EK202310190428,144.88809352273208
EK202310217583,159.0631293215787
EK202320005844,137.61280285754034
EK202310206265,154.77007232654728
EK202310221855,131.09935321503895
EK202310152502,139.8126443413268
EK202310119997,118.9473073504698
EK202310234516,130.56168090345528
EK202310109706,173.66110943418323
EK202310148105,130.85520757966614
EK202310154560,126.71493691617776
EK202310236829,121.60066865283308
EK202310167010,145.05627332170744
EK202310240372,141.32644142197034
EK202310129679,154.87720330551792
EK202310213367,138.07202129454637
EK202310198361,154.15213624745732
EK202310154494,125.55465843662991
EK202310247393,152.72044431273275
EK202310233217,129.7781271587063
EK202310147827,156.2215462226908
EK202310115117,149.98832633647947
EK202310148420,156.5743558047657
EK202310190832,167.90703919353564
EK202310134924,120.68454237324158
EK202310188986,154.2449965234802
EK202310129065,162.90449879269548
EK202310191867,135.5990643244573
EK202310134983,137.54744294414343
EK202310113731,147.87121371400434
EK202310201726,148.52314052841538
EK202310230201,160.32142336306777
EK202310168525,157.48681406674066
EK202310244486,137.32585377340803
EK202310189155,157.73652637999095
EK202310140440,128.05626027892146
EK202310106749,124.15907254864726
EK202310179762,137.69273367975518
EK202310129836,141.03662278709277
EK202310220701,153.52103846198816
EK202310186360,134.63178460537284
EK202310109349,152.86997233432396
EK202310201338,152.16792522741179
EK202310212253,132.97274278505404
EK202310155921,136.4773242410156
EK202310205532,169.776091648862
EK202310128471,154.80400496629437
EK202310201094,147.5893510959946
EK202310190383,147.49303917584547
EK202310110189,107.34389517272344
EK202310147602,140.42432484167784
EK202310198097,130.0085220047809
EK202310216064,128.00158921405693
EK202310211013,141.22739098246115
EK202310160719,153.35583697753626
EK202310176494,133.23936668671226
EK202310145249,139.77662737733323
EK202310235596,140.5265042034154
EK202310110412,122.49017985604937
EK202310200832,140.0559318962913
EK202310204509,161.0597314929319
EK202310149049,156.50806431683478
EK202310183661,145.6930693334179
EK202310216447,138.19171777625635
EK202310200320,143.10948296262487
EK202310161067,136.47291417255352
EK202310207130,139.78861374314985
EK202310145591,165.38103361128458
EK202310127977,157.19034405468838
EK202310161518,180.18900826920887
EK202310138156,118.32740025031741
EK202310244709,138.2952344048492
EK202310142566,145.09441458283627
EK202310124071,125.8742424870745
EK202310152858,172.4386082213715
EK202310190782,137.11240823886934
EK202310167544,132.18589703014098
EK202310192845,137.3049723543762
EK202310160817,129.42460731078165
EK202310196420,149.65890221634356
EK202310004827,134.03368652275094
EK202310227825,142.7005553459209
EK202310194467,149.58443847300867
EK202310113608,151.32152605215666
EK202310103781,126.7881555114277
EK202310221275,146.93696060964848
EK202310169673,128.52836187983414
EK202310190005,149.229660133151
EK202310188898,155.82866955417433
EK202310183079,150.9662560645299
EK202310166912,154.06315586238097
EK202310142437,155.75693714126584
EK202310212298,134.5177362007163
EK202310109551,139.75904541240027
EK202310222094,143.9832310096398
EK202310202049,140.27052824852777
EK202310212471,141.66434382379393
EK202310187583,154.17218535367044
EK202310188837,126.78035876098107
EK202310220895,131.51179826050821
EK202310108270,142.4170956015858
EK202310186872,139.39217529655895
EK202310156937,137.58684757062764
EK202310242846,155.6524564406636
EK202310186481,134.63083903887704
EK202310221455,138.54688088875875
EK202310180574,141.24283886868028
EK202310168049,136.0057618992614
EK202310133898,153.47158463939903
EK202310168746,124.40390744359198
EK202310212474,137.5717961716059
EK202310161742,145.91134774437683
EK202310181202,155.69685779757518
EK202310200036,132.256297200341
EK202310184172,157.60544015176757
EK202310239220,143.90888825497623
EK202310165958,131.4663544860135
EK202310212102,140.16486524048145
EK202310218823,158.66944838948893
EK202310151307,124.76969545943916
EK202310204250,150.41748685042668
EK202310183865,153.86124279500723
EK202310149510,148.24923126979846
EK202320006769,141.4962271816621
EK202310227796,135.6596516593274
EK202310248710,145.86067978716312
EK202310198205,128.79476526783114
EK202310135989,130.5164941935979
EK202310124456,129.6911702931979
EK202310221007,140.95629433394095
EK202310126207,145.30895544967734
EK202310181795,149.37067813413861
EK202310168767,140.81197990409362
EK202310119332,133.27953144134014
EK202310135427,138.4170799593622
EK202310206685,140.31964772685296
EK202310241653,136.33630301901226
EK202310196379,130.8850588929297
EK202310120248,160.83567782759417
EK202310172212,149.18765215637416
EK202310181585,141.9300247243063
EK202320006780,180.52655729722497
EK202310133161,120.21011380547048
EK202310109841,144.9369528626758
EK202310152371,161.44573305830775
EK202310125316,139.48186773794407
EK202310127854,130.11732467792348
EK202310208551,137.57601445299184
EK202310172019,134.18671153469256
EK202320005655,157.44960169449678
EK202310117833,117.18885771004
EK202310110950,139.02827546792025
EK202310244018,126.41355633196079
EK202310234592,136.5806123001384
EK202310136966,138.94281691433085
EK202310185914,147.66101154964713
EK202310236175,136.18439489804132
EK202310187917,151.78684918732156
EK202310004461,148.37903646103632
EK202310131974,141.0757336003286
EK202310184967,146.3921142797555
EK202310185067,143.88831601246818
EK202310236069,128.65350980440851
EK202310186869,147.0699455124127
EK202310149914,144.67123465379686
EK202310154439,129.75729254541875
EK202310117130,146.86572333454168
EK202310192819,145.08351836012517
EK202310158666,156.09436865879826
EK202310197005,136.16033148334188
EK202310203581,138.08993607859497
EK202310178102,137.4291274600155
EK202310224457,141.95192459231149
EK202310118618,135.5497928655509
EK202310185500,156.32575106743255
EK202310213431,130.64095613699772
EK202310201151,165.65099004298827
EK202310228224,142.08617486402176
EK202310148041,160.4009719825884
EK202310178742,160.29671032514955
EK202310227550,142.91682351795762
EK202310119869,155.31444576499968
EK202310146474,145.3898593504941
EK202310123299,123.0166902084622
EK202310187842,135.6743801980262
EK202310155425,142.34484892397217
EK202310210739,139.87683620643517
EK202310177302,168.1411175272679
EK202310202123,168.91831624177405
EK202310104749,150.10427913171011
EK202310185079,133.0260586203041
EK202310132781,134.6973063498572
EK202310193932,136.5066343786206
EK202310189612,127.63362876454315
EK202310201902,155.56779284136368
EK202310208534,149.07212152457848
EK202310189130,145.96601957057285
EK202310215684,134.7764968925435
EK202310160446,141.46088746949803
EK202310133958,171.13445921584398
EK202310176688,148.9241346271019
EK202310211793,128.8501217358435
EK202310210111,125.77550311155058
EK202310232666,123.64648161828173
EK202310128743,142.80314579604587
EK202310130719,127.43545790874882
EK202310004334,143.92901335249255
EK202310126855,139.02218397036657
EK202310152426,140.65333564423543
EK202310188746,136.28065141396033
EK202310236429,140.98090932354864
EK202310170500,130.28487328704267
EK202310124582,134.62745284317805
EK202310181729,172.43276396183333
EK202310224787,128.05078868001334
EK202310108930,147.256003086464
EK202310104434,129.6527376528181
EK202310115530,126.19815407794353
EK202310184629,180.16321865621484
EK202310217615,118.4376282654783
EK202310228010,133.7772097027513
EK202310199351,140.53537716829578
EK202310231067,148.0886853728808
EK202310215633,139.48202728674553
EK202310142323,171.286154688014
EK202310244740,137.0149618207274
EK202310173913,154.73200344508268
EK202310218786,139.8021795349316
EK202310215448,147.78037301326512
EK202310114357,148.62826876545955
EK202310197601,140.04089322045306
EK202310247322,162.5572912695373
EK202310231270,141.23144396461387
EK202310142374,127.92496330945825
EK202310117138,152.1335993889196
EK202310176849,127.94107118200724
EK202310109114,143.1401375753593
EK202310182696,151.70740995418268
EK202310135900,142.6737705213685
EK202310123905,149.23999341116243
EK202310130761,120.43505252229528
EK202310122276,138.5349826327344
EK202310121513,162.92307541882028
EK202310168032,159.54280695323726
EK202310213827,123.49302461050041
EK202310115189,126.19249621035617
EK202310138716,138.95304944958588
EK202310246376,137.13891731427123
EK202310227795,131.70661241948628
EK202310138696,139.4316720078564
EK202310194234,138.7987783373401
EK202310184761,152.81620515902725
EK202310162543,166.29164545951633
EK202310236480,136.82873982053673
EK202310209507,135.23388453906543
EK202310136499,137.76063207418568
EK202310204660,130.00551916329368
EK202310111522,141.4672566241227
EK202310105606,127.6615128661457
EK202320007453,140.4335147692526
EK202310232384,140.38667629917254
EK202310206748,129.51778816392277
EK202310241912,164.8750500828818
EK202310124064,140.07635360090998
EK202310122759,136.55478012484454
EK202310190369,185.1480581803567
EK202310186879,154.6600062296931
EK202310149694,125.78810286573103
EK202310223534,144.07595652055875
EK202310159550,150.366986787317
EK202310221243,130.42765385714668
EK202310244635,145.8471875331585
EK202310198162,127.1858114263276
EK202310125552,140.09127364673793
EK202310132850,125.81574751231508
EK202320005964,146.90650705356973
EK202310126781,165.05651344288913
EK202310147128,142.2900504226252
EK202310226818,143.56167508858894
EK202310124338,146.13031414920675
EK202310225790,139.8286638779213
EK202310144382,148.70293878353056
EK202310160141,149.69318677066764
EK202310177663,145.3128717609403
EK202310231419,127.28872700085735
EK202310141307,130.5309605751554
EK202310119017,150.00013470214634
EK202310219691,127.71492630550449
EK202310114034,141.2983655339664
EK202310207177,149.10822649452928
EK202310120353,140.95628456453022
EK202310003709,123.28541745035169
EK202310208102,143.77338394898476
EK202310117194,154.72441384921055
EK202310160414,152.67814465063427
EK202310128750,122.07338351932447
EK202310236926,158.89349827515153
EK202310230067,153.0886607025146
EK202310209445,130.2865463356093
EK202310237314,151.72997116681265
EK202310232234,131.46468966595916
EK202310150354,152.7877198877653
EK202310196951,164.0302075404019
EK202310194465,146.1918640678951
EK202310193016,150.47328081473512
EK202310151083,130.65414080523527
EK202310184367,145.52994639480048
EK202310112469,151.38614582476205
EK202310192489,122.68538460588226
EK202310224546,127.5308267283132
EK202310247421,161.11868866193194
EK202310194417,151.05987768534442
EK202310121339,126.6346666628879
EK202310190360,133.8169354095979
EK202310226836,149.57625724266907
EK202310168945,128.63186260650076
EK202310227078,137.00358281676594
EK202310232895,120.65727184463816
EK202310230495,142.8690899661444
EK202310246097,139.66794684828184
EK202310202842,138.2999395501576
EK202310220262,128.22578607436176
EK202310134200,126.79283320742829
EK202310203601,144.05088913265178
EK202310190558,137.33836561134865
EK202310232949,129.54743701226124
EK202310195423,145.4517579553648
EK202310164136,153.08812312736634
EK202310111473,145.19425099580542
EK202310194752,153.61080739057348
EK202310139201,158.515125322979
EK202310215712,153.1951210010036
EK202310126580,152.60403575247466
EK202310143206,158.38715817555655
EK202310222539,139.76039916646369
EK202310239797,118.21322180263854
EK202310157767,139.75884337865972
EK202310237925,149.76883637571825
EK202310227346,147.1362346312593
EK202310222227,128.88110091159936
EK202310231460,141.2439771294586
EK202310105762,157.68319772610246
EK202310149701,138.88404051967842
EK202310231185,133.06698835437643
EK202310187011,152.7526581473917
EK202310188048,140.364538118807
EK202310147979,151.19188902009745
EK202310136963,158.8725559686871
EK202310223233,143.24795609407562
EK202310147717,134.02251183848298
EK202310235875,135.0764550014078
EK202310146872,146.1899650015466
EK202310114622,153.0017514488192
EK202310127235,156.22345405401555
EK202310170129,130.11358263032474
EK202310174462,152.6133920505356
EK202310239145,142.2706817707765
EK202310103947,166.41236744743728
EK202310118725,150.54676947444514
EK202310181241,158.21826188249267
EK202310215016,155.8632909087418
EK202310197863,149.0289077691031
EK202310162387,129.68949787828214
EK202310108126,133.91677284858892
EK202310207445,151.67832405649622
EK202310003781,150.60475877718818
EK202310153594,140.13332881551702
EK202310234731,142.04071781476028
EK202310112047,140.87397379239877
EK202310246932,136.50175235014677
EK202310218014,134.82464297927135
EK202310159032,143.61184568642634
EK202310108938,145.02600709146265
EK202310126068,145.64750917596348
EK202310146294,125.10425873921307
EK202310197490,156.54573388118163
EK202310235805,157.0353412784154
EK202310244213,134.0252276981254
EK202310169974,145.20968201864713
EK202310180762,145.9248774636309
EK202310117588,131.06192892540315
EK202310146489,133.07647028670831
EK202310242008,134.27233255104184
EK202310175256,150.64733848940512
EK202310183438,144.70642939707403
EK202310216482,162.9189888724885
EK202310150432,140.43176216746667
EK202310224664,136.30577972924044
EK202310182573,152.6991143945411
EK202310227828,146.42157389578648
EK202310183759,152.65772312164165
EK202310168521,153.42240084533614
EK202310183715,143.42797074483752
EK202310142868,123.51190120753422
EK202310202199,138.91127708836635
EK202310167759,144.1069940706812
EK202310229275,149.60482957464967
EK202310229628,137.04884262472325
EK202310190352,143.73974669061053
EK202310234142,152.20461496164933
EK202310141693,138.2949239017125
EK202310133997,137.8447168921938
EK202310180676,131.5545226904046
EK202310127990,152.6840805642267
EK202310194053,179.62617420076782
EK202310240865,134.14728156424587
EK202310238191,136.6013778079009
EK202310218152,141.66676050538177
EK202310192642,127.07180190241613
EK202310113518,136.83165296358197
EK202310177048,148.03570360145636
EK202310003870,122.72736443659213
EK202310184101,144.7060146549012
EK202310123625,129.0477600662408
EK202310105534,139.24244668795285
EK202310130598,136.24355528309613
EK202310183150,158.75900300847505
EK202310223939,141.03573787401123
EK202310151237,151.47098431231964
EK202310150186,139.03200077610117
EK202310119286,158.65329338809264
EK202310147962,153.25164819936876
EK202310195618,122.25901139177392
EK202310146717,135.539670892166
EK202310226225,121.74476576570103
EK202310108305,143.2518380309502
EK202310132381,124.37350526899209
EK202310130474,126.38263373988528
EK202310123530,136.87806046993023
EK202310207610,160.88372984696173
EK202310142942,160.1542768752462
EK202310181486,143.62788432103596
EK202310227391,141.6728670958801
EK202310219674,147.6427507530815
EK202310231118,136.67543086242458
EK202310156122,143.7854924949449
EK202310168356,147.52260857648662
EK202310152965,145.3965343024599
EK202310240478,159.1429910151739
EK202310220260,121.16959865973784
EK202310166323,150.16567083962127
EK202310130108,162.56056183181312
EK202310139786,129.514985097765
EK202310163761,125.10154712501796
EK202310221197,140.67072799360352
EK202310194216,161.0706785852796
EK202310209659,130.4553979591172
EK202310214603,165.50338679676352
EK202310108794,163.72244172057518
EK202310152434,154.1616590879817
EK202310134754,132.35375238483974
EK202310236812,143.19036024792874
EK202310167567,136.54777437198453
EK202310203493,147.2407948984483
EK202310175040,130.96239167072477
EK202310205734,159.4388201975276
EK202310104881,145.59129438820557
EK202310188034,147.9504832374656
EK202320007581,141.0863395188411
EK202310004300,135.26395989623848
EK202310126491,128.1124473040467
EK202310236882,142.7059223913277
EK202310151164,145.28096652252637
EK202310106280,154.70381716453684
EK202310163693,146.95881941842114
EK202310168683,121.38803212198769
EK202310189719,164.58081958657476
EK202310233687,145.51976442303692
EK202310201579,135.65536261432374
EK202310202351,138.17555525464417
EK202310180846,137.3724076082477
EK202310170131,141.68742958499294
EK202310113992,136.76965562084058
EK202310225909,145.87134690824368
EK202310118201,143.13608641573657
EK202310184100,149.7255854135726
EK202310169994,139.8736451739896
EK202310186322,142.9522219383195
EK202310187689,126.43510390493213
EK202310241609,118.62169954671137
EK202310112492,131.697855136074
EK202310216335,134.52099660762389
EK202310207022,159.98120516955373
EK202310125948,137.69946607819128
EK202310127865,146.18952971864104
EK202310174681,154.60488794556312
EK202310233071,146.50861054551316
EK202310193133,139.8754721551513
EK202310132000,136.28906700945691
EK202310103983,154.00351413648536
EK202310191233,154.24060906317695
EK202310231154,135.01861685249216
EK202310116716,144.03229854839392
EK202310179545,140.95674410249111
EK202310206643,137.45895557695883
EK202310134367,157.23833558547486
EK202310176122,155.04307796888094
EK202310214013,147.15868016572185
EK202310134741,142.56002256543405
EK202310174213,139.38408093042372
EK202310141096,168.07772263627172
EK202310206920,161.74351315482426
EK202310194809,178.579291479458
EK202310202514,120.09362757328407
EK202310110026,156.01477519516195
EK202310104374,131.32340397681608
EK202310120332,118.12548185484155
EK202310157554,152.63852227874668
EK202310204383,124.23077755077225
EK202310208398,134.7582580193576
EK202310118265,125.90575176999717
EK202310231010,111.7761734619143
EK202310213437,116.62419738314505
EK202310146583,130.3040700623412
EK202310195386,138.61561188211414
EK202310228443,161.81286514853363
EK202310123135,159.11737780212016
EK202310142556,153.54478675679812
EK202310245462,139.20060151767552
EK202310234824,128.9140616298267
EK202310197141,161.11243711896174
EK202310229145,143.50481743795132
EK202310209147,154.9261869466162
EK202310214152,164.54851043651618
EK202310164947,126.30009534909921
EK202310222842,135.278388417653
EK202310211770,126.05710106154461
EK202310004960,148.4590643516891
EK202310239260,130.1006133597485
EK202310115431,146.00812724642086
EK202310202893,129.51674419792093
EK202310205187,139.529519342305
EK202310202065,148.2334750409058
EK202310127001,133.22668528682047
EK202310181721,176.25732503032341
EK202310161325,145.98287917754112
EK202310140540,149.01560694316208
EK202310167097,140.08231950148374
EK202310140718,132.3518747066273
EK202310149480,130.04892610171808
EK202310183531,137.9232361598751
EK202310148864,160.54073345020075
EK202310003701,144.59089265617882
EK202310144900,129.69169896223036
EK202310144750,148.2929732531324
EK202310162709,147.17381834549997
EK202310186895,138.90790405368756
EK202310226408,145.4884453680936
EK202320007110,150.0106079133758
EK202310162496,154.44220743347037
EK202310212196,143.47726681198478
EK202310239361,125.92642277915294
EK202310125997,133.95756226703392
EK202310246168,140.53460444909814
EK202310193381,159.71360486376244
EK202310190604,140.33804089219797
EK202310111954,139.30656422001485
EK202310176791,146.30333627807104
EK202310141476,131.5857092217317
EK202310221421,160.21607923884056
EK202310129409,155.0144004029648
EK202310122129,134.2802928251407
EK202310149924,169.27593600142563
EK202310179998,133.37969728158677
EK202310195558,149.85292076013428
EK202310112050,128.40143069910448
EK202310136298,154.6963609429447
EK202310146636,136.48516931999288
EK202310239762,151.46131285225846
EK202310200996,139.65371558167007
EK202310223066,134.10923732637528
EK202310167187,144.35870503235117
EK202310124533,166.16089406567147
EK202310143956,173.39886068094557
EK202310178323,145.09566342530144
EK202310224950,169.7548358458425
EK202310179276,130.20800058561068
EK202310246017,141.5599335828731
EK202320006428,169.54168928573634
EK202310241114,130.08314511178835
EK202310217472,144.20836123541926
EK202310162260,144.20615835955306
EK202310240436,134.45371184917857
EK202310198123,129.08177182017954
EK202310156200,139.59801594101634
EK202310141977,168.48969104118095
EK202310223019,133.1776005728534
EK202310193508,156.71889543057364
EK202310222293,143.310326620694
EK202310156492,167.86495324069503
EK202310180531,119.06661343619132
EK202310225433,140.51629927445782
EK202310127891,141.23892824633995
EK202310228056,136.7830986151212
EK202310106710,137.7010715098342
EK202310183113,130.69349975811335
EK202310180843,131.0754606651642
EK202310204705,135.76413546585533
EK202310140212,164.2957234924499
EK202310179669,114.97938986122884
EK202310212869,132.16904220654652
EK202310203115,143.70697146019327
EK202310131490,140.54642628423986
EK202310109872,141.59005041350972
EK202310150034,178.46668984580117
EK202310174047,144.99332911681003
EK202310247649,139.6702326482974
EK202310217502,171.70920870785486
EK202310133755,129.87867243687657
EK202310169961,148.282073162404
EK202310188670,159.736147183025
EK202310238912,153.40925329900517
EK202310113770,156.14103686492376
EK202310146729,131.52208081345307
EK202310185503,153.25001115521215
EK202310245764,146.97552643429222
EK202310242449,128.2420990544026
EK202310206998,141.48938140904625
EK202310215872,139.20413869208676
EK202310130322,161.32819972028918
EK202310107786,152.65560297095664
EK202310201622,150.61144286499018
EK202310125291,139.89921202749667
EK202320007483,150.524534597255
EK202310232956,142.8070447304641
EK202310134707,151.92162043358923
EK202320007480,155.0869360028085
EK202310203884,149.31872188305908
EK202310209390,140.08083811631474
EK202310105328,125.33977350622472
EK202310144128,131.8626199817634
EK202310115260,142.56652738327008
EK202310136404,127.94450042588288
EK202310200686,154.65502809015695
EK202310149205,129.87005317876466
EK202310224673,132.00278782983537
EK202310233927,138.90937006554455
EK202310231452,124.2405200173543
EK202310147484,143.51458024746336
EK202310227688,133.9598824961839
EK202310119870,154.26932079137381
EK202310230862,138.49534601133584
EK202310124325,130.70769115470853
EK202310174689,143.26553999379888
EK202310241097,125.53168460840402
EK202310201197,158.38615755260537
EK202310133296,145.36410674634874
EK202310233451,162.8530921377718
EK202310135940,117.85190776355778
EK202310107985,147.59853675067816
EK202310157602,137.52598291764684
EK202310139763,126.61579515794223
EK202310238145,156.93482815456122
EK202310168639,177.9730675159887
EK202310219394,167.6553126472561
EK202310216358,122.68383138241731
EK202310127032,132.86614873606715
EK202310148206,141.399833922954
EK202310227757,157.80637287745128
EK202310112688,145.2085261195592
EK202310214245,143.88685509133947
EK202310124215,139.55981337306213
EK202310132325,138.98346139582108
EK202310245630,132.15621350023363
EK202310159135,104.42062079615745
EK202310153895,142.74727201303926
EK202310211988,126.97917501572564
EK202310185598,160.5605159495009
EK202310192392,142.31341469837182
EK202310242881,150.06393888787014
EK202310153163,137.34821714858518
EK202310179601,141.05991942568318
EK202310241826,155.71511648069105
EK202310125720,134.4082739665934
EK202310106591,143.20265697544028
EK202310162420,144.59398438730045
EK202310133893,143.37433636609566
EK202310168619,159.26899726735166
EK202310142512,144.62540747079294
EK202310197943,140.18544999197073
EK202310176141,162.6690970835134
EK202310149618,141.30700602334943
EK202310226109,144.29913360108074
EK202310122228,146.86655544970182
EK202310176047,167.7147731899249
EK202310198997,149.58298009956331
EK202310232656,134.33917956655233
EK202310182446,138.07598011020568
EK202310139943,144.1722417554239
EK202310165615,128.2481294341767
EK202310142885,122.62580413234623
EK202310193296,143.3137300706121
EK202310121667,121.17789918671838
EK202310223883,137.2389917216515
EK202310143204,143.2155881386118
EK202310205226,130.7745915577769
EK202310119065,145.2268927311483
EK202310213461,144.05544699276075
EK202310120362,129.20406831279305
EK202310194154,155.0813988438698
EK202310107601,164.03866800136976
EK202310204833,144.80535053516166
EK202310176205,131.59472962842406
EK202310154960,132.21752756706636
EK202310130425,161.16938699474466
EK202310126003,142.1812227911338
EK202310192656,149.1482913384783
EK202310213037,155.56226965193363
EK202310243222,140.4848613410894
EK202310132202,109.22147044197075
EK202310235252,138.5088915043893
EK202310160890,148.49803236888525
EK202310198189,140.71634753273963
EK202310119695,140.36660263602496
EK202310172550,141.23147682006018
EK202310229494,146.64064783859956
EK202310004450,131.74261721323703
EK202310146462,139.84604893066984
EK202310113248,155.9099943872084
EK202310221078,141.8322077823665
EK202310124198,137.00787671326322
EK202310212260,125.71420753398763
EK202310134794,141.1936272953975
EK202310221523,130.29227613527877
EK202310219960,139.77494063718245
EK202310121234,144.3019692671036
EK202310233970,148.84263035187524
EK202310188001,147.99762722142037
EK202310163334,136.00711690611115
EK202310208205,143.4886435929572
EK202310130304,138.22937638740896
EK202310154503,134.6339192431158
EK202310170798,138.73169172172715
EK202310152846,161.6116829822977
EK202310130702,138.14389117589232
EK202310203151,132.05891880692693
EK202310217313,138.07298528427026
EK202310233757,134.47618146757634
EK202310138726,163.11539677496452
EK202310156939,129.54738880479434
EK202310129985,111.85895200132884
EK202310190426,134.71622958106613
EK202310171121,140.01541603973618
EK202310214542,138.25095175949804
EK202310168552,133.97584707610235
EK202310183003,136.70584878818937
EK202310123726,149.3412698525091
EK202310181506,167.86584109736603
EK202310237990,127.52282930458897
EK202310162825,151.55831798387993
EK202310224013,124.98874765112907
EK202310158873,117.73469205892569
EK202310137354,164.07781532986616
EK202310123420,145.80805293627958
EK202310225576,123.3321880114375
EK202310229941,138.79276657777262
EK202310229623,138.57200204039802
EK202310107612,135.05081769682317
EK202310246113,146.5065412343784
EK202310144693,132.59422220929295
EK202310116502,124.43081082591739
EK202310139421,122.96957343464823
EK202310112631,140.79943615179334
EK202310106168,128.3215440178507
EK202310207682,132.55146402129822
EK202310157085,170.27182633394142
EK202310245691,136.82882860819177
EK202310200879,133.1910505286168
EK202310131443,145.43529910379485
EK202310196154,150.60820722553464
EK202310231226,141.91279157999165
EK202310210056,127.39191579645203
EK202310114898,125.54261956751037
EK202310203643,134.1575328677377
EK202310160283,155.40773456288719
EK202320005966,144.2355492900179
EK202310167009,155.3855761160748
EK202310191878,133.39380822593574
EK202310152713,170.69608718218157
EK202310179861,148.92501603214006
EK202310153872,144.8500017619844
EK202310106053,149.42659674688224
EK202310189085,130.3904020515467
EK202310212320,133.8552312096187
EK202310147327,155.62920370268898
EK202320006343,154.7102909435229
EK202310178068,142.84833284900313
EK202310216051,122.8422304097428
EK202310120390,133.3897175762949
EK202310150611,149.60004978957954
EK202310170657,159.7932394494863
EK202310132614,136.56406570800905
EK202310130044,159.03819801803616
EK202310230130,134.6786273534114
EK202310142200,142.08923421233646
EK202310142024,184.8530846327234
EK202310199015,135.58012048642343
EK202310129011,135.6703147006848
EK202310162645,140.0832524250383
EK202310165075,145.90929254519935
EK202310242200,152.0687690488452
EK202310216319,144.9087704497482
EK202310168191,126.36831282679496
EK202310173505,134.35617694958728
EK202310197116,158.26162659445328
EK202310196993,182.01187019804235
EK202310190097,156.90821497948136
EK202310243824,124.09069277851093
EK202310185884,175.72063551103574
EK202310115378,125.37687339471205
EK202310203204,150.78064544210704
EK202310118547,147.60028783190873
EK202310228351,131.16226142374165
EK202310243844,140.61761495870564
EK202310169224,123.83807106524648
EK202310173833,159.73462791949132
EK202310182027,134.84360113403605
EK202310128404,138.42587188804006
EK202310221581,176.29045221725562
EK202310202028,125.71166771732804
EK202310140548,129.9399857656294
EK202310134135,127.37608609662126
EK202310192158,144.61987725519907
EK202310112502,143.42677724924408
EK202310113790,162.71610845050375
EK202310218316,131.5792650415803
EK202310188343,150.43347134561282
EK202310176251,163.6440580010159
EK202310201210,160.02973064706046
EK202310231157,138.42403369846684
EK202310195345,173.49275164535507
EK202310151257,146.2927217408073
EK202310156988,132.32621155967158
EK202310225915,165.82791955913302
EK202310239080,143.02415801618497
EK202310210523,121.97190404054551
EK202310130378,143.65563869962665
EK202310152365,134.2232953734959
EK202320005984,148.56693457080024
EK202310228471,139.15879784801075
EK202310121673,121.33301439785927
EK202310239395,152.9303479968343
EK202310198842,143.96485906306523
EK202310241420,123.09793911714485
EK202310231742,149.03187121827523
EK202310131099,145.5376652553306
EK202310188446,117.14848716672739
EK202310190252,131.7781156563025
EK202310236866,146.13317420469735
EK202310207108,151.7086891950112
EK202310184757,164.8560850455885
EK202310104389,136.388383863899
EK202310217076,136.41848607165994
EK202310106797,143.01212901519716
EK202310216511,147.21504105620798
EK202310209342,151.77961256415443
EK202310183200,159.34189765632655
EK202310145433,168.49411875563652
EK202310140014,134.13795943931095
EK202310125223,130.62189963280545
EK202310140119,142.83424137816897
EK202320005700,141.166621894617
EK202310194061,161.39702566619192
EK202310195873,156.20024423270294
EK202310220232,152.7448968555406
EK202310216119,138.55350900119245
EK202310134968,154.86809009362506
EK202310174540,152.38909467292441
EK202310185424,124.1475759978784
EK202310125685,144.06570910645235
EK202310234710,132.04293290446157
EK202310214117,174.86288710370562
EK202320006910,137.4997516142994
EK202310231049,138.82758014414594
EK202310195331,180.72273596027298
EK202310194304,146.70007041365966
EK202310171159,130.00862385540242
EK202310138049,134.82437901379203
EK202310198003,133.26762057832087
EK202310159099,143.01941288563424
EK202310216629,136.33455408713675
EK202310191293,148.22166748047803
EK202310174065,152.5318874055226
EK202310191081,161.18409940681533
EK202310122728,122.7187228585418
EK202310244744,136.71787588543935
EK202310226033,131.19822063312034
EK202310232759,157.87602670821136
EK202310196945,155.91253920628893
EK202310223385,155.34674903763428
EK202310219176,140.07441568834471
EK202310131076,153.95329252004285
EK202310204889,140.96709231961373
EK202310125633,165.7680730951147
EK202310153304,192.88067406790327
EK202310138923,141.74705015691765
EK202310110215,136.00216282724412
EK202310212666,139.7071375534337
EK202310219342,131.35772748968162
EK202310161803,141.81789197535463
EK202310120553,128.33251451102365
EK202310230584,148.57378822420748
EK202310224579,126.23556228368936
EK202310171422,135.8133651004452
EK202310106867,133.63618086353355
EK202310121769,144.98841548596894
EK202310215792,135.3332200829882
EK202310138205,116.69289699248039
EK202310189070,156.64824771467374
EK202310151230,141.82354846814727
EK202310108779,139.43865462171198
EK202310167488,157.9144972333026
EK202310243336,129.5725256162309
EK202310124223,122.99063403946386
EK202310240547,144.38761197674472
EK202310191562,165.39034938364793
EK202310140508,124.53486187238443
EK202310119457,135.79306684600107
EK202310179610,118.46478200050518
EK202310146453,137.86283430301438
EK202310163261,168.51335279024886
EK202310214487,170.7286291207942
EK202310195013,136.93254126790288
EK202310129643,139.1285868727892
EK202310106761,137.41000571029605
EK202310132636,141.41704428436447
EK202310205792,139.83691353252345
EK202310176096,127.42887739423064
EK202310132675,140.47790002080367
EK202310203792,120.82291284627114
EK202310188904,141.78986401109083
EK202310233751,134.05931370296963
EK202310105923,126.79193397289994
EK202310176082,150.16029153369797
EK202310231901,146.69087729404987
EK202310117263,136.77368824999348
EK202310189853,154.81012220672608
EK202310161443,134.4447422060998
EK202310245106,163.96616348588495
EK202310203080,152.03794071880455
EK202310229771,132.6578915832099
EK202310178345,140.67296904287033
EK202310212555,154.07127943351068
EK202310183797,153.6621941269225
EK202310247956,126.98866828357481
EK202310137158,149.47248213187666
EK202310121175,151.98253339651546
EK202310142530,140.9106362307249
EK202310145622,140.59969189561565
EK202310110044,152.05391090750538
EK202310141565,146.1311871557008
EK202310203553,144.49914482201123
EK202310186294,144.3456160977335
EK202310232455,142.38878132080853
EK202310234707,120.47941779990673
EK202310190127,149.54221685050464
EK202310116984,119.11137241056181
EK202310113225,143.58761229828173
EK202310153087,157.00126787349657
EK202310162145,129.50104658613793
EK202310241242,164.1302989422362
EK202310199480,137.8791765765175
EK202310133097,146.8214437469929
EK202310148951,147.81358295794874
EK202310164526,168.3365169879599
EK202310157028,138.04969018179563
EK202310174361,146.97324654069027
EK202310186033,129.23488756115012
EK202310218703,126.85903121869097
EK202310179140,129.14776782187897
EK202310185393,149.32485238051603
EK202310109267,128.8709185497684
EK202310188479,136.43276277289232
EK202310132207,150.40513696941863
EK202320007399,166.9541666672646
EK202310118229,140.12164863019487
EK202310125154,140.05628501449468
EK202310140377,151.92997181645504
EK202310198868,132.65852246973748
EK202310209658,133.2514977281597
EK202310241949,159.342729947161
EK202310179752,164.8066877430509
EK202310117086,129.09263880961024
EK202310166263,152.84823056108644
EK202310203482,142.91944195826176
EK202310164665,147.7283166696982
EK202310168393,165.64406056110317
EK202310131582,136.64356365123345
EK202310150017,129.4358987370214
EK202310150912,141.20237897041818
EK202310117341,149.52013654418934
EK202310181073,115.3167660373574
EK202310172053,146.32570236744792
EK202310239963,143.5695999116869
EK202310132072,137.8797598954748
EK202310192876,148.48730125556702
EK202310152121,144.4890404141247
EK202310213403,131.33232497702843
EK202310239334,133.46759797842856
EK202310148570,155.38332142053252
EK202310155053,140.83958665815
EK202310132986,134.68610766748046
EK202310110729,157.96553357266885
EK202310174910,153.61179621512878
EK202310187690,151.41403293730048
EK202310127998,161.90697816268508
EK202310137683,133.9865686481344
EK202310108081,127.79642508449268
EK202310239262,154.64169750881396
EK202310182783,119.9670065245127
EK202310204488,150.04487489920885
EK202310199126,183.38656114559137
EK202310107243,132.2394085838638
EK202310105267,147.87980611822846
EK202310152097,173.66493127644455
EK202310125739,141.2905603383989
EK202310170277,139.00158830459276
EK202310237606,146.2127136361
EK202310234522,120.18022878442858
EK202310161698,124.19748085562752
EK202310165822,137.10409926468583
EK202310248288,145.91867315722993
EK202310136063,194.42954495571894
EK202310117203,150.40822053984195
EK202310154981,138.4440497456324
EK202310232175,141.4214285586487
EK202310144896,127.35901643661799
EK202310142768,147.9686129161523
EK202310160960,123.38672143206831
EK202310163131,139.44203080937334
EK202310239813,128.07466502784476
EK202310144375,144.50737667084528
EK202310175307,153.64229090205643
EK202310227665,134.52706419140577
EK202310132201,148.85360716849283
EK202310143654,149.59481241313205
EK202310197398,120.00587999923454
EK202310247650,124.91393795939211
EK202310218583,142.15174831449147
EK202310185132,134.26206412019212
EK202310166220,143.7740638169416
EK202310183470,124.35997037673471
EK202310193070,163.06086137513657
EK202310127467,128.05243168346993
EK202310208200,139.60375485069287
EK202310230712,151.49596320169462
EK202310137427,134.44456550805788
EK202310140112,137.29550708669444
EK202310223686,119.40246334347512
EK202310176982,151.45862144896336
EK202310118244,123.02353362050154
EK202310151713,136.39644373028003
EK202310212261,138.8696515779675
EK202310134611,120.5304297764325
EK202310120945,146.48879825617678
EK202310151019,152.55692528023806
EK202310141095,151.09213373026353
EK202310137745,130.5251935154771
EK202310225567,144.9700404230989
EK202310216872,159.13934561734604
EK202310212300,141.41432177004643
EK202310225881,152.52572935339467
EK202310151821,119.82080872865998
EK202310129868,149.2335475353561
EK202310156170,165.23126725651892
EK202320006992,133.69327336419565
EK202310173073,145.6188481537451
EK202310240592,137.01788262466505
EK202310128981,130.36230639487636
EK202310225347,161.04756429621028
EK202310107505,150.7960002803606
EK202310004769,123.86382818430477
EK202310192529,144.71253926690875
EK202310205344,144.534254429904
EK202310241518,125.70743775434208
EK202310188554,156.12402237392234
EK202310185562,167.81504738918048
EK202310154855,142.28074676864387
EK202310175481,164.99093316904472
EK202310157901,143.58797797209039
EK202310221152,135.7412732141768
EK202310200465,148.76730026990654
EK202310183211,115.63598540769325
EK202310194651,153.57748037618734
EK202310116691,140.88203679337224
EK202310219488,137.3967789402645
EK202310155631,163.23719368727535
EK202310168504,138.39274773396272
EK202310199253,133.5941195268557
EK202310221668,134.64667064091327
EK202310212285,128.66071290809347
EK202310172945,148.35554941639606
EK202310186658,144.00686099435129
EK202310222256,140.86311677775547
EK202310224152,139.86262510640537
EK202310128793,139.838801082223
EK202310120896,125.9817200234219
EK202310120399,144.99314657159195
EK202310169743,142.40503070882593
EK202310248477,142.5947572908938
EK202310116273,131.15812618475343
EK202310247694,139.72907752120116
EK202310215708,139.89547939652283
EK202310236946,135.41683412779048
EK202310200762,163.2441789369499
EK202310178415,141.91718920151027
EK202310144132,168.17558313624974
EK202310225926,131.18315287761664
EK202310148881,157.10944915470063
EK202310177347,168.14726621115562
EK202310213539,134.71502314359054
EK202310208401,161.8743481178889
EK202310238371,129.10763349624722
EK202310234534,145.20496698229093
EK202310136323,140.96749092915488
EK202310135243,127.91620144580997
EK202310202317,140.741449855332
EK202310226279,148.33840808728573
EK202310203743,128.0581476112178
EK202310205749,161.20958419653354
EK202310004277,161.7017943458881
EK202310113847,119.43004696304021
EK202310194210,148.92275586549448
EK202310183278,135.58622100582068
EK202310145260,126.59332942474501
EK202310239730,131.112337785143
EK202310228304,133.95513731541396
EK202310152088,153.05125353948995
EK202310154058,137.85688817884858
EK202310136681,138.2338593024351
EK202310117313,141.28939293021838
EK202310233274,143.05022416376664
EK202310179794,127.19327275142258
EK202310135084,165.77922103385652
EK202310206633,158.19635207027164
EK202310234183,129.57053741384715
EK202310143964,132.64824955358026
EK202310158947,153.05429914582209
EK202310137263,140.41321334416781
EK202310203360,153.20665892614028
EK202310004905,150.26624830709906
EK202310140955,137.46052355564345
EK202310214327,162.27075392303178
EK202310222556,136.87072680582847
EK202310128510,167.11884105931068
EK202310119821,159.92598482715485
EK202310120108,146.09594072705133
EK202310212000,124.02308758592193
EK202310105271,163.11068526026096
EK202310229500,138.2635447552746
EK202310110970,135.09486883730415
EK202310105364,152.3193970758396
EK202310108637,138.97005812374417
EK202310164376,184.00560180209692
EK202310230032,155.62148541361302
EK202310236376,131.86687979136767
EK202310181052,113.76787149417765
EK202310203281,144.96814075362067
EK202310181885,136.8416278936829
EK202310138885,125.18562886834978
EK202310121415,143.06957202917195
EK202310186231,133.3016318538236
EK202310212814,153.04179982079233
EK202310233197,130.7776286443525
EK202310184928,143.21513231953702
EK202310109218,148.15726261246584
EK202310189923,150.89066398867072
EK202310212951,146.94065555356397
EK202310166071,183.69987676011692
EK202310151335,113.82363240308707
EK202310106930,131.43457936004933
EK202310146184,162.13722826465596
EK202310178125,137.79746119354974
EK202310167170,129.06125907033672
EK202310144047,173.8006150906709
EK202310161545,149.3420156578045
EK202310110114,140.89293411573985
EK202310197034,141.6540985133669
EK202310125522,140.80699339253317
EK202310239777,133.4088668801545
EK202310183013,144.8142716387011
EK202310201498,157.29260586487447
EK202310233357,135.7858897363435
EK202310193361,125.41405648765962
EK202310160811,149.14786422551987
EK202310167037,162.4843903380598
EK202310209597,143.13376149220284
EK202310196969,167.22978983670038
EK202310123103,131.4997170323634
EK202310122187,146.17431753024806
EK202310197780,165.77112977705218
EK202310217861,128.73878760611322
EK202310239177,157.0494930673755
EK202310184410,162.45985284747613
EK202310198476,119.15534087993096
EK202310145712,127.14953638128873
EK202310125391,146.4591934817661
EK202310162973,144.4851331454603
EK202320007481,143.0381791233117
EK202310211032,152.54685734472548
EK202310184725,147.34172125804366
EK202310121942,149.54117166575267
EK202310146503,127.46019647227268
EK202310186497,163.35374706613433
EK202310141946,136.74003949104198
EK202310188222,158.8303645478343
EK202310237766,143.82263164527163
EK202310224087,141.22756162751207
EK202310245643,145.3682660973427
EK202310153868,138.83665930026427
EK202310117630,140.0804669666224
EK202310150168,137.63613556381924
EK202310104804,149.74832701569974
EK202310227586,129.0824826072581
EK202310226962,164.0126700818716
EK202310204684,128.12526130582978
EK202310106991,146.89788559215557
EK202310219834,151.58102313898394
EK202310240450,147.06170346230124
EK202310214713,138.98036039831956
EK202310153479,143.71401384835696
EK202320006589,167.49369432656528
EK202310151125,174.3895482395815
EK202310170205,138.8602826458605
EK202310174684,143.07784151113424
EK202310145286,162.22801752725292
EK202310174584,143.20296544314778
EK202310183058,142.951470416277
EK202310233099,138.08238998871676
EK202310144550,156.43860154918278
EK202310207112,133.15318206717723
EK202310232978,134.61396308736704
EK202310115348,128.98683814805443
EK202310183741,156.45598168840553
EK202310144742,141.4613364893161
EK202310178484,159.1231025422903
EK202310151424,190.22709298678683
EK202310223346,145.4410164856508
EK202310138234,143.5130022780369
EK202310190044,165.11815235309126
EK202310210164,155.05846646951804
EK202310175594,144.24117215361352
EK202310139802,142.86049133503022
EK202310133593,162.89842024859763
EK202310236059,129.60608214741643
EK202310247892,141.23126797555267
EK202310228841,144.5163526717452
EK202310142116,139.16041289848775
EK202310139752,134.96838204299456
EK202310247535,171.48658409781768
EK202310204858,132.28447246446927
EK202310127198,161.95658501770566
EK202310212663,129.64383770275458
EK202310133054,122.31313732775595
EK202310116254,155.0252430282869
EK202310140288,149.7859309580451
EK202310242550,143.24761410714322
EK202310208841,144.12931709956626
EK202310167295,160.73248379210762
EK202310109419,116.47701764069915
EK202310233386,149.84061070019956
EK202310214181,143.25869390340353
EK202310180240,145.84235791602453
EK202310181535,152.49496376282838
EK202310191715,169.2472638632914
EK202310157953,171.07455774324805
EK202310234893,130.24323532723483
EK202310160253,155.4529376250259
EK202310141553,117.04338402496862
EK202310207337,161.91157945297056
EK202310131278,126.73483879822052
EK202310178817,174.17247193903577
EK202310106002,139.38223310192257
EK202310166631,129.49528820418917
EK202310107493,135.41552524209038
EK202310194394,148.38844077327033
EK202310222252,152.16450090159518
EK202310247371,139.1459024037183
EK202310160792,145.6049707693931
EK202310225122,171.42380717480296
EK202310214184,154.89661755203971
EK202310191751,135.2545310978783
EK202310237163,153.79987684908556
EK202310225188,147.96834323973127
EK202310202616,170.32548785235028
EK202310143696,140.33901684453093
EK202310132352,142.3140485338865
EK202310214086,138.98300660233483
EK202310137011,185.6489743703011
EK202310248717,138.75993787065218
EK202310200235,124.87083298077907
EK202310144103,150.34090180640857
EK202310111910,135.27389927176145
EK202310225339,129.18400473613147
EK202310246108,146.35160613062078
EK202310180876,127.21483086553302
EK202310237122,130.5644512707716
EK202310112441,124.19099801751523
EK202310179395,129.455906666274
EK202310157137,143.86032744056735
EK202310136914,176.27657203363773
EK202310127925,114.16745439587831
EK202310210485,137.95971596047417
EK202310215065,138.0580312056822
EK202310113641,150.85461978847061
EK202310204283,130.44351067810334
EK202310150194,139.2014219647996
EK202310118749,114.71692695433669
EK202310186678,156.31603622416753
EK202310110316,125.47518997133014
EK202310190151,128.35715706190277
EK202310119041,138.77184392338106
EK202310140703,151.30936516683286
EK202310236754,145.29908816521345
EK202310200936,139.0567374258552
EK202310200923,157.0229567401004
EK202320005983,148.56250948484043
EK202310173120,157.15653017403733
EK202310131266,129.25359653053553
EK202310182913,141.00724714902307
EK202310126468,134.56961789564002
EK202310240681,150.81509370671583
EK202310163541,151.71163581211403
EK202310133063,146.46678298121932
EK202310187205,134.7691297909469
EK202310176435,145.6817756224048
EK202310113625,154.23379494727365
EK202310153932,123.48646817482685
EK202310216429,153.1319739624735
EK202310124022,144.134217628859
EK202310187335,159.68750542381176
EK202310227041,156.11077166476704
EK202310173817,136.52922816494922
EK202310131798,161.64669694908272
EK202310225142,142.59309329701992
EK202310180166,131.8011219426011
EK202310119416,140.5437799893792
EK202310200200,127.39532167365708
EK202310150439,132.01852309402358
EK202310130027,166.60470517880233
EK202310179043,146.08462952111086
EK202310183695,152.35616690187925
EK202310175077,138.66911827608385
EK202310112086,135.5830406428258
EK202310225730,137.04298427219652
EK202310215244,154.97039984691423
EK202310191753,147.93576045990955
EK202310174965,139.82108772098323
EK202310157557,158.36580583539092
EK202310159970,167.42405065308745
EK202310129081,162.16059054643665
EK202310107248,132.50793262525457
EK202310180853,142.5560277443575
EK202310181698,172.62899595192374
EK202310222641,142.4827937444897
EK202310189633,151.29952714275237
EK202310105178,148.01989886713073
EK202310109844,126.71964451424856
EK202310239039,149.9368587044358
EK202310114472,132.7384461143697
EK202310179622,138.59910776742515
EK202310115407,153.9071586632611
EK202310106728,147.07247229315408
EK202310206467,129.20768550737452
EK202310169318,136.9387066640547
EK202310113553,163.2918382153814
EK202310148432,162.8939208733965
EK202310224899,150.44453971779444
EK202310218411,125.76418543188925
EK202310108919,134.16437856188847
EK202310175334,123.31264498352662
EK202310225062,150.33185250958672
EK202310158879,171.21401493368555
EK202310226440,134.99451935758756
EK202310224115,119.1108189235328
EK202310148638,148.73056277170951
EK202310233064,156.19363060651267
EK202310158419,153.82700124482048
EK202310241484,135.8435731483304
EK202310163712,146.3650192738975
EK202310186217,161.94614502306928
EK202310142453,158.8305898929572
EK202310137405,131.40263203045077
EK202310185670,138.62913650502125
EK202310150583,126.82506946562353
EK202310227556,139.4422970295232
EK202310234889,142.94540100992194
EK202310111783,146.86126885114484
EK202310127384,148.7125741721899
EK202310113072,154.0812713261147
EK202310160328,145.22615148588463
EK202310188693,176.88504966409073
EK202310104466,150.57542160456669
EK202310143296,160.22251900049483
EK202310212529,156.28888244341795
EK202310207081,157.10452716895958
EK202310239036,164.8440351633715
EK202310114317,137.24470657791403
EK202310004599,155.1816139924083
EK202310165205,135.8564193453847
EK202310162068,171.51372774544296
EK202310109742,152.86726203731865
EK202310151519,185.05642414890036
EK202310164727,124.80645729650304
EK202310193975,159.53890678888695
EK202310176843,133.02001730012128
EK202310238118,155.08779530647158
EK202310231683,136.73819287379948
EK202310170288,155.1229434676887
EK202310233487,109.93002855526785
EK202310144532,113.30604155322905
EK202310118690,139.8233951917604
EK202310236135,154.62445488886993
EK202310220057,137.25902898275825
EK202310136020,160.6314249324716
EK202310120718,140.7402317785291
EK202310205363,141.27303324323773
EK202310110765,143.57179463035922
EK202310130164,168.17453900226724
EK202310170195,134.31474340068183
EK202310131195,144.13388433435347
EK202310197794,176.03246318371058
EK202310189698,160.55933465856398
EK202310180559,125.79423852152459
EK202310193333,185.30659830037592
EK202310164974,144.02320640618439
EK202310126083,140.17552926487244
EK202310189770,143.12603179207164
EK202310123085,149.07323019392865
EK202310130001,148.91628930022804
EK202310141464,139.4752132403567
EK202310116699,141.75687214888964
EK202310126001,131.3728599437557
EK202310153591,141.81724146201478
EK202310110843,147.10252803704932
EK202310234696,135.99114906896637
EK202310218654,129.26505841007165
EK202310160361,144.43485709786395
EK202310232799,151.82698533352763
EK202310172223,143.26913220457425
EK202310107432,131.50874296105152
EK202310115124,145.50139360067118
EK202310240700,137.2951013760359
EK202310166544,138.94164976054944
EK202310116517,144.82814408633308
EK202310209466,127.23953227365884
EK202310115034,144.6633990578473
EK202320007112,159.4530362729433
EK202310155572,133.72359857616036
EK202310184647,174.34814101797386
EK202310237715,132.15432506693247
EK202310140880,134.58535509320524
EK202310171935,134.40492457543687
EK202310110649,158.26947938331165
EK202310235243,145.7815176929332
EK202310222984,171.6141996867284
EK202310103848,133.18618197262938
EK202310200981,130.42316502410193
EK202310138670,149.7286340447645
EK202310116342,133.5541336191943
EK202310148866,136.23802307032926
EK202310136555,121.42568315276237
EK202310155446,171.48717235869972
EK202310147661,172.08367402155056
EK202310168674,141.43981085509748
EK202310142524,158.96110842889777
EK202310248385,136.2210322319139
EK202310165956,141.9806105672802
EK202310120604,120.62676074507827
EK202310158534,148.45336973623992
EK202310138524,166.2062178127099
EK202310231297,134.919019003581
EK202310231319,140.0239060499659
EK202310133278,128.41858020008945
EK202310142657,154.15030490249214
EK202310114071,125.59993093519853
EK202310116075,116.81127726652588
EK202310139321,126.53080308725964
EK202310232658,137.98303691566045
EK202310185531,151.2451030977517
EK202310231623,134.395373139605
EK202310183491,145.40974237671185
EK202310171783,155.63713545614317
EK202310116076,121.36113983995943
EK202310200347,147.82330776481743
EK202310189649,153.58259202180722
EK202310135957,137.15398811942157
EK202310245361,138.45376670498428
EK202310138713,139.86420297013797
EK202310169366,181.6657918297015
EK202310246917,161.87191408452918
EK202310183943,173.58143528018942
EK202310110540,145.86633571190168
EK202310170711,132.6808400640171
EK202310246548,188.98118022502456
EK202310174376,132.97812872903197
EK202310180261,131.62622185337094
EK202310232346,121.3801316130158
EK202310237154,146.23691583387225
EK202310171359,138.26123391118844
EK202310136595,130.16079174870458
EK202310144015,137.72783369664413
EK202310209121,156.02047430085048
EK202310222216,125.11041316032933
EK202310107905,136.5793422913118
EK202310188461,127.47485792842244
EK202310222800,141.24621205961776
EK202310217737,137.78921706250588
EK202310218371,131.48055401615468
EK202310208739,117.3283219800815
EK202310219741,152.70167964499157
EK202310211457,152.42807244305038
EK202310182740,163.159894198405
EK202310163470,138.04095941167725
EK202310245687,154.825883909308
EK202310168480,121.2868527025824
EK202310185027,178.4371490020803
EK202310194951,142.16028025416162
EK202310190588,146.9741887733782
EK202310177991,117.90459234934481
EK202310162069,133.45244649069522
EK202310125865,135.95234413538665
EK202310220126,137.51330423827758
EK202310158441,137.05674027205632
EK202310145659,132.62462030243572
EK202310129542,142.97448130363662
EK202310151845,141.2798372569117
EK202310230263,131.2184281402275
EK202310111108,141.7560155506149
EK202310171363,162.2242198969757
EK202310127866,167.7858675812633
EK202310129063,143.8231471706958
EK202310144099,137.95216675125192
EK202310140594,146.23730177281575
EK202310154125,166.0478701448654
EK202310131342,128.33353925627236
EK202310203912,137.45809908325927
EK202310118762,116.19585749699411
EK202310131877,163.44542722956842
EK202310106187,137.50107789236503
EK202310120319,134.65299222489097
EK202310209664,134.76146662654858
EK202320007072,156.53303770031508
EK202310121959,145.52568560779181
EK202310153089,150.82516694696352
EK202310151971,155.8388980697521
EK202310151896,149.65219876545783
EK202310135751,132.43085191682556
EK202320005711,151.77825384475682
EK202310134604,162.44545761343315
EK202310130128,157.86868167197548
EK202310241667,158.6013794639813
EK202310140220,160.96946980243032
EK202310190478,161.49640913075729
EK202310162552,140.9782104022431
EK202310169398,128.33004355256688
EK202310110027,137.95026804371653
EK202310242977,135.67167733908474
EK202310182314,128.93485782602912
EK202310147967,169.18993424053983
EK202310107549,167.61793791749022
EK202310209315,154.2410336534297
EK202310216226,142.96658157609096
EK202310172171,157.359065459918
EK202310198531,145.97541214936146
EK202310108550,137.52703984407216
EK202310201297,162.33601486697273
EK202310168808,162.59784133512665
EK202310212662,139.79789924128937
EK202310244470,149.06214543528833
EK202310111112,152.02432145719374
EK202310212061,150.58554697318684
EK202310131027,118.32503002800681
EK202310168347,139.61244191219353
EK202310138779,187.79714880129978
EK202310228854,122.14507967802624
EK202310156047,151.52718711172955
EK202310209290,109.91898362380273
EK202310121347,126.49650877122225
EK202310171158,143.8836138568668
EK202310233104,158.05167745807546
EK202310155615,138.79507082197702
EK202310179680,132.98739870714704
EK202310125362,145.78859778236074
EK202310107378,136.4409315963929
EK202310206995,145.0110083017991
EK202310205548,144.89049154025173
EK202310181487,154.6334671523849
EK202310165214,149.19342088393728
EK202310243818,132.25066901880308
EK202310139297,115.10926329021561
EK202310176765,147.9610585449177
EK202320006044,149.33811275886794
EK202310226154,137.54160652020036
EK202310246712,149.7008567021199
EK202310190930,149.55461615265924
EK202310216412,136.2940421421236
EK202310123615,145.38662085468906
EK202310155164,134.38307905860418
EK202310193422,189.56735072352515
EK202310183961,139.4458351923661
EK202310181902,150.47281745347942
EK202310123760,149.08575038693874
EK202310147302,143.16047051757587
EK202310210787,139.0685071460594
EK202310132847,123.19793336399715
EK202310126696,147.20084464930352
EK202310232230,143.4187534747818
EK202310223850,154.22900225652305
EK202310237551,141.69126664320203
EK202310188279,121.57736435509513
EK202310152561,145.6745647983411
EK202310197741,126.22451030008766
EK202310241557,147.26064649678563
EK202320005587,147.69936793143768
EK202310173993,135.66349370419505
EK202310139298,146.7787206794172
EK202310226418,139.45107261433026
EK202310120554,167.62520604196234
EK202310210326,126.14702122671812
EK202310124646,118.6809978712509
EK202310243187,134.9726079735018
EK202310111546,144.42599833896142
EK202310225889,136.53115400175503
EK202310239244,140.08274531620916
EK202310226952,146.1624583935595
EK202310154546,101.56201917737187
EK202310209747,119.27571520343108
EK202310208437,150.10329638002523
EK202310217996,135.37241957800686
EK202310154333,146.74492817862114
EK202310199044,162.87349053101337
EK202310193652,159.3312393264667
EK202310199108,156.07623397390455
EK202310138541,132.33933601270314
EK202310109275,161.51133431716755
EK202310241877,164.78545379389246
EK202310247060,142.2926033106321
EK202310233675,133.44075167663942
EK202310127980,158.05066458367799
EK202310216345,109.6412125502106
EK202310124692,130.7763555275926
EK202310214703,147.7156078295384
EK202310125176,143.50845497471676
EK202310230402,135.13463459215887
EK202310204376,140.80963240307653
EK202310003738,149.92204506547475
EK202310177361,178.39848656604653
EK202310142175,139.1517833510706
EK202310121737,115.60692150671213
EK202310231332,147.37950679338002
EK202310126428,142.1426559783558
EK202310208151,163.36181765800063
EK202310160932,162.2826824095699
EK202310201461,149.89725141229977
EK202310190429,134.2817700834201
EK202310180683,146.15482348340043
EK202310216976,157.1630211071679
EK202310125226,143.95507682073418
EK202310201559,150.816325713773
EK202310201026,142.14131844792485
EK202310241612,132.74458165537004
EK202310159055,166.76395000840006
EK202310128633,169.3343343222001
EK202310241584,130.24696844910358
EK202310124066,138.1747909045021
EK202310143999,132.8023405947564
EK202310127055,132.29457440233625
EK202310109477,135.95271523703462
EK202310142422,137.78215515352224
EK202310170493,154.09250877240848
EK202310245660,136.47221568161547
EK202310174604,144.19215102610488
EK202310145956,138.50323831605297
EK202310170744,141.0540888437196
EK202310137459,139.62533932484064
EK202310205343,138.36944540467184
EK202310113624,161.70857398630008
EK202310230917,139.1181091598023
EK202310131938,139.54110974422338
EK202310192653,146.8136914085266
EK202310233709,140.7106498323247
EK202310125722,151.5022679138607
EK202310167315,137.6433126092267
EK202310155548,143.8905513839842
EK202310143279,136.7555255864866
EK202310150075,153.14406558054438
EK202310122318,135.1516283542467
EK202310126189,140.84884565638498
EK202310226757,134.5260246084173
EK202310243030,139.70858673635092
EK202310130445,163.05567494671376
EK202310243191,141.9919296165095
EK202310203273,144.80064600356553
EK202310188485,142.12575703153564
EK202310230409,139.55728232750522
EK202310183553,133.75953005614187
EK202310220994,135.71277143639972
EK202310207037,135.0391861801113
EK202310165758,133.67901531167425
EK202310106826,135.0275422022117
EK202310120683,156.42974742786126
EK202310134934,146.42310018922308
EK202310165051,142.40929175831343
EK202310189221,122.75884832655201
EK202310157513,133.8707683622666
EK202310190280,146.86230617209065
EK202310123034,130.72969048375626
EK202310206344,185.57301226546366
EK202310135546,158.9763475939442
EK202310246417,117.59679750213839
EK202310220955,124.66107362455611
EK202310109848,133.139666180919
EK202310154849,139.07470650443318
EK202310110348,159.06230653659787
EK202310167034,150.21672459034983
EK202310113223,135.63058999460551
EK202310165666,136.05803161989647
EK202310235856,150.60439751078547
EK202320005842,121.38382413738606
EK202310154000,143.6569364931249
EK202310142071,148.51424691009302
EK202310209033,165.12134326337463
EK202310196340,119.26120518793746
EK202310216529,166.50292154554643
EK202310164553,148.58366355885573
EK202310104021,134.21333114456695
EK202310239632,131.57681040636425
EK202310225277,169.30985940735275
EK202310175861,143.26715500141674
EK202310129169,145.3567744790026
EK202310122145,142.58193597523135
EK202310227448,122.06256434030311
EK202310177969,153.76632229882443
EK202310193062,151.24903362019404
EK202310182763,143.49192461271755
EK202310235087,143.24633476377085
EK202310121651,142.37438403008235
EK202310212604,135.8803740032014
EK202310226694,119.89452779218618
EK202310004579,153.4220349084258
EK202310159373,131.42855465810348
EK202310177799,138.33472921199427
EK202310119324,120.96698832983947
EK202310129405,147.4935853136614
EK202310237885,151.866649125608
EK202310135421,140.32949161446604
EK202310175226,148.01275965890707
EK202310173605,162.87934441109905
EK202310111658,128.43462074589786
EK202310185671,160.88169016813202
EK202310196715,127.29451718269407
EK202310196589,129.51373159529604
EK202310199584,138.5845045488955
EK202310143146,140.20865054917118
EK202310121051,151.52136304083655
EK202310231042,129.89550472927277
EK202310194606,146.94284564254306
EK202310212236,132.45627357225288
EK202310153083,140.6355288596282
EK202310141649,145.63047511310288
EK202310192808,128.06277754198402
EK202310169365,165.64726166109253
EK202310189768,156.3808029017653
EK202310233720,141.4093487833142
EK202310247878,162.59223497933448
EK202310178488,139.18734070442946
EK202310151955,165.6056964733932
EK202310104506,126.61087664097448
EK202310205228,150.15926707043872
EK202310116841,123.74958297570308
EK202310105208,167.82114635021202
EK202310168242,148.0676053804873
EK202310172150,163.6722987597723
EK202310199656,155.51927520572718
EK202310202819,141.8970846259907
EK202310118069,131.04938671064514
EK202310226761,148.41176127501572
EK202310158901,120.58234244127581
EK202310221031,138.2586887381756
EK202310204076,127.23814922527805
EK202310146995,158.07341165211093
EK202310126768,140.52350917470338
EK202310167991,127.81636707995594
EK202310142215,124.11195841397199
EK202310128249,135.62200709194008
EK202310168392,159.98207914027117
EK202310241392,134.1651168519927
EK202310167654,138.79726021484933
EK202310124170,129.20852344608107
EK202310211894,150.6918313078921
EK202310213128,146.64054432614273
EK202310223813,139.6325954082029
EK202310106169,155.3297745910939
EK202310110167,156.65573194270667
EK202310237365,160.33567112983351
EK202310153054,145.97850998116368
EK202310138889,151.8552657540026
EK202310136676,128.77512890923796
EK202310177777,136.9045207370451
EK202310183311,170.56021950824532
EK202310192034,152.98209361307576
EK202310161294,146.08652376078433
EK202310215386,127.0374002266824
EK202310237862,144.58930516530467
EK202310124110,127.42532929999028
EK202310105757,151.69829943663726
EK202310131681,126.79663093239944
EK202310122852,134.19925719547615
EK202310106485,127.29126502072366
EK202310182695,132.99752699131943
EK202310238540,133.631855080028
EK202310104101,154.9253577003088
EK202310121381,125.80238590119889
EK202310200186,147.51846915687753
EK202310190609,127.99661093990234
EK202310230288,137.84454316182206
EK202310166620,151.19949666824417
EK202310147442,137.35044373246677
EK202310137943,137.23341541757128
EK202310208851,133.33605270158517
EK202310128623,126.00589430125046
EK202310179932,137.60525915552023
EK202310191123,127.27479168363723
EK202310222467,149.91782680294145
EK202310120128,129.81864493131135
EK202310143211,112.85551771407944
EK202310158431,154.49579675560415
EK202310200191,142.815723356509
EK202310121797,115.71068488432704
EK202310246836,134.14404133983265
EK202310122588,137.48487405612244
EK202310212376,134.8421888882942
EK202310202020,122.24471875049935
EK202310003990,147.09905555944837
EK202310195950,153.8252801970246
EK202310215709,169.94911991783727
EK202310140933,120.00798118842738
EK202310135948,128.20444252482864
EK202310156397,170.3514835169139
EK202310160468,137.9379932265252
EK202310181061,174.5380812986068
EK202310165217,154.7040904199304
EK202310221056,120.97275131316663
EK202310168493,128.136591756748
EK202310136547,120.53967123073681
EK202310247972,141.2632788886045
EK202310167486,135.7029000016065
EK202310240744,153.8319705408996
EK202310148632,147.9527427948075
EK202310199792,149.04548705533776
EK202310200958,160.3818554260757
EK202310171502,139.81484200514205
EK202310164924,153.80535829920646
EK202310175724,127.70477361152581
EK202310139433,130.48759742218397
EK202310217068,165.0591511228662
EK202310110561,144.94053346630605
EK202310248008,151.50421393618515
EK202310157048,148.07006282663204
EK202310141117,142.14424979929424
EK202310195935,153.5022399360207
EK202310168643,124.58645800471903
EK202310004252,121.80924769462288
EK202310151231,146.43506695035825
EK202310221120,125.36033621603661
EK202310115802,141.8837278543914
EK202310217669,133.0328125743414
EK202310179308,153.96750823686273
EK202310190511,133.5098242250316
EK202310189661,133.66522366225135
EK202310218561,122.24208602338476
EK202310216544,161.51105852371268
EK202310130093,138.28350692853604
EK202310227470,156.99582949336468
EK202310149720,136.9541535444478
EK202310123936,125.96981855151056
EK202310185139,151.04482827455067
EK202310164969,134.11778216978473
EK202310159566,149.12529146878597
EK202310153493,128.35751128270337
EK202320007009,171.4310908212939
EK202310149916,154.93997328720582
EK202310195613,128.85478445681588
EK202310234039,143.82897002231175
EK202310109288,138.94996582008426
EK202310212808,129.84822386980852
EK202310234197,130.40327967885605
EK202310157802,141.02298941118744
EK202310207417,141.6058400524572
EK202310245686,134.5527792719821
EK202310159054,154.72569310953986
EK202310183850,127.78525514672849
EK202310118502,161.11382525240035
EK202310128627,172.3099573041131
EK202310220287,133.31346849086887
EK202310199273,138.06516159825247
EK202310142033,156.03527407481678
EK202310229082,131.1181388516519
EK202310143807,143.24226168815
EK202310206645,130.5185757054995
EK202310211819,141.16028472832306
EK202310197690,160.10376588489802
EK202310197678,140.02869413455483
EK202310234454,128.08946334091002
EK202310120882,142.9101203614257
EK202310169899,175.7445281737019
EK202310202826,143.96545866052475
EK202310161402,184.14167671881606
EK202310121220,127.70449989856698
EK202310125862,136.11669654791467
EK202310197968,129.31311803938883
EK202310237174,131.51305560047928
EK202310134475,147.83731598722318
EK202310247308,164.21891086822743
EK202320007435,144.51920538978314
EK202310164160,126.3849562560749
EK202310122449,153.16000752251142
EK202310139591,134.05559884964745
EK202310141624,137.6892758638048
EK202310138255,146.18417871460724
EK202310193958,164.9435811137228
EK202310222645,124.94302273854473
EK202310105689,144.611181019391
EK202310219882,159.66617250682856
EK202310178757,159.86246781724623
EK202310241650,139.86505302471005
EK202310246447,131.23204245772803
EK202310217078,155.9410576545141
EK202310139978,146.4456902834089
EK202310241716,139.52847689636505
EK202310133093,141.83192403720625
EK202310243929,147.16634169284734
EK202310140929,165.6664444047676
EK202310191115,153.70227291794725
EK202310207003,121.26181196622588
EK202310145248,148.42498911060662
EK202310239401,148.7520218442978
EK202310155225,156.83462150540362
EK202310151560,147.39520108031866
EK202310177641,143.71891685944698
EK202310222696,124.46173777404651
EK202310150293,154.02029755938344
EK202310195144,131.72946550895867
EK202310243924,139.19334041775957
EK202310178439,149.0713762072344
EK202310195750,146.0668040291616
EK202310166551,125.44905444821785
EK202310217145,163.82832195139343
EK202310240066,150.2258440387873
EK202310199715,151.57691426048984
EK202310132904,137.21280671998488
EK202310154841,147.9612413770418
EK202310234469,135.61225380487076
EK202310114515,141.74370382086124
EK202310117966,153.04421447785143
EK202310137867,135.08379571715184
EK202310205349,141.3032210167416
EK202310112816,135.38261321234546
EK202310168065,147.88477971749938
EK202310169737,134.65385015424673
EK202310148917,153.15830650631057
EK202310196463,119.87154445125111
EK202310231207,129.86133580122538
EK202310128533,133.3629305166788
EK202310197226,127.76658306149942
EK202310154933,135.25133085299794
EK202310117103,147.4725642927707
EK202310165309,145.02519835339797
EK202310104246,149.85211517280504
EK202310105130,138.54774813275986
EK202310216979,138.42094466221405
EK202310193989,133.70003683230155
EK202310147207,149.00446009531132
EK202310135301,161.38763693227585
EK202310180058,132.96470168338016
EK202310150495,160.7583872326999
EK202310184503,166.19658755079436
EK202310107823,134.11053499404713
EK202310241936,146.2080176612987
EK202310186182,141.53567656938344
EK202310003976,143.15801442261073
EK202310156046,134.0289018615204
EK202310129628,159.6805830284141
EK202310142854,141.19432550629105
EK202310241326,178.09327832245327
EK202310160722,143.8916232943579
EK202310143237,118.8344410863019
EK202310107245,154.827439205686
EK202310114305,149.3943778970863
EK202310134035,160.09268045250192
EK202310199912,133.28715825463186
EK202310140410,139.93879616272568
EK202310183615,158.57320654905044
EK202310147371,142.35106847228974
EK202310111631,128.46769115180658
EK202310139777,144.90254855016573
EK202310176357,134.0848770062511
EK202310105349,144.06772007053982
EK202310238051,142.79128927974085
EK202310123087,140.02269151122928
EK202310199824,142.84549855113855
EK202310225713,136.73051845140662
EK202310156653,148.01192019120074
EK202310238527,138.74975130905258
EK202310148824,167.19765226227526
EK202310186203,152.41680065360248
EK202310105194,138.39137596859183
EK202310141266,142.58789860485024
EK202310126789,166.87984174902758
EK202310135067,175.77122217691516
EK202310222780,123.47855478420468
EK202310191104,142.9131527980261
EK202310244171,186.34999323022674
EK202310166225,155.52805882900293
EK202310217237,145.93223411044934
EK202310225459,148.19083058965623
EK202310109489,143.81843915589312
EK202310167581,137.18784960145118
EK202310127053,122.86180263498613
EK202310158488,135.09423888422634
EK202310134328,152.53972935561194
EK202310155326,137.7538609358672
EK202310181981,133.6278205850779
EK202310237066,139.30477384493125
EK202310123955,140.07103178933755
EK202310228593,141.43397346638258
EK202310190125,151.79321970697404
EK202310115548,134.920302372248
EK202310111782,139.5759704383435
EK202310243482,163.67248444859754
EK202310163452,144.88767456054438
EK202310123894,149.65592888866897
EK202310154308,127.7592329237767
EK202310125766,137.90004620635423
EK202310176942,144.58553826725662
EK202310127476,148.05747214376487
EK202310158246,146.896374500123
EK202310194016,160.32709210444253
EK202310227342,148.8226952504147
EK202310134667,156.00581755420654
EK202310123740,143.67594143031033
EK202310105769,155.28020672782833
EK202310228947,142.63395195377853
EK202310169454,163.20098680983585
EK202310104666,145.1944024181513
EK202310151168,138.03478479915242
EK202310233283,140.55712379367014
EK202310172969,143.83926074644992
EK202310209511,140.56319295599786
EK202310185148,155.18374659510232
EK202310181055,166.97986390644314
EK202310153153,152.38039191715745
EK202310187550,154.91654603027754
EK202310107176,153.94388059259384
EK202310144598,126.68911383314958
EK202310139318,134.58553533965826
EK202310160272,182.52181931132122
EK202310195091,147.29957426728072
EK202310186267,133.88178276925422
EK202310204034,145.52377490193695
EK202310128110,135.4316631693482
EK202310119313,137.4167384503018
EK202310157152,130.98315613354254
EK202310189194,152.81848196277514
EK202310115332,137.60396620826455
EK202310213972,125.28309066159137
EK202310174634,161.52017645612094
EK202310141976,136.6117621111523
EK202310217725,135.7061013724484
EK202310240779,142.71194513335277
EK202310133212,166.02584887599303
EK202310198208,154.33768614439296
EK202310185889,155.72608821019838
EK202310189206,146.01092631546265
EK202310177011,150.15017401924572
EK202310179732,155.7290686120179
EK202310224354,127.30688785863296
EK202310163111,142.88886849763108
EK202310194747,138.39383250134964
EK202310166854,155.92440308381947
EK202310242694,133.5016522448402
EK202310141362,137.7682095693878
EK202310183977,149.376051211801
EK202310179207,114.68336447361935
EK202310247546,158.46169254852322
EK202310140989,144.2949895880825
EK202310196104,145.69025556157578
EK202310004793,151.95525226126097
EK202310185123,145.76337440089526
EK202310160604,148.59150801386664
EK202320005906,181.0344112979305
EK202310216868,139.21833593083474
EK202310164383,174.08362570814683
EK202310135531,146.90274020629167
EK202310225232,119.23859664012093
EK202310152968,139.0283823425677
EK202310193329,181.85705659242046
EK202310208494,135.80122566893664
EK202310120865,127.145902834206
EK202310160731,144.34380672442984
EK202310143803,162.62418747930093
EK202310216607,131.41951418874424
EK202310183415,164.43289126604918
EK202310200013,134.96945286355057
EK202310104115,152.89169478474383
EK202310133379,149.60818210072034
EK202310131060,171.14221186316274
EK202310149753,150.42689399392881
EK202310148087,146.4299056803033
EK202310172156,166.24921385889368
EK202310118569,112.12615052540829
EK202310204670,129.90850576101462
EK202310234858,143.90190453518747
EK202310203722,133.86671952231717
EK202310232168,154.3694656746079
EK202310213536,136.37339027545625
EK202310113341,138.12207932986402
EK202310134517,157.52503317716653
EK202310175096,149.77130285679453
EK202310118503,137.52986737105397
EK202310206791,153.7243815746472
EK202310133225,134.2619355434368
EK202310139427,133.58040535903515
EK202310242973,139.51188609056314
EK202310230311,131.11931809113435
EK202310192098,143.14739623632136
EK202310139654,138.3460423606957
EK202310104039,156.7442832088622
EK202310218808,141.70123878368867
EK202310112932,149.94249007605688
EK202310139942,147.62681820984955
EK202310155659,134.2662103922263
EK202310225247,160.41290740594476
EK202310126309,143.99039415688085
EK202310132111,158.81436168173354
EK202310242286,169.706164000298
EK202310123840,130.35298026800868
EK202310210407,136.32545656645812
EK202310144692,160.58350055216656
EK202310132665,157.9366947316096
EK202310142951,157.13751154799752
EK202310239672,142.54744242609715
EK202310228540,132.1374214380148
EK202310134450,129.22899739777097
EK202310202201,150.50032737427642
EK202310237145,135.36884821259085
EK202310248506,133.3117850413671
EK202310181213,140.92288582510665
EK202310197495,149.22906653269186
EK202320006060,181.47638553688478
EK202310240535,156.14644453174088
EK202310238367,158.22093510426356
EK202310105848,131.10937208070976
EK202310153010,123.93056915898006
EK202310245093,132.61530371103143
EK202310133381,138.5548928014745
EK202310132940,138.66232523718855
EK202320007659,160.21926530326775
EK202310125644,131.17795613999107
EK202310141453,128.31870151902945
EK202310217985,125.51314201546535
EK202310105477,146.41913894386911
EK202320005870,148.7370025626828
EK202310148401,146.40133179280912
EK202310218056,146.0704117180132
EK202310104777,143.55658308839116
EK202310136506,120.07973352688171
EK202310243986,133.59531093476204
EK202310217742,140.91183757532764
EK202310149440,141.5866647594701
EK202310176195,124.04008100453963
EK202310147405,136.47637700348255
EK202310210916,125.55730207110369
EK202310136871,152.2311647723158
EK202310204028,136.59413058020834
EK202310236173,136.78419262768645
EK202310144792,119.46310496627817
EK202310199783,140.52790955985108
EK202310115630,130.30560166405414
EK202310171734,129.58211370696938
EK202310219359,144.0323411331157
EK202310136081,171.52787190950025
EK202310238195,139.3549554316293
EK202310168013,163.60609616423585
EK202310171083,155.53200332425084
EK202310211010,139.80754640124584
EK202310212579,140.9418866601054
EK202310129157,160.61974770446852
EK202310123465,146.70261083242013
EK202310192944,161.40704031227813
EK202310104057,140.08739805563138
EK202310140551,157.4100024510776
EK202310243448,132.31698893906847
EK202310238701,143.07907797548918
EK202310243934,134.84384586358223
EK202310225403,139.27026484969272
EK202310194134,146.7096499372758
EK202310223407,141.016793435558
EK202310164382,152.92294816280668
EK202310136103,179.85412582694423
EK202310208188,132.57634153075168
EK202310145816,149.669501444076
EK202310214812,139.5744446829048
EK202310202835,148.950725170124
EK202310125645,148.3136504224926
EK202310121206,144.44600285241188
EK202320006076,135.63814096166217
EK202310184640,179.04790212985228
EK202310141217,149.61149518164277
EK202310150527,133.6693179142403
EK202310125769,139.05072037363774
EK202310197697,155.64095305074076
EK202310206446,152.75043172366279
EK202310151327,129.5473729323181
EK202310175105,138.14966326916252
EK202310139134,166.62761927622705
EK202310119006,142.300918189082
EK202310109789,158.9197926034101
EK202310205096,133.097039328791
EK202310118587,135.88243496808505
EK202310171349,168.17506231475608
EK202310212106,133.8414729317935
EK202310191242,134.87929014197618
EK202310200352,153.880359686187
EK202310128949,133.0083194102038
EK202310122161,131.43249010569522
EK202310201553,142.33818793087457
EK202310139788,134.13930148747596
EK202310244144,145.09108693154147
EK202310003717,179.2494064889811
EK202310130693,140.1481910991561
EK202310183999,173.76209674452397
EK202310172800,141.96668286048066
EK202310161242,158.82213602626035
EK202310146441,145.57904086353906
EK202310117631,123.74580962387256
EK202310212373,141.39771097298626
EK202310113819,136.43523564952216
EK202310210848,127.5433602906503
EK202310158047,141.20095009259398
EK202310144950,146.57033139359478
EK202310229677,147.31440865651274
EK202310128529,140.44985199788877
EK202310224957,170.76104548566778
EK202310111880,141.12020842597386
EK202310104750,122.9346618770429
EK202310230949,115.88465079921914
EK202310123557,161.41487020836522
EK202310235606,144.2459662596195
EK202310198394,138.87341872774365
EK202310161777,132.30971626829148
EK202310134912,154.21332668241334
EK202310118238,121.73678831487722
EK202310154314,142.3714162321911
EK202310195062,138.5125449404313
EK202310144785,142.24988215404858
EK202310225938,119.86004047304385
EK202310145864,120.39670382838989
EK202310219409,136.5813815855129
EK202310140726,158.18289307572797
EK202310132055,133.66619156158575
EK202310176826,128.0347850388152
EK202310136603,161.98735343824447
EK202310131597,157.87292225299356
EK202310246396,159.7896920821596
EK202310238453,144.7944718445306
EK202310210356,137.25223221147542
EK202310238874,167.55362506207524
EK202310243980,150.93811556098132
EK202310130204,162.2396266386881
EK202310232972,154.24693506439374
EK202310132480,137.19599065119365
EK202310123064,152.96614314813246
EK202310116125,144.77111526986113
EK202310216605,137.85240063739514
EK202310135031,169.1868076283206
EK202310119678,154.8947614890349
EK202310156982,175.5640256077042
EK202310181434,152.33634274517897
EK202310160699,151.9667970680379
EK202310206737,140.44511346539107
EK202310179993,123.44440296264841
EK202310141387,135.53564284747276
EK202310210766,133.549650234882
EK202310109069,148.0095979418008
EK202310183082,149.36964528089962
EK202310184893,145.91079467733027
EK202310246516,135.89433798414277
EK202310229143,154.03025150319826
EK202310131062,173.10990816621407
EK202310185681,154.91783603138376
EK202310185540,142.23455485568635
EK202310114449,159.12154956596027
EK202310165928,160.01112162052917
EK202310107191,167.60980401078575
EK202310228437,139.30121176358801
EK202310143843,147.37017091161033
EK202310180377,155.19905505107099
EK202310241530,129.13623828919143
EK202310162708,163.26476274378078
EK202310138305,146.47320247450972
EK202310103875,131.3728281458732
EK202310125471,137.4736046406645
EK202310152377,130.88616782046932
EK202310113683,159.0943179323062
EK202310181927,155.4991408718788
EK202310176699,143.96503147913432
EK202310179246,118.82743591298694
EK202310218837,144.97818477433853
EK202310156548,158.36978292889182
EK202310169871,132.53550317474637
EK202310183587,182.94097471844088
EK202310223255,138.3187583808277
EK202310174418,136.93375744286047
EK202320007116,148.77037863922584
EK202310224284,148.91281329814134
EK202310174549,146.14836738587243
EK202310161579,154.37850938493992
EK202310147194,151.487221962991
EK202310112625,110.96413845583754
EK202310142795,146.15292799081834
EK202310187355,121.20668216287575
EK202310166085,175.3493625066276
EK202310173662,158.51741448355014
EK202310179128,140.4108800606303
EK202310178324,140.91502680054836
EK202310141982,114.8019814001938
EK202310200610,155.59250251812134
EK202310116989,150.08247075480327
EK202310148385,153.82495430066234
EK202310003411,131.4800134291723
EK202310247578,124.72422491359855
EK202310244685,178.65973325969213
EK202310129901,155.16537402912405
EK202310200914,135.80317678628091
EK202310129257,144.5983083672239
EK202310240699,140.46161326836454
EK202310216215,141.72671110710328
EK202310156174,142.79967822112098
EK202310221194,145.12044056112342
EK202310103999,152.40730220110314
EK202310192191,126.67567044250067
EK202310140596,141.58666015156817
EK202310143276,150.5226716609399
EK202310234844,145.5696336860675
EK202310187581,145.80165840982932
EK202310140028,157.50948033027905
EK202310246026,135.5364500643401
EK202310227430,155.1130287885696
EK202310132042,150.30553509834502
EK202310177593,155.44252037153012
EK202310141118,145.45991983299558
EK202310247138,150.1885589813267
EK202310130201,155.8556422591561
EK202310131399,136.24910573582477
EK202310175507,132.8063233424102
EK202310216063,147.14777521599962
EK202310247001,139.2346292579189
EK202310003515,136.34477010299744
EK202310174264,128.76330501432926
EK202310169815,145.90408499053245
EK202310110931,137.70746404975614
EK202310116115,146.96325189049728
EK202310124245,141.56305123339712
EK202310201777,140.30458236007516
EK202310166287,146.0211775890504
EK202310212681,138.19301244932268
EK202320006340,138.83611911814228
EK202310155270,136.63855986118202
EK202310115765,124.5280191400915
EK202310179416,136.57094326287273
EK202310115011,121.32556604612863
EK202310159851,147.70841515807348
EK202310185875,148.92188630415612
EK202310195751,170.10530774801887
EK202310212496,139.01132314699055
EK202310134077,133.01047249159328
EK202310125764,140.9257241047543
EK202310219281,137.08087639690007
EK202310138192,116.13467533030851
EK202310227717,134.82706917968062
EK202310178143,136.394732080461
EK202310137761,147.12931883307024
EK202310239906,125.94366923840177
EK202310190459,142.6978714887855
EK202310115727,128.48877437677976
EK202310244833,140.7317690404349
EK202310107229,97.42163762778253
EK202310224274,165.72504977362405
EK202310194396,157.8378833225714
EK202310134831,147.63532075759932
EK202320007479,165.17360707443675
EK202310170018,142.49443012991904
EK202310177337,184.01819925276283
EK202310119476,143.13602767872013
EK202310213475,141.0625258382177
EK202310206650,146.25167297451654
EK202310231785,134.1789648660009
EK202310222833,154.28389398682165
EK202310187301,132.65764277159465
EK202310111784,145.20377492125039
EK202310227788,133.2841464787451
EK202310150141,156.66399215838217
EK202310161536,150.90579108121045
EK202310137661,143.0481250789746
EK202310226163,131.79813696039724
EK202310223040,137.3948065775919
EK202310111512,142.47453561589762
EK202310211220,143.13591012361493
EK202310122194,142.79421831155506
EK202310182104,141.81236391490106
EK202310179334,182.36542071790228
EK202310179331,183.24425662978683
EK202310145350,141.7845387091838
EK202310201986,131.03635786844205
EK202310196946,143.70494203035108
EK202310217855,122.6471553632033
EK202310236350,130.77479115043656
EK202310229165,119.01056354980201
EK202310171617,137.9710908913547
EK202310115459,133.04041927884825
EK202310196848,139.302574208827
EK202310127398,145.65492361564543
EK202310205390,148.84872306564193
EK202310142325,158.19139412975608
EK202310196201,157.53145810392357
EK202310238646,143.14710176887246
EK202310230272,156.29071447835156
EK202310241132,153.1212883188561
EK202310212259,142.1505477076632
EK202310228514,137.41130367687614
EK202310238485,151.50371888225015
EK202310158861,144.76623436804695
EK202310227360,122.73107169544531
EK202310136436,139.02393017469495
EK202310231528,132.486433891395
EK202310221158,135.89612695480483
EK202310211507,150.74819064750494
EK202310190845,153.1617552274682
EK202310157714,145.2969748817666
EK202310135990,140.57388608624325
EK202310164365,140.2492803280642
EK202310153926,179.38458641086874
EK202310150008,153.82781297542815
EK202310141032,141.8543231103256
EK202310193812,176.20906559956825
EK202310137931,145.2444726781603
EK202310156495,164.51637761165347
EK202310122480,141.55495047237292
EK202310216486,149.61976397182818
EK202310222820,161.69240663757404
EK202310111196,145.46730403548034
EK202310150248,137.29239432543565
EK202310136916,145.22616955117974
EK202310107139,102.24366541754974
EK202310181412,160.62597058125607
EK202310206211,131.18985023408652
EK202310109768,143.6509524049122
EK202310206447,174.2840480664044
EK202310211977,133.2377705535495
EK202310235013,127.0214575265793
EK202320007348,143.26836412202246
EK202310128131,143.50091148249953
EK202310107501,146.04224397682188
EK202310247682,135.3804336586064
EK202310227429,165.04209334226329
EK202310204611,138.04738387192458
EK202310133183,137.50045478529717
EK202310218119,117.89919884635034
EK202310183206,133.14452573107187
EK202310232942,118.04831559747834
EK202310205411,134.01729691466406
EK202310166033,173.03472943156444
EK202310134596,158.0793818554931
EK202310136873,184.6206369629353
EK202310203514,136.82795733444908
EK202310126038,139.8970346854385
EK202310191150,158.00895005770826
EK202310129389,151.1911854971051
EK202310222819,157.12915743358573
EK202310152891,153.13518135279233
EK202310157272,144.21473850102552
EK202310135873,142.54507926323615
EK202310197559,164.32236298568046
EK202310169845,150.68005840402023
EK202310165585,156.48501775727
EK202310159036,139.80048556332505
EK202320007295,165.55299704686993
EK202310133662,140.77937333738788
EK202310189827,156.61655366267632
EK202310148841,162.08421034546228
EK202310146896,136.88694595074176
EK202310235090,134.04103164518995
EK202310119567,136.9779348339975
EK202310172433,168.20912150528176
EK202310247849,167.1477367018073
EK202310207306,142.2254807105436
EK202310183094,136.33849206349845
EK202310216955,139.4803258099543
EK202310192760,163.59744768863553
EK202310164280,132.09570394083647
EK202310203989,157.07299057239828
EK202310239786,136.74787570880824
EK202310105979,144.53144038008017
EK202310003640,158.90050811905036
EK202310240750,134.71850967224833
EK202310179109,139.84303629159058
EK202310150944,144.85319423130798
EK202310201413,145.4316486738867
EK202320007436,145.25437629020092
EK202310113726,146.61399622079634
EK202310122262,117.00320417158825
EK202310224480,134.07819669852978
EK202310194020,128.44446293006058
EK202310183018,164.39341377340799
EK202310181414,156.03460103684665
EK202310113303,128.05207256576213
EK202310108976,148.57670099057947
EK202310160184,132.76429324020015
EK202310210774,135.2245062936026
EK202310161905,157.70467989757506
EK202310142271,150.360873896559
EK202310172860,150.26519629274546
EK202310145464,132.32837120230818
EK202310004728,148.52706696665402
EK202310166310,146.56415815497607
EK202310105822,125.4397150067298
EK202310147953,153.82927176427563
EK202310108291,158.32277512785632
EK202310240186,155.4461285735495
EK202310136365,141.68725779395808
EK202310221390,142.51323835103173
EK202310229925,111.17536553949535
EK202310141278,131.25424864594055
EK202310246624,161.61292422442952
EK202310220360,136.85205026347452
EK202310224653,140.37965000923688
EK202310160368,130.4045788613705
EK202310126911,134.75620815454295
EK202310222925,155.96443593831034
EK202310200594,137.03036319800887
EK202310150819,133.25766744223708
EK202310129913,152.7971038683469
EK202310187155,169.98018174302214
EK202310221177,132.11584188731368
EK202310117855,145.72034863448278
EK202310114109,137.63080732001364
EK202310212056,146.41363790555826
EK202310235416,127.4719634694062
EK202310119909,155.6726672915266
EK202310234670,143.10025199549125
EK202310191663,147.94845710497466
EK202310157791,124.7091821279946
EK202310232045,132.74569846730066
EK202310177127,143.50417126736696
EK202310175989,139.46406022371022
EK202310127307,148.9571458393354
EK202310105741,157.2070461331493
EK202310174633,127.70274609100068
EK202310114332,139.76412565267873
EK202310176623,141.3314300775253
EK202310157384,125.27638834443326
EK202310230266,136.5698992313235
EK202310178822,152.87876739387593
EK202310174964,141.92037837558306
EK202310149670,138.94659507632247
EK202310189731,144.72117185807653
EK202310134729,172.13638818358606
EK202310198042,137.94455151548783
EK202310231499,131.74938080060596
EK202310155095,136.82240822088795
EK202310180485,137.8693414221364
EK202310198871,112.98060558318804
EK202310004386,144.595614011741
EK202310165308,122.57156970738289
EK202310131429,134.13645105730703
EK202310141545,162.77415781395047
EK202310184517,144.01776101532485
EK202310199293,118.88255930768005
EK202310152428,148.5888168706733
EK202310148889,185.33105443352025
EK202310187273,140.28786064495372
EK202310179239,169.5566251816756
EK202310235514,145.62295709961023
EK202310169287,145.6843964556169
EK202310240454,170.2590308542917
EK202310206328,159.50508617603623
EK202310108495,148.78205310652862
EK202310213966,123.71189290423341
EK202310196327,135.33146683058524
EK202310167665,157.8108538475903
EK202310171391,148.7029420447844
EK202310183683,131.56299332021746
EK202310157793,128.0769280946452
EK202310156197,144.96474446957183
EK202310198098,149.34285725846027
EK202310146704,122.30104226409527
EK202310218935,137.02924003084746
EK202320007401,149.50588286792726
EK202310137190,134.76963891896816
EK202310154815,144.424621190247
EK202310126612,135.12790880726558
EK202310120357,151.9187169588504
EK202310165826,143.8632842800569
EK202310214388,151.82814328032984
EK202310204549,156.38468038549672
EK202310209491,141.9872106380251
EK202310208295,148.29785780771712
EK202310196248,127.06427667637404
EK202310242787,147.2078480011706
EK202310225423,161.02295013596898
EK202310110863,138.49704983313433
EK202310117182,158.09387284969046
EK202310217191,144.75589151771078
EK202310193055,141.5962027468843
EK202310212058,145.6761465162628
EK202310103911,129.82497634862537
EK202310213355,115.81166012497138
EK202310175342,158.39032882715287
EK202310237346,124.53889696276633
EK202310186492,158.07057744652622
EK202310147951,147.46338090641285
EK202310191447,141.38833222187492
EK202310215972,147.44663503311108
EK202310199031,132.80051041632288
EK202310152507,149.69016327545265
EK202310143892,110.14875548817528
EK202310129112,153.25055941574357
EK202310152184,135.26857380328744
EK202310227166,130.21713971394442
EK202310182576,148.4232489026288
EK202310004383,142.92083538625036
EK202320005865,179.46207793403372
EK202310199455,149.83132812416488
EK202310230815,139.35725023308763
EK202310209305,142.74975868829102
EK202310138624,144.7548307591662
EK202310126039,134.63576015609368
EK202310131814,133.3672809461243
EK202310184163,155.1667664299337
EK202310118608,122.70076811158421
EK202310227117,137.50386592219246
EK202310152007,140.84092147734154
EK202310229187,131.36101397512329
EK202310139035,164.271115863142
EK202310175328,158.7326993627592
EK202310159155,141.29657315078654
EK202310239122,120.89325961427517
EK202310167140,134.56366342686732
EK202310186155,157.89671804681635
EK202310193982,144.46855351093558
EK202310138270,156.45937448854815
EK202310117049,143.9930841378383
EK202310142284,148.15101112990317
EK202310164426,145.56844797967608
EK202310176396,140.2797207822688
EK202310201189,172.82397452284948
EK202310004591,128.09052042946809
EK202320005991,148.85751421961834
EK202310231608,129.23832288650337
EK202310136139,146.88155977891978
EK202310113238,139.68975257157044
EK202310158141,163.61042487111817
EK202310126316,137.53768619341747
EK202310123281,140.12953042155686
EK202310167569,144.837396500772
EK202310174151,143.7526041733275
EK202310116527,127.70665633383642
EK202310193916,142.32308524369574
EK202310227923,143.9972205014084
EK202310240783,143.42460168778197
EK202310143752,131.719954601445
EK202310106162,138.50117278090008
EK202310107199,141.71131282380327
EK202310213671,123.15782865579867
EK202310208384,139.99198297934203
EK202310196006,157.92268957596315
EK202310134465,168.81982835040728
EK202310151047,132.12039024147052
EK202310124565,140.3545911049735
EK202310183135,132.3007999281588
EK202310213685,137.87629661620943
EK202310143407,163.44809507956901
EK202310210115,155.1657593453626
EK202310110851,172.65021457091132
EK202310229392,134.9589530627849
EK202310204386,137.16760700469572
EK202310235968,172.9462121480889
EK202310199913,149.68434551361267
EK202310138545,126.31733481257129
EK202310116537,142.72873772297353
EK202310134658,161.2828790438015
EK202310224022,156.51001975984
EK202310234186,126.78153561345783
EK202310163888,140.20595813191508
EK202310212249,133.99175404067586
EK202310140225,154.9451791453754
EK202310140896,155.44611286830934
EK202310186538,142.73176706128098
EK202310136216,147.7223315837029
EK202310108888,154.87081732893105
EK202310182062,152.13589153554253
EK202310163277,164.12318381843494
EK202310107567,124.1959880535351
EK202310120960,167.9422257825451
EK202310180719,141.2171929910978
EK202310131600,151.38546336060423
EK202310177372,170.44983099564584
EK202310126121,161.19549665948557
EK202310162878,150.22345385235283
EK202310201167,166.26665897411905
EK202310160968,145.18588696882267
EK202310197271,136.93013887136115
EK202310181868,133.511280800958
EK202310151314,142.47388061976523
EK202310164572,149.6681917615075
EK202310205777,154.49873892096946
EK202310138104,141.93120132007869
EK202310167840,129.07259226979497
EK202310226831,153.9933347352519
EK202310147830,152.90433295439735
EK202310197709,132.7211344881067
EK202310213022,139.86750956322808
EK202310193283,143.5131948901936
EK202310205081,137.67914180632087
EK202310122178,149.2177850981674
EK202320006555,172.13602015690415
EK202310237774,140.25224973492413
EK202310124965,144.4213103311554
EK202310186156,141.2517803315678
EK202310117980,144.06163190224726
EK202310125951,139.11334300123673
EK202310151873,142.91344807073517
EK202310207092,130.01873774251573
EK202310117489,159.6859760221493
EK202310216348,158.3134034477801
EK202310220010,137.00200165071033
EK202310214618,175.21362481871435
EK202310206863,139.3609655258747
EK202310109000,160.49892624102807
EK202310188574,189.6623615843186
EK202310165717,153.94780145600657
EK202310128017,147.49873979898004
EK202310165060,136.83543810305602
EK202310200674,153.5152766113681
EK202310221350,130.29489335343249
EK202310235065,149.35382982449931
EK202310163335,156.94485448904112
EK202310120881,130.71551881623904
EK202310137678,146.3795072710177
EK202310128015,130.2368944231099
EK202310234830,129.6958049607991
EK202310167377,151.75096056661445
EK202310164502,164.86062428525304
EK202310127391,146.8338540378717
EK202310179523,152.53723117842418
EK202310223246,142.13447222247785
EK202310108837,145.56013650814427
EK202310200232,134.34170865796997
EK202310204659,138.02989173163485
EK202310189046,159.50236260464192
EK202310137247,137.5726630200559
EK202310132734,137.36054859324355
EK202310136878,139.06539608936484
EK202310236360,140.38524613978217
EK202310228358,134.3992859771721
EK202310134060,151.84346997218572
EK202310165565,127.42548161475587
EK202310226873,155.23712665727172
EK202310189864,137.33624440230466
EK202310119822,156.9008738131292
EK202310139438,144.53955058383832
EK202310190768,148.42275287235006
EK202310165094,160.68433804666188
EK202310138047,132.0517355369039
EK202310166258,147.38363926988094
EK202310229510,163.6720358014842
EK202310226767,149.70274396997797
EK202310141133,145.6253807172374
EK202310109811,138.12584936775858
EK202310150474,182.9291328867152
EK202310179190,122.47030685708874
EK202310196236,126.79220492450997
EK202310209246,156.25988024560093
EK202310197990,147.98418225298713
EK202310207124,139.10603515520143
EK202310212257,138.67885840976743
EK202310108488,145.05137141642072
EK202310103709,122.01220110405218
EK202310232504,135.0721187387549
EK202310134238,137.89069947027926
EK202310123117,129.00070675014427
EK202310121605,152.9349366536718
EK202310173315,147.785896208971
EK202310121739,132.91802702181567
EK202310208354,150.7560265895765
EK202310161392,155.21359508399615
EK202310234724,136.11495108965147
EK202310111484,136.02851577251147
EK202310187014,139.73429553487628
EK202310104426,143.3240298094467
EK202310145898,131.09087671815257
EK202320006067,165.83659680337988
EK202310188463,159.20981698334944
EK202310140762,153.22805992661492
EK202310218714,155.7004057550452
EK202310243661,138.08484804124916
EK202310177326,144.92384700170035
EK202310234236,135.48258077097813
EK202310227958,133.9365578718631
EK202310118900,140.3126752698459
EK202310165267,135.76722075672177
EK202310230827,144.0633067091798
EK202310171222,144.6059370670912
EK202310162860,136.54103595996511
EK202310235544,162.58237462289597
EK202310161220,153.67656530042828
EK202310121708,173.04635663911506
EK202310179835,149.32665446523404
EK202310239604,137.16015213360114
EK202310219818,148.7414395097738
EK202310161568,151.0525260395795
EK202310160061,160.55786175405453
EK202310110380,148.35476113644955
EK202310246413,124.10547360080926
EK202310235850,141.0650197673512
EK202310165684,141.36884578734777
EK202310104090,126.63106029054151
EK202310243966,129.61469181003667
EK202310228270,141.36241386460986
EK202310110387,152.29662587120092
EK202310152984,141.3777549456438
EK202310223888,139.54814174562222
EK202310204934,146.12305595245226
EK202310162381,162.58298969258223
EK202310197868,138.79810338342878
EK202310107186,108.90209028464366
EK202310163263,122.42630152545507
EK202310198200,150.94461049380135
EK202310211345,138.50862183691814
EK202310226051,147.6062895332516
EK202310123297,153.8333144817684
EK202310140795,142.49543794550803
EK202310207289,144.84701497647356
EK202310225168,146.77999072699959
EK202310183349,120.710688632217
EK202310105114,138.16400716096553
EK202310176080,142.17642429626738
EK202310179405,154.63974073003234
EK202310190274,148.7771025035259
EK202310132186,137.0713962662711
EK202310146444,140.7628224505504
EK202310225702,131.79318530979052
EK202310218239,137.42169028205512
EK202310147577,135.88153822772225
EK202310183811,166.5286516828598
EK202310162937,140.31859706466162
EK202310157881,162.20797500187774
EK202310207952,145.53401703554854
EK202310141225,136.66673809489745
EK202310193030,150.97262795143723
EK202310122847,132.75329066936047
EK202310165669,132.66779059627927
EK202310114924,158.24247000555792
EK202310218309,156.11589191216854
EK202310208489,156.69145477925227
EK202310179997,141.88569262460916
EK202310147027,152.81391054425433
EK202310004319,113.93860527278025
EK202310175632,128.38894562285344
EK202310189340,175.19645824794202
EK202310177526,164.986831125321
EK202310207611,156.8142882261258
EK202310194660,155.939977738736
EK202310229979,160.18369005718904
EK202310240147,164.0382585024124
EK202310211637,132.6328247588364
EK202310149224,138.9262161740703
EK202310177662,146.5390702238283
EK202310179984,146.51985773501045
EK202310228864,167.48372258692515
EK202310180524,151.65653259217225
EK202310229356,175.59694887451735
EK202310149225,133.49379117399104
EK202310188850,145.99512533284204
EK202310237876,150.49551277508297
EK202310219004,127.5464845339958
EK202310125299,124.74267355203843
EK202310156188,141.77410759316254
EK202310238230,145.73210383971318
EK202310187694,139.43347574217367
EK202310158043,140.04363470450107
EK202310214647,149.2178869180394
EK202310221207,124.62585939871211
EK202310173575,169.36992936867688
EK202310113008,147.14168315512447
EK202310239053,136.7713130853675
EK202310104640,137.70832343140873
EK202310241514,126.46600864311984
EK202310004700,159.49764088342647
EK202310162482,137.86215984790587
EK202310119906,143.31836815526398
EK202310153205,161.73691273566877
EK202310114919,141.09838602243184
EK202310235152,139.0692265902679
EK202310203791,119.2969506574533
EK202310123842,142.21100238997553
EK202310141447,152.35195343624198
EK202310192629,148.50646798510653
EK202310244491,168.28452077559282
EK202310216050,120.19621164614497
EK202320007061,145.65847522773458
EK202310217253,153.56005129643864
EK202310187351,155.24130125112194
EK202310247064,137.7923969876546
EK202310215396,136.80245764833936
EK202310109791,165.65520954340835
EK202310238972,161.13041308307103
EK202310210241,139.2257804093275
EK202310138585,166.03357896154307
EK202310215255,139.20473031945096
EK202310181801,174.58991610118613
EK202310124314,130.31176868952008
EK202310175289,161.23660273619572
EK202310198498,128.65628043583303
EK202310154216,163.68915877725328
EK202310226242,147.76284837881764
EK202310127354,152.0312009979307
EK202310179264,148.60374460891018
EK202310139507,168.82504323358677
EK202310129883,156.3023439018985
EK202310232951,141.74787156533108
EK202310233288,144.83026068755984
EK202310121403,144.88380160475828
EK202310158908,147.56847314906926
EK202310147431,133.81557610731122
EK202310138917,159.08315022936466
EK202310149611,143.24423684362054
EK202310221612,168.1561098861801
EK202310143554,126.58987011130944
EK202310172722,130.2426784948496
EK202310199773,144.9617603979808
EK202310127375,143.51633730857682
EK202310225978,136.36170071316235
EK202310227248,146.95143330349904
EK202310116384,145.68750739619216
EK202310180690,158.21288567573075
EK202310122858,126.60330226286288
EK202310226310,126.24837494437958
EK202310195569,159.42516823431475
EK202310198823,152.99647365697763
EK202310121439,155.82697290282354
EK202310161947,147.4670111054718
EK202310232604,137.76092507027502
EK202310149617,143.63291432170857
EK202310146783,124.85320171559519
EK202310176164,158.27320643193602
EK202310135912,142.28590815318762
EK202310229257,166.1471049324575
EK202310235094,135.41722240051786
EK202310118246,150.8647799388303
EK202310185828,147.76694126010705
EK202310106494,136.94031192044372
EK202310146544,137.69909838080378
EK202310227579,132.71105678238962
EK202310248311,149.46225684300234
EK202310204884,135.59787215842445
EK202310117059,144.11811248275217
EK202310231772,128.50580838177308
EK202310139447,103.6264317496628
EK202310189968,162.78566182595705
EK202310185749,149.27835084586
EK202310110703,119.18081932635573
EK202310237233,130.48268349820913
EK202310240881,148.01716778444126
EK202310125013,156.56466600077005
EK202310128536,128.2749823549517
EK202310153537,163.39632785427835
EK202310190471,147.4515584740475
EK202310151841,149.1914724815616
EK202310202685,114.28857363631937
EK202310105765,131.3678279379343
EK202310136470,119.08912099130376
EK202310202012,130.62892406696074
EK202310125711,147.57624489848052
EK202310157673,137.15803205155615
EK202310164027,156.81946348133283
EK202310151517,181.45289212382102
EK202310180147,131.58844664199154
EK202310198373,159.0211292619023
EK202310204349,156.5411793512588
EK202310219251,149.36676365556738
EK202310172594,150.76158659038222
EK202310179118,130.7219667643837
EK202310150133,141.6796462997903
EK202310165331,140.4589382063344
EK202310163772,128.31562831183868
EK202310126377,140.7006310388173
EK202310145984,152.26220919231355
EK202310246976,139.1041840080108
EK202310113703,154.3182513617072
EK202310232392,140.65668939000503
EK202310236403,124.71947377643444
EK202310139475,157.19734448432445
EK202310192609,141.5973262890752
EK202310224294,169.35919108090602
EK202310152213,152.63245434036904
EK202310108540,145.89035717394185
EK202310210085,159.16679525313842
EK202310226804,142.21893552050818
EK202310137397,155.05457559731667
EK202310117951,136.57697207190446
EK202310193300,159.73433895652914
EK202310106304,134.34693193200883
EK202310129954,156.34020637619716
EK202310215057,167.44318491048008
EK202310139115,136.7581026996856
EK202310212736,150.38291966126238
EK202310135023,146.22163492700741
EK202310139581,172.48496501903227
EK202310199274,143.58126164188937
EK202310211965,127.30658089587008
EK202310246061,137.77347675569558
EK202310203442,138.70025385373415
EK202310181526,150.57994245097314
EK202310193412,146.4547016319695
EK202310139031,116.6591628389919
EK202310221231,146.56744664914638
EK202310134998,169.305688104314
EK202310141687,176.31543114685877
EK202310197304,147.6252014909638
EK202310201782,138.54137998518965
EK202310135431,172.40854301756298
EK202310208259,121.15896915499903
EK202310161380,114.46427594203773
EK202310186230,157.4531760928872
EK202310152403,137.53842864640612
EK202310116913,122.63746307304768
EK202310244061,130.35279306805404
EK202310135475,157.35453832906157
EK202310165270,137.1395581522443
EK202310138939,134.19883455709214
EK202310141892,142.79352410692908
EK202310124993,147.80706405938312
EK202310170388,135.47409770848063
EK202310157255,129.46813077811643
EK202310133503,153.97221114682773
EK202310175284,132.3059352476981
EK202310241462,141.9732419872241
EK202310154232,132.99414733994536
EK202310163615,163.12078230888977
EK202310197907,157.21910883930917
EK202310186389,132.28156199451752
EK202310245749,135.0052182475456
EK202310219676,148.23780227858038
EK202310190121,153.27794496466376
EK202310209264,138.50431691293352
EK202310210983,139.47887558341955
EK202310187936,148.77943118315065
EK202310133895,126.47617182880909
EK202310186472,151.38764073973758
EK202310206380,142.1683886677193
EK202310193643,152.97672618592466
EK202310225084,172.02894858201446
EK202310220518,148.47543439658645
EK202310169406,141.3808138776332
EK202310237549,136.3218342797075
EK202310109909,179.7273314557125
EK202310212592,127.51376438745906
EK202310179751,123.69353922067816
EK202310112820,143.25478489218386
EK202310195293,128.4830709037289
EK202310236702,130.87875024754888
EK202310145993,146.83233629066856
EK202310222902,138.37447039948268
EK202310189301,175.1996651797614
EK202310205807,142.65002671597892
EK202310163101,142.9577395333927
EK202310203688,146.25186991230726
EK202310174439,160.76689734595584
EK202310156353,157.77444348053473
EK202310162723,149.43986103102145
EK202310212065,122.3759254764568
EK202310004255,133.05493187632985
EK202310222006,130.86392570518473
EK202310194790,149.88771763034208
EK202310106043,143.36929769148895
EK202310242730,140.7824868232496
EK202310242586,142.40638324516965
EK202310176604,145.7849037702335
EK202310109635,139.33391120867634
EK202310216117,127.74730776781021
EK202310116981,150.18149228289272
EK202310221657,127.7791209342838
EK202310144341,130.29677185635603
EK202310228428,127.38267848462317
EK202310146265,150.86716064411235
EK202310209443,141.62832310172425
EK202310218588,134.94820970578215
EK202310108618,144.994131393952
EK202310121760,130.36462037041144
EK202310107369,139.37149419395064
EK202310115437,152.6915660811365
EK202310187394,152.09278375767428
EK202310165757,134.48181634289776
EK202310195111,152.89657799338684
EK202310188262,173.48122463597974
EK202310124663,120.30325003436266
EK202310143110,133.38374614712978
EK202310211384,153.03553059071146
EK202310118553,156.02644031967588
EK202310149358,153.64056950898723
EK202310164859,156.3095614924237
EK202310207799,136.9602931565581
EK202310172115,134.3554700328326
EK202310215359,150.48801177143903
EK202310161036,137.09533375047732
EK202310223447,119.15445808871323
EK202310181639,130.40752411593968
EK202310204435,147.24390812298788
EK202310104184,144.3324319033237
EK202310160295,153.11431173691176
EK202310192033,155.38323693675363
EK202310168110,145.823516830183
EK202310189097,157.7990242325916
EK202310167385,131.75283779644792
EK202310109968,148.10717817937797
EK202310198949,152.62130071180147
EK202310197617,156.5665337593511
EK202310108360,128.14063949701682
EK202310159270,154.0956204153197
EK202310145269,154.79818564857177
EK202310188812,131.8381553691938
EK202310125988,143.82366343403353
EK202310112939,140.7678174075113
EK202310247895,144.5387213732384
EK202310131311,122.45280239541695
EK202310183854,150.1341720924159
EK202310219712,157.7173072094527
EK202310160911,166.52510302275925
EK202310231162,147.53229735712208
EK202310135041,167.6578845145301
EK202310212037,139.02211011594258
EK202310226698,136.8031523949357
EK202310134750,142.99255165656638
EK202310148234,141.142121302567
EK202310174532,153.45271679704945
EK202310109167,133.49188060995792
EK202310197750,159.83373574848042
EK202310164476,137.98496426427903
EK202310233270,153.41702547594042
EK202310135322,161.01363390262702
EK202310209231,133.25903934031606
EK202310202820,143.41836932512243
EK202310174302,146.72056337760262
EK202310125602,140.33873850524077
EK202310158386,140.3387449955359
EK202310242062,137.6940855445736
EK202310141111,134.04164677171627
EK202310136233,138.6388387209047
EK202310236818,136.59889302063954
EK202310184555,134.69454456898467
EK202310198830,147.5909805929721
EK202310151478,189.43200969992017
EK202310231437,133.55313171359538
EK202310150468,144.79439888217107
EK202310241943,146.21018999484372
EK202310231053,138.70094101558095
EK202310154428,146.28676512174172
EK202310192603,152.97893877084712
EK202310161912,169.58436493204934
EK202310130902,133.1737845704758
EK202310183672,169.01091775750794
EK202310227046,177.08019467334861
EK202310166255,142.36531105639193
EK202310137864,125.68856546396268
EK202310116959,145.18352806344825
EK202310238412,146.46945768525194
EK202310171649,155.9104279820311
EK202310193766,139.00981891729103
EK202310123847,171.74004511054838
EK202310146498,127.09087081306728
EK202310239626,130.0825961153726
EK202310195302,139.36913044114652
EK202310212103,138.5300067550504
EK202310192877,127.77256252261911
EK202310111009,131.02117647114306
EK202310136743,130.22094289953026
EK202310195641,142.84708012403954
EK202310227516,147.423895017582
EK202310115577,149.15858661059227
EK202310215165,134.51460459538825
EK202310138284,157.11904726415372
EK202310126665,134.7490319696991
EK202310239150,130.01486248930118
EK202310203149,168.9593562077489
EK202310193960,119.05770404407292
EK202310171451,134.5819700174894
EK202310121337,126.66548561021958
EK202310117375,148.49726456155412
EK202310220920,140.913125894022
EK202310115368,140.5843256598102
EK202310156865,165.28135840539122
EK202310185189,146.24843863260188
EK202310122055,144.02724449723206
EK202310215356,158.33890288256288
EK202310147958,144.49665428956772
EK202310121750,125.84745342404531
EK202310173060,139.96035911682236
EK202310163776,146.67890563510926
EK202310220192,143.05362434497547
EK202310218549,139.76448424929706
EK202310157001,174.79185143136965
EK202310225119,149.40921126342175
EK202310204051,153.47370210359972
EK202310122949,130.7718731701027
EK202310121503,131.62955605901672
EK202310131147,150.7461196476111
EK202310108909,140.670276823823
EK202310151114,128.90238981224306
EK202310233392,145.6975999045368
EK202320007141,147.51779745755493
EK202310164522,145.00145923848527
EK202310177297,148.54156887991581
EK202310210546,141.5431184832858
EK202310184589,155.7175225324286
EK202310212117,135.9946631052991
EK202310133272,124.9042002590397
EK202310205158,140.62442653573595
EK202310174636,158.46128332083134
EK202310140946,146.8030299564393
EK202310117042,133.90100930053646
EK202310134320,133.10125354191013
EK202310229429,144.23543074119246
EK202310106153,142.04314017184785
EK202310247761,162.753732852935
EK202310227271,131.39583929442665
EK202310239428,120.53448375143807
EK202310215784,113.33448774314681
EK202310210318,118.25635316022861
EK202310141900,146.06992284745888
EK202310184802,181.98252030584283
EK202310165235,142.8255045361555
EK202310171404,133.7178663485599
EK202310210573,156.3940833821792
EK202310210122,145.23095397080783
EK202310150189,139.4897918467625
EK202310156048,143.63747533584544
EK202310172500,165.7880679323219
EK202310132244,126.8077742590769
EK202310245342,146.36814386029002
EK202310139313,139.99062819480312
EK202310207856,149.5436932550523
EK202310116311,135.21208429137425
EK202310208589,154.69169978706714
EK202310136325,137.23767947541077
EK202310248759,124.3117294280595
EK202310198653,128.5333228630265
EK202310195491,161.68885549261327
EK202310103816,131.81314436179196
EK202310207373,152.39420895263672
EK202310227064,137.25638850045618
EK202310138546,152.651256052399
EK202310205952,132.4081684761629
EK202310212677,155.53623181552848
EK202310228148,136.9843481200062
EK202310107729,159.16529584159252
EK202310211277,150.88078186253514
EK202310195545,143.0936267583203
EK202310116564,154.73283805856187
EK202310184823,149.86738887094597
EK202310170543,159.33847967874937
EK202310193619,126.4672428278457
EK202310239035,164.0000604788972
EK202310133171,130.43054613938662
EK202310227136,144.1004292203616
EK202310142625,126.56700532740992
EK202310244169,133.77808203965915
EK202310246581,104.86721162489988
EK202310165380,140.0161964414985
EK202310193395,128.6913311896156
EK202310109332,161.4015110911799
EK202310163291,162.29331610711628
EK202310124290,139.24303868167948
EK202310215739,143.5692896622331
EK202310241146,149.73463228871955
EK202310124580,142.10193124550173
EK202310211475,140.16210495800826
EK202310004503,161.81308808052904
EK202310143151,124.46654770992907
EK202310136531,153.52594771223104
EK202310119568,146.93775584434798
EK202310107515,155.42393634258457
EK202310189886,151.30041063806718
EK202310124398,138.7571732702561
EK202310125848,150.53868021212708
EK202310211088,142.25821340547168
EK202310156421,166.46763099879868
EK202310157177,153.08250348733657
EK202310211323,144.83793698730082
EK202310202592,138.47988301753614
EK202310194894,144.55106951220156
EK202310215071,139.0366629108987
EK202310202956,141.67999773258688
EK202310234488,133.59926131290229
EK202310187089,134.77273031022727
EK202310227517,151.564139591997
EK202310170551,160.00460474118302
EK202310189993,147.71228898961115
EK202310149202,134.86905078748737
EK202310229780,136.49113434502473
EK202310245465,137.42989613012256
EK202310218891,148.2243883842116
EK202310124812,170.82904493115655
EK202310208935,147.20072391781864
EK202310140658,129.42608932082175
EK202310183874,154.77702277392743
EK202310107413,131.56338473982606
EK202310194042,136.69667235361678
EK202310157446,145.13755649217566
EK202310199004,133.1270732855102
EK202310135601,128.96769737044707
EK202310201970,143.29680922972173
EK202310139356,135.4761010368912
EK202310134175,147.31399125800644
EK202310108539,147.57811476345563
EK202310177643,133.35476286370124
EK202310103821,128.12323686881908
EK202310206740,172.9975940699028
EK202310131433,123.05381730462136
EK202310204350,136.3976973345612
EK202310225071,126.80553617601615
EK202310211718,133.38329079488068
EK202310131849,136.12167414725548
EK202310153172,135.596374409251
EK202310132642,145.6959025549905
EK202310112845,141.94733238902023
EK202310177008,149.62217153964852
EK202310130444,160.05504723593882
EK202310147078,151.48760391400424
EK202310208564,156.1272711848343
EK202310194298,142.11441974573128
EK202310228548,142.88101053633932
EK202310187217,149.03591255869333
EK202310171794,139.0686246429262
EK202310174423,139.63649403928238
EK202310186521,146.20451353481087
EK202310189274,175.73980277094935
EK202310128594,123.57597274818212
EK202310213657,114.63578149960505
EK202310136140,89.77807803205017
EK202310144986,135.18957095705645
EK202310117312,156.77290470030024
EK202310165610,179.962579170622
EK202310130595,152.7839662025052
EK202310004575,136.97393165624928
EK202310119145,152.92454306698517
EK202310179788,144.79704796809236
EK202310247106,148.3972182436963
EK202310118131,135.92820781922126
EK202310144354,138.27106446469045
EK202310192108,132.77745090004146
EK202310169582,132.94155576119482
EK202310227386,146.27943661150388
EK202310174182,141.262756915876
EK202310222783,129.3826802718029
EK202310178639,158.59238806436008
EK202310245259,131.18255004223346
EK202310167257,145.79289384481143
EK202310162914,140.4319409074248
EK202310004463,143.80720698110983
EK202310207893,155.05995535653202
EK202310148230,129.31939940597317
EK202310116055,129.7117459184425
EK202310224157,154.3675628203937
EK202310114888,140.8458692507039
EK202310195337,172.05114811472308
EK202310216934,173.45700756649302
EK202310216677,168.96291727300394
EK202310188580,138.90680334446455
EK202310219727,140.27802305816613
EK202310166001,141.18584644463115
EK202310229705,142.05813054597027
EK202310209871,147.4992952315706
EK202310196361,134.66532422903362
EK202310234245,141.94530890972987
EK202310138920,146.7820715219176
EK202310122618,138.13917863188902
EK202310175727,139.91135235903766
EK202310155478,142.32517413229633
EK202320005560,137.99060161282785
EK202310110719,157.06081490408653
EK202310136240,147.091246885636
EK202310186251,152.3445907382066
EK202310216248,125.08134780435881
EK202310205301,151.8754158872742
EK202310211409,132.21198732255903
EK202310154889,141.0354248399762
EK202310133167,155.01858666865763
EK202310190742,146.95609215291904
EK202310181049,156.52966001685002
EK202310190345,151.66356422936505
EK202310223134,156.0186928958929
EK202310248510,138.65017320766088
EK202310177287,160.21204819439
EK202310127550,145.0196129071601
EK202310118313,139.60438448790433
EK202310222760,132.85663982881428
EK202310112189,151.41468071292095
EK202310141089,151.6651534566088
EK202310132200,150.41870385072372
EK202310221040,136.44638441709893
EK202310111716,140.68455223298918
EK202310206062,130.62138608055582
EK202310209855,147.9664582524857
EK202310104428,144.60127631013586
EK202310177723,139.1633369746136
EK202310003367,130.95864834434983
EK202310182125,155.0017023566543
EK202310194084,131.05327650733344
EK202310211789,130.62545570113372
EK202310132488,151.07954707956054
EK202310142803,142.6644670643841
EK202310181723,158.34820907485758
EK202310103735,143.98587115008695
EK202310219083,153.91580806058548
EK202310215988,145.0518903494541
EK202310234414,115.08612897024915
EK202310203900,129.91126954031228
EK202310137717,140.7700851219684
EK202310112769,134.1539582753959
EK202310160354,130.06499011255517
EK202310105028,150.15466219416723
EK202310128626,158.61069174713515
EK202310206626,148.16832479060344
EK202310247911,120.36139605042258
EK202310156966,144.86816593791326
EK202310111774,146.62285937292927
EK202310141388,132.70617584710456
EK202310105367,129.82267252444768
EK202310138470,132.42926727302168
EK202310238177,159.50389643095346
EK202310169946,150.04674677519256
EK202310189158,141.57830278363357
EK202310231981,147.40090778808462
EK202310174508,138.15404993860872
EK202310110650,119.62373216868235
EK202310195172,145.91150508474362
EK202310188961,131.1679376004547
EK202310219185,139.6387608844569
EK202310208623,136.22090391018423
EK202310128662,137.43342828953817
EK202310185661,153.37793748916917
EK202310157894,147.0609384551407
EK202310200928,159.32757443530303
EK202310004224,139.0934540690425
EK202310150214,133.92892961932958
EK202310111969,143.55068740017893
EK202310129506,139.29553603700097
EK202310127186,170.1344717168788
EK202310173377,122.38231860129835
EK202310163570,150.97264177639454
EK202310196742,124.84967782967789
EK202310167664,149.73782135808372
EK202310148814,145.88942830551187
EK202310200567,172.01001332538164
EK202310168414,163.53364301490188
EK202310203613,152.938704273013
EK202310247919,156.82155298017383
EK202310200083,158.18713364600023
EK202310148844,144.20773104289532
EK202310159721,146.72365611651932
EK202310131910,140.47377610993462
EK202310153522,128.59070148119545
EK202310212250,143.578327145972
EK202310111147,158.2303908483431
EK202310170237,138.97782102714802
EK202310166954,148.02938247302652
EK202310193804,141.01161842678312
EK202310180730,211.9229461489026
EK202310004363,158.37744398647254
EK202310123533,139.73561598922913
EK202310235018,148.77721494114235
EK202310176008,149.73736500288007
EK202310151334,124.13056619596358
EK202320007865,159.62891750697352
EK202310236423,141.208751449152
EK202310130270,158.97641812698456
EK202310220333,139.02858642226238
EK202310196344,141.50209481079128
EK202310218805,156.77802171119626
EK202310116838,140.02716893398983
EK202310185359,142.84237121302368
EK202310150318,147.57602311504064
EK202310121733,114.01918097251053
EK202310242000,157.30950935213946
EK202310193114,124.08615202185617
EK202310171559,134.0395980275969
EK202310122635,136.05983079886565
EK202310167040,175.33054336720053
EK202310166470,135.01829285990644
EK202310195612,131.4041734579196
EK202310233457,144.304018359465
EK202310185055,146.33892020033292
EK202310177519,154.0695887600986
EK202310247329,180.43615226059032
EK202310195549,150.77812884535427
EK202310144213,121.30835492000232
EK202310135438,149.01781288902254
EK202310226468,136.0845920156678
EK202310105289,141.4888322120874
EK202310120252,158.91619140954245
EK202310176662,133.87980385603947
EK202310114289,157.7614931302609
EK202310126976,134.51893911771506
EK202310207593,167.17303888272536
EK202310114272,136.19829417775782
EK202310199080,154.95508696701526
EK202310122669,133.22358204593007
EK202310180804,147.56726869426282
EK202310204732,167.12686451404082
EK202310200464,145.78506819634984
EK202310203808,119.96093153412974
EK202310212010,134.6878937479708
EK202310245942,149.91811092773338
EK202310004694,148.25562650785295
EK202310155200,134.37717126929496
EK202310164369,132.63139426474308
EK202310126268,145.8513975400904
EK202310170105,163.86889134413505
EK202310225963,141.24266154904598
EK202310114547,146.36341803644174
EK202310236239,137.1403890407982
EK202310112862,145.7731900900223
EK202310109972,150.03836448023404
EK202310132643,130.3397702760669
EK202310132419,149.42807769770445
EK202310161002,154.37749754800868
EK202310189189,127.02595967432322
EK202310148790,137.05462800195522
EK202310169154,158.90227517867626
EK202310196747,157.01234396646623
EK202310122266,150.13436948387906
EK202310115421,116.54203465131305
EK202310180521,153.42606779265998
EK202310167786,142.01054770813766
EK202310167076,157.128450973614
EK202310168839,133.6434050120888
EK202310110674,123.27891305900158
EK202310236684,122.30839335183438
EK202310128770,130.65685891509702
EK202310244917,156.69932519435113
EK202310128367,157.0179589827486
EK202310129004,133.3584917292941
EK202310231478,135.73366524755383
EK202310178172,151.24941932040886
EK202310180564,140.55826433901743
EK202310112326,133.44080286008017
EK202310200330,137.54165952396755
EK202310138725,147.72098341310428
EK202310177009,148.54454072571085
EK202310220598,168.01526579086496
EK202310200436,147.74641900028402
EK202310242674,142.9564072660313
EK202310222668,167.66108003163924
EK202310118184,141.24693211635412
EK202310138203,126.51455961629713
EK202310118829,133.48404724138936
EK202310185969,148.07584978808688
EK202310216351,155.6459270921342
EK202310187284,136.91087241145553
EK202310218216,147.1439993304987
EK202310219259,142.89642031309188
EK202310120929,142.35886473763097
EK202310108093,146.35819329648615
EK202310142267,133.98471986109163
EK202310174980,150.27420139484323
EK202310114009,173.5360382650956
EK202310242966,139.92232140308923
EK202310147064,152.0968822950127
EK202310223815,130.99006896065347
EK202310185149,140.9401232232042
EK202310173756,131.5786642270091
EK202310212549,135.70914594373696
EK202310122123,135.48946065832723
EK202310148593,127.22501247157928
EK202310203858,136.0913301785674
EK202310194323,142.41231831749798
EK202310210067,147.12372553076
EK202310247362,148.1799294058583
EK202310179728,174.97853638618977
EK202310135263,144.61749485724897
EK202310228041,156.79511679204154
EK202310198439,144.89520561872033
EK202310224121,137.45686635590448
EK202310176263,165.70523691512827
EK202310210520,135.00919802017017
EK202310153558,133.06407621188433
EK202310201528,149.16607697863714
EK202310204700,138.99573779879975
EK202310199855,158.88803356319698
EK202310133334,122.4743756904802
EK202310125891,143.8358828409945
EK202310149237,140.64218847237726
EK202310207352,119.11553782131531
EK202310143244,157.2623657919779
EK202310173902,164.30329463115936
EK202310204441,143.02406131565994
EK202310154510,163.2774403322066
EK202310197593,155.3350365704378
EK202310139918,138.9662472262318
EK202310143944,127.13364187668952
EK202310182605,135.747732273867
EK202310113041,136.75337482756387
EK202310108339,136.10153917239293
EK202310177699,144.84685688655063
EK202310158001,148.40597050878407
EK202310243619,121.63445866824677
EK202310225367,144.5349493383705
EK202310148561,137.97923267339266
EK202310242689,135.42111415196283
EK202310146006,137.32249316356555
EK202310200037,127.01065767354012
EK202310186473,128.63220179404925
EK202310105390,124.75299982629602
EK202310150556,131.82368633246915
EK202310180347,153.95289490502603
EK202310203230,169.96535957023266
EK202310200016,140.30841427889655
EK202310154269,153.36744577821145
EK202310128087,148.0903830445849
EK202310122816,144.93289830542236
EK202310134877,144.65503597182115
EK202310195490,136.6930120016818
EK202310209715,137.35646441654742
EK202310236837,137.7638635913887
EK202310196435,144.10283030107254
EK202310139068,152.7602833078151
EK202310171012,154.41800664474135
EK202310150360,152.02208956100097
EK202310222353,173.46996401032789
EK202310197842,143.00982466889994
EK202310188412,170.98163236340304
EK202310153874,148.90465054572144
EK202310213199,145.4219686492204
EK202310127730,159.31435450798418
EK202310215194,142.05544130632725
EK202310126576,129.41995475998345
EK202310248182,146.06970467427513
EK202310198801,158.67289054257014
EK202310198160,142.21599236933523
EK202310198294,148.52802723992414
EK202310167705,126.58524137040727
EK202310217704,135.64815629812477
EK202310145831,135.79616238114582
EK202310105308,141.9805019810293
EK202310230902,147.42630407508926
EK202310202412,131.19413310054384
EK202310130126,140.71277051825
EK202310193563,153.3498176602915
EK202310130811,134.75133677924745
EK202310169126,160.16983085154695
EK202310107052,152.4004722140056
EK202310134315,128.8574020164028
EK202310230590,132.93501433643254
EK202310212377,129.06792656011683
EK202310227080,155.50972516719287
EK202310124256,177.68129343473817
EK202310219252,151.65142952965508
EK202310230033,130.7008437137779
EK202310117668,150.50752739711177
EK202310228344,130.10640637128682
EK202310233855,105.63576811583795
EK202310147814,147.94210728261623
EK202310107881,144.5447923920641
EK202310230203,159.60863421433234
EK202310177383,176.428955435459
EK202310122567,152.35489613847898
EK202310207619,155.6190857325635
EK202310202333,137.143403547305
EK202310189380,134.1507439989809
EK202310180057,132.01524556206064
EK202310202234,150.326044030022
EK202310233426,148.62283223576293
EK202310175207,121.62320048699067
EK202310204631,148.88812200973973
EK202310194398,141.91864137925074
EK202310139820,138.36158865159445
EK202310116562,164.4546118910225
EK202310229058,133.43810988581703
EK202310247161,134.51987411654807
EK202310189860,138.77213784131004
EK202310104099,149.0610843467448
EK202310244738,140.2821720018805
EK202310247933,141.1591988213223
EK202310149446,143.91775655996017
EK202310161930,146.08010386627157
EK202310116286,137.02270707477638
EK202310109850,141.38928324757376
EK202310204890,148.2093149480886
EK202310124176,121.45340641220344
EK202310231512,130.49950880986174
EK202310157031,167.92590620190484
EK202310219683,135.05983988859305
EK202310105922,128.06003058345408
EK202310003444,138.13641443935896
EK202310128205,106.78628888186601
EK202310136781,161.53579071736763
EK202310195373,142.38084554827392
EK202310140338,124.45689979427038
EK202310178676,151.83505209818884
EK202310234329,164.987397819695
EK202310115125,162.77890861803704
EK202310219503,127.4764684086106
EK202310201769,145.9768091663532
EK202310139458,127.72105268253566
EK202310194338,147.0256082396633
EK202310223572,140.05313604074203
EK202310125065,156.90636766129006
EK202310227016,142.35666821220082
EK202310176702,152.62925437685666
EK202310155243,165.29335335861293
EK202310192723,154.64449965642345
EK202310198191,162.0343931583764
EK202310105422,164.69212144408667
EK202310105777,150.2506958429391
EK202310187970,124.83111786343879
EK202310236294,159.37632767720032
EK202310210632,132.55366525657573
EK202310122661,140.75255132681318
EK202310132816,167.87060392967396
EK202310221993,140.6250519299428
EK202310235308,152.45250095480282
EK202310232426,128.72000931188563
EK202310225207,136.67591143852914
EK202310120329,156.87075092010912
EK202310174955,135.02635003203537
EK202310233002,160.86203588949738
EK202310226820,147.59880458910274
EK202310231561,134.37749247389854
EK202310178128,138.89542319947216
EK202310231088,134.4447419926971
EK202310147614,174.43150814119758
EK202310192044,138.67708544576143
EK202310207423,123.05183338362602
EK202310144998,141.51710654742755
EK202310160433,140.66183273824072
EK202310182388,150.28292102391435
EK202310004163,150.37542175086054
EK202310178635,136.33317828011465
EK202310147316,173.12173631080617
EK202310137625,139.33503340438884
EK202310234674,136.64165297210653
EK202310206395,168.14499900884306
EK202310198108,164.13497350050977
EK202310230135,127.43892503798959
EK202310124667,124.61823776305286
EK202310197608,154.88130669362417
EK202310239140,148.1504184544031
EK202320006708,135.7392010977428
EK202310141682,119.91368765051848
EK202310173078,132.23996590951208
EK202310180684,154.56316852369798
EK202310168825,146.72411000789484
EK202310196603,146.08070488228606
EK202310143301,164.6734258949754
EK202310198024,158.0011029724667
EK202310238866,158.91384946494753
EK202310174309,122.69440606321076
EK202310169127,122.5551592266833
EK202310118888,141.53221168007
EK202310219211,120.01011254876983
EK202310117888,122.54133494667664
EK202310203714,124.67603204740402
EK202310212227,128.68611819612727
EK202310224375,126.11562862322427
EK202310169753,134.80168018024705
EK202310218369,148.9372267340918
EK202310229422,141.16157265425707
EK202310114027,131.01458493556768
EK202310191499,139.87395798469228
EK202310123832,149.1151169555444
EK202310117550,143.8761492246259
EK202310153034,150.56339833083828
EK202310147526,134.59415254728998
EK202310240029,124.04186785321188
EK202310208321,146.54114574735797
EK202310110615,126.06180811583846
EK202310172001,151.3697199013652
EK202310245514,145.22446809896442
EK202310113405,139.23715947627844
EK202310133712,154.59834991087914
EK202310220573,143.2133622240687
EK202310127361,152.71323508622834
EK202310203296,115.96645116961334
EK202310205467,124.0910069273497
EK202310182859,159.11890248279346
EK202310116644,129.09584272494072
EK202310143055,136.44683916459184
EK202310137541,150.17236510631554
EK202310240346,143.06045942716935
EK202310231920,141.6163379421191
EK202310003793,130.98403022057084
EK202310179099,141.67231743036965
EK202310182101,143.67242593187393
EK202310180654,138.2608865908634
EK202310203568,142.88192553486425
EK202310201589,158.5858914545174
EK202310185227,146.49826039260995
EK202310204045,132.42026248512477
EK202310231962,139.49042684061644
EK202310206237,135.38733601524174
EK202310129023,157.54937692618398
EK202320005658,142.76231776430794
EK202310155013,158.2876934644304
EK202310207955,139.35191620104965
EK202310175039,117.59100522886128
EK202310189095,140.28581280175172
EK202310222588,149.1255296606309
EK202310194826,134.41185415361977
EK202310116127,141.11461405935904
EK202310186036,136.0963074072079
EK202310228425,126.92708773897934
EK202310142709,116.22796484399609
EK202310212132,120.55552010673848
EK202310106890,140.5809208170042
EK202310244866,137.97402884191544
EK202310185150,141.7423624214443
EK202310137324,137.6214338208683
EK202310171191,117.63191124241288
EK202310113505,123.31176278820632
EK202320007023,146.65876244346322
EK202310119257,161.5218131118453
EK202310149918,168.381986640404
EK202310223014,133.5211498636461
EK202310201000,151.12742505975086
EK202310172203,145.32458953174867
EK202310203943,148.17499079495911
EK202310120010,131.09888208135087
EK202310108002,146.10047529069092
EK202310241637,143.89554927066374
EK202310174800,142.23925752529618
EK202310127377,164.65711329660607
EK202310122799,165.1283585639784
EK202310229843,132.95763251159227
EK202310226129,140.9747308551374
EK202310140081,146.35938743877335
EK202310229999,126.12109910085456
EK202310203546,152.193735455684
EK202310209757,135.99217638083388
EK202310116016,136.95602528082816
EK202310165012,180.20518889606163
EK202310122837,132.74976110527263
EK202310146822,160.02397470619306
EK202310112044,132.15034012918053
EK202310166309,149.45655069843653
EK202310172353,146.02786192112796
EK202310111013,164.89321396081118
EK202310134532,132.14647051079908
EK202310201623,138.82251654396416
EK202310207833,132.67189927344276
EK202310153627,140.25098811471102
EK202310173741,156.58588326555744
EK202310233377,158.3044697896155
EK202310108336,140.52373949830937
EK202310144097,129.41496036361576
EK202310242026,157.8182161156066
EK202310123987,184.3767582470071
EK202310201556,148.4013162224292
EK202310141802,132.87706602019352
EK202310160116,152.4888526522684
EK202310208420,149.10410831044842
EK202310201286,144.22285781240757
EK202310242784,144.54028828620562
EK202310207678,125.00032383125863
EK202310235367,138.34820277311206
EK202310138835,151.72998016447937
EK202310126496,146.6441053547051
EK202310210203,143.3781757621029
EK202310160698,153.2353262573281
EK202310131627,143.00420579960226
EK202310192509,120.80129954622102
EK202310237182,155.37935064166504
EK202310195225,145.6923128574071
EK202310209548,136.6465244970175
EK202310170414,122.88041465933321
EK202310178511,142.07246383593548
EK202310169436,150.02101493671637
EK202310163299,151.1956348756262
EK202310197411,129.88817170298455
EK202310208679,131.571064022824
EK202310178121,135.1365483234748
EK202310126051,141.11627090238485
EK202310158375,141.0729723533302
EK202310190778,127.73119085181324
EK202310154851,118.17331952904874
EK202310179709,123.81016691176069
EK202310114702,136.44859156625813
EK202310167850,121.24143123988165
EK202310004729,136.25686293676017
EK202310183539,143.86949613268183
EK202310196615,136.46419880164507
EK202310162856,133.1677195590627
EK202310133076,144.82955102502592
EK202310230396,142.00577548490762
EK202310158633,157.4425606174231
EK202310161117,183.14807529231686
EK202310004351,157.9080636838239
EK202310174767,158.33265745939707
EK202310183707,151.4149253539795
EK202310201085,151.59173660245634
EK202310117365,143.27754580488372
EK202310211525,144.0817379503485
EK202310174033,151.87556303874103
EK202310133029,167.27856723329634
EK202310109257,144.56643829631142
EK202310208465,151.60604132886937
EK202310003437,151.13753193131475
EK202310147849,135.97941363925972
EK202310172875,142.83986155754008
EK202310195261,132.1394557595197
EK202310124700,131.77593247057155
EK202310209462,141.42280760314193
EK202310190370,188.1140575302519
EK202310166689,129.7965888030531
EK202310125440,135.60691783451568
EK202310242447,164.7467468513045
EK202310208224,140.89975433632847
EK202310164938,142.465965406028
EK202310171017,144.73208577380146
EK202310221295,137.04983055321986
EK202310116789,128.1513240659919
EK202310245230,131.65871455000735
EK202310196239,145.82424185007702
EK202310217020,161.1488796279642
EK202310149091,121.74911734257687
EK202310188633,139.3356574995877
EK202310145175,146.81774559626837
EK202310184944,133.1947665408112
EK202310116881,147.9751343039158
EK202310133865,125.21074386472101
EK202310170575,147.8348568206666
EK202310217837,128.20983827068045
EK202310142127,132.60165397153818
EK202310220280,137.09562159924525
EK202310220011,157.02106347020413
EK202310136446,126.92798276012067
EK202310167400,136.74298194478976
EK202310136757,138.71725483183803
EK202310219947,124.66121017049227
EK202310215446,174.7813845451835
EK202310113390,162.7703984782611
EK202310231430,129.22133193001304
EK202310190750,124.15770839662872
EK202310218203,140.85321180269034
EK202310232673,162.4957769205224
EK202310172719,131.13955492407683
EK202310238088,147.33009624476006
EK202310122490,126.115572412532
EK202310141767,129.72007731709752
EK202310164189,137.89290062894193
EK202310131789,178.24514641954408
EK202310131787,133.92664640244877
EK202310111463,145.70898127519723
EK202310189888,135.83612482179768
EK202310123502,140.03093275856696
EK202310248489,145.20275442575038
EK202310104974,142.50818534672192
EK202310133434,140.8786718443845
EK202310122152,138.43238635870458
EK202310223645,158.21923232824622
EK202310218467,123.31377541523278
EK202310200984,138.87562097378233
EK202310246962,145.33519856747537
EK202310138658,149.04366915571927
EK202310135971,135.17141313614297
EK202310145071,137.9027176218814
EK202310236227,163.40119274327253
EK202310161820,140.65822646728915
EK202310116560,148.48447608627313
EK202310147855,141.25042853346656
EK202310198848,127.48064208539334
EK202310126318,142.13641174211574
EK202310168761,138.86703586190282
EK202310236060,143.816965461417
EK202310194911,129.40841767371003
EK202310232213,137.09469837075864
EK202310123619,131.4055588178828
EK202310129238,149.2135155647357
EK202310239622,132.341454453321
EK202310130274,160.483746755318
EK202310136862,131.91093645191546
EK202310144925,148.69910505363947
EK202310117994,143.47552407862472
EK202310145721,158.04056662359923
EK202310166110,131.3810444287413
EK202310153689,133.123008536853
EK202310167524,132.0100367005752
EK202310171110,146.87670378794027
EK202310194242,126.12196111633223
EK202310128824,132.6315588731098
EK202310217802,144.42153373066745
EK202310174759,142.68471671793822
EK202310163258,142.46238376329254
EK202320007136,130.01606761540722
EK202310223074,138.43052833952495
EK202310127999,145.94740517737307
EK202310210697,143.22102794767645
EK202310187479,152.0127148717141
EK202310229648,158.10722310549295
EK202310223615,159.57128341125406
EK202310205259,155.0472092638131
EK202310207915,144.90359048817203
EK202310161035,166.64494711932915
EK202310211684,140.2491518663473
EK202310217627,133.98688364552888
EK202310188184,145.56218269512146
EK202310179703,140.15595760531085
EK202310191167,131.87388288373518
EK202310206412,129.410611816454
EK202310138851,170.35123304285338
EK202320007328,142.42067055775968
EK202310211346,148.3095267185987
EK202310169209,160.33849069750784
EK202310145302,137.81407838960686
EK202310203140,145.06328192316138
EK202310209732,127.37222788347871
EK202310117958,129.71575499947318
EK202310155922,155.25466562080547
EK202310184930,139.09201320853555
EK202310150832,134.7404741865771
EK202310208806,142.9728095531618
EK202310172410,158.82402442890478
EK202310230235,149.45964594199808
EK202310203566,149.36052505276973
EK202310123801,141.21327005025387
EK202310141762,169.95958377351576
EK202310245120,127.78106911627498
EK202310183959,135.33052264326244
EK202310128037,144.2132967538635
EK202310004669,139.5263854510901
EK202310217022,127.59030055245424
EK202310110060,157.97299258879414
EK202310231754,147.14859708694877
EK202310132866,132.09904432818726
EK202310246978,143.71209921813463
EK202310111800,135.42039067757545
EK202310141316,142.33725418563574
EK202310225078,138.75719532384244
EK202310224113,127.7531277009611
EK202310229156,130.68278410257594
EK202310158924,157.60467012987826
EK202310193952,150.76107771520356
EK202310134851,134.92491360376422
EK202310107778,139.6558807894565
EK202310201914,152.13008717780875
EK202310226477,137.9633001215362
EK202310200818,156.3215214115687
EK202310178725,136.12718829122863
EK202310136843,127.93215530195715
EK202310188878,185.09397367208226
EK202310192998,142.2571120114002
EK202310123605,158.88952930666343
EK202310109206,124.53652306724852
EK202310110309,134.3099488825934
EK202310201669,153.83157722128743
EK202310228267,150.59183605689304
EK202310120920,135.57368119435029
EK202310239638,174.5447678822966
EK202310138789,150.57574538644897
EK202310187947,174.16787043419853
EK202310143793,140.444204508311
EK202310231992,144.99743010556375
EK202310243082,133.74430471431242
EK202310174903,131.01856968681233
EK202310004153,164.51333362173398
EK202310211574,138.94190029062378
EK202310133648,140.87755438125095
EK202310145095,150.99262296030616
EK202310180354,154.70248691848641
EK202310111206,138.43121928751486
EK202310182140,149.70568094485688
EK202310202202,145.06860592117934
EK202310158892,135.67002069625173
EK202310193967,133.38020336310018
EK202310222297,121.46509554690064
EK202310121931,148.13999518877463
EK202310170526,149.7410920461587
EK202310119454,167.94307149341373
EK202310235204,141.8829324140933
EK202310123917,151.61528257890046
EK202310157703,155.21576740100159
EK202310149315,146.47730501880042
EK202310146815,140.46222499016233
EK202310126049,154.59705922628905
EK202310232396,144.51048367718033
EK202310199056,163.0153337942779
EK202310141228,132.3512911394002
EK202310196032,142.69346017493166
EK202310107291,139.28108841979895
EK202310122690,128.40350112286467
EK202310236528,131.12743656805165
EK202320007677,149.21453967179679
EK202310210488,139.87683620643517
EK202310207172,154.52191602695072
EK202310182902,129.69081107148065
EK202310139806,185.73578483109299
EK202310148583,160.95540096660523
EK202310220644,140.08256931323433
EK202310112733,134.9746561990367
EK202310204401,145.90538783821128
EK202310160356,133.2300679471945
EK202310225435,139.56155641423425
EK202310196076,140.95192216495914
EK202310203598,137.74939896977523
EK202310140544,155.05158207572714
EK202310212327,146.2527300362928
EK202310235705,146.5548926240521
EK202310202376,125.24107548662192
EK202310196089,150.0104845178972
EK202310139122,138.97990320598694
EK202310176023,141.1258634447303
EK202310117387,140.76352006210593
EK202310192216,128.93170061572735
EK202310122067,149.4996127965296
EK202310224886,132.37833280644713
EK202310234937,141.54969855956085
EK202310196488,145.20967030802052
EK202310140986,138.85771842715525
EK202310104819,145.9712383050541
EK202310192016,153.55670544776743
EK202310230705,126.93674070583225
EK202310191079,155.09353522580855
EK202310224030,143.69456759429488
EK202310116108,132.78779028123375
EK202310216944,142.15831395063046
EK202310239270,142.39498130085298
EK202310179674,138.4427541988954
EK202310135614,144.98439227822436
EK202310196625,136.56420591683894
EK202310244109,139.96937292589152
EK202310211711,134.80168439371766
EK202310175336,157.24917447547259
EK202310155402,136.4806897997425
EK202310110776,170.59431932465458
EK202310246416,140.6092970649951
EK202310180852,128.1834847234203
EK202310173163,141.83371082806008
EK202310146639,143.08179897562715
EK202320007618,143.5887468498903
EK202310245395,155.2773841189357
EK202310175505,136.99427305389295
EK202310196444,149.83517648339236
EK202310172044,150.8400960694346
EK202310140972,178.10911550383
EK202310236512,137.0616963763946
EK202310141653,147.78750920544837
EK202310236235,148.78370698104834
EK202310111947,132.42755594645553
EK202310129970,129.6134999033515
EK202310156921,153.47320259254332
EK202310111882,142.07859096871218
EK202310142671,150.28556870357127
EK202310225816,143.93829959365513
EK202310129016,157.85526256661453
EK202310216107,130.5534049764991
EK202310192345,135.7900275401396
EK202310115608,147.43865686612398
EK202310218293,137.637596787243
EK202310105946,137.01195762549546
EK202310194919,159.0576984144943
EK202310138207,120.99360822893652
EK202310199908,141.44228896042515
EK202320006707,151.30273895755022
EK202310162516,158.8629202908268
EK202310121312,133.00932133021468
EK202310240696,132.3141243475504
EK202310124904,148.41310717142673
EK202310238291,139.19939498321332
EK202310127974,147.77748684626778
EK202310136024,171.7702453851612
EK202310187265,135.45303063437015
EK202310108072,116.22431472861709
EK202310240013,154.0924672183565
EK202310212042,143.1213992466697
EK202310237376,145.20670525355393
EK202310220612,129.92908842244225
EK202310194509,151.97249862888796
EK202310209569,131.29649142404125
EK202310114438,143.8517951550803
EK202310132881,147.95751364690423
EK202310175705,137.71428570464926
EK202310004055,148.49106256254794
EK202310175229,136.57617124162056
EK202310174345,147.1794547143766
EK202310212490,126.90807420433939
EK202310136810,130.7809760717841
EK202310157304,146.27305065528273
EK202310169599,121.25581282832977
EK202310107717,157.49029675108875
EK202310105279,156.72260800485316
EK202310110848,144.53649556360364
EK202310178772,164.5138210381487
EK202310245828,121.36109366321713
EK202310219817,136.80093190387032
EK202310200575,151.84723797577124
EK202310105122,137.94010881736375
EK202310162052,130.97849863908948
EK202310150697,139.0058072281633
EK202310158553,146.47342914365038
EK202310210487,137.0614817803876
EK202310219594,130.13544847230708
EK202310234064,157.2094591932769
EK202310147076,155.39031101631852
EK202310168891,159.21456475224883
EK202310230477,158.60111924656516
EK202310151700,144.31816444114705
EK202310105830,167.77923424305246
EK202310150350,144.03509804065885
EK202310221753,144.2993461301597
EK202310117832,131.39904339541397
EK202310192005,131.57456803238964
EK202310236133,148.5452416287974
EK202310128003,134.9582396022067
EK202310192879,154.81767105538682
EK202310127978,137.1354842959556
EK202310145508,146.5581405663075
EK202310112586,138.79557440612072
EK202310241863,166.49312758573473
EK202310221932,144.91349107594937
EK202310132949,141.37275177208085
EK202310223688,165.48505856196158
EK202310143982,145.85550046973606
EK202320006378,144.7973457437952
EK202310104123,139.4206252173618
EK202310185565,147.52761997939857
EK202310229086,136.1077181181633
EK202310133226,150.83328144549733
EK202310118081,153.49426208783302
EK202310150049,136.19951201089694
EK202310135400,129.29364966189647
EK202310116088,138.584979652783
EK202310231696,128.552247455847
EK202310146749,145.02631426969378
EK202310111238,133.10394891222433
EK202310191666,155.0421397397503
EK202310135953,143.75338661940953
EK202310161122,171.65842604252998
EK202310228253,139.92112699927398
EK202310153608,160.4811512876983
EK202310138495,176.27667125717537
EK202310145050,148.9877699119001
EK202310206747,133.31904772930562
EK202310203488,154.3635705194799
EK202310183419,174.6462735334163
EK202310129584,148.8716165264566
EK202310131950,135.02200783228628
EK202320006497,143.33784822022042
EK202310158313,146.2739774879206
EK202310156450,110.57507759280386
EK202310206931,162.6245489985405
EK202310224192,142.59788851681685
EK202310181248,141.4341330415006
EK202310139477,152.3203781540307
EK202310106863,139.10423878707786
EK202310113902,136.80395088730486
EK202310177431,142.3837900805722
EK202310189561,145.44400534232113
EK202310206223,131.97404563506308
EK202320005580,167.82495066611904
EK202310240584,134.66164623226754
EK202310193474,135.4094526540295
EK202310106515,147.72634008695135
EK202310134230,132.6975750815365
EK202310184191,140.64014434847854
EK202310120682,140.33087811170878
EK202310169684,127.68413713145553
EK202310119557,148.36166902970027
EK202310126983,136.6464056815253
EK202310167903,144.09544078382743
EK202310133442,141.08800551558176
EK202310210959,142.83751051598463
EK202310212306,138.02726336289274
EK202310230307,135.70967921311652
EK202310212565,129.26320608716279
EK202310192899,142.5631629628931
EK202310170190,139.19182505833106
EK202310153027,178.23003701825252
EK202310114380,155.01576642291406
EK202310133567,172.02098543328242
EK202310214756,146.0328458856561
EK202310114168,148.1081053464277
EK202310217065,154.6951687706604
EK202310169361,146.96717291821724
EK202310165708,150.60256530866948
EK202310228615,125.56257519874288
EK202310209019,167.64160385336552
EK202310132985,119.62098566734775
EK202310110233,103.12002347018378
EK202310143464,124.76934168441748
EK202310136141,139.4735586811501
EK202310226017,140.06719277794267
EK202310155663,124.39369575510025
EK202310195009,158.1719748754421
EK202310126196,156.0567041840555
EK202310108026,160.09340024788838
EK202310172643,131.71915635961014
EK202310153423,133.2648207107933
EK202310243003,135.9360567050469
EK202310153678,136.707273462497
EK202310169206,172.62382708070683
EK202310196881,135.036495936294
EK202310247696,132.6523110781037
EK202310160692,139.3680859492851
EK202310157186,174.31590238548944
EK202310156752,123.112296760697
EK202310114419,145.789270083893
EK202310117232,148.95249416894038
EK202310221881,136.94958206363023
EK202310202289,133.65738050956259
EK202310221155,140.59532189643667
EK202310197000,149.24497920963626
EK202310183680,136.63719313175613
EK202310166065,134.66838108387105
EK202310224104,128.49976413724798
EK202310198490,123.01139905121155
EK202310185320,153.16971054326086
EK202310112969,142.31347083116947
EK202310122531,130.9947173525286
EK202310223294,155.45689183627954
EK202310243257,140.48132065052826
EK202310227369,161.73720651274954
EK202310132379,128.01786692528913
EK202310207889,140.37865349361465
EK202310155220,128.18514295843542
EK202310149989,160.17616255705528
EK202310116304,141.5502764350617
EK202310207654,173.368225793393
EK202310233148,132.27237659606786
EK202310133990,163.46597054972665
EK202310131881,150.16047991134067
EK202310147674,163.16803182887165
EK202310161848,158.37154700234908
EK202310113742,150.2904926664036
EK202310107292,136.70198054224198
EK202310157457,137.76033252415286
EK202310159983,128.22686807949475
EK202310222436,121.6063887712123
EK202310116722,132.12920355037346
EK202310228029,131.54892194626228
EK202310226778,132.73182400019854
EK202310223904,123.73469821186004
EK202310205019,143.10921860062845
EK202310119364,133.73083511353698
EK202310003651,138.8716376911711
EK202310212861,143.78345412170228
EK202310110710,156.96231642324582
EK202310131651,161.24071433403415
EK202310144906,133.97596884056662
EK202310188544,145.7978073174612
EK202310133839,151.9162501365874
EK202310118694,136.06875528743018
EK202310110720,114.63857324378125
EK202310128544,135.98311789396692
EK202310193628,143.6563634978226
EK202310148648,155.65633086388016
EK202310153778,143.76624701908983
EK202310188918,136.55778653703166
EK202310126546,138.54387593669216
EK202310214084,165.18960374064596
EK202310191915,148.7976640767833
EK202310230973,143.0364848336871
EK202310220076,149.5527347427589
EK202310198281,123.25167900935973
EK202310210973,139.83999813296904
EK202310116202,151.79738530531066
EK202320007382,165.58105350660358
EK202310140017,120.5019931086882
EK202310235458,132.3806896494787
EK202310224553,129.1263395754277
EK202310131411,134.38304632908282
EK202310172944,143.58962161600243
EK202310187715,144.21916397059073
EK202310117160,151.2999733165405
EK202310223783,138.2072986210608
EK202310208505,131.41557237006222
EK202310177144,140.09531321671398
EK202310141554,108.36281134555855
EK202310153806,150.19980343470974
EK202310178651,131.58351844258559
EK202310207053,152.6553210043832
EK202310121285,144.789025164677
EK202310129917,128.85852093062675
EK202310178974,131.93253227706245
EK202310139959,143.78613863951642
EK202310240930,147.76354490941176
EK202310184143,153.4338922993768
EK202310141627,137.39503554489636
EK202310248495,143.1669021350191
EK202310210251,139.5722310807586
EK202310181393,145.23964284777819
EK202310203408,144.59608367229043
EK202310210221,138.34200435877585
EK202310153228,129.26867581725006
EK202310181161,137.623391869992
EK202310122291,153.32819542576806
EK202310219649,143.42908348118235
EK202310108802,146.8146861468534
EK202310147915,152.87473603047175
EK202310219111,131.5764149448928
EK202310004516,142.29723156732044
EK202310187796,131.95525973409318
EK202310152632,151.26833017341045
EK202310234189,128.70285215724434
EK202310248401,134.47868057981023
EK202310198077,146.92845402593323
EK202310182281,142.89429469917133
EK202310173305,138.43825957900523
EK202310191194,148.23518677787374
EK202320006641,168.28513651640273
EK202310187839,168.00683370734532
EK202310166786,176.80167147968933
EK202310104248,153.57916125650053
EK202310140808,143.06952594275077
EK202310154881,138.0349015588563
EK202310158734,146.84136531364285
EK202310198034,137.0700801150061
EK202310210288,131.49147652708618
EK202310115555,152.41825609697995
EK202310122253,147.38707728058
EK202310208001,138.1495844594294
EK202310247301,162.37812266784005
EK202310158412,128.59812675062366
EK202310133516,116.41882990937975
EK202310199724,151.05884695797545
EK202310203434,140.66362821396882
EK202310149601,155.97492121192002
EK202310207662,127.30646669945841
EK202310155823,161.82217742983875
EK202310155070,137.808096538782
EK202310003692,165.86317772162988
EK202310112220,146.76642181425356
EK202310210474,146.65432142960594
EK202310174563,164.60991081236526
EK202310178481,155.4146221686945
EK202310161746,148.5880723049686
EK202310184759,143.9382329434474
EK202310214382,164.15918881732185
EK202310220383,134.2308638867091
EK202310181896,154.3181079345923
EK202310109101,156.4380923627592
EK202310111874,152.69365738187582
EK202310239939,142.970911829261
EK202310146648,124.91822137122736
EK202310147888,151.78402818257192
EK202310228585,130.4162482991504
EK202320006300,160.7890460851681
EK202310157823,129.0422570059563
EK202310175416,140.3926168741794
EK202310191246,150.11959782886834
EK202310241025,137.8774324399172
EK202310175713,130.52919763873226
EK202310165199,140.7380322460137
EK202310229611,135.7721645090087
EK202310167463,169.47363204083558
EK202310125411,140.4739639034217
EK202310247310,132.09982592120812
EK202310131556,147.85562590992717
EK202320007526,145.2687878011637
EK202310109396,149.88985350866037
EK202310243612,148.24835317710918
EK202320006821,156.53442072980192
EK202310191818,156.52092880956337
EK202310206573,141.37309121697788
EK202310176203,139.6401871220117
EK202310113063,134.96838437609793
EK202310152411,154.74774574690994
EK202310186297,175.32830810865028
EK202320006177,152.70075874640807
EK202310184504,169.95098137348438
EK202310118343,137.32755959260604
EK202310166342,162.48093446335614
EK202310238948,168.7503248936558
EK202310226471,136.59522486983235
EK202310153486,131.3444395685202
EK202310146780,140.9127599205949
EK202310129676,132.82186179345504
EK202310230251,122.7579215876701
EK202310227178,154.76388053140505
EK202310148962,149.50476569525978
EK202310235140,161.55160389464405
EK202310158736,164.33064464028465
EK202310208299,150.98910793572347
EK202310205311,155.64594628746772
EK202310140268,125.88995198134997
EK202310158411,136.81318246681167
EK202310120168,141.16517718423398
EK202310120164,137.51445447923365
EK202310191318,137.24160711798316
EK202310124551,155.27207109916617
EK202310133393,125.74382577254403
EK202310244048,137.32305712510637
EK202310209487,156.0918120365052
EK202310130550,122.96267585928115
EK202310134976,170.44460470367827
EK202310113614,121.49082005981882
EK202310237767,156.83240467992326
EK202310120386,142.3476757819358
EK202310190693,148.50629621346923
EK202310158340,129.8093302900236
EK202310185631,157.0646166395212
EK202310193894,129.4827935402841
EK202310232391,131.37272201434047
EK202310129047,152.86439007551743
EK202310187052,136.44682735419684
EK202310174623,136.92331355248706
EK202310149978,140.7481223712835
EK202310238712,130.44790841291552
EK202310172389,168.23128916928016
EK202310187833,135.11675979159494
EK202310238335,168.40190076912222
EK202310232031,147.9914105540365
EK202310224185,139.71294911478014
EK202310166575,147.07122900463153
EK202310119974,125.35943954375955
EK202310195917,134.0069418862818
EK202310174762,151.67817506431064
EK202310237282,137.78830113142183
EK202310112142,152.27231253225509
EK202310107661,142.94458434343966
EK202310197179,161.32896487128212
EK202310154174,157.7520869998232
EK202310241892,133.88786385714886
EK202310178171,139.3268715880041
EK202310134220,149.2189187017489
EK202310200711,138.40767771334026
EK202310190031,165.08692681788816
EK202310215938,151.55329219976133
EK202310125861,148.0160161374962
EK202310143873,145.57186196229853
EK202310165035,145.9410351626821
EK202310157391,141.48291444582532
EK202310216624,136.80798077641512
EK202310136516,125.04978159101185
EK202310175267,172.30597396301314
EK202310139527,140.65384505697983
EK202310145890,134.39798643152756
EK202310207934,142.6507322588668
EK202310216534,148.86255085585574
EK202310243402,141.40063196378463
EK202310125822,140.25707915111562
EK202310210671,142.55921531067625
EK202310118842,134.04783978100707
EK202310242780,130.00460576566618
EK202310183963,143.0067208227232
EK202310192132,151.73428512355824
EK202310158172,174.14099271364134
EK202310107920,153.4864693891236
EK202310116588,152.7264350062628
EK202310157004,167.450663183225
EK202310203397,154.99647791608035
EK202310145727,176.0271491778662
EK202310134294,149.36905312080515
EK202310161573,147.03374059085826
EK202310163914,139.69000576832
EK202320005749,165.58590324591984
EK202310004457,159.28840738023052
EK202310198895,117.80583948521434
EK202310200079,136.61703396467573
EK202310236220,154.17270260203634
EK202310167195,140.7148862710655
EK202310190621,139.3467993374091
EK202310126857,151.51530584855044
EK202310221597,147.40161369521894
EK202310139743,162.2318755407205
EK202310173860,137.6360325274556
EK202310212130,132.67224655746458
EK202310238113,149.11896448707765
EK202310232782,160.2368339059296
EK202310231990,155.49782382473038
EK202310154189,136.76231086581294
EK202310111012,141.8343734303638
EK202310208334,126.4654422123053
EK202310222126,134.90775646552143
EK202310206217,130.5639521631469
EK202310185801,127.58621457333618
EK202310207901,124.80494264521431
EK202310121054,142.49000450211224
EK202310188410,160.87515366765447
EK202310203904,135.41325487634415
EK202310230514,130.0878878863516
EK202320007184,152.68094477720143
EK202310196925,161.41387429806048
EK202310201983,135.80985015057826
EK202310242071,139.3703265677551
EK202310242487,132.46791530455602
EK202310174134,170.56361815151598
EK202310221304,128.95609602343913
EK202310146366,134.09715821911792
EK202310242718,134.0989662686415
EK202310158582,145.91122753424764
EK202310182050,148.69130286431457
EK202310110321,138.04777304855017
EK202310126720,134.27579559162075
EK202310145134,158.39297126689402
EK202310134228,154.3937702557144
EK202310151176,128.02610097880023
EK202310159471,125.90354992565929
EK202310197298,148.2147425044891
EK202310114442,152.55566383005575
EK202310216170,122.52668326005795
EK202310126914,139.36722306819553
EK202310160897,176.09572069134882
EK202310241296,162.83445131764384
EK202310145492,129.2387483237805
EK202310142012,158.9241705976276
EK202310141538,130.5409218892928
EK202310154638,157.7665304188892
EK202310238848,163.8287959782039
EK202310139821,134.56014474144905
EK202310108173,135.71200624304586
EK202310119610,120.11823166353004
EK202310242565,154.98710323955387
EK202310186446,151.01604806525233
EK202310144153,136.47139158047662
EK202310234883,138.70616452106793
EK202310124017,174.97730126444003
EK202310163758,140.07706768964212
EK202310203597,147.72206536458177
EK202310104417,129.78759367553704
EK202310202155,162.30731153901172
EK202310245823,127.04748394083771
EK202310203079,120.87647277721143
EK202310161636,157.5503024336324
EK202310144165,128.61268024331375
EK202310204775,136.32088639978917
EK202310167770,173.87841459897632
EK202310215963,149.58384834586167
EK202310133633,136.43870301716626
EK202310214866,128.41070880740736
EK202310180646,137.1121868280117
EK202310167541,137.65681698894554
EK202310136641,152.51618873156363
EK202310148939,151.2374775060664
EK202310103722,152.99498833087407
EK202310179303,141.011500254091
EK202310200620,146.68208880815513
EK202310125714,136.28699778805736
EK202310204522,153.41862928860175
EK202310150835,139.3730247352981
EK202310130780,129.6092761598495
EK202310105814,137.25561575112587
EK202310172033,144.46895344364938
EK202310201852,147.6469779421563
EK202310148715,152.7424830866665
EK202310221644,123.86147558507167
EK202310114274,151.6438653704467
EK202310178264,153.79574330561402
EK202310164025,156.69646602162797
EK202310204651,149.54649855791968
EK202310141344,148.68984246749486
EK202310185886,163.45818426597506
EK202310203443,146.89933474390838
EK202320007693,159.0922551926557
EK202310236673,132.50540623256893
EK202310205537,170.01773940946185
EK202310215661,131.54958229872724
EK202310116840,137.5387928691598
EK202310179840,146.7512626847003
EK202310178802,155.45527483041613
EK202310124043,141.5162034101176
EK202310160029,138.04117764729182
EK202310166756,153.6666651922818
EK202310234362,129.98874113034108
EK202310130046,126.10929818959366
EK202310175285,131.80987940072328
EK202310155324,137.88719867280759
EK202310110760,140.2047701248355
EK202310167871,141.78956098976462
EK202310111911,142.57273718409903
EK202310105964,129.0764024894465
EK202310187240,144.26075221989686
EK202310228002,144.36533587815777
EK202310202448,166.00483549544398
EK202310144304,138.40558852860184
EK202310132248,155.6289080046739
EK202310200767,147.2595502478244
EK202310246600,123.84896821437005
EK202310156024,139.8212427251953
EK202310124951,132.33267304331002
EK202310127803,116.04330854032159
EK202310212512,146.62739012117896
EK202310237901,136.24230953064966
EK202310123799,126.57787955699291
EK202310122255,149.71374479806863
EK202310140607,132.21363912958762
EK202310214168,168.56845844685122
EK202310205290,149.23641936076828
EK202310201590,153.54215703475865
EK202310246716,152.25707402319415
EK202310211043,134.27843182329076
EK202310245155,135.16000055050455
EK202310146684,145.63789598541746
EK202310224856,173.887093544672
EK202310149244,136.3336512092438
EK202310130714,120.85091185981486
EK202310185702,150.45758910903308
EK202310105075,139.11951660643513
EK202310103937,142.29466943947835
EK202310219458,127.44903526023194
EK202310220878,138.97117901537518
EK202310114846,151.6455337386731
EK202310165810,127.77130338690186
EK202310188784,148.55388184308543
EK202310119305,129.19501127781544
EK202310142173,121.3085063310653
EK202310218752,138.59083357150865
EK202310191456,165.72155424955798
EK202310110108,133.7319916019488
EK202310159818,168.15434710120036
EK202310151468,184.61241739812118
EK202310107315,121.92015325133087
EK202310200556,147.76928750044686
EK202310217485,143.98037726524413
EK202310206013,126.42136006679088
EK202310004134,133.65987276500638
EK202310124207,144.32859083175015
EK202310216869,150.11020486593648
EK202310112622,152.7692442922394
EK202310239660,138.8485041974894
EK202310236964,133.6377767288027
EK202310182396,144.95923759788593
EK202310213788,152.65752387707823
EK202310193031,156.49012001372338
EK202310181134,137.4649330357601
EK202310232914,142.7809888109139
EK202310229534,140.48535323821255
EK202310187612,152.1209550615268
EK202310186706,148.04408172144176
EK202310146528,148.72837904559236
EK202310201671,139.81457400144052
EK202310155878,145.51367050545508
EK202310186935,134.26807712311154
EK202310165048,138.1821863411441
EK202310214244,143.6492664493975
EK202310003448,130.8719427029699
EK202310237813,132.01843092949952
EK202310229380,121.1253588647312
EK202310136410,120.89570792554669
EK202310181792,137.84611725945666
EK202310174073,153.38797722045507
EK202310230921,144.2007575646726
EK202310131346,133.06084875351092
EK202310167144,161.97743199494445
EK202310198792,135.19048059736858
EK202310230863,150.22280115096544
EK202310116803,135.19290043063597
EK202310161651,176.46250843832132
EK202310140098,131.42674044716844
EK202310147311,188.00177436349378
EK202310228798,117.7763255338276
EK202310166857,177.4408110877759
EK202310204207,143.10076174620116
EK202310181214,150.25867815355667
EK202310163102,136.6827359681238
EK202310132529,145.2259159058101
EK202310194194,148.54691402719635
EK202310185194,141.8000752196949
EK202310139315,144.78812035547259
EK202310133963,170.37486364114224
EK202310107375,126.2504594737077
EK202310183190,149.5395782123623
EK202310150967,133.90151260601735
EK202310235477,139.77701646193393
EK202310231329,140.87893714774484
EK202310151218,147.27131110947377
EK202310117961,135.62154673694195
EK202310115637,134.42366379612153
EK202310148316,135.80397288401156
EK202310189439,182.22832427374635
EK202310183291,169.02095731919718
EK202310180341,153.5315019842743
EK202310195359,128.01687352062626
EK202310168437,155.9858989043683
EK202310239724,145.9617309652564
EK202310120281,158.98922941806651
EK202310154084,142.11191508213244
EK202310202226,153.88850627997238
EK202310211847,116.01645071337255
EK202310225040,149.78816701651516
EK202310148021,127.38672366593369
EK202310219384,121.13155440982958
EK202310189651,157.6089141990615
EK202310172718,136.50905581877674
EK202310154499,136.5376661213508
EK202310199387,159.47745652568926
EK202310109346,141.48258212606822
EK202310151918,142.38019183462447
EK202310138435,133.9120670388377
EK202310208281,146.59866478307853
EK202310144236,133.56182376192692
EK202310169290,135.5325955527779
EK202310120393,134.80111034590368
EK202310183688,147.0912713248028
EK202310192046,142.8189462668772
EK202310141942,145.57121524032996
EK202310120519,127.89729869893667
EK202310226413,139.2393377718078
EK202310177117,141.57581886271743
EK202310217940,143.9234052837102
EK202310170501,130.47281048542965
EK202310223357,151.54447141535283
EK202310245835,121.05071761554582
EK202310137793,138.92375924657458
EK202310174008,146.7189152152598
EK202310209155,134.7851888678586
EK202310177866,136.18690101547966
EK202310137396,135.6096508203921
EK202320006094,142.12121791365615
EK202310237036,141.44252344221283
EK202310177476,148.39488496151858
EK202310218927,140.01625791834107
EK202320007708,168.83299591670033
EK202310150749,149.65606378782886
EK202310226921,144.63480898508834
EK202310134168,137.48828452685206
EK202310198694,171.69697748128047
EK202310153758,148.2769034321247
EK202310164887,151.98553769770774
EK202310235542,173.9285874170536
EK202310175801,134.12690905489214
EK202310201383,152.27721217105977
EK202310003604,158.5767867781143
EK202310132259,163.08475423450923
EK202310223451,142.5556232587587
EK202310232766,156.27849869706196
EK202310162702,125.23522545851867
EK202310191785,144.63301108086745
EK202310222647,132.81145300960728
EK202310120606,128.6306938201041
EK202310196738,145.24046862343334
EK202310167031,158.99308643290667
EK202320006878,159.5618070061269
EK202310128617,163.1728589565939
EK202310156730,134.3485983468563
EK202310154328,110.52085945101737
EK202310199723,156.95467568153865
EK202310204015,161.6086430908397
EK202310165125,136.53529931311226
EK202310128837,149.763721217465
EK202310109283,142.8096964409405
EK202310140754,156.47039262657708
EK202310133445,146.13385302242347
EK202310215163,153.58255949407277
EK202310152379,153.03581401273576
EK202310222153,125.08007451612863
EK202310168369,123.76745593155488
EK202310146927,138.5241820981126
EK202310233613,145.8871185355414
EK202310194475,128.05127148179804
EK202310176902,140.52027041552387
EK202310109845,138.44427911684878
EK202310143688,147.36570685602797
EK202310223718,143.1804033713095
EK202310114527,138.05879926368533
EK202310120556,152.31220496874252
EK202310228552,136.03851127842748
EK202310149970,155.4947407523005
EK202310199626,136.43406781807795
EK202310214977,166.18980724446408
EK202310184953,139.4265122857763
EK202310004437,129.18586812645128
EK202310213912,167.34242295753768
EK202310151119,133.9404142930831
EK202310171466,122.08504502891523
EK202310152063,144.22499912193626
EK202310137186,158.0877959500349
EK202320007104,131.8114628083423
EK202310202185,145.08841505690413
EK202310226204,134.54287893347626
EK202310189423,137.33058641788813
EK202310192491,122.00540046929902
EK202310187212,146.9237343141394
EK202310192179,160.8935672208341
EK202310126111,128.16758084372395
EK202310175586,155.62807297881406
EK202310194758,159.57922654854275
EK202310214384,152.68967108475144
EK202310179433,158.09909657024713
EK202310118937,135.55583218858362
EK202310230656,153.00131809072633
EK202310212922,154.1953676587567
EK202310223591,123.64988708665629
EK202310182731,147.00721789100837
EK202310197092,144.74299373253967
EK202310188601,140.9931925444768
EK202310185962,166.79056747582416
EK202310154873,123.89439055511647
EK202310140333,137.64403762878456
EK202310239540,142.99004067491248
EK202310207256,121.82347952581512
EK202310193996,141.91671056459992
EK202310196769,140.0002736951675
EK202310123958,143.55550379667534
EK202310240085,140.89329701597677
EK202310246484,123.93274569979344
EK202310147689,140.5533073581311
EK202310189701,141.71487474951175
EK202310237575,140.73924110932037
EK202310219357,139.88422875411925
EK202310120804,121.96305807719739
EK202310125732,140.56828990803982
EK202310167873,138.3094327324648
EK202310247821,143.60978427808686
EK202310206331,183.1436530918909
EK202310131746,146.15318729174845
EK202310125465,139.14887160056784
EK202310137591,137.59827548654422
EK202310146755,148.6286158758082
EK202310145331,167.96590572604347
EK202310126909,131.98465308922601
EK202310176521,121.94834219015384
EK202310160650,138.08810819312978
EK202310114819,117.48618374837369
EK202310218236,149.5623062282556
EK202310204841,157.11725102942745
EK202310004910,137.05227306647578
EK202310146653,140.45968073504486
EK202310188782,127.0244159541031
EK202310125945,140.49449121828337
EK202310176437,152.2352773450498
EK202310193288,138.5729779531604
EK202310178658,154.01228578453615
EK202310150054,135.54802209088575
EK202310142919,162.73402237043751
EK202310222262,135.87809651337105
EK202310235742,156.00960438009633
EK202310113166,151.1940000278493
EK202310224000,168.53698424240832
EK202310198993,133.300824592331
EK202310228553,141.88700878621154
EK202310190794,142.35146174433152
EK202310201535,160.35020742540962
EK202310165775,144.93981815457371
EK202310173099,135.6302929714464
EK202310152431,168.96255529788294
EK202310232652,143.45068173661016
EK202310182578,133.64722391241176
EK202310176081,150.7157372445502
EK202310168495,111.59674961686788
EK202310243081,143.0198155209646
EK202310214666,135.76050000801553
EK202310173376,123.32319376795756
EK202310185049,145.37451283188517
EK202310151788,153.81043367816483
EK202310142398,139.0168082358333
EK202310191734,154.57558905579452
EK202310185366,155.4057206959587
EK202310110653,125.31013427847711
EK202310197984,152.55784679668903
EK202310212461,133.1230515167343
EK202310220987,128.38954088631723
EK202310114458,129.29014709768103
EK202310167289,142.90168335114396
EK202310178582,148.7909496506238
EK202310135726,148.35913114263124
EK202310208307,130.13076725523143
EK202310186529,147.85774094810094
EK202310163685,141.1090806458351
EK202310204304,155.236133317713
EK202310174269,132.0537593288854
EK202310169002,136.78394365600255
EK202310195183,139.37984900011648
EK202310172158,153.175983476272
EK202310195251,147.3957109099024
EK202310217760,145.1038308615335
EK202310233545,141.5889285733119
EK202310146187,132.8920503002243
EK202310201834,160.80950091239808
EK202310172626,150.254721298042
EK202310173313,127.60665194425296
EK202310151898,166.3308507327096
EK202310112427,130.54080267459636
EK202310202848,154.17602894806137
EK202310106441,146.79528190153184
EK202310200903,133.42583343672337
EK202310211769,126.08788199540773
EK202310210065,126.50008507782073
EK202310243416,139.05725509634078
EK202310178697,158.0040655573821
EK202310161358,146.46669577960253
EK202320006190,143.14884534034834
EK202310180462,142.41899043037418
EK202310162539,157.1916321595629
EK202310148977,152.4024707259243
EK202310194237,141.45702486690428
EK202310223514,142.19417384695282
EK202310162269,148.10327499510487
EK202310121844,128.40831944528617
EK202310124866,139.19030569244273
EK202310107700,166.2217038205584
EK202310221161,131.99623818354377
EK202310245562,130.50088091750717
EK202310179235,124.51475204730268
EK202310124532,149.5824081356052
EK202310128389,159.5936132753868
EK202310129800,163.56074115120177
EK202310207578,142.3920714124044
EK202310193457,149.53389063167828
EK202310206549,143.38626268040198
EK202310192075,143.71130699875948
EK202310234817,140.69562074548085
EK202310152042,140.68894146793366
EK202310199732,144.7655832775671
EK202310106385,154.07966248148523
EK202310232034,136.87864012070222
EK202310225160,137.72408279875233
EK202310168514,187.69487303843468
EK202310196347,163.3126890184679
EK202310132598,142.594797507985
EK202310193609,144.5848890484453
EK202310112508,145.552279342354
EK202310155472,145.5225912642907
EK202310177321,129.24741380551785
EK202310128022,145.24110734405775
EK202310206990,139.29608547186538
EK202310142239,156.80147047285922
EK202310129832,150.01711215143723
EK202310213810,137.12199796241882
EK202310198404,147.7573981793017
EK202310003754,134.86436100505233
EK202310133307,138.06228405770037
EK202310155718,145.30834352359577
EK202310124975,146.12014300376595
EK202310238569,142.61203399362188
EK202310155626,139.1510282534212
EK202310109451,144.67271439875591
EK202310156701,118.06196672758603
EK202310112702,134.85658485819545
EK202310219593,127.83551281261336
EK202310236091,121.48845670801964
EK202310109465,142.07223624656828
EK202310239232,134.9157545712202
EK202310153092,136.8694249613633
EK202310142926,147.50877079743876
EK202310195282,162.12808274350942
EK202310144631,149.21325355266342
EK202310158174,130.4081564566167
EK202310130498,155.62741109133825
EK202310152250,145.52244777654278
EK202310154816,140.6637115172595
EK202310187452,154.44312881621482
EK202310130712,130.62486334015034
EK202310225931,138.66981189709858
EK202310212154,139.67580550713964
EK202310180982,153.32712116595212
EK202310187065,133.5985846471026
EK202310231143,131.3222287774733
EK202310244459,122.58991438375554
EK202310117863,144.916722549623
EK202310104458,139.48494299072277
EK202310228846,137.1519447729066
EK202310129898,159.37712161243968
EK202310160315,152.19107317864592
EK202310146629,139.85020668728419
EK202310166930,172.82549378246688
EK202310242374,147.55810894023585
EK202310210376,140.51277384125345
EK202310197387,143.61400027054452
EK202310136364,134.63876938386068
EK202310204149,150.3337545480761
EK202310107806,159.08158691083943
EK202310233474,121.80069670146304
EK202310228559,145.1639944225691
EK202310138215,119.19545584794588
EK202310143063,147.5137475078618
EK202310157985,146.19681773201734
EK202310190599,136.66966267153438
EK202310114903,141.1864032793294
EK202310133276,128.66382903672155
EK202310132588,131.39787927460023
EK202310004157,147.94355808935325
EK202310152358,158.8671058134715
EK202310111141,164.3047519327732
EK202310200435,134.61467317395042
EK202310204982,144.50503420422112
EK202310212495,124.52379836824598
EK202310183601,141.50745083683302
EK202310214375,160.55272037181632
EK202310210198,140.9702523403452
EK202310167063,167.1155012376154
EK202310149576,145.60996594923975
EK202310132215,140.20752762219
EK202310163904,176.49425299233866
EK202310200956,154.23025277166144
EK202310180120,154.51876780252957
EK202310121104,137.1516096093205
EK202310203655,143.34583207933971
EK202310194561,152.23483044476754
EK202310222799,142.26773552345176
EK202320007041,133.3102478527449
EK202310119052,145.86206076255334
EK202310137233,155.2688704715135
EK202310187775,142.73209230097666
EK202310232434,139.36881916115226
EK202310205717,144.61335889662143
EK202310221339,139.09498179358664
EK202310123835,146.95558241880613
EK202310232532,140.5886237435147
EK202310107165,144.5176537952252
EK202310203436,135.7847480340461
EK202310169851,147.82826860493725
EK202310193274,157.34005647526698
EK202310151878,134.40666071158392
EK202310180128,129.40588274732335
EK202310150220,139.20941313117353
EK202310187751,142.1769010614378
EK202310162881,141.69019794179408
EK202310192822,180.91750180318087
EK202310195620,140.0779037059861
EK202310135344,132.8905218152126
EK202310190721,162.9915293819607
EK202310121180,148.27444854773617
EK202310197995,159.02572094873557
EK202310238294,138.91159533500786
EK202310181201,142.17208278415833
EK202320006195,151.81297338616804
EK202310144714,122.04856294783833
EK202310174694,178.8797295849049
EK202310130143,150.42016017823607
EK202310213402,126.01592355878844
EK202310164458,159.65348466251302
EK202310138233,144.45791514148556
EK202310196325,157.8685228229773
EK202310230287,131.05121968507248
EK202320007443,149.64115017169044
EK202310237310,148.40918908225797
EK202310188028,164.03942205872275
EK202310221385,155.54049295354736
EK202310201433,142.24180353739726
EK202310210894,137.36353011166904
EK202310144757,136.6994608088105
EK202310230555,121.34612173792485
EK202310127197,171.49549543957465
EK202310210367,142.77987787490773
EK202310107406,136.64861941315272
EK202310201552,143.9229765222055
EK202310163315,153.71147153810668
EK202310106204,131.77455501528357
EK202310189865,137.58545250192935
EK202310143319,165.55867898473818
EK202310187989,140.4202007808705
EK202310204280,149.78684551693692
EK202310166053,169.25488293038342
EK202310179719,151.13994330243827
EK202310119334,127.73135147574621
EK202310212088,121.72647688278059
EK202310123364,154.35256418283015
EK202310235184,144.1853527275221
EK202310150098,127.33313679651003
EK202310219013,134.69373484394345
EK202320005598,151.9023857622445
EK202310122400,153.11032172746147
EK202320006069,161.60845184491544
EK202310240606,129.30828034094043
EK202310192122,149.28491578798022
EK202310239991,164.36264240829922
EK202310129077,142.11989987456468
EK202310246377,130.72926825803756
EK202310242482,143.36501270752308
EK202310162862,124.49902136027802
EK202310217556,144.2822742495505
EK202310136375,145.0574419140121
EK202310193072,140.24561174246833
EK202310232709,124.6715947230613
EK202310137784,142.03482379750676
EK202310195933,159.36777048206199
EK202310190342,136.73846174282937
EK202310128675,144.51321665015755
EK202310156867,126.8063365180549
EK202310148670,126.10524988171173
EK202310176460,128.78953090429067
EK202310129961,154.18777715034156
EK202310146909,132.95365453406538
EK202310138497,159.0699825531154
EK202320005583,141.33897770232647
EK202310139679,154.64916249426574
EK202310138331,135.68362250675466
EK202310183937,163.3979633067007
EK202310180455,142.77056872142697
EK202310197763,148.21676990417757
EK202310196627,151.34099692572838
EK202310219790,140.1352513718536
EK202310185905,173.50866935604128
EK202310004706,133.5878578841455
EK202310181268,122.0221781940813
EK202310219922,143.71874955203182
EK202310149625,152.89281191917235
EK202310200086,136.2737425388409
EK202310214446,155.67104141303946
EK202310244555,141.8811884961973
EK202310203678,148.4085920996473
EK202310121725,144.42116071733278
EK202310178580,159.86961438724865
EK202310231258,144.87284396039755
EK202310116413,138.1173812398361
EK202310130519,155.61998864469751
EK202310114605,156.89345941091747
EK202310104328,133.980826533308
EK202310217095,147.2980331102395
EK202310159014,139.75629317949313
EK202310240255,138.04621694425413
EK202320006678,165.7044848370519
EK202310127358,163.40539376747077
EK202310228371,139.5096497413718
EK202310212880,123.97856546582665
EK202310184252,160.31798554331766
EK202310222457,134.97510809050635
EK202310106525,150.62110581263352
EK202310212900,144.1874773609041
EK202310164200,162.994972224399
EK202310141506,136.05424361666664
EK202310124179,109.58706874994542
EK202310210747,126.72444595397116
EK202310104325,132.36069090808257
EK202310171837,143.97863143965532
EK202310183388,134.40866361795307
EK202310175474,156.72816849879587
EK202310161361,143.58112074523493
EK202310163883,148.84869031034486
EK202310233128,134.3147247018757
EK202310199650,152.00550903588856
EK202310107707,139.29443373489573
EK202310112036,129.13832486181417
EK202310152162,130.96009052140516
EK202310115154,152.65896811763392
EK202310106295,141.7599667148544
EK202310209811,139.16858363417887
EK202310170779,132.70577602720897
EK202310132319,136.605483844008
EK202310176117,150.99871461164395
EK202310109117,130.63771866122693
EK202310146050,121.39624876636553
EK202310189377,169.09280318572578
EK202310108901,143.30546576497832
EK202310129280,153.9561218364226
EK202310186201,147.91909333843074
EK202310125879,141.20592334264407
EK202310223489,158.59051834633811
EK202310195362,142.39745743901764
EK202310168199,126.172089957137
EK202310123430,141.43578301542473
EK202310169481,157.59811807620994
EK202310212350,120.93019185023859
EK202310204165,135.89517199961273
EK202310116597,150.31002703791773
EK202310178940,132.89930920492316
EK202310181172,142.1318362938312
EK202310232407,134.0700290532688
EK202310120201,123.61581178614216
EK202310132088,175.69830380608948
EK202310176583,142.9911921281331
EK202310116485,127.30476380939987
EK202310232488,118.17236210565308
EK202310185248,138.77550758344046
EK202310114195,123.90959597192423
EK202310171527,133.55718505968434
EK202310239847,125.38715253236712
EK202310109025,143.4870665992038
EK202310188543,132.71382940389879
EK202310164772,139.77664245458817
EK202310220946,126.68624293278509
EK202310157893,150.68142388748907
EK202310130096,153.46387668847646
EK202310215475,145.80898738268914
EK202310175525,153.89145013467632
EK202310241739,139.2017135809014
EK202310149577,141.74001199445036
EK202320007764,141.49049773564056
EK202310162677,156.28029256858915
EK202310118455,145.36826728742238
EK202310144170,134.46100448317316
EK202310123446,157.82581749204715
EK202310111614,161.04683660200453
EK202310148681,145.031509696409
EK202310135706,138.32388292109428
EK202310169610,121.44409199485813
EK202310154626,155.80431876243753
EK202310186396,139.54514335381728
EK202310130384,142.16584161815743
EK202310139999,128.94431810261537
EK202310173443,141.96621488878475
EK202310172753,150.19642036285626
EK202310150539,140.4094581703023
EK202310197972,144.95519963315442
EK202310167038,147.4877619733877
EK202310121549,143.8048665491223
EK202310144749,152.8465036982849
EK202310129763,123.72942228578307
EK202310105138,128.83394239649036
EK202310145803,138.24673037074092
EK202310150239,129.20692637926265
EK202310169489,144.15025289238488
EK202310138665,147.7319399003306
EK202310123078,128.45938206813827
EK202310219135,146.91941628374624
EK202310116443,121.93860373343873
EK202310195859,155.00314250427743
EK202310118292,132.0725905084023
EK202310134982,171.1407945601171
EK202310236579,141.5521205296512
EK202310145251,143.88926603433106
EK202310144320,128.83635453614508
EK202310165413,132.16491784290602
EK202310164223,155.0137508688716
EK202310178660,164.21509841722786
EK202310152292,147.98285083296975
EK202310232276,133.72083959841117
EK202310227732,137.82356595946467
EK202310155773,139.9200479125746
EK202310188232,151.3286092976612
EK202310182770,138.0707626657683
EK202310202719,145.7887292238922
EK202310138556,150.1555823760481
EK202310239172,154.64434822302522
EK202310151877,152.66489214690642
EK202310116662,147.2453197502653
EK202310206983,127.39088034408142
EK202310161922,140.24846689924323
EK202310116370,128.43002113310658
EK202310216242,145.548245387877
EK202310223914,141.306854174208
EK202310183638,139.968081209624
EK202310180955,152.35629130052396
EK202310135432,135.97383392801015
EK202310220264,119.3995140693657
EK202310241824,170.33430570955804
EK202310175340,158.80729940591144
EK202310123572,128.0770729469732
EK202310228745,138.76902977712658
EK202310150402,143.97899783431848
EK202310123048,154.61965754682342
EK202310245625,146.9815995357757
EK202310004596,135.60982317293468
EK202310187568,139.5660297172645
EK202310004796,137.62422875298117
EK202310206482,148.0709867827135
EK202310152723,158.710756076788
EK202310144324,143.8224237525625
EK202310182703,166.05029243827963
EK202310207031,146.14034331295707
EK202310224829,122.88093028370614
EK202310194916,138.0589719886415
EK202310158171,165.01873736150122
EK202310237739,150.57899230618435
EK202310233535,155.56608586252287
EK202310159582,152.00705486960612
EK202310157407,134.82518943003544
EK202310222554,145.61370150128766
EK202310209992,133.63248048980313
EK202310197773,170.6936232508073
EK202310219559,140.44186100566714
EK202310149590,139.7655477764723
EK202310172229,143.8438790868738
EK202310179759,145.83641135540992
EK202310141351,143.81159039237818
EK202310202674,140.50467310273746
EK202310150237,143.2676219019445
EK202310131854,150.78358981873225
EK202310209299,133.26175691896876
EK202310152323,175.5001434969745
EK202310130424,161.68293926737894
EK202310219110,151.85272189269122
EK202310208971,144.11350557374485
EK202310175417,130.426313897243
EK202310178979,152.478720565157
EK202310149330,150.15871662236043
EK202310214732,149.53416554511116
EK202310151284,137.34389077473847
EK202310246323,147.32637395239976
EK202310162754,145.81761165753076
EK202310142435,161.63779651088228
EK202310218666,135.13573182340062
EK202310221049,156.82572953395825
EK202310173708,138.0875147652571
EK202310192941,118.88848951392222
EK202310126047,168.66330561652106
EK202310241369,158.6779859168812
EK202310183820,159.21718222642366
EK202310243559,143.45848264160048
EK202310148350,166.21756036235155
EK202310224931,143.44945516612538
EK202310236248,150.63220915929838
EK202310156811,147.57708994274276
EK202310224565,133.66784016956547
EK202310203958,136.785428318481
EK202310119312,135.9136753062929
EK202310178028,148.33849927591646
EK202310186588,158.14033641149632
EK202310139697,168.3260823654051
EK202310197136,139.82157955277995
EK202310220806,149.91178289817566
EK202310222987,162.38085666139574
EK202310161970,142.61405325214733
EK202310208174,155.47713466037166
EK202310118068,129.96893907663576
EK202310131022,142.36119998100648
EK202310122159,137.16422770554271
EK202310216067,114.01847981257573
EK202310245924,135.0094061077397
EK202310111788,140.31409534164203
EK202310127853,151.6962365327338
EK202310106238,143.25713063677057
EK202310158124,130.05916204914985
EK202310132835,142.7921213853554
EK202310148914,147.654406259608
EK202310231691,130.6559419075769
EK202310247000,153.51339031765394
EK202310192115,157.6284989338613
EK202310104130,126.20641359454407
EK202310139212,129.66553216717742
EK202310197454,148.87099789690754
EK202310192429,144.72663321095177
EK202310167625,130.78005995926006
EK202310199497,141.31165207248648
EK202310153618,145.5988387853255
EK202310181484,141.116330327939
EK202310198186,149.5520327580272
EK202310152220,142.14958767751304
EK202310159039,134.13895881735144
EK202310191546,133.20769868445467
EK202310133158,135.03601582734575
EK202310201688,149.1387430729825
EK202310235017,150.49714109030938
EK202310135857,155.12006590893898
EK202310218208,168.4445682767121
EK202310118595,145.91196600733815
EK202310163828,142.99372126065282
EK202310141421,124.81633251903882
EK202310180807,129.35379539809213
EK202310205637,126.81960908193324
EK202310105788,144.66925856974132
EK202310216219,141.1673718990194
EK202320007125,176.02958192097952
EK202310104911,138.14536697188933
EK202310189159,166.07127934021713
EK202310195473,164.48513433792527
EK202310118604,139.25945111009966
EK202310195319,145.55745339744732
EK202310240500,154.01549146854492
EK202310113748,156.66459353394328
EK202310004313,143.09607168940693
EK202310143650,148.8256792242332
EK202310165864,165.37575364382715
EK202310197618,143.97228074355976
EK202310147381,132.09021705754796
EK202310204456,132.37669837236254
EK202310168795,132.75355025517234
EK202310162071,156.41417607424515
EK202310155041,125.20821303376458
EK202310116293,142.80666023801035
EK202310111802,139.96220251395337
EK202310143876,138.61176000264072
EK202310170107,163.71917157652803
EK202320006604,165.79552836432651
EK202310181395,157.0453250813307
EK202310128405,143.50513323381998
EK202310172117,147.95630741612217
EK202310173280,152.07474541555348
EK202310114735,132.64230354532293
EK202310124558,130.00997005086174
EK202310122475,135.10013087839548
EK202310137618,143.86329046753647
EK202310105474,127.0458350048502
EK202310209280,121.93898448485642
EK202310142912,141.13997766355916
EK202310246004,121.10525782699273
EK202310186374,143.66760453920037
EK202310139853,145.0988078641151
EK202310243432,134.39926411245082
EK202310135700,130.15389669671154
EK202320006074,167.96114386225912
EK202310207199,142.70412939480212
EK202310114736,143.00173599941277
EK202310129145,150.59566807569348
EK202310135339,170.81800730915018
EK202310105627,136.73951920736772
EK202310114046,123.43304827094084
EK202310121749,127.69048944894817
EK202310160579,150.29582467273784
EK202310132059,146.3516868745225
EK202310158407,139.61827167997927
EK202310115805,138.89023194202133
EK202310165675,142.15580550283005
EK202310223393,150.620293148941
EK202310166586,148.25341970221376
EK202310142763,155.41928216826457
EK202310169174,139.7793823948864
EK202310118007,138.42102972985163
EK202310188453,114.22778601550927
EK202310186603,124.8366033973184
EK202310115518,137.41420200914615
EK202310237777,156.89391156140942
EK202310245509,143.88834097072908
EK202310149571,154.2207214257715
EK202310238699,124.52483380636133
EK202310162044,142.25309380825075
EK202310178900,126.5039268296338
EK202310210189,134.92445733574021
EK202310246044,152.72429278487644
EK202310169510,160.1394993858041
EK202310224019,139.49687635258297
EK202310196916,153.860050839189
EK202310110545,141.22594304917044
EK202310158475,147.1346944172591
EK202310240666,140.99141690441735
EK202310147702,133.07444614635384
EK202310240541,144.93146545452856
EK202310165419,140.94573369397128
EK202310158944,158.18865953011178
EK202310154741,147.94557650399233
EK202310183411,143.56028656121947
EK202310150802,141.5534291299427
EK202310236647,123.75751995617976
EK202310168877,158.17574556126004
EK202310177550,140.6754117688478
EK202310161815,137.55725828708205
EK202310205936,134.5818768700055
EK202310236918,134.60087189583254
EK202310231978,138.26123337587688
EK202310145447,151.07019410501272
EK202310113081,134.72667903394927
EK202310245380,154.7905996361893
EK202310226536,137.00458161133346
EK202310171629,143.61722807318148
EK202310142578,163.7546469964133
EK202310154571,136.26636607269975
EK202310133424,145.0489983457626
EK202310205232,131.55305296889748
EK202310125353,135.4163915698117
EK202310129062,146.6697331700488
EK202310148286,149.99124325824118
EK202310217186,160.04631585943451
EK202310240058,159.4005121079538
EK202310004925,151.72199346411506
EK202310121900,138.35568702663292
EK202310193811,164.1990513940933
EK202310236073,131.48510223116165
EK202310209661,140.05245436470585
EK202310183452,116.91522004749368
EK202310198390,119.62541040557319
EK202310194814,145.7028473892824
EK202310154258,136.6161576110739
EK202310225570,130.9118763172468
EK202310236562,124.18719196664814
EK202310125786,135.68449259490455
EK202310227228,123.95865817483639
EK202310104334,141.67797096917175
EK202310247598,162.66363254498287
EK202310163731,153.64168751836274
EK202310153854,148.54704728787812
EK202310209072,160.82167069547435
EK202310130417,140.89865630739973
EK202310161714,128.30372099074873
EK202310161726,151.15362174189045
EK202310214070,155.7192668377792
EK202310174019,150.29244563090657
EK202310197029,149.201919037097
EK202310236341,133.19110216091943
EK202310218675,143.7103650895681
EK202310124319,130.47905821741006
EK202310231778,136.51344168824207
EK202320006401,105.36313783164803
EK202310107779,140.50085294113305
EK202310133015,125.34223557608414
EK202310181550,140.27906559665038
EK202310247332,158.827575610079
EK202310111163,134.74920626847845
EK202310145310,144.2386928613817
EK202310126094,138.28245252385912
EK202310161397,135.1889627851926
EK202310146374,128.77573208121922
EK202310136414,126.25769571742839
EK202310141425,166.25339761625546
EK202310138405,140.14168448550197
EK202310173668,155.2668996717268
EK202310184285,137.8482827016303
EK202310176095,167.95575445912786
EK202310211570,139.6550434018858
EK202310208829,145.1424027662064
EK202310147190,153.2641407192746
EK202310191735,136.8919270716225
EK202310213951,167.03862336451763
EK202310140049,149.78687779238098
EK202310169326,151.19173568014602
EK202310157230,176.55595836967768
EK202310124090,132.15487427584796
EK202310142146,130.25836064078518
EK202310107242,139.91430014332616
EK202310192993,132.32493521424635
EK202310149787,146.70153834954584
EK202310177888,134.03388450644147
EK202310212815,157.3926067988711
EK202310223609,149.83049360178555
EK202310189733,168.8897747670444
EK202310218104,136.3839008017898
EK202310111896,134.17987813785481
EK202310132753,155.2721760769314
EK202310112173,135.59353141334117
EK202310167323,143.35494935736108
EK202310140969,143.67685865034028
EK202310214853,153.17716464144644
EK202310105928,133.29933114512454
EK202310213446,134.0319412803981
EK202310134309,147.3439587268149
EK202310177619,140.29510754380476
EK202310004283,131.29402266956717
EK202310176874,136.11873411042413
EK202310160131,139.3403704547008
EK202310201219,173.70400920980967
EK202310004099,140.89106891265877
EK202310167947,141.6099822732805
EK202310155342,129.7669236860515
EK202310209163,133.01476828199446
EK202310242285,127.49267328202359
EK202310215045,166.00851173692888
EK202310245674,146.68138604274895
EK202310192087,130.35293899990023
EK202310182851,133.5891769124853
EK202310184176,157.0786389001728
EK202310205303,156.78095519357166
EK202310108199,155.12560974816063
EK202310124913,172.15627442754862
EK202310140458,141.52011094103284
EK202310142132,135.1419412175334
EK202310147065,159.20237475850564
EK202310143393,121.02244705705331
EK202310139964,130.1647281890757
EK202310225775,148.09855043149213
EK202310127142,138.1413014560513
EK202310179582,152.60678815173512
EK202310207922,139.3293025379293
EK202310195810,167.95291747760996
EK202310178849,163.58835523491973
EK202310229124,144.7242619401009
EK202310113502,139.7882157420259
EK202310223610,137.93297100530424
EK202310147986,156.3013552612697
EK202310236813,146.01606298438375
EK202310176936,162.3030586798674
EK202310199151,143.75476970660588
EK202310192534,138.83186807251712
EK202310217624,127.57182370433087
EK202310003755,138.42552176316133
EK202310161830,134.96695035065716
EK202310243624,121.12168026244309
EK202310164105,124.24690168875165
EK202310179948,161.92382824102043
EK202310135310,164.76133127127733
EK202310004295,128.52864501209348
EK202310141079,153.0555629702793
EK202310225179,171.5382188932636
EK202310227335,141.67983966545282
EK202310161160,169.23068790486363
EK202310247623,163.08043662978804
EK202310206076,131.31990865479673
EK202310119053,149.2408461644231
EK202310139617,135.87986909600892
EK202310143241,123.92251064182851
EK202310115504,143.35443058521795
EK202320007161,141.03672733982813
EK202310183784,153.96049475595328
EK202310187344,158.01961105820718
EK202310185527,142.22441211390094
EK202310238290,165.93747558950102
EK202310140457,130.01151121729225
EK202310150648,136.89062330829984
EK202310223600,139.24807942159126
EK202310167530,147.06543862325603
EK202310224100,139.91964191715593
EK202310152786,145.00046438511941
EK202310135478,154.11622485099653
EK202310193078,130.2544029936598
EK202310155463,167.90958688049798
EK202310105582,197.0452098075455
EK202310135195,126.76035753734868
EK202320005552,147.00447714627097
EK202310228708,128.30566614377832
EK202310141498,133.11393542330427
EK202310193872,154.93083441907797
EK202310141414,174.2884860882722
EK202310151905,123.52836063953526
EK202310127407,143.7723391427439
EK202320006299,150.71263667379367
EK202310212343,140.34744856728423
EK202310168454,118.62136695719983
EK202310171479,134.64946007608867
EK202310110727,163.83163738897684
EK202310109806,149.4794400921576
EK202310229172,136.39071918781315
EK202310221527,126.29785257974444
EK202310136692,118.22682860340447
EK202310225939,132.88886696485355
EK202310128011,122.20281285583343
EK202310119451,143.2433161802075
EK202310240016,151.64093770001378
EK202310137412,145.14032955776347
EK202320006473,157.48219504492067
EK202310133714,151.4922130686087
EK202310182002,145.78463673250016
EK202310146885,151.63341974651127
EK202310228765,159.81547223781374
EK202310199335,152.0659151987647
EK202310144286,146.6755578386247
EK202310120179,146.2941267496547
EK202310125242,138.76703240125303
EK202310129853,149.70903002435162
EK202310105724,145.71567705458867
EK202310177232,118.56229875304992
EK202310240889,150.07222048361555
EK202310135626,123.63062547598827
EK202310182429,126.86724043641641
EK202310160815,161.16638902752317
EK202310161842,150.14589027666963
EK202310194125,140.7701438477196
EK202310163430,136.39344396513712
EK202310207741,136.242957705018
EK202310202036,109.2658804570374
EK202310165652,122.47916203542565
EK202310136570,142.18879541809125
EK202310139028,165.94729341981437
EK202310163487,150.2407890804231
EK202310177984,138.06079877862248
EK202310239997,150.64672288917853
EK202310176249,176.07996968413735
EK202310152361,183.8343288370373
EK202310151709,139.01067032116447
EK202310135268,129.63188760663564
EK202310171919,146.81346552985386
EK202310122006,158.79595019547367
EK202310127839,158.4341338397716
EK202310219814,155.82064768016164
EK202310187560,148.61379163356986
EK202310113366,141.38984949569087
EK202310134748,129.80012735195555
EK202310208843,145.63366424266607
EK202310175338,136.93649468183457
EK202310124470,129.71295468646161
EK202310121775,138.11456515987962
EK202310237332,134.63539772534148
EK202310141855,152.11119182054173
EK202310154289,142.75696647859348
EK202310120044,134.2012809311277
EK202310192432,148.8071882275801
EK202310160195,166.29218881606909
EK202310105413,144.64338429015578
EK202310004863,150.08550191722364
EK202310138732,144.890067425364
EK202310225944,121.38024727159508
EK202310239340,120.09310617152612
EK202310155959,150.49959399761693
EK202310177384,166.7690268819894
EK202310114746,127.44295974494607
EK202310156841,146.48213719884097
EK202310213654,135.92841709549043
EK202310210592,140.79679744430953
EK202310110296,138.13199430368115
EK202310240236,146.45688937350693
EK202310242957,140.26271994944204
EK202310163621,159.5006527537874
EK202310202691,159.64315621780094
EK202310127490,131.7623210148581
EK202310199512,147.71671671314206
EK202310155288,148.3654075347338
EK202310237968,149.83782321051157
EK202310118847,148.32727149803463
EK202310144769,128.14113228163194
EK202310212518,134.40782567181157
EK202320007577,128.39698290763033
EK202310244590,173.78188406549287
EK202310003432,131.8306722677441
EK202310242932,147.81711963847624
EK202310184880,167.85951584979728
EK202310208839,146.78238076841862
EK202310225707,147.64398270228793
EK202310196085,165.74417863196228
EK202310111047,152.4038388397649
EK202310149321,151.06133830953289
EK202310214602,141.72412728159236
EK202310190162,150.43868924425868
EK202310203789,131.50590207494582
EK202310165931,146.163256708671
EK202310143768,143.15429841325889
EK202310226420,150.2225248577223
EK202310206883,149.29089990232364
EK202310230191,148.7436449076935
EK202310223966,146.88032258806695
EK202310118804,135.4144967795154
EK202310224984,120.47075388991894
EK202310221101,140.3983117401389
EK202310241759,131.15552356917652
EK202310219986,132.1523773105289
EK202310247113,136.82704595110175
EK202310136489,144.29041629649473
EK202310189176,159.2888323457077
EK202310201813,151.32159222872977
EK202310167143,147.8386836389813
EK202310245156,145.3224106258632
EK202310149980,149.17497071015592
EK202310238395,147.90872504845277
EK202310223767,145.28817860961897
EK202310118543,128.28953360095002
EK202310137202,113.64105891696127
EK202310245378,139.82579997642037
EK202310202917,147.52676550769138
EK202310120015,127.98059023313067
EK202310242744,140.53262231028765
EK202310170961,141.11785162614385
EK202310170849,133.50451030149455
EK202310108365,132.03694122856734
EK202310225302,148.10683541120227
EK202310141853,138.10491260838194
EK202310152952,148.8829129691841
EK202310118252,133.59880124373902
EK202310150764,140.48034781798793
EK202310188288,142.50343105539963
EK202310236699,140.7013249816518
EK202310228975,137.06428075819196
EK202310176364,135.93509102832795
EK202310148297,143.65046805532884
EK202310234706,124.69975933226928
EK202310202029,129.13886160025814
EK202310218635,120.78210342605254
EK202310187565,157.5097742550584
EK202310238217,126.78953265713056
EK202310144263,126.82296409122443
EK202310216046,121.90848924635836
EK202310240199,146.15151979206988
EK202310118761,140.1800966845502
EK202310118387,133.26721900537547
EK202310228319,124.18894427679575
EK202310188942,159.59665262826744
EK202310171922,143.28735185156023
EK202310205751,156.05654942779594
EK202310181387,156.40799138006864
EK202310194611,132.36687120409442
EK202310123903,150.3405696968
EK202310201170,162.57698305410077
EK202310124579,133.14866758561897
EK202310225456,144.71817436813848
EK202310224047,144.958580580615
EK202310168185,142.28869685252508
EK202310149367,144.0146260069952
EK202310222236,166.46167784704465
EK202310191402,152.6441131500717
EK202310216518,141.51172456832927
EK202310116323,134.38543916774208
EK202310229479,142.87834034299013
EK202310242068,149.37330413737567
EK202310172108,138.78644216481155
EK202310148960,146.90294000391748
EK202310203368,154.63383759122917
EK202310248782,129.7376649425221
EK202310130742,167.1643919966792
EK202310127431,138.78547264156742
EK202310166666,157.18230569719285
EK202310142516,142.19065032784854
EK202310171160,162.18448901273374
EK202310131980,149.54915737612168
EK202310230754,138.36090938749572
EK202310205660,132.21492837668785
EK202310195938,173.0908869121245
EK202310223018,128.6625069541261
EK202310189611,161.15741306612475
EK202310114061,135.81181832414077
EK202310168186,150.8510349221889
EK202310123079,133.9939522756548
EK202310142507,135.5074322766871
EK202310192082,136.93913783172812
EK202310116417,136.4945025744856
EK202310152679,122.16833374497355
EK202310186123,159.0847019974324
EK202310187670,144.59401171078395
EK202310199114,148.5112855924376
EK202310144744,140.50023356021444
EK202310171906,159.88843261929046
EK202310222160,132.140740437072
EK202310202383,139.11117276156324
EK202310133543,152.17284209259324
EK202310240197,158.52152979497842
EK202310224654,147.76744000922238
EK202310159827,152.47887304233421
EK202310129302,166.40160452040143
EK202310220687,150.0748319090393
EK202310137416,143.85902166487082
EK202310195263,154.05116739951006
EK202310226117,135.5501980737598
EK202310177937,144.58994907367733
EK202310224977,137.0317747714803
EK202310104811,156.30661964013507
EK202310202225,135.06822131396785
EK202310198252,140.5647085692776
EK202310169634,167.2735422619632
EK202310141724,153.11376923222684
EK202310132515,132.93330473964346
EK202310222595,129.06195699366114
EK202310245206,179.33623784243696
EK202310206384,155.1093532654934
EK202310131595,157.64659067280854
EK202310114450,139.7594205095263
EK202310193999,124.9691304043635
EK202310153211,128.22436892621772
EK202310168571,159.03216898968648
EK202310117487,128.55912595198487
EK202310147040,156.16620156268382
EK202310164747,152.30309914942902
EK202310185539,156.55337754805566
EK202310180947,166.56179391988903
EK202310209467,130.2515168636015
EK202310197453,134.1831604237268
EK202310241952,138.8570236369523
EK202310171659,140.94827828536145
EK202310121984,138.3880986590197
EK202310145988,148.11840038292874
EK202310227472,158.69801401597164
EK202310158925,174.90124140892559
EK202310161059,178.69409074234733
EK202310246350,144.6546380278615
EK202310204768,153.50745216777855
EK202310245196,142.50316518933647
EK202310134281,151.63800567048648
EK202310232567,154.56935189402256
EK202310187864,151.83832748192015
EK202310175599,150.44947763689643
EK202310137474,136.22652233874766
EK202310214594,130.90723660806722
EK202310176570,144.44845570317125
EK202310143525,126.10828222582377
EK202310216731,133.4782503892726
EK202310182951,157.13547073825572
EK202310195606,170.0810091734624
EK202310003354,143.1854305592115
EK202310003704,148.38989359012098
EK202310207753,156.70167812530366
EK202310108512,145.07740505665194
EK202310230571,130.31224497257597
EK202310210082,152.59526808026519
EK202310191492,138.53845454412587
EK202310113969,122.72371355708847
EK202310123941,135.06650858626017
EK202310135080,168.897684105893
EK202310117802,123.59887838590167
EK202310158376,134.7915196116849
EK202310140051,156.00981251115613
EK202310230366,127.98771156895906
EK202310138959,170.99589563728026
EK202310112243,154.27908460277456
EK202310142973,162.817833513402
EK202310179563,153.76882110325346
EK202310213686,134.97027276978406
EK202310207985,131.78936463236863
EK202310169142,131.63667064913852
EK202310189846,145.9428156559051
EK202310217981,151.31496724227563
EK202310168427,159.94778974931612
EK202310165111,127.69360716353603
EK202310211489,138.13112666489653
EK202310164721,151.32062389776823
EK202310192084,145.3192596681767
EK202310155310,138.42917750737712
EK202310207807,151.50574152753927
EK202310167274,139.17881570971375
EK202310232098,148.96283518592205
EK202310246400,155.01197590521144
EK202310181247,136.25291501276394
EK202310146677,139.99187085992915
EK202310199983,154.82119952463577
EK202310198892,135.0550030975275
EK202310118490,149.0725213571076
EK202310218556,131.72105193349495
EK202310209766,168.619268774933
EK202310201549,148.3563341420418
EK202310227205,140.58552110210871
EK202310201879,139.18298876578524
EK202310208984,121.8938966788203
EK202310172280,142.28469297052422
EK202310127074,130.66048104523173
EK202310003431,143.61329797552423
EK202310128481,125.54020485232462
EK202310191056,134.99296009206824
EK202310224670,135.11376824918156
EK202310148699,143.98167603062157
EK202310186655,172.53209909323996
EK202310145129,156.39513210742828
EK202310141368,128.13844880245762
EK202310215091,154.73295788308783
EK202310131768,130.64831437696057
EK202310169680,138.46427257321426
EK202310215558,158.96299954650937
EK202310235372,142.27775720736102
EK202310123185,136.27831685021482
EK202310188811,140.38075754375987
EK202310160442,150.8011885053521
EK202310190513,167.66202835321866
EK202310174071,146.31102578073933
EK202310226475,145.17740075712993
EK202310124362,118.79621556113756
EK202310217706,141.5709342651774
EK202310226498,162.95405628549472
EK202310237132,131.5748885629562
EK202310156490,166.92815781942144
EK202310161525,144.00234086328106
EK202310233261,156.50901110212524
EK202310183188,150.72942838922236
EK202310204179,147.09734964719405
EK202310221970,126.85133046848973
EK202310136055,146.46723058994377
EK202310192784,140.100714642303
EK202310154098,149.2355212470835
EK202310195221,166.0215943869357
EK202310247669,172.1004130595006
EK202320006739,198.9368481133843
EK202310143079,138.2494172412011
EK202310157780,135.68073935912003
EK202310122685,131.9740872519221
EK202310228079,138.64550290478445
EK202310178496,153.24748463653435
EK202310108793,150.47834309133086
EK202310243880,141.1280904837376
EK202310108022,147.20555175883788
EK202310127023,139.09245594405678
EK202310114813,119.40750869328205
EK202310211046,144.60972075180266
EK202310139161,131.76674312742153
EK202310165288,144.23390595278835
EK202310245913,133.62222756949663
EK202310216026,145.0718334741357
EK202310132021,146.70033854648128
EK202310206339,152.7387286389398
EK202310216740,135.0039721297688
EK202310210301,138.17182313051484
EK202310167900,149.1905587268949
EK202310173409,140.51069722690372
EK202310144428,166.0928753517814
EK202310194970,146.452224003913
EK202310105005,114.65671541721261
EK202310108090,127.60420185384797
EK202310229406,134.65067095127196
EK202310152037,135.89439346345517
EK202310204361,151.8809181524046
EK202310114029,125.78552234821663
EK202310158725,156.53876055421495
EK202310158027,150.17339953691638
EK202310148586,129.62314874084768
EK202310237068,137.83246356625915
EK202310144709,141.53088753269915
EK202310161357,119.24396204911433
EK202310124452,135.12032967850973
EK202310131605,157.37545769896892
EK202310162054,141.37544405858418
EK202310181680,164.5080157806486
EK202310117645,132.27883662942997
EK202310147699,121.49768964589072
EK202310153309,118.64940786939026
EK202310184492,145.08019316882596
EK202310104645,148.4441042722693
EK202310137713,139.12887000087807
EK202310243221,156.02271657808464
EK202310156335,145.35577321354447
EK202310197583,162.22201504580985
EK202310137359,134.88882635366497
EK202310130956,141.84496866217404
EK202310171369,148.74711927154993
EK202310232324,145.68950010120776
EK202310172995,141.12154212482824
EK202310134239,150.41490417565225
EK202310243506,147.28775117460066
EK202310163154,116.51008093767842
EK202310127929,145.21867711736172
EK202310202227,124.73773815019862
EK202310139348,145.83127968516544
EK202310158547,151.55121904305003
EK202310236863,131.605564338214
EK202310179959,164.95982776101076
EK202310195894,114.11146986197457
EK202310229850,138.07590012424708
EK202310242435,132.97407770857671
EK202310135502,143.44323500177003
EK202310229084,143.07622839175855
EK202310118049,141.27391533324152
EK202310201122,169.52474278969302
EK202310109875,132.2249316800747
EK202310196757,139.028247354616
EK202310139569,164.89182080271334
EK202310107377,141.76361715396197
EK202310116923,147.9490047591578
EK202310228873,127.52812374946943
EK202310218754,135.30640449176082
EK202310154272,132.083774367577
EK202310231169,132.15462634651237
EK202310217977,151.54971987047387
EK202310222555,145.86716623536958
EK202310162130,161.30705896992365
EK202310112323,146.82382649748885
EK202310159262,148.58894737212577
EK202310151594,141.99589509583828
EK202310163721,129.69210311802865
EK202310149061,152.01074117806164
EK202310147880,151.88966510284354
EK202310212050,145.93442745358433
EK202310117729,136.54410162597955
EK202310107629,155.7245681283419
EK202310139317,136.82452266722456
EK202310179272,141.75391400675392
EK202310121894,146.82949124580705
EK202310139188,148.72076816482019
EK202310167435,150.46954598383599
EK202310228964,133.4268404503008
EK202310113550,145.059736306168
EK202310180850,158.6314486323084
EK202310105563,129.96680308563384
EK202310110748,144.4212484676379
EK202310234819,139.0987762744149
EK202310154339,135.40241898367375
EK202310210307,130.32742379584275
EK202310239873,127.23828998137992
EK202310183383,137.37538109284353
EK202310193557,131.3309438325839
EK202310228033,129.0770165852279
EK202310167532,156.85940062852592
EK202310222264,142.2396926312302
EK202310106581,150.4944020884955
EK202310221125,121.54059841114609
EK202310165054,137.43344265756824
EK202310150415,163.30410019152004
EK202310233802,158.28615720062274
EK202310190617,130.79852715172487
EK202310106410,138.68136654782828
EK202310216886,149.28450538471103
EK202310115900,139.3653387076263
EK202310104935,143.01441813871483
EK202310129722,159.42658761456218
EK202310120948,145.089917693773
EK202310164436,143.8794335204526
EK202310122507,136.31457913523747
EK202310160593,154.55658607209907
EK202310210615,137.7088197720584
EK202310132871,122.64886303541493
EK202310237902,136.6399034334779
EK202310231150,142.0291558188142
EK202310165528,143.41753422412788
EK202310244497,130.88297505129847
EK202310107512,135.77183755600151
EK202310120477,162.5303864924991
EK202310229593,133.16146407844036
EK202310126986,144.51780588919482
EK202310175535,152.04730248593702
EK202310148104,136.44590695404997
EK202310201431,155.514136662976
EK202310148767,156.0053321043831
EK202310113034,131.09643074675859
EK202310209227,148.16177824393424
EK202310114309,133.30249047228253
EK202310174763,145.0637840735153
EK202310236793,139.06342780553268
EK202310177429,134.4638504278627
EK202310167536,128.86238917329678
EK202310141576,152.1594663199952
EK202310213488,128.07431164296753
EK202310162322,167.55540374346938
EK202310130610,134.5813889042662
EK202310152488,151.55954964366757
EK202310151734,163.36889507433807
EK202310155060,120.5444471755647
EK202310226481,142.10326708023322
EK202310119174,142.7246186849328
EK202310180130,135.008259394073
EK202310104489,162.00781650349282
EK202310195688,148.09156649454104
EK202310132973,145.89477403918457
EK202310135035,176.49685844565045
EK202310167150,124.50286964381615
EK202310195252,131.71507737652166
EK202310127294,159.54474334303188
EK202310140484,140.53791060112982
EK202310119854,137.12828214547187
EK202310248841,145.5309932577194
EK202320007808,140.65016596784133
EK202310199228,152.1909962809898
EK202310184715,154.38725834123628
EK202320007242,145.23617530901032
EK202310147415,138.77901702122725
EK202310171570,138.595127611698
EK202310110477,113.91163934408368
EK202310113604,156.00966932545322
EK202320006431,148.83197452312183
EK202310121838,135.23393031477497
EK202310148733,151.7166322248603
EK202310148335,145.22269625717288
EK202310113968,115.30222664264241
EK202310231455,138.98229084464523
EK202310203454,137.26645236868737
EK202310191708,116.20361116707959
EK202310109582,149.27328812321852
EK202310203719,136.5501321188613
EK202310201332,153.0192202525554
EK202310204835,130.4916719729505
EK202310131213,158.1569714258877
EK202310155687,152.36400782097485
EK202310178634,154.4009455027994
EK202310115110,145.52158670303467
EK202310201445,156.6691073486181
EK202310233989,136.4687522363136
EK202310226621,139.24193742051605
EK202310182124,141.17016398577005
EK202310129960,137.99999055562995
EK202310172024,145.86909025747173
EK202310124587,142.158372542711
EK202310180490,141.96940340940688
EK202310218866,132.94687737455527
EK202310145486,131.21130030374974
EK202310243783,130.4419052351908
EK202310163544,145.25045824640483
EK202310245299,135.63918034461412
EK202310185466,132.1221885673172
EK202310114372,157.2619328454438
EK202310132954,128.6342473248177
EK202310156324,134.62498867831485
EK202310237016,140.75008997428318
EK202310214641,140.08140752681152
EK202310106858,106.30574449182774
EK202310182500,156.6061574095757
EK202310125749,151.8242334099565
EK202310201978,135.67883788096677
EK202310112112,136.8203198570244
EK202310243292,139.00900718496095
EK202310192897,141.97947762795
EK202310173512,138.13605894248425
EK202310125634,138.38052535464163
EK202310165797,142.02667995138682
EK202310213138,146.62079363297005
EK202310211642,136.9051350341866
EK202310156317,140.5575660177554
EK202310154649,172.6029393142076
EK202310198938,137.33835014776648
EK202310175465,126.73469192439572
EK202310187555,128.0304208758144
EK202310183448,176.9491555214985
EK202310205101,136.90925920481698
EK202310201536,130.2574710690646
EK202310131221,104.53357883048383
EK202310242173,156.4113929109891
EK202310195317,141.17131193255878
EK202310139267,146.27935111944592
EK202310189575,149.1222114564145
EK202310186883,149.34488593101253
EK202310184286,177.27770591987954
EK202310194270,153.0712766242917
EK202310003611,136.66299971649283
EK202310189126,154.03630272225394
EK202310179964,157.03697702181637
EK202310118181,129.2788652058868
EK202310220832,137.66793023238353
EK202310203022,134.3906138856317
EK202310205592,157.44739249261823
EK202310128283,131.09988489129537
EK202310214279,142.1834090017116
EK202310175101,143.03312347131583
EK202310116399,125.27135641651066
EK202310132303,126.00003956681735
EK202310147925,149.17601635548013
EK202310219063,143.1102313250531
EK202310197713,151.84504663141854
EK202310165104,140.3488404454713
EK202310198835,138.84586456497803
EK202310230554,131.7284228539865
EK202310103890,122.81878273550407
EK202310152894,164.19573301428838
EK202310156771,144.74088431070535
EK202310239166,147.6650548786111
EK202310157043,171.87376762135457
EK202310158767,126.36079927234293
EK202310231819,168.45529417627927
EK202310162990,140.5767843770976
EK202310237033,168.77561078073
EK202310220279,138.14279736865527
EK202310105088,145.52401081917088
EK202310183088,131.24561248005085
EK202310134719,148.20406450147772
EK202310126509,134.23474894445653
EK202310113028,148.5559865729395
EK202320007641,139.45293718490396
EK202310194771,180.15436810220535
EK202310193624,141.98545136410584
EK202310178811,159.74073982791037
EK202310127140,150.52330338887074
EK202310193675,154.14110339104954
EK202310208947,149.16639951022262
EK202310242072,136.38411367785173
EK202310129762,160.88764314477325
EK202310178638,153.98830043567068
EK202310208504,125.79843452925304
EK202310131365,161.99953254126854
EK202310118546,118.67715785282938
EK202310245144,141.45002677835728
EK202310142879,139.4641007413005
EK202310197920,157.41522883979258
EK202310182216,136.0615566491965
EK202310163824,151.08821362081704
EK202310247357,147.743996063618
EK202310145691,171.96188476068036
EK202310176063,157.9889671913729
EK202320006459,146.70500925988168
EK202310227785,127.89442060124884
EK202310189723,169.67398907171886
EK202310182881,159.5329323516013
EK202310196251,133.61201835791235
EK202310212183,140.77980943985892
EK202310165884,148.24337845514714
EK202310162354,151.21256277335183
EK202320006915,158.50118134075254
EK202310152978,166.95280845708953
EK202310186596,169.8116741334254
EK202310184203,139.21749841481213
EK202310115228,131.31802968377983
EK202310187250,157.10920833696494
EK202310199882,179.5516697579468
EK202310247733,151.95364825650182
EK202310142093,150.20659341422999
EK202310192250,161.72560370017186
EK202310161127,186.09436225120814
EK202310227929,137.8184939687768
EK202310144416,140.50987861260361
EK202310129300,161.83254580830484
EK202310132887,128.83386270302955
EK202320007268,145.8859568459393
EK202310117763,110.3605892874462
EK202310135610,129.62509037687295
EK202310108226,138.20244920656648
EK202310197484,160.9950217314291
EK202310220905,123.27269243507165
EK202310210612,134.11067925646506
EK202310199825,129.84888180510734
EK202310167815,120.16622918921222
EK202310222270,133.52127992572133
EK202310218829,118.95428211145142
EK202310158524,134.86780728069778
EK202310227353,145.06393080665336
EK202310105993,143.81019776732907
EK202310128862,144.13413455064116
EK202320005603,160.02968670971444
EK202310145543,173.6812868080552
EK202310226964,119.07486037289493
EK202310106404,154.61697816415068
EK202310158792,141.59434885281863
EK202310169557,160.96420816228283
EK202320007615,150.46992612544258
EK202310244340,131.95431511811722
EK202310241009,137.50349065914256
EK202310173004,150.12606880158972
EK202310229814,146.75124863245225
EK202310136774,146.94900628963674
EK202310134670,153.77029624471294
EK202310125653,147.56346248281122
EK202310104378,137.52017950297753
EK202310114092,147.6804228000236
EK202310242755,127.67048199051038
EK202310175831,162.55114450712074
EK202310123102,123.1475401181325
EK202310246196,138.73837784049485
EK202310164308,133.78218370732
EK202310164001,149.49181361953333
EK202310127733,178.69688028654787
EK202310107896,148.704984273857
EK202310196209,162.20812200169226
EK202310164751,145.54879829589956
EK202310180897,138.68594700602267
EK202310217788,135.9042925466957
EK202310193711,138.59180430760296
EK202310244316,155.47480715139534
EK202310224163,142.88453398233895
EK202310104994,140.97361377334744
EK202310140073,163.58689713190307
EK202310188584,149.9058894575158
EK202310110511,131.3016211592553
EK202310231033,146.3628079849641
EK202310178461,153.78433402842344
EK202310167965,142.658058289233
EK202310106027,123.98545375854044
EK202310193439,123.33343414474393
EK202310151107,144.4262638072337
EK202310196605,138.19902595227873
EK202310218318,142.97082433572018
EK202310195078,142.98330995005549
EK202310148837,171.3373117003818
EK202310127102,148.30520216279024
EK202310114514,147.70014703610005
EK202310121553,123.07862037283964
EK202310172559,135.1118659504138
EK202310151216,115.14846456620097
EK202310128073,139.97543416578307
EK202310108605,140.7296557092837
EK202310201812,153.41890309791546
EK202310190862,153.23507803118054
EK202310223367,160.46282244740013
EK202310217222,150.9579205061366
EK202310171756,145.30511857498058
EK202320006771,155.37902637603108
EK202310124052,159.15276172734954
EK202310221124,114.97280034557114
EK202310154368,137.19490544930545
EK202310155273,131.88205106706798
EK202310161608,158.24240514747905
EK202310176630,144.09557045860714
EK202310158951,148.99980105732794
EK202310223924,126.52773514638088
EK202310187178,156.1897212453731
EK202310189441,176.78324777450084
EK202310193808,175.31937838138364
EK202310117653,137.3456630927777
EK202320006281,153.5031307941602
EK202310104452,145.24646492032426
EK202310170998,161.3375684399165
EK202310247137,146.3304834796175
EK202310207587,164.52049891623182
EK202310224054,145.0447622984127
EK202310124503,144.58329167943953
EK202310111608,168.21532190346784
EK202310169517,143.64982902278825
EK202310177572,154.51278546970929
EK202320005767,135.6348950622569
EK202310194290,134.6635602754137
EK202310115205,155.0298061365383
EK202310227698,122.92424702234999
EK202310120637,167.31821378626563
EK202310143976,149.86136739789166
EK202310246533,121.31801079436099
EK202310244741,144.7637280162486
EK202310163421,131.8183512124319
EK202310169247,162.46256644519246
EK202310136860,131.9815914282665
EK202310217749,136.37124106345965
EK202310128152,128.20746237765928
EK202310193309,158.19761721778178
EK202310243321,154.57663057266896
EK202310152737,128.2437828183317
EK202310187887,134.08574173132413
EK202310150896,141.78125492147606
EK202310123219,134.49891822528613
EK202310166345,123.9543098028543
EK202310163457,165.06302378582367
EK202310218300,154.42863125102048
EK202310177093,130.89461888183766
EK202310123434,124.4326345707174
EK202310226930,118.87962362010848
EK202310210088,164.2826486625171
EK202310190936,142.0718921625188
EK202310127583,147.43797218980518
EK202310185141,149.87387631708
EK202310138333,138.87271990040762
EK202310143408,138.68737320826267
EK202310147317,147.2476605273983
EK202310127752,122.76262099971956
EK202310248048,159.56188361069044
EK202310109094,131.06260592156087
EK202310230897,157.33312019347846
EK202310229240,156.8093041869932
EK202310158776,143.87387630542548
EK202310178235,153.16249418973078
EK202310153456,116.4170517769819
EK202310125365,138.0194895223817
EK202310228431,135.40856223538074
EK202310177613,149.20463321607014
EK202310230016,156.80447743035685
EK202310124464,125.19773434673255
EK202310160084,164.5557417770478
EK202310230147,136.30186769201
EK202310154253,143.44867469550223
EK202310180390,138.87693654283302
EK202310126260,134.8496211314458
EK202310110447,141.90209011996808
EK202310225162,137.7755228511802
EK202310127787,137.90889533076978
EK202310127024,131.29030084485112
EK202310123897,154.60950750987442
EK202310191044,154.68881709789167
EK202310107279,136.6107027145566
EK202310222709,150.41930547232002
EK202310158190,139.01213430927203
EK202310226271,136.98986043783896
EK202310227119,145.5919249049974
EK202310180033,145.6706749366458
EK202310113831,98.95234442978838
EK202310127200,141.7673019961551
EK202310234951,134.36482385164183
EK202310113479,136.66817285772538
EK202310207326,144.3951979171435
EK202310227319,156.85721581804668
EK202310230874,144.60467755914019
EK202310139589,133.72013058235396
EK202310114753,153.61151302475528
EK202310121349,130.38742363585268
EK202310202957,167.7607207307233
EK202310159641,161.88986519035092
EK202310176020,148.24988754591487
EK202310163367,145.9518315450714
EK202310186524,147.15664966722335
EK202310221903,149.32208086812045
EK202310161048,165.70824393102083
EK202310187444,141.2449390368459
EK202310127440,123.64841099567337
EK202310218146,147.18327142319515
EK202310150639,192.29748399238434
EK202310233888,140.83077914289632
EK202310209197,151.95744056707287
EK202310143716,173.50125545444334
EK202310104198,134.38618196481565
EK202310154483,138.38832085112082
EK202310167981,144.19022129419594
EK202310180723,120.41553131083214
EK202310196829,135.117148321111
EK202310115909,125.9398980454502
EK202310142747,157.73615877910314
EK202310168568,137.73859897660066
EK202310116790,121.71943107767575
EK202310246722,119.4706111426969
EK202310201508,153.6720930286988
EK202310184072,150.76238954708518
EK202310243865,122.7974023588518
EK202310210914,129.48653520826653
EK202310239276,137.17472382812934
EK202310215006,158.87119720670074
EK202310104899,150.43584461522698
EK202310123211,127.57907231220581
EK202310139857,154.0044900996629
EK202310229104,125.55946027821216
EK202310225758,142.78771781963536
EK202310154150,121.64206059452229
EK202310151559,146.38345195094155
EK202310121018,147.8236845421627
EK202310139751,137.25814705722462
EK202310130814,146.14912040018413
EK202310226459,144.00088025872532
EK202310144732,138.23253353128032
EK202310159300,153.41118224124241
EK202310216298,137.7376239934784
EK202310108276,137.9297230641429
EK202310132846,153.2354549664659
EK202310146926,147.07698224115273
EK202310205179,145.33561737112066
EK202310172161,136.62384381130414
EK202310206115,160.6691975106248
EK202310197301,138.57111422467824
EK202310172771,141.4526061110431
EK202310109812,132.13205046821128
EK202310152808,114.87861779478129
EK202310121442,141.4900911900908
EK202310136433,132.40507505938777
EK202310242312,124.5523016469719
EK202310104384,145.83649828440963
EK202310199318,128.71647225197643
EK202310135620,136.50832083160526
EK202310153631,139.53891975159718
EK202310133022,124.10062189074742
EK202310112038,129.7709244306186
EK202310200944,160.8193967377673
EK202310209272,137.99640391923361
EK202310221651,128.79941642924229
EK202310147889,151.8932878688226
EK202310004590,115.14611393168445
EK202310196915,155.76875625625408
EK202310186595,158.2328839553341
EK202310104696,152.1189494846626
EK202310144577,168.54011370886383
EK202310169285,135.76856047114006
EK202310184084,154.17950766955565
EK202310132378,147.2099376701712
EK202310246159,170.59820175781104
EK202310202358,122.18052364322398
EK202310159800,149.418608088605
EK202310209349,152.34826838956755
EK202310200523,109.43289388856081
EK202310231409,141.80865340316305
EK202310125721,143.09098773845503
EK202310150276,151.53612763748296
EK202310197223,138.03471419928124
EK202310160408,152.76527946218508
EK202310213557,141.93446073886892
EK202310218382,145.50862874291033
EK202310209694,165.142532986787
EK202310211465,148.73068655785792
EK202310227036,146.3005814867821
EK202310168055,125.06556928752227
EK202310173868,140.39890219088286
EK202310235783,136.7779646259353
EK202310182758,146.515744706108
EK202310202200,141.5734188291616
EK202310114988,143.8620900788282
EK202310176929,147.30312259210118
EK202310121237,146.26514354646037
EK202310152253,148.2833576078697
EK202310226416,157.00981814104944
EK202310140761,161.5671743130803
EK202310200743,147.16435212380054
EK202310165360,141.04533645190224
EK202310235685,160.54024550397446
EK202310238675,144.44813165227401
EK202310191990,160.27262701571874
EK202310149927,146.75489389736836
EK202310196613,141.89752299409506
EK202310138650,139.9192391306064
EK202310135837,145.8994369572885
EK202310004179,138.77802238811353
EK202310202844,129.45103629830243
EK202310156145,128.6998497664986
EK202310137772,129.32555479916647
EK202310139643,172.55874300075058
EK202310190140,162.78390241538983
EK202310182976,132.62003763573813
EK202310140267,154.68247295776752
EK202310149614,158.42276877378546
EK202310188618,138.90186225730093
EK202310153165,127.38200687501984
EK202310239729,143.96186104772718
EK202310104290,134.40628473430337
EK202310237254,164.79978337398214
EK202310127230,154.06329496667027
EK202310133287,150.31564070886006
EK202310196943,144.00631941413766
EK202310154405,151.24445794910207
EK202310235085,130.4548690841713
EK202310144062,132.7242884676219
EK202310185906,139.75345731780345
EK202310133676,167.68750861164528
EK202310196801,131.33226309745288
EK202310223356,146.8019830970304
EK202310174845,155.55431904905302
EK202310131724,131.49136140789787
EK202310227778,131.0273494101805
EK202310139935,123.30199858338872
EK202310109785,155.58202559359583
EK202310162467,142.57684507208094
EK202310190820,151.9375818914642
EK202310111438,130.9303412109362
EK202310202344,156.6507862122143
EK202310128622,161.98745774530352
EK202310239716,134.83151298174909
EK202310206350,183.55908073371444
EK202310137152,135.70385939690453
EK202310186456,154.43571018964775
EK202310247836,139.40385066906384
EK202310239485,151.3097349895606
EK202310192860,148.69476837503066
EK202310130413,146.37097827831923
EK202310193922,149.4695787200123
EK202310181806,136.89827327074383
EK202310121213,129.43597703857648
EK202320006017,193.99612820640988
EK202310123080,141.27602873300904
EK202310155988,143.17344664333925
EK202310126966,155.44355433514815
EK202310189745,140.45824537875447
EK202310203961,145.73419124861417
EK202310118179,134.75759371260244
EK202310109004,162.29967058581335
EK202310003506,133.42922043569587
EK202310106808,140.8290433454217
EK202310242146,140.48426996111675
EK202310114687,153.9426226499493
EK202310139155,145.3398023067852
EK202310229903,128.06042249301296
EK202310170375,135.07673999587502
EK202310199839,148.83980529453396
EK202310112897,140.26271427965818
EK202310221448,142.59691837921983
EK202310191215,151.52845097690314
EK202310221051,154.95944283724396
EK202310221033,129.1249114316159
EK202310224111,144.54565186465584
EK202310217504,124.00731365180252
EK202310179120,136.16197087310445
EK202310106293,112.82836554099897
EK202310228948,117.03199695113734
EK202310192129,149.92574756036703
EK202310109160,129.06807678662963
EK202310170771,146.32638309621456
EK202310242806,148.82890707345234
EK202310175538,145.76509845710405
EK202310149012,152.7412135368974
EK202310104532,134.28152739671935
EK202310212068,142.96963716624717
EK202310123340,159.7587167275243
EK202310131077,136.818304478605
EK202310148068,138.21231915388154
EK202310190251,132.92201157270577
EK202310174004,152.1786857800539
EK202310156599,131.28428085651504
EK202310153023,134.67432230965983
EK202310145554,174.51676883642176
EK202310160744,180.28447560669252
EK202310185195,147.2174284308411
EK202320006590,153.19474430580115
EK202310129886,145.6215712681574
EK202310124625,146.0763018847399
EK202310188309,140.8835845036933
EK202310142832,156.14337002991903
EK202310183119,134.276020900507
EK202310105045,136.31612514336433
EK202310170611,138.10246648360067
EK202310155999,144.77574026374666
EK202310230234,139.32904217743433
EK202310103794,142.65075966174666
EK202310241301,169.90019541611588
EK202310202926,146.9719355920421
EK202310247420,141.3731645960844
EK202310165584,167.28458486740098
EK202310179695,131.83999482851547
EK202310164314,159.3812145378294
EK202310155082,146.36720226388994
EK202310145770,146.41151952655798
EK202310247538,160.78608317512374
EK202310214111,162.34137588132467
EK202310181544,161.70965083062833
EK202310151024,141.59474585680198
EK202310229794,124.9131601259236
EK202310125839,138.1030754070493
EK202310128797,137.82575014223778
EK202310147449,130.66803138111237
EK202310211288,126.20680489915506
EK202310165604,140.18181382686208
EK202310140481,151.81416429982914
EK202310154542,145.6206416669593
EK202310213091,128.97126647094782
EK202310248733,144.26092313277448
EK202310152930,164.1511479526653
EK202320006866,143.81339969885602
EK202310216477,123.05886590670977
EK202310181197,146.93230094978344
EK202310244809,127.9083303693059
EK202310111806,136.52781871815762
EK202310106490,160.91939504771182
EK202310145258,140.88058965919507
EK202310205168,133.48264391828124
EK202310157331,147.58085702829072
EK202310163882,122.7619477691904
EK202310129546,130.85913954696392
EK202310148414,124.82199199376936
EK202310224909,127.33786187850706
EK202310165479,137.23261813983487
EK202310170016,141.0595548786287
EK202310182759,143.85635219378196
EK202310111689,134.56001689167704
EK202310202711,143.4895856142749
EK202310201534,142.18776822518623
EK202310113940,140.31920570958033
EK202310114299,155.2690821087899
EK202310203251,148.07270667061044
EK202310143744,157.4395593070134
EK202310149498,162.67348888738744
EK202310217908,132.37164613167263
EK202310211929,111.6613508476199
EK202310149164,145.56727728306353
EK202310164565,137.92824300328633
EK202310210725,132.2539014135215
EK202310121120,159.47980805679148
EK202310216961,142.29537970126395
EK202310172951,153.901595517259
EK202310230076,131.9286260285142
EK202310214365,163.25987942200229
EK202310120411,153.35999279592633
EK202310233763,138.16228079847053
EK202310189756,148.25734451647932
EK202310180908,144.91889581136869
EK202310163595,141.3140498068916
EK202310117226,146.13243849662314
EK202310133078,148.59889220195834
EK202310214364,134.51944798034702
EK202310216563,137.95358071148226
EK202310233460,124.34030820417686
EK202310145609,152.32099956856186
EK202310224257,139.681092614317
EK202310192247,127.85544632920451
EK202310205631,132.3315745012384
EK202310231421,135.82105611989863
EK202310226086,121.91070370416301
EK202310237602,145.93444716050712
EK202310136602,131.44809685593975
EK202310122474,137.92032743234154
EK202310188932,157.39214814365562
EK202310138201,114.51914017063045
EK202310194378,164.18108706897362
EK202310214991,155.77765345609902
EK202310225525,140.04115941396873
EK202310134214,151.92274463142274
EK202310195862,142.9971050452304
EK202310159199,141.36538159935867
EK202310155737,150.8748585089668
EK202310170011,129.40538787318152
EK202310201630,135.85604036184125
EK202310226552,133.36494507761523
EK202310160002,126.75416118633646
EK202310151703,150.52207318044634
EK202310143816,141.75898295777708
EK202310232638,160.59059965008598
EK202310114002,132.722885448157
EK202310129927,134.01334632648067
EK202310203267,153.39154614694024
EK202310177954,139.65811187963195
EK202310153060,140.82628231510083
EK202310111529,136.69350631016238
EK202310137725,131.44294643527033
EK202310166343,153.14173236580447
EK202310186809,146.20583882711918
EK202310144953,149.28734664437647
EK202310122463,135.503703710377
EK202310134204,149.33032628450383
EK202310150378,156.5280357484533
EK202310237288,148.6937599334189
EK202310248480,157.30901554037902
EK202310004124,143.48207310136138
EK202310003566,135.04903659970756
EK202310213203,137.97248978689953
EK202310124344,123.2469394340516
EK202310228408,168.93566850709453
EK202310232131,131.6953613441525
EK202310118742,143.48129543152876
EK202310134004,141.1710737269849
EK202310247397,159.0643257819911
EK202310239190,132.63425084834287
EK202310246475,121.76951782874923
EK202310198578,146.65555871162024
EK202310215084,139.707551959534
EK202310105260,149.4051303024653
EK202310165433,146.51252166130112
EK202310140038,154.53864723010324
EK202310107453,146.12918472951625
EK202310221064,131.84515342404387
EK202310120243,164.17642062202202
EK202310184845,165.6060783665956
EK202310176066,140.12206324964848
EK202310227077,135.93775229554467
EK202310144370,152.758262545051
EK202310162124,110.78456985278179
EK202310110699,154.22704106163732
EK202310153084,156.11068083631307
EK202310160786,145.11464866486017
EK202310242308,146.34367227971305
EK202310194163,136.67409175887335
EK202310105869,144.1030428097412
EK202310214672,147.3415507175419
EK202310145840,157.55157941624117
EK202310178975,153.3533420811392
EK202310189351,179.57405416184417
EK202310180495,147.18935969508942
EK202310202435,139.61007569535886
EK202310111129,144.75627481178242
EK202310157646,151.77406009452844
EK202310227821,122.49896851660199
EK202310142018,121.92597983871616
EK202310176861,176.03725074648258
EK202310228822,132.0178892794035
EK202310142217,154.41779339473078
EK202310237859,150.2818905605144
EK202310146830,131.58421800749028
EK202310152183,170.27333643001802
EK202310179889,136.93316269951424
EK202310217535,174.9523941019702
EK202310111073,146.08710035886355
EK202310228103,154.1223519159625
EK202310171811,154.91047020550678
EK202310224290,145.4913233645611
EK202310108057,152.12728166620815
EK202310240225,174.59743314560953
EK202310240301,155.95651655779946
EK202310126961,135.5703185286514
EK202310235847,140.5386832698438
EK202310107011,140.71437724316468
EK202310185554,143.6259989117219
EK202310224213,131.00321369138794
EK202310132189,131.13509853658695
EK202310193327,191.89819166538774
EK202310230501,131.2535585011452
EK202310130145,163.29991765765317
EK202310188675,151.96641101163075
EK202310155036,124.45001466513875
EK202310177355,169.77561242742792
EK202310139948,130.59528278353446
EK202310119442,131.7088988620039
EK202310133620,132.7382018245382
EK202310202179,161.20514153440138
EK202310217546,137.65260432942776
EK202310182683,138.6270566312095
EK202310184843,140.55603790423007
EK202310108718,146.13337146018483
EK202310159849,150.48580104163102
EK202310004889,131.9254570909607
EK202320006575,154.82494492462098
EK202310209060,159.961820672331
EK202310104959,132.39324879773153
EK202310182681,121.887835396405
EK202310145101,141.3952713597891
EK202310134497,132.84667461210142
EK202310120585,136.84622310059063
EK202310198684,149.55622465000442
EK202310109466,134.2907827930684
EK202310106981,133.88255705003655
EK202310004230,135.26825078878795
EK202310173364,136.1828815910983
EK202310164220,146.91361767444224
EK202310207890,119.88636503922855
EK202310134470,134.00279284560958
EK202310124056,130.67486569414007
EK202310185859,131.0312337557705
EK202310160054,139.02587647026942
EK202310246219,156.63773277532337
EK202310196525,132.9709017378194
EK202310193933,151.44201589678588
EK202310144345,119.04345828979166
EK202310004466,155.09730883061624
EK202310168682,158.73003896302725
EK202310231230,132.95818526371963
EK202310206143,120.05547296303307
EK202310120180,141.33699224718853
EK202310208027,137.13500733072917
EK202310211315,136.604167026177
EK202310176576,139.18521703518755
EK202310174969,143.2814578531494
EK202310210179,131.2382002756326
EK202310217528,133.21698571301138
EK202310238600,123.86890349475995
EK202310236054,126.29200846331257
EK202310137936,149.86935526108468
EK202310222493,136.72128029826516
EK202310171713,137.62443733341544
EK202310171703,126.89303286412624
EK202310132101,167.54041394423416
EK202310136177,132.3524469746222
EK202310222204,146.0877603079325
EK202310198438,145.1429854314663
EK202310198847,141.8781568963627
EK202310212204,127.30208337108888
EK202310158611,139.3537725960318
EK202310214429,143.75942223139182
EK202310197505,141.35711389175296
EK202310155317,158.0728843938196
EK202310103873,145.99750695058097
EK202310203439,135.36761243687448
EK202310205578,157.4233958080371
EK202310114493,136.38296013435212
EK202310192330,131.5354965920141
EK202310150257,124.34111347281208
EK202310212345,145.12410977235075
EK202310166764,149.6860982198397
EK202310173381,125.69127222786737
EK202310129246,140.3185279354749
EK202310198977,178.41744070104318
EK202310111435,145.70509294292214
EK202310210569,148.4488161235492
EK202310216496,153.83399065143232
EK202310159176,140.42720360506607
EK202310205779,155.36040073516958
EK202310160097,167.52295377279995
EK202310144776,118.52610435311206
EK202310232327,143.75735198830012
EK202310177826,161.99708939082515
EK202310232783,128.59707343045503
EK202310247658,129.94750030198233
EK202310192257,142.19809839767015
EK202310105522,146.4369058309719
EK202310110676,135.24868181470026
EK202310175277,143.0395930582938
EK202310222480,125.23961763499645
EK202310244692,142.22854891758905
EK202310238299,138.68597845726106
EK202310196847,142.32323386036015
EK202310219030,131.18179650702456
EK202310003531,142.27669379312658
EK202310216422,150.4260988087237
EK202310112977,141.78320412163248
EK202310184951,173.64691903112214
EK202310195157,142.05810762205905
EK202310107454,155.5230863098135
EK202310139967,119.23110066819932
EK202310150754,135.9155985993601
EK202310136822,151.2145065863133
EK202310219114,140.42206616493408
EK202310200603,162.31317089934683
EK202310141838,142.79057456702537
EK202310148763,138.10298586385912
EK202310234275,142.67934836493683
EK202310219816,144.02624037819933
EK202310105056,132.9753446002413
EK202310164743,138.77840069622368
EK202310132814,138.40361588752197
EK202310188510,139.03173077442545
EK202310190625,140.62630787232234
EK202310133363,135.9310701156204
EK202310164850,147.95881721738283
EK202310112766,124.85125396162003
EK202310242743,142.9656661524398
EK202310167944,163.93326262520375
EK202310174056,144.9844071736538
EK202310196467,138.24001920070924
EK202310112347,148.56126919501895
EK202310183616,140.21580085725313
EK202310169352,174.95940489578524
EK202310209027,162.88968140843446
EK202310223654,145.64909222752345
EK202310118853,135.81992141902134
EK202310161978,168.68170527859496
EK202310226345,152.50903200772754
EK202310229817,136.82646870367242
EK202310163424,130.61321735240108
EK202310230830,153.85851996632806
EK202310181485,153.21260966163067
EK202310173117,146.30110440408092
EK202310191342,140.9692232100123
EK202310205302,158.10758935500635
EK202310122843,130.3409776213544
EK202310201365,135.68630562948425
EK202310164039,139.59419557663134
EK202310176835,152.43996393272474
EK202310240788,127.33348776793599
EK202310112640,146.145746026476
EK202310181638,118.8597462113716
EK202310233877,147.98467246461342
EK202310107169,141.28637398891357
EK202310178789,150.17887159544978
EK202310152645,143.30664125314044
EK202310139143,161.4062475375702
EK202310185606,125.91176205013652
EK202310236253,121.86050331011357
EK202310188369,130.58758434216503
EK202310138500,167.16560954109886
EK202310231971,147.63070295470027
EK202310194339,120.60120305944696
EK202310175771,158.74091235254005
EK202310109100,163.93375634447423
EK202310196714,139.35432477026646
EK202310135780,140.72925848941108
EK202310177286,135.6222443863942
EK202310162248,152.46785921009374
EK202310113556,146.22581743621026
EK202310225632,140.46991688997062
EK202310247856,133.41425856768873
EK202310178852,139.42168280501843
EK202310163577,159.6659278461949
EK202310151357,129.925818736581
EK202310111121,135.58852029779374
EK202310181600,145.7187001247571
EK202310194358,140.237434496991
EK202310202153,170.2438941383152
EK202310105466,113.24297553553535
EK202310216384,126.96568653402434
EK202310153150,156.67732829734962
EK202310230780,147.98182327941302
EK202310248548,128.4051874543362
EK202310121252,143.67777822555678
EK202310201045,142.6322345975419
EK202310208942,145.3671901116496
EK202310173243,152.73018904046182
EK202310183907,159.51162968442404
EK202310152258,154.15664547524443
EK202310151886,120.82279403614004
EK202310124883,135.04132233664072
EK202310206942,165.6171283292485
EK202310186343,148.8153083985253
EK202310199252,146.59977833972818
EK202310153785,139.22948568134802
EK202310119274,130.6878233688335
EK202310229019,133.61575502828197
EK202310003459,156.66922786315416
EK202310215837,128.80160460971288
EK202310104012,153.07618133376369
EK202310226825,165.28610455592468
EK202310112000,133.58332078872405
EK202310228139,129.00816906558865
EK202310195964,133.89614637224315
EK202310196447,139.6854608686179
EK202310133431,156.5990036378459
EK202310148207,157.94437089057888
EK202310208262,152.92075639581498
EK202310234548,129.42199827025496
EK202310110644,168.82094109876732
EK202310112284,162.86143830645227
EK202310185528,153.2017090528768
EK202310120181,124.52780479441567
EK202310155062,131.93001018925202
EK202310141339,143.7114425612766
EK202320007364,136.3301746646164
EK202310153420,134.2476569359376
EK202310168023,154.5886239187226
EK202310136980,180.73646633647718
EK202310109577,142.53988304272806
EK202310242836,147.3475467295125
EK202310245264,146.3974497631051
EK202310156259,143.2671727624467
EK202310190170,148.7654879483708
EK202310248085,130.26296166858526
EK202310236610,129.31379022153922
EK202310127984,135.15628059170757
EK202310151526,181.9738117840012
EK202310183833,137.67891779807945
EK202310181035,134.85858001437833
EK202310209277,138.28329151747826
EK202310208187,139.01871621717058
EK202310113331,129.022634244433
EK202310130050,162.63385495779536
EK202310210098,167.50312298420835
EK202310131769,158.91202355481525
EK202310182943,161.50248115672244
EK202310245900,142.91164084533997
EK202310112562,157.9538036877294
EK202310112368,137.9212404052304
EK202310153158,138.8967796916329
EK202310246187,158.0037676896966
EK202310158259,178.05525369666617
EK202310191908,160.23470135417026
EK202310229177,109.15123200116837
EK202310173976,129.71873044873453
EK202310235029,136.86800015772857
EK202310160651,149.59579471871243
EK202310104176,149.8147818286082
EK202310163031,154.4666415414832
EK202310189284,174.4200416672854
EK202310203767,131.6276143901315
EK202310153903,122.07430045037619
EK202310163959,136.4928157148062
EK202310175696,146.9777075597596
EK202310196551,139.41677412908243
EK202310130357,140.03084497260053
EK202310227070,165.82820968654408
EK202310223980,145.27160961815585
EK202320005716,137.43038118314817
EK202310191016,146.38180295263837
EK202310159308,168.22674543598637
EK202310157506,126.94485609445952
EK202310205339,138.9700288823161
EK202310173591,149.3559146217048
EK202310212415,133.2301637304837
EK202310152400,117.86849599055054
EK202310116809,142.77915329421845
EK202310223921,170.69378730495922
EK202310136881,126.46630271415437
EK202310197683,151.164894578255
EK202310119242,143.30098235369462
EK202310156431,142.78324600178232
EK202310142993,157.54687285532606
EK202310190357,132.15028593424998
EK202310138818,133.4894875464518
EK202310180708,115.69390067379634
EK202310171205,148.5414490126713
EK202310205536,141.2130682174672
EK202310178501,150.38663850723896
EK202310114516,140.06215528231849
EK202310217959,121.52342062816976
EK202310197130,135.80583274566774
EK202310175335,152.2465438254485
EK202310106557,155.22673431876956
EK202310228468,140.7796712936724
EK202310107166,144.60172981387788
EK202310187850,153.76483740820913
EK202310231655,130.98787925038243
EK202320005951,145.54681381809004
EK202310110395,108.15323054155888
EK202310229554,162.83205940471183
EK202310129150,141.9759499175029
EK202310245507,151.06354313620264
EK202310165967,146.79122514217514
EK202310139144,125.51771578900691
EK202310205378,151.47748149132948
EK202310118211,128.35786234998315
EK202310117975,141.7696980452459
EK202310246423,121.96064585971052
EK202310224264,135.26328430272045
EK202310157523,132.16224998937483
EK202310136806,152.56363867318038
EK202310209414,146.15557082360166
EK202310105657,152.71439233622877
EK202310227287,141.73006837088244
EK202310143495,158.3489116663246
EK202310104202,130.51529343854043
EK202310132179,142.97953716554372
EK202310192107,150.03184972309256
EK202310201701,145.4330241445135
EK202310204228,141.81032161019357
EK202310204465,168.136738539116
EK202310220504,153.44188908907068
EK202310190283,141.50905768007627
EK202310220919,151.9381968325333
EK202310136224,146.0946449764669
EK202310229439,132.7867106432283
EK202310201973,134.81112989735004
EK202310233266,139.6211421564518
EK202310120402,147.02765214465623
EK202310203268,137.9071073948161
EK202310103759,137.4935688561272
EK202310206364,172.75546590608417
EK202310239486,140.44665055240256
EK202310167126,153.43291531560928
EK202310172738,128.3531832653272
EK202310225872,149.58524813477783
EK202310124187,135.59907223499383
EK202310230657,153.38995671968118
EK202310219193,128.7771703034904
EK202310169804,162.20301230310406
EK202310214791,150.92609830531225
EK202310130499,143.37629276654772
EK202310125258,145.72994178203032
EK202310217221,129.56829371821237
EK202310244345,154.32191899178284
EK202310130692,127.53236827986292
EK202310225290,175.27978901557086
EK202310202584,152.19096314272488
EK202310165777,138.3077339180103
EK202310173066,153.11976239825694
EK202310142994,162.79086597330854
EK202310146665,141.08153797836653
EK202310213439,122.96254198551031
EK202310239350,150.39953138935132
EK202310187146,152.30682665938983
EK202310141831,156.48181080293023
EK202310181405,164.83570801910932
EK202310218983,143.20924057703013
EK202310224271,155.61807147762153
EK202310141723,148.0331111134588
EK202310191900,145.7828056606624
EK202310179485,152.37783687072005
EK202310162868,149.1346257073476
EK202310182366,125.63140064116902
EK202310148108,142.33949356983715
EK202310160133,161.18509371862024
EK202310166838,153.5021810347054
EK202310209189,128.8096111826797
EK202310135477,161.71712442116782
EK202310136211,136.16259773263272
EK202310211907,149.81240034974454
EK202310204224,144.78177135749644
EK202310003420,124.03662429281027
EK202310111245,149.032491762335
EK202310155528,128.14945219691623
EK202310116420,151.78027725799723
EK202310163647,141.97998932911966
EK202310004316,144.03678078556916
EK202310136565,138.363655505576
EK202310242785,141.01295901348539
EK202310142669,140.98386077773728
EK202310113336,136.71845001167807
EK202310147196,134.95547401941525
EK202310198324,183.16803487965666
EK202310143104,160.19705332457576
EK202310112994,139.8212988554919
EK202310175359,160.10442993496878
EK202310185406,149.16210418573135
EK202310179778,151.9351588410213
EK202310112667,142.90550312862746
EK202310194252,128.11041278316912
EK202310147035,135.08421470955344
EK202310111219,160.54093356356023
EK202310214524,139.21841156872463
EK202310232716,145.84094763642747
EK202310105019,127.07022544848468
EK202310234559,133.42567764026379
EK202310173427,160.90462873104934
EK202310195378,140.3707516719101
EK202310134112,137.36335349856148
EK202310181301,138.51319706953132
EK202310214980,152.65182305018854
EK202310238261,136.2724095241461
EK202310130718,122.6066702706118
EK202310147373,135.83506333465562
EK202310168667,150.50840046689916
EK202310225226,167.39974535048992
EK202310118349,142.7501650746792
EK202310157718,141.99153230841756
EK202310187448,156.73947666130104
EK202310181860,137.3881364005088
EK202310236193,160.02904875325495
EK202310152103,156.2867736460709
EK202310136089,152.1765019958433
EK202310238835,158.48548643333424
EK202310142264,142.90634689669145
EK202310198539,149.44137955486235
EK202310190468,158.70620087454992
EK202320006389,139.46325505493203
EK202310148444,138.41714142356543
EK202310149959,160.22760131061938
EK202310228555,136.14472825710254
EK202310105501,132.0165166382918
EK202310119203,148.49699650217448
EK202310232306,138.30489404428016
EK202310182557,137.56929439778725
EK202310213342,133.61630046623836
EK202310167646,177.02594144232262
EK202310195462,143.32033030549815
EK202310171718,137.42647094280508
EK202310150737,123.73017160338705
EK202310207739,155.555133881669
EK202310121660,123.1981785519352
EK202310205678,144.19141788035103
EK202310242815,125.79735119912829
EK202310193926,140.02322672214194
EK202310169215,159.18550252498756
EK202310121914,129.27623126026424
EK202310146443,138.03017213890482
EK202310186043,152.68788688780307
EK202310242764,148.16115466013733
EK202310125734,115.03558926038374
EK202310188093,139.74846075762818
EK202310247744,179.22752113186039
EK202310183732,158.59850477453745
EK202310120950,136.8696059839175
EK202310160943,155.3512795390475
EK202310223077,142.7680929059405
EK202310113322,129.54414241290223
EK202310171016,165.0303699138605
EK202310118992,165.9865574635465
EK202310210813,129.2387142058209
EK202310119393,136.0425618849657
EK202310165072,144.08149872242674
EK202310130476,157.6020556299864
EK202310176158,137.86888779415656
EK202310235070,142.3742193267953
EK202310108800,123.0639804727045
EK202310213698,109.34423100297116
EK202310211960,135.58573886370434
EK202310115107,133.8889442205999
EK202310154887,146.7172356880565
EK202310125964,140.80487531348996
EK202310197631,162.93402346952362
EK202310152495,160.0742198574862
EK202310138965,136.88224555644675
EK202310229751,126.21694155877353
EK202310243042,144.7318454606382
EK202310104932,133.6575908430506
EK202310196593,170.75389521433638
EK202310166871,139.52326832779002
EK202310148398,144.1349461769735
EK202310209486,136.04495019086207
EK202310136632,137.4450211484299
EK202310189646,155.95811872354335
EK202310225870,149.53740833290576
EK202310161755,132.05627655545536
EK202310228917,126.9288218126835
EK202310148074,138.92593805795673
EK202310127137,153.5264404896586
EK202310189248,126.98710114507614
EK202310125103,138.92266951373117
EK202310191210,132.69559552146836
EK202310218240,138.6955634978972
EK202310237275,126.65361681254619
EK202310162417,157.69687598330694
EK202320007302,148.08106291758568
EK202310198514,126.94220937203916
EK202310156654,161.65780959444163
EK202310171571,157.3366384295749
EK202310177305,147.51118354636174
EK202310246747,142.06125287999447
EK202310202758,182.59507962642908
EK202310106134,137.36452131642528
EK202310004263,166.53374218652758
EK202310167253,140.40225246019062
EK202310154950,132.45690025302656
EK202310104343,153.5984245141195
EK202310162981,147.77830183989798
EK202310170399,135.65703941789272
EK202310157462,139.01729247703364
EK202310222137,160.06157517516374
EK202320007745,132.2268471931844
EK202310220891,121.81233152450434
EK202310197465,142.9079957253045
EK202310169484,142.10839148332963
EK202310206857,146.91245393442279
EK202310246430,117.29123895296782
EK202310116674,148.5024498275334
EK202310143852,146.94172794039042
EK202310181630,150.43821186406552
EK202310208946,150.3257240317544
EK202310108868,145.01468975844975
EK202310175588,147.28397362183563
EK202310159547,116.95774966117119
EK202310188294,135.65857316193092
EK202310180437,169.77041075797973
EK202310212936,147.16614988915555
EK202310130231,161.16578525461955
EK202310127231,146.5790105513845
EK202310189985,150.36745036612248
EK202310116510,136.03964472132319
EK202310207462,150.63009569747908
EK202310218692,140.97815406308854
EK202310227138,129.43894283715952
EK202310209607,143.8799991969075
EK202310119774,139.70242548417963
EK202310244607,145.97905036203596
EK202310113466,147.13320305353506
EK202310117710,134.55755664694817
EK202310175467,155.46391197409622
EK202310137952,151.35093812904492
EK202310235796,137.02181325547417
EK202310248336,136.16883999873158
EK202310185289,166.95070306654387
EK202310149146,144.02693285016974
EK202310129791,167.0894665189435
EK202310122547,137.58421141945394
EK202310131673,131.04411114354917
EK202310218477,162.19382989318655
EK202310158788,161.40870858017908
EK202310243244,152.18506055139332
EK202310137064,134.22060946774715
EK202310178386,149.3814367274374
EK202310159003,137.05466558206274
EK202310127413,151.42018092246678
EK202310194146,157.60700632265056
EK202310232087,153.44121172289528
EK202310143601,154.4841230310512
EK202310127915,136.78525499372157
EK202310148535,135.52380047891182
EK202310127692,142.36434999412273
EK202310134785,137.59988938710504
EK202310196646,130.75637598461654
EK202310003600,136.23983304623195
EK202310246935,161.208169997972
EK202310239761,144.81676910578057
EK202310216852,128.39078000869011
EK202310220984,141.65033754436016
EK202310144095,138.13332054442742
EK202310152597,163.62129650705276
EK202310168343,138.69240681503817
EK202310137883,141.87063690991823
EK202310193368,132.78233540641781
EK202310127993,156.9025340605226
EK202310141466,147.48949636231308
EK202310124906,150.74576463278984
EK202310121318,131.42419946149582
EK202310214552,175.56956918704486
EK202310242972,133.43410818129928
EK202310169356,194.02515218368728
EK202310141331,144.7928165278511
EK202310148511,164.49814288454382
EK202320006765,163.1104238111662
EK202310131274,138.88937545881825
EK202310126970,135.23893908839457
EK202310167321,137.74056447824302
EK202310215589,122.58104333011573
EK202320006107,140.17946431352607
EK202310147086,156.14487209373917
EK202310233859,152.81884121018757
EK202310141954,137.54811056487
EK202310234852,138.45944033081216
EK202310136328,122.67807840235861
EK202310133047,133.2864542524243
EK202310136399,136.76973469838546
EK202310207760,143.02340028916834
EK202310139278,154.81626817987893
EK202310125356,134.85806563106468
EK202310146350,142.27327844139492
EK202310177090,146.65078275801903
EK202310138005,127.91007894595626
EK202310137985,131.304253728073
EK202320005567,154.31818601245155
EK202310197087,129.07040679305655
EK202310157990,151.9854944330737
EK202310176214,145.93352602951418
EK202310128811,125.99504918335788
EK202310120029,133.97183525268903
EK202310144471,132.06761540100808
EK202310188230,137.4387784421759
EK202310154178,129.80403498795897
EK202310157814,137.19228948182692
EK202310130684,130.0406652011133
EK202310140639,126.6670780579473
EK202310233784,147.9534782146958
EK202310177044,136.13690734499318
EK202310204770,156.67674592891012
EK202310143193,128.8960042219793
EK202310229063,146.30079238924847
EK202310142428,139.51998535388978
EK202310142101,140.0349898198735
EK202310199185,139.07291421892344
EK202310122048,134.04290170867984
EK202310189594,152.85671785200054
EK202310105475,147.92344527233482
EK202310181985,136.95775266139196
EK202310111833,145.97951553373238
EK202310164318,117.61564742959638
EK202310170916,133.57236573530724
EK202310158358,157.95483579334208
EK202310106802,145.26124753303446
EK202310158510,134.43327902170165
EK202310212527,148.71575359101632
EK202310109926,153.4062668449253
EK202310114932,171.94198068921688
EK202310223038,134.8820055938161
EK202310193126,162.02951873708983
EK202310246777,146.24819077808294
EK202310189632,150.6356826258369
EK202310240945,145.7914120301541
EK202310239693,147.05289292895824
EK202310216494,150.4650113518608
EK202310183749,146.82620510917533
EK202310141275,147.4948749552999
EK202310131036,126.84864837201192
EK202310113828,170.881355489021
EK202310207144,137.28843862423432
EK202310190451,119.20634614960818
EK202310229761,118.6564061723274
EK202320006392,153.09003930860115
EK202310227082,147.0678488913703
EK202310211827,142.87815542845533
EK202310235192,142.89470625821613
EK202310198132,155.60011515846733
EK202310189905,161.43328749949208
EK202310193570,152.32027688961708
EK202310137822,129.08776355095756
EK202310206557,135.3072921686309
EK202310127272,144.77936493321175
EK202310195399,141.23200655814836
EK202310116174,154.66413838927073
EK202310112198,146.808362477086
EK202310163418,150.58675135757173
EK202310003339,153.7899974977426
EK202310145884,136.27867747880828
EK202310210819,131.2940566000119
EK202310188596,138.2659428252401
EK202310227740,120.62624729068519
EK202310171332,167.55608268880866
EK202310107268,145.52098043539394
EK202310232122,137.83035515005477
EK202310145739,157.34339677604632
EK202310240638,126.01517610373438
EK202310174884,164.1706649545849
EK202310213193,129.17625060963857
EK202310218429,139.85896501749374
EK202310225216,126.93322567911157
EK202310235813,142.87035996469194
EK202310223825,143.00683663609752
EK202310165260,145.43098172454893
EK202310136218,157.41728222977554
EK202310138301,149.4073398798981
EK202310217412,155.87989210036508
EK202310224143,151.98076878771872
EK202310155730,148.7303920643472
EK202310246010,121.23428362075549
EK202310111437,158.58593928251264
EK202310162583,147.76274391054864
EK202310126440,131.20740192403898
EK202310104619,149.98558634156166
EK202310172843,134.69390232450016
EK202310147555,167.87487303362155
EK202310161054,162.24311215316607
EK202310209188,159.14097841984133
EK202310144583,121.67807303041111
EK202310113571,163.97621375625525
EK202310236906,134.84078957358142
EK202310236614,141.86447509421325
EK202310153224,153.35481954633542
EK202310139052,159.36951488805946
EK202310238192,137.6613595571119
EK202310233466,117.58785410472883
EK202310215038,151.61954437508012
EK202310179617,141.90135195772461
EK202310159717,131.73708461938818
EK202310152017,159.8400087307448
EK202310190439,144.27643182932928
EK202310193413,156.80364756836158
EK202310160170,177.03484319800435
EK202310123300,123.86574569535023
EK202310204445,141.78652630702183
EK202310214835,137.41970693969967
EK202310220520,150.3320505273004
EK202310003433,133.33414070423774
EK202310159797,141.7724794904232
EK202310139535,156.80130408987532
EK202310118986,142.00278445510014
EK202310131290,132.5849669905354
EK202310145211,127.39503440919837
EK202310124121,139.35353179382386
EK202310164013,140.47714755015258
EK202310158539,170.58647080979355
EK202310157029,134.32124811259175
EK202310205071,164.14525549203205
EK202310237265,172.61911050883214
EK202310121334,148.39446333376804
EK202310169722,153.617626152102
EK202310227972,147.5564818407069
EK202310148017,160.98811122288376
EK202310201744,150.68821568521497
EK202310178777,153.17703170906847
EK202310158599,160.94523450278538
EK202310223823,155.85750286845752
EK202310244269,130.08362149497208
EK202310145223,148.32118111718702
EK202310183001,141.99008602601248
EK202310144652,140.8685991202277
EK202310149925,143.55870854639704
EK202310232433,146.71004948961627
EK202310170505,135.11493478686862
EK202310213173,132.42468630949986
EK202310140978,145.27419783670433
EK202310003838,174.32595883828446
EK202310197038,142.19651430186897
EK202310144172,153.35753540288775
EK202310107554,167.3310730610092
EK202310145215,126.10369113526123
EK202310178423,141.18185190595398
EK202310135509,159.59314917593184
EK202310114244,137.36306737182858
EK202310143184,147.98155636365922
EK202310141247,129.12993961318773
EK202310202303,148.64131196747667
EK202310111325,148.31485123727649
EK202310167906,152.521130112348
EK202310105431,137.82993404125963
EK202320005905,175.42827896621355
EK202310127826,165.02674370550233
EK202310104035,145.16849460591934
EK202310213387,121.50816282638733
EK202310109955,132.94034979414235
EK202310218233,148.70099798897203
EK202310115271,133.33099184632655
EK202310206248,141.88456212270998
EK202310158573,158.08626863182346
EK202310183224,154.1084931023504
EK202310231210,139.31461913124636
EK202310118684,145.50897144175053
EK202310242985,141.20168681413435
EK202310136035,140.0875252277337
EK202310231734,143.8598091710765
EK202310145163,139.936721764596
EK202310211871,131.99306252667245
EK202310151737,129.74263677899108
EK202310165550,180.98906985781505
EK202310214955,119.85440560418624
EK202310112312,138.83910485277093
EK202310122742,146.8636025441977
EK202310202487,144.50392624252916
EK202310233089,142.46118290754418
EK202310166257,145.17654676505447
EK202310180021,149.04802756026382
EK202310149123,131.57065620085552
EK202310139242,155.44677462004464
EK202310140791,136.55652855727303
EK202310230828,151.86723768377414
EK202310242667,141.23764121010956
EK202310188077,145.20133071063037
EK202310184134,160.16492363484872
EK202310227767,166.51055261954423
EK202310206257,145.66517665527286
EK202310112535,137.73166086015289
EK202310142903,151.99304796818515
EK202310109645,146.98538281112704
EK202310153020,134.78336666893003
EK202310106726,137.17920373929448
EK202310223842,138.26898319875792
EK202310194598,161.0175837377918
EK202310148450,121.82763327707019
EK202310120806,116.76453912081737
EK202310209691,139.20793111394656
EK202310114213,137.6572025510269
EK202310152335,144.98078177773428
EK202310232377,140.41247564845654
EK202310150359,157.12889045490545
EK202310172745,138.79570407791007
EK202310201411,161.21227906409308
EK202310152893,151.63844741499693
EK202310155212,144.5734576962024
EK202310182742,147.36932662685098
EK202310183087,135.47966339355898
EK202310200379,136.616637123113
EK202310173094,129.80802613093002
EK202310227985,150.98189309816706
EK202310238336,168.99991425783355
EK202310184224,154.95820868283988
EK202310232915,150.01619672371484
EK202310219151,135.9117847544339
EK202310213370,121.90286718930088
EK202310219745,143.78393054647418
EK202310138780,148.26817430458647
EK202310203481,143.91010532559196
EK202310174922,143.94357052382955
EK202310233758,135.99445442093224
EK202310153471,137.03459344657477
EK202310151891,163.36889507433807
EK202320005592,138.3658170636721
EK202310105631,139.99370872827234
EK202310176003,146.79300794238696
EK202310181211,137.2971450471631
EK202310144399,137.90952259728854
EK202310240649,131.66951627290217
EK202310145192,150.0672795634254
EK202310206829,139.6771089582615
EK202310110211,126.66454058302963
EK202310234760,137.01881491481768
EK202310114319,146.9732055290638
EK202310135966,130.30844959066704
EK202310183214,156.01205761449563
EK202310163942,167.24070330724814
EK202310219060,137.7682126520477
EK202310192350,145.71957498629544
EK202310130531,140.35369077780123
EK202310163172,140.43879046105442
EK202310240348,138.2905815596743
EK202310198945,160.95621882805463
EK202310004178,122.76458850705146
EK202310199537,155.59945759174556
EK202310152430,147.4913732350385
EK202310200143,146.48424023217348
EK202310190524,146.85278569591816
EK202310116645,123.7731318029258
EK202310193204,154.6682539982025
EK202310148808,150.61449229494087
EK202310231781,141.48913906970284
EK202310129095,122.33469353462016
EK202310114613,168.69995626940076
EK202310190518,149.983768381971
EK202310180509,142.23208019080863
EK202310220514,137.28602663049688
EK202310225336,121.53295159809505
EK202310237750,147.10789780211687
EK202310182363,154.82775994274235
EK202310196291,162.27152577657208
EK202310161270,144.79484953428357
EK202310132154,115.3856015105652
EK202310181652,121.17497386926
EK202310238306,141.2259205100477
EK202310187861,136.97018249928524
EK202310196524,164.606150390949
EK202310218151,140.8309017980001
EK202310176813,122.59380352150083
EK202310115338,132.35273062471214
EK202320007107,157.80371282335545
EK202310190744,148.4986843349147
EK202310242292,156.3908723791468
EK202310133848,138.06445624525188
EK202310173165,152.3631757706937
EK202310201969,126.21136808376507
EK202310194094,161.36500752083975
EK202310192787,146.26860653192614
EK202310107065,124.20064238111931
EK202310247670,173.78702674124375
EK202310200824,151.14341465217166
EK202310157197,132.41043756782983
EK202310192671,142.7731699309048
EK202310189959,174.1812897900903
EK202310242747,144.264843621728
EK202310221418,97.99191060953208
EK202310178956,129.0821759271406
EK202310162978,147.17951553773574
EK202320006792,132.36895491043578
EK202310119199,150.1036536158628
EK202310229640,141.45646585425385
EK202310136912,134.61321698203653
EK202310193691,162.9408950229019
EK202310141736,124.74819443836176
EK202310159077,158.84496377255962
EK202310199320,132.30226271340848
EK202310205972,133.5638820327691
EK202310155578,138.96194070167493
EK202310115031,150.75364159388226
EK202310143815,140.83675639973777
EK202310133150,155.36312941019528
EK202310133982,138.58143357178068
EK202310216455,150.16246312148118
EK202310206390,154.1841058233644
EK202310204338,158.4700733983483
EK202310115162,136.72534842999866
EK202310117837,117.13024394087903
EK202310211582,140.9094242542198
EK202310119713,145.97938773767746
EK202310136154,147.9880380218656
EK202310222178,125.54680545547858
EK202310143261,149.82342348473935
EK202310122388,151.48556348635594
EK202310125099,146.24682401161724
EK202310172723,131.16470707351755
EK202310226850,131.94484295509935
EK202310111054,143.92779141776487
EK202310187762,150.21038288892666
EK202310213222,131.76513573645897
EK202310105201,150.89725587062182
EK202310173124,157.09802288479816
EK202310180253,131.61618561046643
EK202310248026,181.72220564985162
EK202310177052,128.36012608881123
EK202310171106,156.57855327637253
EK202310136327,133.1959541386884
EK202310208120,135.41682382783833
EK202310004784,127.15305531784114
EK202310164690,141.6692955130095
EK202310214669,154.38505980053557
EK202310131706,148.52206874408404
EK202310104529,132.59779418626724
EK202310118248,140.18818794682238
EK202310137915,138.65494552420532
EK202310247207,159.80258430073883
EK202310185211,146.28510174967602
EK202310121850,122.6940876445567
EK202310128165,149.53220879553186
EK202310123063,133.4913998911716
EK202310219511,126.48279258429653
EK202310242037,150.28597272314775
EK202310180079,148.8244048076273
EK202310193224,158.35995581823386
EK202310191500,131.57413814109057
EK202310116444,129.33928319309197
EK202310130285,148.70928662155592
EK202310108568,124.59488264098042
EK202310136319,124.08808292536422
EK202310224242,143.45433790842375
EK202310227382,123.23538802110119
EK202310202780,131.5818605973107
EK202310137223,152.85967218063422
EK202310230312,126.61818672058425
EK202310234557,142.1288435594068
EK202310189352,180.31829140986176
EK202310226383,130.5393099935681
EK202310141535,147.5911975243485
EK202310184208,135.6596930601053
EK202310230152,174.17452153337612
EK202310160390,151.63593500277037
EK202310122632,138.71139532953393
EK202310165838,142.30700321549008
EK202310144483,176.39743890407408
EK202310108194,138.86208797965543
EK202310106793,133.22115611995213
EK202310120779,134.3112729629752
EK202310113163,145.20019594862472
EK202310115686,134.51284439765408
EK202310153049,148.5216409707905
EK202310177121,156.52208783862773
EK202310151267,150.1142054272857
EK202310214589,142.03460308430772
EK202310208963,161.72650384162213
EK202310154044,140.46759928154776
EK202310198051,137.92126328377103
EK202310105305,152.72564418352633
EK202310135168,139.6828568588031
EK202310200887,123.41533007237885
EK202310202015,133.45229878146358
EK202310211458,150.42037568425158
EK202310135559,138.48839076647093
EK202310135685,162.8181977619006
EK202310164450,135.38484843128634
EK202310195626,161.04994911787406
EK202310238957,135.07339985084678
EK202310131647,147.1352869200879
EK202310150387,153.94883000697115
EK202310121479,134.28383714092203
EK202310236900,128.8976662789696
EK202310159488,152.05085514709276
EK202310191125,136.8730293905173
EK202310132284,149.73419591220295
EK202310205918,135.11616659913452
EK202310192730,136.94919855451795
EK202310123751,134.16461319167868
EK202310157723,162.36968742298862
EK202310166159,174.57013210652715
EK202310217657,127.15945657705404
EK202310139130,165.41218394549122
EK202310176465,132.542253708565
EK202310135907,146.51578107966787
EK202310142364,131.9486865306299
EK202310106377,142.95711540741306
EK202310246049,131.85351887481667
EK202310213693,137.1537116052833
EK202310164186,156.8676604372236
EK202310160898,168.2539089228021
EK202310217495,174.45247322211358
EK202310170927,144.26283056887104
EK202310164087,149.919373636709
EK202310202710,138.23580457183198
EK202310161660,147.0411747842268
EK202310118714,130.45987186506758
EK202310208776,148.84639000393727
EK202310192073,158.31334481078576
EK202310149834,132.6810154837648
EK202310115300,148.46231586633533
EK202310137234,136.40018406953467
EK202310167336,138.4313957666455
EK202310130940,127.40899808457995
EK202310108363,139.6470818516724
EK202310240062,154.0704031919772
EK202310143711,142.24096194394494
EK202310126099,138.45563699620007
EK202310111701,132.5148576340389
EK202310109430,138.9172608644711
EK202310229241,136.9610128154393
EK202310224916,134.34045860780066
EK202310198104,137.16724779577262
EK202310146821,146.93629529305133
EK202310149423,157.08138432627553
EK202310189461,178.6456019657993
EK202310113093,135.29291886993104
EK202310203899,152.7662141376238
EK202310222972,120.30835112525754
EK202310122045,129.89537712050554
EK202310197655,170.8704604322737
EK202310207370,153.66834407002355
EK202310126718,136.55283428179533
EK202310239768,124.41050894084512
EK202310154953,143.33142013179034
EK202310104866,144.80554703359465
EK202310213299,139.3773417116791
EK202310152880,164.4249540462048
EK202310210510,136.7259243117645
EK202310003355,138.29755222265933
EK202310138578,134.33765038276798
EK202310221979,131.69674563008215
EK202310136372,148.54068649780527
EK202310240726,128.48841735058423
EK202310199316,154.9309979507151
EK202310180477,153.71075972085077
EK202310222146,127.96389800223325
EK202310195135,131.2936351637077
EK202310225124,135.43352853984806
EK202310197588,170.46643422253834
EK202310164715,168.80993948204397
EK202310224547,140.7162896014661
EK202310195634,171.43719851474563
EK202310233272,130.91198229597984
EK202310133354,141.78176184597763
EK202310155274,130.49303213721342
EK202310187381,149.31955390138287
EK202310181622,137.0859688833243
EK202310180891,145.59976125027376
EK202310208781,157.25338532677222
EK202310138532,136.38095359254532
EK202310158039,167.1200147646864
EK202310234759,145.24480409516832
EK202310172371,143.84596373262562
EK202310004492,133.03257627588184
EK202310167403,153.17711184036762
EK202310224663,128.72030542218607
EK202310125319,140.15745254061005
EK202310148708,155.24355272927818
EK202310199777,150.20943095857626
EK202310121002,141.35648982624184
EK202310223457,127.51805913799258
EK202310241156,155.82223803206355
EK202310242414,149.52542506295512
EK202310233868,145.86822693797563
EK202310218542,127.72851193472476
EK202310181849,171.58792957946508
EK202310199972,127.88981470276902
EK202310219891,123.48984898231669
EK202310198598,149.84936203618105
EK202310192601,142.86304873063625
EK202310192902,141.41864102207143
EK202310186540,126.10259087184014
EK202310135637,135.91383509653465
EK202310224182,162.8850085455785
EK202310245468,163.11779369410615
EK202310187476,146.2700197029876
EK202310004176,139.63628646486106
EK202310173306,145.9431072122034
EK202310174815,131.8632259870341
EK202310003528,140.79457024854634
EK202310106869,149.1241998782713
EK202310114334,129.4716664262429
EK202310128865,135.9803626942693
EK202310162698,149.46705054259982
EK202310246100,147.41922556153415
EK202310183029,127.11948174023115
EK202310138016,117.93079253864659
EK202310003652,124.6312347342323
EK202310206206,132.4806459939174
EK202310152370,155.1628307769344
EK202310168292,147.73447359528978
EK202310198068,142.90271420806462
EK202310138206,119.24216226445398
EK202310199965,142.46827034045248
EK202310108649,172.12650646968476
EK202310120575,122.75490392234653
EK202310124777,133.12318703884822
EK202310165021,145.13001579332675
EK202310183112,152.80011994615978
EK202310105459,132.1562160381929
EK202310134757,138.61902734544765
EK202310103956,122.91447211366093
EK202310222980,164.84684139919747
EK202310199522,158.42588527216165
EK202310224732,137.76649858867805
EK202310192783,144.13100403556814
EK202310194812,175.47386930603835
EK202310236020,150.51800100084816
EK202310108411,152.18232919533168
EK202310106942,150.27067488598277
EK202310110399,139.6516955336819
EK202310203809,127.30019358693666
EK202310126385,134.85305258706939
EK202310130826,136.7548990193842
EK202310143699,165.8036732758601
EK202310115466,129.68047139917903
EK202310201041,151.90493563438693
EK202310210566,145.70692942724534
EK202310142263,141.0653416499621
EK202310226772,149.5945022015881
EK202310174000,145.2337268047585
EK202310134341,168.06135631547224
EK202310213426,129.3993263410974
EK202310135863,145.28667143393974
EK202310135242,152.16785523541932
EK202310146997,153.72666544040277
EK202310243667,177.41429020463528
EK202310229674,137.1500408851989
EK202310130805,126.7790247758732
EK202310220574,112.24112638917042
EK202310164649,142.22944550443398
EK202310134408,127.32480213030264
EK202310003474,129.05692665985777
EK202310118263,133.9736715701008
EK202310161867,168.16719358950047
EK202310181365,135.6976714053979
EK202310154801,147.4488570183942
EK202310219520,149.0942286598736
EK202310200310,143.54366060459037
EK202310207883,160.46910278692863
EK202310146716,149.91051341801932
EK202310123679,133.13683286700285
EK202310240065,160.041682258757
EK202310185668,143.8314761484775
EK202310182482,168.36293213450693
EK202310112781,140.20746265578924
EK202310105135,153.0073159319449
EK202310164531,139.99665969316806
EK202310150078,151.98035474653537
EK202310223094,180.0443479426369
EK202310247424,168.510070445746
EK202310186061,124.05008051050199
EK202310173560,142.51489802818458
EK202310190249,154.23624527017623
EK202310160821,153.56271633743413
EK202310188946,137.145952251326
EK202310149161,135.89867759667268
EK202310122403,128.17368214284278
EK202310195995,146.12412332577262
EK202310176442,125.1270554482278
EK202310146105,144.2970485094328
EK202310212801,153.09842785118178
EK202310227700,133.13866695325177
EK202310180756,141.6708611307188
EK202310140861,141.16833696763723
EK202310207186,151.26083219024684
EK202310225979,137.94812898531987
EK202310171463,147.99014143770634
EK202310123630,125.6846339509024
EK202310184360,144.41216239889397
EK202310176661,128.73695136161717
EK202310118436,142.20734187361393
EK202310106839,132.4886565910883
EK202310205589,145.3833098053498
EK202310224665,117.48455538425313
EK202310191707,136.93942255396422
EK202310108998,141.11067035780206
EK202310168084,149.1983565650711
EK202310222339,161.67088586926602
EK202310129697,133.16398733094894
EK202310170459,128.21069664318023
EK202310170867,141.29773303717985
EK202310004814,152.83280063888344
EK202310139330,129.11363708464356
EK202310243947,121.96057690904345
EK202310158812,144.08445551470442
EK202310246467,118.53080406837887
EK202310139605,143.27550648573762
EK202310204546,165.93487452630524
EK202310247739,163.01138367803338
EK202310163645,143.893013284082
EK202310213374,132.1189734119797
EK202320006854,162.5235329095457
EK202310003821,146.30272554048375
EK202310154988,134.8377011696103
EK202310141484,137.2659887405983
EK202310166793,134.2276428680452
EK202310216066,124.49079896058757
EK202310209262,144.4781770590269
EK202310216292,156.52296686169777
EK202310134069,112.70738303612742
EK202310177735,143.21248899608847
EK202310213634,145.9956286345412
EK202310162478,150.75625283960215
EK202310232091,143.65636451731172
EK202310138848,145.03077042699002
EK202310233671,147.79701012690623
EK202310142473,152.87957342037365
EK202310159684,170.1416159055455
EK202310180111,172.18907838266549
EK202310229192,163.9082979737422
EK202310119588,138.0889039301946
EK202310238495,141.895159697948
EK202310209893,135.89248008411613
EK202310234545,142.0986470001888
EK202310174703,125.29574140134397
EK202310171373,153.55415930245368
EK202310150301,160.00552687505166
EK202310198468,135.11558187219464
EK202310142834,130.50649108900487
EK202310123180,155.33081377430887
EK202310205955,132.04581482850992
EK202310227181,144.54811612701283
EK202310147163,152.40705833449405
EK202310196863,170.9194366705453
EK202310107077,97.6995156589793
EK202310224123,139.9358746786277
EK202310178723,132.6781132466842
EK202310188726,146.1286571681356
EK202310145842,152.89068588069972
EK202310126848,152.66365536680848
EK202310149653,146.57233650300134
EK202310210321,126.23914157056214
EK202310138754,156.85816919733398
EK202310190404,151.57226661723664
EK202310142661,128.05760647159005
EK202310163611,151.56957404391116
EK202310192118,146.62658565586017
EK202310209339,144.41779897854275
EK202310211087,145.72246920577027
EK202310200565,172.56352341540315
EK202310162171,137.40876829232428
EK202310239766,122.28655278544163
EK202310242115,138.0426687666093
EK202310206840,141.32377072717196
EK202310186840,137.87461566604807
EK202310122626,137.43342221359214
EK202310247532,143.93219951209014
EK202310248321,146.491263409001
EK202310137335,131.8055421888235
EK202310164720,130.82780462282508
EK202310164776,142.19371982063663
EK202310172694,144.89886059124612
EK202310115208,127.70403100241715
EK202310140400,150.87031106252925
EK202310217155,155.05849136213368
EK202310220114,151.3867515745901
EK202310145630,128.20681707082255
EK202310246549,125.79556840721868
EK202310204696,144.6528029236994
EK202310225296,128.15909714653145
EK202310195107,142.46257867274602
EK202320006795,172.50304848747592
EK202310108157,133.6429258278417
EK202310121697,129.37182100191066
EK202310106708,147.96597788694461
EK202310181363,136.2877097444359
EK202310106364,135.6457205972524
EK202310180893,144.98491957467917
EK202310183016,146.22805177605252
EK202310004166,133.93033316720044
EK202310199838,146.92953386533097
EK202310148423,158.47826682353067
EK202310181024,140.91066165586844
EK202310114930,132.86928419907477
EK202310128476,161.53777531557827
EK202310169523,127.25765241478052
EK202310168371,178.3907177346688
EK202310195418,171.58021289523515
EK202310176857,134.0274141601946
EK202310111775,142.56486391015343
EK202310153448,128.21086801533696
EK202310141648,137.65890693256063
EK202320005982,137.22612477125014
EK202310003582,150.99082804282017
EK202310222503,133.9511688056868
EK202310202091,141.89262587491143
EK202310115161,160.16626860563073
EK202320007144,152.64199065245757
EK202310120067,162.858659421671
EK202310156517,140.5698197868138
EK202310248466,132.52350892062285
EK202310183536,145.58830414232781
EK202310237952,148.60174024301708
EK202310205472,164.57954769484704
EK202310170132,140.66837677875958
EK202310132623,128.24288612185347
EK202310227130,124.38631411751076
EK202310131693,154.9293946962093
EK202310212847,169.5163110989845
EK202310192454,137.93233035154384
EK202310151379,183.20286551375824
EK202310166887,145.62570610996295
EK202310151838,141.3514815869023
EK202310218637,137.8218443850461
EK202320006368,152.64456644688724
EK202310110191,129.18673675497152
EK202310123397,156.38303989487125
EK202310183798,147.62577924518456
EK202310142570,155.62702650548408
EK202310123542,153.95555361823205
EK202310189606,160.17582141745365
EK202310239154,162.70734617451646
EK202310218250,130.4126951201846
EK202310222212,165.15142711696456
EK202310213689,130.8176950884563
EK202310108905,156.0661977313549
EK202310201539,130.46676944832763
EK202310241773,137.6772397908143
EK202310136938,153.17755603625642
EK202310223539,146.43025389251326
EK202310175290,138.2082620244737
EK202310167269,139.98599362510197
EK202310136276,146.4798652004201
EK202310241802,120.20959629221905
EK202310159213,139.30412638738787
EK202310163058,146.45973029776465
EK202310204661,165.61936625794414
EK202310165933,154.06322515685181
EK202310123794,128.93660485259826
EK202310191803,123.22970831981749
EK202310158551,157.0757410511923
EK202310146637,142.47180271750273
EK202310214984,131.33862496067468
EK202310191267,133.92720101086516
EK202320005702,147.97960816983152
EK202310112412,138.756092626005
EK202310246169,166.11468424971324
EK202310173215,146.80852553272405
EK202310233468,145.0353372432874
EK202310197783,179.87587980573025
EK202310151122,129.11888136728868
EK202310248270,141.14292613956718
EK202310238332,143.745372530559
EK202310194686,129.74848313076893
EK202310205802,136.11618068479942
EK202310205367,145.75870845546206
EK202310119704,153.14963374896857
EK202310149724,152.25815262658173
EK202320007846,152.92090576641698
EK202310108803,142.4332540269499
EK202310004799,135.40776410056966
EK202310198015,159.24496269788267
EK202310179913,134.13407540161145
EK202310180275,128.84926433684507
EK202310201100,160.4181839939952
EK202310203139,148.25685371277888
EK202310175999,145.29652971784793
EK202310205556,147.1576593791731
EK202310215029,156.55098109779084
EK202310246170,152.9773810151526
EK202310169135,139.54868281475137
EK202310132991,137.2158800409283
EK202310122441,150.86533689322533
EK202310004600,137.8530944226366
EK202310158154,163.80357782658527
EK202320006789,138.88764419752715
EK202310235205,142.60655657955348
EK202310241817,165.36682919716327
EK202310108496,148.13503434160216
EK202310159875,121.62400366751042
EK202310214914,147.72075750386014
EK202310145239,143.6544974909326
EK202310133595,157.66574303646527
EK202310144564,131.27613572052607
EK202310003645,153.4866991860354
EK202310152554,148.21092108734345
EK202310234203,135.76898183655837
EK202310119736,148.41472306604248
EK202310111683,127.04581810494523
EK202310171365,146.8006303654073
EK202310145469,130.7598188092086
EK202310104013,144.6169642147946
EK202310162563,172.25304590627815
EK202310234855,113.82646488716145
EK202310165574,165.24176797331006
EK202310128252,121.04921065186761
EK202310230398,135.42150843028026
EK202310197359,159.58774219804096
EK202310184700,161.2778574498242
EK202310139238,151.92952900072447
EK202310189435,182.00378635301365
EK202310229589,125.46082017143883
EK202310238308,138.1780905257623
EK202310119072,145.22830382485142
EK202310106928,136.4093974160668
EK202310248344,147.84684359961656
EK202310171179,166.94325202592228
EK202310247349,153.64110188233676
EK202310246070,137.29264013375467
EK202310003686,143.80443158261784
EK202310113178,151.53352087319382
EK202310228096,157.40101963359314
EK202310186013,119.18368134270114
EK202310106951,149.71552246258597
EK202310177362,177.75139507998455
EK202310158884,126.6870954039568
EK202310138608,158.3538610273486
EK202310143128,159.05529084387385
EK202310247561,157.76889805985414
EK202310204978,128.7387183985817
EK202310105695,137.3649780667507
EK202310108077,133.89804112889755
EK202310222072,136.85517902925335
EK202310140241,138.1967339079612
EK202310175319,166.62509566981603
EK202310122035,147.02438371328918
EK202310106538,151.96687669154755
EK202310178197,146.26034059760636
EK202310169222,142.42224414447733
EK202310216866,142.41292669457988
EK202310189689,152.6278694901609
EK202310228733,126.62867103459095
EK202310201271,142.58720736474967
EK202310119633,149.0837117560142
EK202310138720,139.15564017667944
EK202310108018,133.8006500005506
EK202310222345,123.57929240244411
EK202310210971,148.77973892418427
EK202310239519,130.41030002152536
EK202310111361,141.9802520882753
EK202310115072,136.34378906600432
EK202310152934,176.42463597200444
EK202310201912,159.0268826055863
EK202310213140,137.41117091930852
EK202310123466,142.61665408004936
EK202310212463,138.27715518886208
EK202310237675,168.78932713548136
EK202310161926,152.28805377985057
EK202310145150,125.32914335912261
EK202310185746,122.42173342880587
EK202310177566,151.72419153050967
EK202310244477,160.48087065689396
EK202310206745,162.2344172646088
EK202310174696,151.14738926487863
EK202310218448,141.79924474377043
EK202310131105,143.64519975843692
EK202310202457,133.56546526225355
EK202310107914,155.55182829689653
EK202310177630,138.55896523464202
EK202310167548,145.92376734252156
EK202310153531,132.23688022975682
EK202310119481,143.8309565589119
EK202310233113,131.63324587659918
EK202310200729,147.6378819919499
EK202310107842,141.34726657892034
EK202310145572,156.71222554576983
EK202310141270,145.00642854827998
EK202310180294,147.8891083983651
EK202310211781,135.71237000587917
EK202310130166,134.68036645271295
EK202310168426,157.1604299572961
EK202310238553,145.1846403197139
EK202310216542,152.90471775412405
EK202310188002,147.67910925340152
EK202310210328,146.9233618493943
EK202310125237,141.03172222537995
EK202310248501,115.37902422236442
EK202310178221,153.82455640134307
EK202310108029,145.6840241804898
EK202310111887,142.36721311966585
EK202310185328,153.30021685981598
EK202310104024,145.75657699487664
EK202310136271,133.16940191553078
EK202310204759,166.85499376736408
EK202310223434,126.85023298608829
EK202310195383,146.75996421807477
EK202310140709,128.12640250363012
EK202310195890,168.41902072929287
EK202310208311,156.2846327764794
EK202310154808,106.95970500937808
EK202310125908,127.70978042623108
EK202310128381,130.50415576979944
EK202310126417,147.40606866359536
EK202310155257,137.74837522791574
EK202310180115,173.66425626428355
EK202310134943,133.78034618112412
EK202310146571,140.4635418887504
EK202310151982,160.56940225044212
EK202310185006,143.26164413229415
EK202310141525,142.9748970453401
EK202310122362,148.29681577815245
EK202310131463,140.154694946162
EK202310112675,140.4048487104319
EK202310214395,147.71325564871714
EK202310117362,151.88542600344593
EK202310195147,150.59107609276134
EK202310221205,137.98288038722058
EK202310108309,141.8743855435065
EK202310117176,156.11070684050878
EK202310197367,166.02043461024084
EK202310167645,143.09389282858135
EK202310216871,156.91676802272812
EK202310246466,124.42667594409508
EK202310174197,132.75049476320507
EK202310133708,164.26150145123768
EK202310214726,157.53394573203602
EK202310235715,136.0288313439654
EK202310144146,133.23335321269036
EK202310232336,133.5837806787329
EK202310126787,128.30966962382803
EK202310147504,144.0965946011203
EK202310205381,135.70435633786488
EK202310121997,142.6005022461265
EK202310212329,138.1801561406967
EK202310112068,154.860886967512
EK202310136784,134.47686986422096
EK202310120002,127.2806943923901
EK202310226231,133.43160287348343
EK202310167029,154.79444403107877
EK202310232991,149.63542890482745
EK202310141646,163.00283092153867
EK202310217163,152.7869578537901
EK202310147198,149.4893877738838
EK202310228365,123.9267033499428
EK202310194716,141.1028616075892
EK202310199844,139.76848113699205
EK202310168777,134.03867392128672
EK202310192183,135.63287813047944
EK202310109241,143.51402531292317
EK202310222596,136.7837203296369
EK202310126978,138.9538697857977
EK202310152604,125.21792339267911
EK202310122324,122.39295461996231
EK202310112196,136.15124042285353
EK202310145565,158.59009992765723
EK202310207537,145.88454932039429
EK202310198691,174.34406631890567
EK202310193152,179.2093247467619
EK202310131752,145.0531115278213
EK202310201904,156.04239399968162
EK202310244465,137.6744022321505
EK202310233714,144.50225015702844
EK202310153449,143.49877494074724
EK202310217520,125.11473138890533
EK202310113415,149.17926682176565
EK202310172532,170.4496303285096
EK202310211969,138.51362087464983
EK202310199232,140.2908401152489
EK202310218608,129.0610102091046
EK202310122448,122.97968575795801
EK202310184841,145.32913649686716
EK202310130240,148.78581729530717
EK202310210575,124.5132926275264
EK202310175143,130.826415658828
EK202310121434,136.69808063798314
EK202310172273,141.94656705675928
EK202310175483,142.03639974045893
EK202310197679,148.01834088250538
EK202310155037,125.17302540810284
EK202310171911,163.44907004698587
EK202310191161,129.6980325069585
EK202310244157,150.48555162464774
EK202310189824,155.42360647684114
EK202310149560,147.81785776884308
EK202310179284,126.12645825710345
EK202310203064,153.16573186467045
EK202310185974,149.09731585052984
EK202310225562,154.10808418450281
EK202310153740,140.41014063202317
EK202310225206,144.09440419569347
EK202310193780,119.4068646305241
EK202310198553,132.4179943396466
EK202310174477,169.53657251119438
EK202310200421,135.9805760435012
EK202310119138,151.0506598602045
EK202320005816,140.66189426282875
EK202310175740,139.0571978315973
EK202310116505,121.19429687594436
EK202310198911,131.03007872358833
EK202310127697,136.78496099739985
EK202310212650,151.614121440684
EK202310150100,121.083389372031
EK202310167937,143.53063422265384
EK202310221941,136.0267256480884
EK202310117495,131.0927481886858
EK202310143529,151.54468349774862
EK202310166968,134.49108746568348
EK202310129968,137.87206171834515
EK202310194131,155.7210224460964
EK202310186960,152.05878182219374
EK202310128028,145.52053572266865
EK202310105027,162.1495196067274
EK202310222774,122.22460673711939
EK202310244918,136.02741083069827
EK202310210086,164.03927008373526
EK202310179813,134.01343077200602
EK202310187059,156.78813144621296
EK202310195516,137.76725550958318
EK202310132170,132.23887971187133
EK202310183880,148.24207500188732
EK202310248278,135.00859709129043
EK202310221792,129.78796344285314
EK202310166778,142.54997999823135
EK202310148365,139.6825297681793
EK202310205442,122.4882425811437
EK202310201815,163.60046821921358
EK202310201915,157.0342097536947
EK202310183293,159.6725458645961
EK202310104337,143.96346785057742
EK202310120714,148.2980016935664
EK202310132745,134.00755365241866
EK202310241556,145.86744902217353
EK202310145559,168.9398979667122
EK202310140527,135.08723723321276
EK202310105180,135.9416955646727
EK202310115505,138.04416928804716
EK202310232969,161.72143919005336
EK202310168606,128.78689092067364
EK202310117990,132.1584151776131
EK202310143898,138.66775380047258
EK202310111999,146.18825091487957
EK202310133045,127.43285724467623
EK202310142041,146.68657034197696
EK202310216099,139.03331167632948
EK202310138895,147.26448069928844
EK202310147820,146.32827869419606
EK202310113918,143.03434448166962
EK202310226640,130.3370775027106
EK202310169991,165.49842519259545
EK202310195941,157.07580723694073
EK202310213195,137.91311329990646
EK202310161969,148.53201926958474
EK202310208345,149.5564542286832
EK202310180754,139.74152329026637
EK202310110267,138.30247643047144
EK202310194583,168.34545867595062
EK202320007655,148.08114554207089
EK202310142157,123.76949326463719
EK202310112664,125.56338667468611
EK202310136957,184.64845233830366
EK202310215766,122.30404168275446
EK202310167175,153.69362503472314
EK202310004831,135.73914753491152
EK202310159889,166.69290833772638
EK202310125472,140.4852560257076
EK202310166020,139.9591942788473
EK202310240418,141.11388426684078
EK202310156003,139.7992455923123
EK202310188199,124.2854153871994
EK202310213973,138.24693452308588
EK202310233649,142.04385756844957
EK202310124811,135.22916177973966
EK202310216543,125.87670738014656
EK202310121207,132.7129130484658
EK202310132104,143.32465181100883
EK202310138805,140.91751390046653
EK202310234030,136.6538717098224
EK202310172808,130.73962790822787
EK202310122536,145.02619629015965
EK202310189381,129.82060207495277
EK202310242706,157.82680464707335
EK202310239058,133.09988163060623
EK202310192990,138.41876411312325
EK202310202471,165.62924530000032
EK202310222312,168.5007950238221
EK202310202945,153.82415700881222
EK202310199092,150.53665894582898
EK202310128375,144.0272802021036
EK202310107473,139.57801986543762
EK202310170279,138.0371711534767
EK202310149133,137.43340136849616
EK202310199648,171.73849100530197
EK202320006719,153.09447511611634
EK202310234669,144.52172982830126
EK202310149973,156.52909785671972
EK202310154407,129.0248040778582
EK202310192562,155.3825558863377
EK202310158354,136.57349037961217
EK202310202377,126.834128392395
EK202310225193,139.15427177684364
EK202310117896,156.5621090918359
EK202310122973,140.96908478398598
EK202310163485,154.62377184611424
EK202310146561,139.8470744202428
EK202310248571,152.19218663205422
EK202310145328,157.38870160608508
EK202310229897,149.95914420944504
EK202310225899,140.45663110913975
EK202310154673,153.3659078135206
EK202310242080,132.57553628965027
EK202310234618,143.51117410748094
EK202310229514,116.7992477698024
EK202310199205,142.8336109391628
EK202310189908,157.25751393630884
EK202310227654,136.33681053412974
EK202310108175,131.35207846240326
EK202310165456,123.5580308525739
EK202310204739,149.22567225718126
EK202310124368,126.86272555555351
EK202310221567,135.78704076545486
EK202310111364,124.73354776460877
EK202310166449,146.92961559935634
EK202310104016,133.25052955738298
EK202310109663,141.9779635781844
EK202310233976,141.54200844297648
EK202310116602,152.8227330575782
EK202310206707,174.7428337031342
EK202310125360,142.28420803031392
EK202310141090,147.62919599453522
EK202310187733,137.9558501807219
EK202310146874,135.6540104079538
EK202310199999,137.6971799257908
EK202310133984,153.7259433377892
EK202310239052,144.02600991923603
EK202310116872,134.82250408553546
EK202310170227,156.837368884588
EK202320007825,153.25979888148657
EK202310247712,142.56530916659514
EK202310133557,150.50940339311717
EK202310122565,148.01128057465894
EK202310164010,149.05067612521486
EK202310176533,148.30517404024854
EK202310222265,130.80985720712877
EK202310164867,155.58836930245934
EK202310163156,135.85010150030487
EK202310183272,159.2575004859733
EK202310127914,125.49503195181755
EK202310245446,120.38143569408317
EK202310207443,137.35987204149126
EK202310197727,163.18532382258186
EK202310172576,148.11488930978325
EK202310004885,116.98344543193906
EK202310233895,139.98935898108044
EK202310210570,137.01104383854124
EK202310199572,145.56876127561944
EK202310168376,166.285251095865
EK202310196031,134.00442377157583
EK202310208454,153.56702711048843
EK202310218454,134.8424541703451
EK202310194926,129.82084068974876
EK202310150716,164.85042077492764
EK202310169424,151.26316188719147
EK202310141489,161.96961924149758
EK202310198731,172.95965869351446
EK202310224708,139.55212896494433
EK202310220317,147.09200272585832
EK202310158723,175.75581029619943
EK202310226439,151.40597962515855
EK202310155952,143.62909805836927
EK202310235925,147.58379089368628
EK202310149483,156.02984725256587
EK202310182940,155.6950220025762
EK202310233127,170.60500461811404
EK202310198223,164.71574011842233
EK202310206595,128.18523723469985
EK202310162953,155.51363245283
EK202310124622,143.02585827432873
EK202310199000,148.59972433312137
EK202310225515,144.58484018184848
EK202310200414,152.64984800016327
EK202310163151,146.34153319642004
EK202310147583,140.22991027079595
EK202310175959,141.7923180317972
EK202310156571,161.1535503795252
EK202310159464,136.47059701650124
EK202310133803,148.22065795576154
EK202310143242,161.87371567381638
EK202320007862,133.20580671259398
EK202310137674,126.03019149974547
EK202310158748,145.65627595010602
EK202310134807,142.1897117316618
EK202310232180,127.44890936145885
EK202310115545,150.6596440110651
EK202310106800,133.27349012314917
EK202310164487,143.13882681002622
EK202310189669,164.81050548668728
EK202310183633,139.7935000536075
EK202310160528,147.70330149096807
EK202310157424,147.15674305106234
EK202310175169,133.21243981183437
EK202310230775,139.20219434728278
EK202310176300,151.78854213302526
EK202310154141,125.332872614855
EK202310121636,133.38287698778544
EK202310117991,136.4364683820224
EK202310114748,133.9246445469224
EK202310182305,163.07978843250118
EK202310183422,171.1879527644875
EK202310196576,153.65567011298916
EK202310212365,134.53419951081915
EK202310157851,144.24539277709158
EK202310143833,141.26894223210653
EK202310162493,135.5887289290404
EK202310200657,145.9358463992614
EK202310164870,136.15187743779117
EK202310139418,145.4146225227393
EK202310114290,156.45276421682678
EK202310206834,140.8714539299588
EK202310235641,153.38800834217034
EK202310179682,126.71149874980094
EK202310209582,136.03151525507218
EK202310225738,139.6824628569636
EK202310108381,132.3533453309476
EK202310125569,135.20262851358893
EK202310218417,138.4063138966386
EK202310228389,181.25515082484065
EK202310145963,138.97167094848731
EK202310109134,135.67449811096336
EK202310177470,142.34080030420654
EK202310162374,133.8795622182063
EK202310195949,138.69787663446994
EK202310122797,153.60009889616396
EK202310140758,135.15412611511866
EK202310232602,139.65488441107613
EK202310200151,136.6092224773729
EK202310166863,131.69979738296564
EK202310237243,139.65757877735302
EK202310120027,161.88830500558726
EK202310132524,149.4510338736355
EK202310204016,147.6054215898495
EK202310189020,130.22655261717043
EK202310202009,130.5969776690826
EK202310139108,160.61401946622172
EK202310181804,142.365950648847
EK202310205040,138.58282095363415
EK202310141451,134.04801128487793
EK202310164866,161.13583780277452
EK202310245490,135.42915721626156
EK202310181489,135.14597298506456
EK202310147345,134.82890869202046
EK202310148300,131.086340802571
EK202320006124,156.31049609434845
EK202310196622,131.9252781483061
EK202310182658,150.35347920627652
EK202310227451,154.20572291075973
EK202310209633,132.45957663946257
EK202310180045,143.70220944200727
EK202310240543,121.89861670939433
EK202310115142,154.46242520354525
EK202310247768,135.02116127076113
EK202320005662,150.24826487061299
EK202310182225,174.51806642963987
EK202310187393,148.30224087299558
EK202310111676,132.10217692032728
EK202310234672,146.2328494638055
EK202310217174,152.1672817596045
EK202310169712,156.22255807296108
EK202310141144,138.3476817303001
EK202310204110,138.99350406818772
EK202310217308,135.915286306174
EK202310117170,146.35984723096797
EK202310129087,163.13664404431404
EK202310221591,141.526261142638
EK202310209271,134.8123963125358
EK202310219363,136.5602070562546
EK202310004090,148.6331601149189
EK202310211544,117.32074909457174
EK202310224956,147.2121742573883
EK202310141398,131.97065250086717
EK202310148915,156.37267172616876
EK202310170219,124.68808106382058
EK202310191982,143.22835025727431
EK202310223575,131.99583356023783
EK202310104511,127.59444493663202
EK202310152387,149.41238215806206
EK202310218082,159.75640489410563
EK202310217177,139.0129004535715
EK202310248357,134.892414420779
EK202310129896,145.4968605542974
EK202310152480,129.08014638222713
EK202310239767,135.86449378550782
EK202310160883,138.75840569395672
EK202310140193,149.226472913826
EK202310207625,142.50114270371182
EK202310165482,134.66009504984902
EK202310158005,137.2988678490635
EK202310185420,114.83315313393146
EK202310187990,157.20071712279463
EK202310138441,146.57012812379728
EK202310147390,141.36516436880146
EK202310158825,139.75357930404417
EK202310183745,147.47367847801587
EK202310148680,140.7187197738465
EK202310129708,150.67796588220563
EK202310190440,137.08506478118
EK202310157144,176.81347033982385
EK202310113257,130.8631264728403
EK202310141541,141.31862229211833
EK202310190438,138.3904245242429
EK202310243356,132.59035517534315
EK202310183196,157.9714055508631
EK202310196369,140.5244764130906
EK202310144897,139.30900086249682
EK202310144635,153.41152106437082
EK202310237276,123.34943436097511
EK202310196220,152.18398078908174
EK202310202228,141.4006723306762
EK202310123488,127.40938696594006
EK202310105805,156.3484176116684
EK202310142565,155.5216917757823
EK202310218967,123.74752385474395
EK202310120796,128.6413134659066
EK202310231531,135.40450200890172
EK202310199801,123.38228549214188
EK202310134790,142.68455036598468
EK202310203666,139.65399983548664
EK202310226666,144.58442920912486
EK202310232447,129.17532735007833
EK202310135897,152.0564406435125
EK202310168701,137.75297757483264
EK202310237343,127.6363028359969
EK202310154466,172.17268192332432
EK202310136457,134.23274093697898
EK202310121974,143.5219379589138
EK202310134631,157.2834253377255
EK202310213018,138.60400947475546
EK202310194001,148.67117997276245
EK202310136650,155.27456153657698
EK202310111505,141.20503530356842
EK202310209080,161.69485429290177
EK202310152444,142.8767884448842
EK202310121350,120.33536715890517
EK202310240365,141.19047170611458
EK202310159007,173.34424219397494
EK202310127159,140.6296458642271
EK202310226609,125.48670399105933
EK202310161102,172.2829378691922
EK202310103730,140.3636834116935
EK202310111243,130.43093824142306
EK202310156130,137.4140771145151
EK202310178873,127.70107386402539
EK202310176169,142.68255906811268
EK202320005724,166.11795720340908
EK202310150195,160.7782078993622
EK202320005792,152.94851960245288
EK202310117762,121.86897463602592
EK202310234499,129.60833224229881
EK202310176172,166.3179856902348
EK202320007254,137.5102894993102
EK202310128419,156.51629637513432
EK202310117754,140.7958128590887
EK202310222410,148.74633777481796
EK202310132750,130.35642607840535
EK202310195145,145.82167718300926
EK202310221266,134.83305236783855
EK202310156961,141.24693277192628
EK202310105175,151.76548987772986
EK202310167584,141.10291002422713
EK202310119050,139.58210815322835
EK202310127062,139.30169794542337
EK202310192052,116.30224038321975
EK202310118002,139.8477507118276
EK202310108997,139.95126357311656
EK202310160289,134.52974597554856
EK202310245922,127.61754327518734
EK202310116464,125.58972240626731
EK202310192195,133.11071806308792
EK202310237707,135.3829613737909
EK202310145422,142.7470845767885
EK202310245683,143.84523994325076
EK202310121291,120.76386691231569
EK202310209309,148.47803065154585
EK202310104450,154.24105586222507
EK202310123660,117.73846040364381
EK202310186410,139.3312476587941
EK202310151555,165.2312971395459
EK202310104952,140.5964096468808
EK202310115719,120.78717406916758
EK202310181542,147.00294545018588
EK202310150013,154.56612828531394
EK202310205849,159.47378226497096
EK202310196534,150.7922842293957
EK202310131464,133.29607852182014
EK202310210210,129.56083500474375
EK202310104249,146.555065635954
EK202310207772,147.87962949736146
EK202310134829,141.21215651762472
EK202310179456,127.01694872501987
EK202310113484,115.67586147489041
EK202310182484,151.6567942483109
EK202310120445,167.1892195999673
EK202310213478,120.49672101873495
EK202310130129,162.8734989114498
EK202310197510,155.57788748012746
EK202310192959,143.3945196091841
EK202310203760,137.87699786027957
EK202310240021,147.04841358751446
EK202310160111,156.12248862262868
EK202310202544,157.96924330756164
EK202310195908,128.78581979610215
EK202310220917,129.71116335279663
EK202310146833,128.71293739591238
EK202310108791,136.24160790770674
EK202310225259,145.17599516269772
EK202310197958,169.98878333210754
EK202310157062,151.87967247086164
EK202310214170,141.372541208048
EK202310243954,155.77887219278932
EK202310110033,150.50621463397533
EK202310144804,126.05014502805994
EK202310114117,146.28675263976154
EK202310165416,144.32695197606566
EK202310228479,136.7295830991103
EK202310188134,148.2055882562702
EK202320006372,140.64642397048266
EK202310111226,160.18569143906964
EK202310118404,140.02587727732313
EK202310160695,156.44960879948405
EK202310114408,155.98921004665294
EK202310182288,138.4163529362452
EK202310213633,131.75160742870764
EK202310229313,122.93333518016075
EK202310118665,141.37216241522106
EK202310233785,166.1333128919332
EK202310143238,141.3904177030881
EK202310128242,124.9571642374509
EK202310208336,141.94256885047974
EK202310216912,144.71850626317766
EK202310227300,143.0006426644145
EK202310196434,135.3748600221232
EK202310241940,152.31430873631282
EK202310140334,142.3067886854918
EK202310122524,129.740248000291
EK202310211571,125.0735018299805
EK202310202080,136.19422126949777
EK202310155180,161.7304352908601
EK202310209752,140.1236213909009
EK202310003753,167.93228997105018
EK202310194332,139.65217109645198
EK202320005885,157.98680799993826
EK202310135026,156.37307358453944
EK202310225630,154.36403524846827
EK202310129248,152.17314112256054
EK202310118004,145.10359038073625
EK202310126344,136.45937258496596
EK202310125666,146.4071004340829
EK202310169951,137.48778715799753
EK202310159424,148.7793884083612
EK202310195617,152.39103755989794
EK202310240165,130.6068365892239
EK202310109583,145.42106253283316
EK202310127484,155.38073533525298
EK202310115422,128.61134512371996
EK202310189217,145.16502192677677
EK202310164467,131.2889367034083
EK202310160239,151.89278794784292
EK202310205148,147.925845771229
EK202310177198,128.23504110410795
EK202310248326,146.72982054654423
EK202320007611,160.9611028876827
EK202310216806,140.37373234267076
EK202310236444,136.03949770237386
EK202310202895,155.78887586618913
EK202310189069,137.33460508097923
EK202310164095,178.0798949022466
EK202310177139,131.29676184900762
EK202310150069,144.12452345399353
EK202310217651,132.47818452256183
EK202310104531,113.75660005670841
EK202310175593,137.0116918116504
EK202310128801,125.43438808982815
EK202310226079,168.1877208906053
EK202310195896,163.1653290084831
EK202310248307,134.91513470536103
EK202310213215,141.22027400493712
EK202310126761,142.9825788799594
EK202310138077,145.74015936648567
EK202310219983,135.9201281383898
EK202310155585,133.3267014275005
EK202310224738,158.1262921444415
EK202310121398,136.29209669061143
EK202310144202,140.6449908846928
EK202310171260,148.13260524814123
EK202310224405,140.83965569722614
EK202310168192,146.69405820793534
EK202310147878,146.1198506372787
EK202310190896,145.4839669523648
EK202310114382,154.85984757129455
EK202310115319,155.6719198560308
EK202310212295,137.45192119805853
EK202310145014,138.58967231134355
EK202310153112,141.17489981243665
EK202310181859,136.89894859098862
EK202310201638,135.14600643067627
EK202310217948,151.31728185358577
EK202310126418,134.5871595837539
EK202310147842,150.61080664375964
EK202310213180,132.95469061285343
EK202310149555,164.31348425463048
EK202310162559,173.22248918199116
EK202310181969,134.822288150047
EK202310239453,135.05198971955565
EK202310185897,159.02561729972916
EK202320007785,129.4341608464925
EK202310181407,155.91937300934066
EK202310223290,140.8932520132376
EK202310197319,146.88380931348973
EK202310128098,150.6056732901873
EK202310131498,135.35641143187823
EK202310104275,141.30242407898695
EK202310152898,164.48577747230718
EK202310207617,146.848576005678
EK202310165239,135.03350682495426
EK202310161435,128.13042561356224
EK202310242971,137.27547502676856
EK202310111598,139.0747085433692
EK202310131958,127.67309760901091
EK202310186311,149.35571806587703
EK202310157046,138.31735515431515
EK202310115828,135.00055182435165
EK202320005888,158.81844530132076
EK202310116165,151.30128480633323
EK202310127616,140.96132335598
EK202310190516,139.33229842430111
EK202310181145,132.8987609997697
EK202310112674,130.04340531543954
EK202310108818,158.76680384495734
EK202310137418,135.61844766391923
EK202310234306,143.20713305920103
EK202310147271,148.59723774804274
EK202310228137,116.74572981702417
EK202310208396,131.37932712764444
EK202310129360,146.7117434182381
EK202310104685,136.0960351473612
EK202310240248,156.0255823294943
EK202310111851,122.02844136415621
EK202310110232,137.67923990563813
EK202310149631,133.58612033193552
EK202310111987,128.4121800227137
EK202310149812,153.78451147427808
EK202310125394,151.90563537433465
EK202310201038,133.05974019421603
EK202310196950,150.85728449464082
EK202310130689,142.2348859228766
EK202310162831,150.2332886664238
EK202310191124,136.49903515400854
EK202310137249,137.77786924972347
EK202310221302,132.9285669527046
EK202310119496,137.53233502469195
EK202310123089,138.91179418389254
EK202310201023,127.45335016826546
EK202310200056,139.6520239290096
EK202310124074,131.1526468794072
EK202310187451,156.92323495781952
EK202310178204,162.82968383311794
EK202310176034,160.46120427575025
EK202310105275,153.55752571124896
EK202310217600,165.41076596727942
EK202310145365,124.87842212204205
EK202310179864,124.86563968520647
EK202310146164,134.93413921257476
EK202310148409,156.89192857473424
EK202310160145,161.44565272928315
EK202310211569,133.4545664973582
EK202310191535,147.7615944980534
EK202310212337,149.34656917899346
EK202310186617,142.92890795596117
EK202310200499,139.5544913895153
EK202310190255,135.43159093756648
EK202310161517,157.42271594863362
EK202310167751,136.11819958429598
EK202310230575,122.80145323966394
EK202310160889,132.4859829706676
EK202310236418,132.55947296184561
EK202310176273,129.71229221558158
EK202310104700,141.18275623330982
EK202310107420,149.11581769479014
EK202310169267,163.55314532015592
EK202310187330,157.35550563496858
EK202310140279,140.88541257610183
EK202310201773,144.60877077612975
EK202310168395,164.03911484597512
EK202310166412,127.79028292835403
EK202310175402,140.86768980457248
EK202310128581,142.07006734942067
EK202310232461,146.0994234383204
EK202310138340,151.26751726885914
EK202310175300,139.53052870382845
EK202310125041,144.23372889085496
EK202310177394,174.37605073307952
EK202310163068,155.23647059076285
EK202310128960,148.77548058180574
EK202310213859,143.16575318970965
EK202310153664,140.98805882228874
EK202310168885,140.13597357735455
EK202310211096,152.4084609195869
EK202310233212,142.07063695540583
EK202310204970,158.78421031571463
EK202310246566,145.71706327434842
EK202310181736,163.6681554190666
EK202310235583,151.97709784301415
EK202310235586,134.1715278800429
EK202310229567,139.6480355765841
EK202310237891,155.9204442900271
EK202310156320,150.2419070451682
EK202310200700,148.1431615697604
EK202310157317,127.7398518585719
EK202310165659,127.03918151246444
EK202310230462,155.2616117746837
EK202310107771,125.42948634466988
EK202310199945,132.8740555634188
EK202310239536,148.18485153340512
EK202310108719,130.3138161394334
EK202310193930,137.00118579082502
EK202310153705,138.91761521855094
EK202310230423,134.00057923665372
EK202310142088,134.64220297001165
EK202310240261,130.1555678880273
EK202310234834,127.84068091982769
EK202310175123,131.5840179694059
EK202310223459,141.20168681413435
EK202310113022,145.49032786919355
EK202310139384,133.3938019047228
EK202310127365,140.34666078574588
EK202310175890,118.59781490802503
EK202310210471,112.90633468990377
EK202310124749,122.11251077394047
EK202310107106,158.43129536206447
EK202310199447,132.90457222161604
EK202310214057,155.8966436073811
EK202310158006,170.2251244540863
EK202310183095,164.50959983417155
EK202310122989,168.2256796829997
EK202310004181,122.88057952306984
EK202310221000,160.3743513866261
EK202310216704,133.9315249663714
EK202310218492,138.8954359567662
EK202310175061,139.7833123656688
EK202310144712,139.66402318395123
EK202310230385,115.089653489342
EK202310154951,129.13273423578806
EK202310158887,143.2467134791811
EK202310132252,127.50778598438654
EK202310160262,181.2692587303067
EK202310153966,125.81458662678175
EK202310190560,129.6345917104819
EK202310124555,153.63204658149158
EK202310114555,158.7252006889428
EK202310190493,160.278591502801
EK202310161137,145.72368771861153
EK202310224942,139.21908794856577
EK202310230466,160.47927299219825
EK202310216178,143.6194343765141
EK202310205948,139.0487412595954
EK202320006948,151.87199934291277
EK202310224873,125.99540402442506
EK202310231707,138.59537106069146
EK202310198816,156.4150351121751
EK202310239894,121.48560792263541
EK202310212434,136.97231457257
EK202310242399,130.57716402195067
EK202310126630,149.2381687603764
EK202310212116,125.1307564891386
EK202310116735,139.6684666389923
EK202310142424,148.9567838668127
EK202310126653,129.95530163687377
EK202310130536,148.33311593799496
EK202320007559,160.29737878455109
EK202310244114,135.50429521140677
EK202310194656,138.91135905855612
EK202310228023,130.10168577357706
EK202310184412,142.01945223974673
EK202310138297,158.9630793031005
EK202310233553,146.2242899717689
EK202310222650,129.60344797053511
EK202310148133,144.66112514048166
EK202310124138,143.46171134901834
EK202310210134,137.05153046118375
EK202310203676,148.58301159292256
EK202310120898,152.12555574704336
EK202310167341,145.996100798884
EK202310180216,145.67492722577376
EK202310246916,136.35155155186547
EK202310157656,154.4828901895975
EK202310205414,122.11117234305371
EK202310152717,158.58789816473498
EK202310106791,149.12188810869839
EK202310105725,139.69821731564866
EK202310104432,145.18293931293414
EK202310194299,132.09424600784152
EK202310153184,146.12528004637184
EK202310240659,157.40559898489187
EK202310219840,137.60867419786192
EK202310153949,151.37748899869575
EK202310132803,148.05955356745594
EK202310146592,148.81556574810642
EK202310172131,136.94102306722382
EK202310121613,143.09283666498834
EK202310167818,147.35739981048522
EK202310200796,142.8173441076268
EK202310116481,129.91332077193888
EK202310114639,156.35499960333593
EK202310212375,123.22904323288944
EK202310235321,148.67478548220083
EK202310222322,141.76511908668712
EK202310110700,121.06252684955183
EK202310189946,167.0363827974245
EK202310162874,153.6852130264231
EK202310130785,119.76231318098499
EK202310242378,140.44940771078566
EK202310241513,134.81657918255308
EK202310160539,145.09200714777356
EK202310222342,136.07215557738226
EK202310138062,125.92650177442101
EK202310231769,144.05508042144473
EK202310158224,133.83743267106038
EK202310224139,146.3483332843404
EK202310216169,131.47521328494744
EK202310139185,139.5314282703068
EK202310110485,132.6509122204669
EK202310239046,136.18748799096926
EK202310138942,136.75888978093954
EK202310169633,136.6348674134057
EK202310109575,151.4141522086358
EK202310200090,153.73630437683096
EK202310163491,146.21377027304322
EK202310148729,140.3663349293421
EK202310140411,155.30246379461622
EK202310243532,145.43685903829376
EK202310125468,142.8690225616407
EK202310221117,142.50931458232452
EK202310232056,145.2106884183936
EK202310210091,166.1267307353266
EK202320006396,140.4690451853324
EK202310142016,106.5420446680814
EK202310235002,132.86351330481062
EK202310183074,131.49824412084735
EK202310182233,140.11001660890807
EK202310225556,146.6589196169607
EK202310179915,123.92296620102985
EK202310173349,147.6226945644098
EK202310212842,162.4510362168051
EK202310197784,174.1914216979663
EK202310138785,151.63434383920756
EK202310144444,128.26104485086847
EK202310181562,152.54959389262643
EK202310248524,149.22121639106055
EK202310216425,143.84159374262583
EK202310229912,119.37449726830455
EK202310139002,136.03016330811474
EK202310120982,122.39670217367424
EK202310221837,135.25639016619235
EK202310119947,151.39646684293302
EK202310149071,164.54664762884573
EK202310185898,157.90254991774256
EK202310117197,162.65638299818767
EK202310142908,152.87930687543653
EK202310185756,164.2467090530447
EK202310238913,163.92441010735433
EK202310204574,156.84301725406445
EK202310113564,164.00186337989015
EK202310118542,137.09620847077753
EK202310167688,139.60107866371277
EK202310212185,141.00287404256122
EK202310117088,155.1416918311235
EK202310229808,156.5929582283161
EK202310207582,139.8695758069029
EK202310154912,134.94113887008217
EK202310181168,141.5650592937244
EK202310149374,147.66114346024833
EK202310104396,154.09335389698205
EK202310109994,139.4017315718743
EK202310170860,131.4908711172649
EK202310115815,143.13243064903833
EK202310214779,143.6707172062602
EK202310109121,155.72904697550555
EK202310134158,128.16163879754856
EK202310167627,157.88052066741574
EK202310225236,133.6603167905256
EK202310181807,137.74284271404525
EK202310247389,140.4322777402902
EK202310235579,153.6441182620253
EK202310173291,154.93124174964993
EK202310192355,124.70904022693706
EK202310142541,150.75520973784694
EK202310150510,136.28057327892927
EK202310223761,131.11634593330956
EK202310175574,132.53922285995412
EK202310238511,153.95937787437552
EK202310157509,150.32846893870504
EK202310181989,131.717305638088
EK202310003618,138.9420234711628
EK202310179471,136.03371534843942
EK202310230763,140.64593209742185
EK202310204971,157.32926223165828
EK202310233557,126.72080217510762
EK202310145292,151.6125668597914
EK202320005880,147.47530563123337
EK202310245241,147.58508297013327
EK202310212493,122.5015767158182
EK202310193001,139.04439472042245
EK202310199238,141.69482653711833
EK202310160941,141.70574254230638
EK202310155028,121.18342739968318
EK202310130868,147.78272293006677
EK202310200440,148.90328708537484
EK202310182060,143.93727883788816
EK202310111816,146.48699451589613
EK202310146969,131.24194732974294
EK202310158404,138.69838216176254
EK202310110705,138.47169723099202
EK202310186759,133.94223857533666
EK202310157536,142.39437819945286
EK202310140019,135.57564283921224
EK202310179351,130.44050175278778
EK202310183791,156.0552083649001
EK202310206480,172.22317683648274
EK202310133811,130.8956978702153
EK202310217540,158.81657354331537
EK202310132032,129.63970240303985
EK202310139504,162.7554872639867
EK202310161554,145.71496969155382
EK202310127921,142.6576196515791
EK202310140328,138.90376615601642
EK202310179259,150.69344074142052
EK202310110275,137.81580381574227
EK202310148522,145.07623922227577
EK202310245827,131.4521123337285
EK202310104601,172.8383433813568
EK202310158718,140.47969434348585
EK202310148204,143.02086885693112
EK202310152034,150.9259650271011
EK202310205880,141.34306277426637
EK202310150725,132.8875895064574
EK202310154400,156.98417580588668
EK202310120186,179.22706073100704
EK202310192712,149.35665273288325
EK202310165189,138.32438163111195
EK202310152937,168.65202215582633
EK202310234101,137.00124761784377
EK202310191564,152.7400445393666
EK202310174430,137.99766896170826
EK202310208622,148.87345870260893
EK202310233831,152.97651288932062
EK202310136566,140.07354990056666
EK202310146005,137.82477165941438
EK202310221494,138.63767909552124
EK202310239849,130.95986517607935
EK202310176728,164.9616332391901
EK202310106909,135.3620173957674
EK202310208429,141.33411093127503
EK202310174444,147.85807609491323
EK202310242098,153.33990763797792
EK202310175190,122.2816818617514
EK202310177312,148.18307904256596
EK202310229607,141.4716585102121
EK202310121574,142.17430420296267
EK202310187339,129.87470653940844
EK202310227049,152.49405217197705
EK202310135213,126.92933066097073
EK202310128318,136.0661243818869
EK202310108701,142.36028266104242
EK202310114284,156.59733749021873
EK202310108473,149.1835316662879
EK202310160235,148.91403007317737
EK202310120842,127.93337004353526
EK202310142363,134.88909090135914
EK202310163562,144.750627353264
EK202310192991,144.08646824136838
EK202310203468,140.12312239017243
EK202310188577,145.48079445291873
EK202310240344,112.27209215166678
EK202310113690,164.02160359038882
EK202310213117,135.5689312786788
EK202310222749,141.09825502379792
EK202310004635,127.80168020846757
EK202310141613,138.94840455769298
EK202310108032,143.63721828373957
EK202310233880,152.93662425407973
EK202310205163,155.41149688874896
EK202310104692,124.9206699371907
EK202310237071,116.62127433692504
EK202310111732,139.99880916730066
EK202310137404,131.06083373161655
EK202310146556,137.45503790336838
EK202310111180,169.10751684604188
EK202310190526,143.07632306253043
EK202310119701,146.31355113458798
EK202310182123,142.09160529703033
EK202310187615,172.62769342177452
EK202310201487,134.95359921766044
EK202310144094,108.67388038441754
EK202310116261,149.63762579949318
EK202310142783,128.0179745959208
EK202310192602,145.43719160815814
EK202310167866,147.63415625277094
EK202310145551,164.75627296187082
EK202310117731,149.94851545186205
EK202310125526,136.55066130495948
EK202310128615,117.66157029754635
EK202310180563,132.27521052719106
EK202310139532,124.37481513111311
EK202310224142,132.08916020641743
EK202310233781,164.61917375679587
EK202310157368,147.42497222617055
EK202310203603,134.14438687041624
EK202310180362,155.81014717541956
EK202310198397,150.53650819208139
EK202310124770,135.08633680095235
EK202310223755,126.90608650539038
EK202310106275,127.11249374637663
EK202310205161,134.94344583070648
EK202310139936,130.5947389601535
EK202310205611,150.37553679272355
EK202310134137,118.78553778804061
EK202310127542,152.27738639881764
EK202310193128,147.59625775992993
EK202310237157,139.45467283244218
EK202310107674,141.7652314041057
EK202310149217,139.48438886944365
EK202310129309,157.58694794716865
EK202310156886,121.24138667038473
EK202310117116,151.22493217168375
EK202310225911,132.1542273175524
EK202310145676,158.75552963253574
EK202310166738,168.16188768794876
EK202310158541,132.57706188324013
EK202310106511,147.23682085118764
EK202310131343,143.4509097518912
EK202310245992,136.0334034919668
EK202310140003,142.38745258184497
EK202310174342,137.79207389593142
EK202310208385,137.38345774991964
EK202310216439,134.9658283267534
EK202310211004,145.6159839329173
EK202310106760,145.6102668612552
EK202310176087,135.18410553437744
EK202310106317,123.3161864914988
EK202310215460,128.3998025942352
EK202310201661,136.0870401676491
EK202310166937,154.1328918113819
EK202310200307,149.83104011698023
EK202310181766,166.81563441478443
EK202310214069,149.32645261784836
EK202310200177,151.76309947134814
EK202310123321,141.28231999479894
EK202310151256,151.853000112701
EK202310171945,153.995432474389
EK202310136311,138.72098465530914
EK202310150029,159.21508129898197
EK202310212078,119.04633534544371
EK202310210902,122.41838640234224
EK202310210594,140.25070323542133
EK202310127288,137.00686013350554
EK202310126517,132.7944571124912
EK202310161234,166.72737100625415
EK202310220266,133.03614611832336
EK202310142494,160.88876344357328
EK202310217357,145.09040972288915
EK202310132692,133.46888905153185
EK202310227115,154.2016389263706
EK202310141700,144.86648579009847
EK202310115959,135.90774976574207
EK202310230099,140.51761921433354
EK202310211438,141.58083585025025
EK202310219042,133.650836410557
EK202310177531,151.00987529959485
EK202310233521,164.25578298247456
EK202310128329,167.76089462419964
EK202310201328,172.65206856061894
EK202310171078,144.88514029292313
EK202310138130,133.70220112286768
EK202310177993,133.05584891905724
EK202310228196,175.5300111894256
EK202310170822,141.75194650408093
EK202310184514,136.9030868453721
EK202310208895,143.7400406587752
EK202310204293,158.69031114028658
EK202310163755,132.58662337630759
EK202310112893,151.7885135067138
EK202310207633,138.07855921809852
EK202310120935,134.8627411889377
EK202310198348,144.682625624272
EK202310216671,133.45973669939897
EK202310203558,129.64056345734735
EK202310221470,127.8905753764239
EK202310134114,137.02243073345844
EK202310161904,168.11309211413547
EK202310121193,133.97126288246977
EK202310112380,132.0648706807101
EK202310123715,150.87582593024771
EK202310182522,138.87096738979267
EK202310165246,144.76579370558605
EK202310165109,149.34701623636653
EK202310226207,152.09625314573245
EK202310189166,158.31060667515553
EK202310171824,145.8015095325896
EK202310212508,147.7490532796248
EK202310188289,140.89429886341324
EK202310161253,139.84821679413153
EK202310188025,146.93220220152156
EK202310170339,132.0616577342712
EK202310103831,138.40348397814364
EK202310214220,141.688447757694
EK202310149031,150.35533458156578
EK202310147724,167.53025868997588
EK202310142296,150.86787636213944
EK202310176974,150.28792312809134
EK202310161334,148.23578289385463
EK202310213866,131.26925456884223
EK202310225737,139.1586585252461
EK202310156109,144.68687595736077
EK202310200303,143.72322294763285
EK202310185044,163.2648744851005
EK202320006653,156.38751851301964
EK202310111122,145.3522586310237
EK202310120782,158.24420848339201
EK202310198165,154.37534260878905
EK202310228584,128.68254562560855
EK202310205188,137.86423737349554
EK202310121258,145.03566708584535
EK202310199633,132.7583318081544
EK202310143847,132.37435920243607
EK202310135571,135.016116650442
EK202310206110,137.82481637693402
EK202310138447,137.8328622531113
EK202310192664,133.4996972049794
EK202310187215,173.04492704681817
EK202310151514,177.66618911126062
EK202310144726,165.179591377571
EK202310207249,131.38254408920764
EK202310161306,171.89338582300275
EK202310158826,128.760895450902
EK202310173556,144.18267876923693
EK202310125091,143.24819923089092
EK202310142377,144.74996072488406
EK202310236947,130.4821671347126
EK202310208442,136.9350957192684
EK202310118298,116.06882898286523
EK202310219483,125.23400580093053
EK202310211212,148.73214738055674
EK202310104173,152.05572793632868
EK202310201478,154.58661441416834
EK202310158280,149.3959893632488
EK202310123070,145.11969045316874
EK202310138063,153.98557237607955
EK202310164203,143.69343402058072
EK202310190017,169.19563484942455
EK202310169668,143.32153000201117
EK202310113501,143.20813373606887
EK202310235684,125.71137195273312
EK202310137261,126.3668742602834
EK202310162355,158.13260310968582
EK202310217469,142.67925796597666
EK202310161201,89.15229984821862
EK202310157515,125.82650797718186
EK202310145284,158.922870506375
EK202310227827,136.73321043185484
EK202310209456,138.71961421346245
EK202310211698,141.90326487684018
EK202310194731,136.5847495948631
EK202310248330,147.5213696434164
EK202310106105,136.0356917438451
EK202310160743,134.42519612720866
EK202310166605,142.30936398477488
EK202310212995,141.95823887949717
EK202310233144,137.8387619081107
EK202310230980,124.32574664394053
EK202310226067,155.60746062512155
EK202310120976,125.89621961415538
EK202310128266,135.65433963090302
EK202310106331,135.79214049193382
EK202310199325,145.01213460015387
EK202310204088,161.67138774769936
EK202310174720,137.94418035186916
EK202310240940,139.62498907100277
EK202310109263,143.09433658599582
EK202310106322,129.702895462218
EK202310135599,112.30234006951713
EK202310145520,130.98656430633366
EK202320005632,149.5570131889584
EK202310199819,145.64916511743684
EK202310172008,140.61187153323252
EK202310199276,134.753100640184
EK202310106548,141.593061506492
EK202310217167,153.9985680901619
EK202310176173,171.7040579930621
EK202310221378,151.2273457274192
EK202310201211,169.25789510526155
EK202320007715,139.94506868552529
EK202310182662,123.13522041543199
EK202310177694,139.7544220346054
EK202310156023,132.60853629366932
EK202310111848,129.095871382104
EK202310129647,164.23860862289152
EK202310170544,168.05289197153718
EK202310242820,136.0175938981616
EK202310194133,163.17557223295103
EK202310216029,151.80280077101045
EK202310107349,137.16032507015956
EK202310208265,152.24349817815946
EK202310229154,131.9016834616035
EK202310107089,126.44249108587732
EK202310112252,152.44197725930442
EK202310148875,147.021574334427
EK202310119051,146.3087253200447
EK202310147588,142.36984881689872
EK202310113617,147.0649326230555
EK202310147037,145.66040021786333
EK202310238313,128.10247526364702
EK202310192918,137.55637978088387
EK202310155166,124.86258162419813
EK202310177734,151.80220831975927
EK202310125003,125.55216549090396
EK202310204102,142.6221370219056
EK202310127233,137.47896060369362
EK202310154507,160.79424538810076
EK202310208352,150.47591666441843
EK202310123745,131.6489539912127
EK202310147036,151.3015806438168
EK202310110497,106.12328833788682
EK202310246320,148.64237884249025
EK202310138361,139.03602850785336
EK202310167217,142.54247060073962
EK202310229839,143.0390963038821
EK202310204873,128.7390425082822
EK202310208025,143.2138334619696
EK202310139865,163.95985724194372
EK202310238834,143.84947572379266
EK202320007032,165.95662504225797
EK202310223956,145.94760749155625
EK202310205152,126.23804919093027
EK202310127859,137.47509154888812
EK202310122230,149.86787932977902
EK202310235039,133.15800030897148
EK202310172181,147.0201436386453
EK202310152472,147.76071560799227
EK202310163385,157.27636221582696
EK202310226473,133.35871406895774
EK202310196206,160.18748517868067
EK202310004942,109.89594753973506
EK202310141871,143.20253696511224
EK202310215986,145.54180270168558
EK202310211462,157.07939202689658
EK202310245537,135.17718437659596
EK202310204491,134.60153394889636
EK202310139744,146.76165566285718
EK202310138719,130.7312936975856
EK202310128437,139.80715526566502
EK202310138286,141.0204760191682
EK202310148950,147.0443857277398
EK202310225042,175.27502900101467
EK202310227372,150.61363072434904
EK202310184056,160.13689101062846
EK202310203882,135.0804302532086
EK202310108510,144.13618834563076
EK202310220594,141.3860668830605
EK202310119141,144.97285689308595
EK202310246490,143.01320269975193
EK202310143698,158.2473808702319
EK202310126746,131.1324379126102
EK202310233106,151.15492798978053
EK202310108410,145.9570787359686
EK202310186336,159.9226211030063
EK202310231142,136.8621744101783
EK202310126076,145.37639032891127
EK202310205622,132.6914617286418
EK202310220488,144.02070809554348
EK202310120527,158.58420338754792
EK202310220246,129.10140571057948
EK202310161188,142.0072565520826
EK202310155699,143.48428185641086
EK202310189021,141.7806610510937
EK202310236601,130.4068354446297
EK202310164905,131.79859686900534
EK202310128052,138.4537320608048
EK202310126712,158.55848656046152
EK202310239805,163.33778173592722
EK202310224857,136.14453842487973
EK202310173357,139.83471529592006
EK202310127584,149.89927088198715
EK202310229371,132.93122304584497
EK202310110882,134.8201061646658
EK202310160530,156.5133101030902
EK202310116477,129.0759468392792
EK202310118586,103.48774058602274
EK202310172703,135.0786769634392
EK202310136123,160.73461354219774
EK202310108114,141.65080216168278
EK202310208296,145.10020500162068
EK202310232508,139.93848995758796
EK202310220252,120.53298688723088
EK202310168728,166.13525967893344
EK202310165440,171.9743323392191
EK202310214684,157.4418213707554
EK202310107697,140.50056175785346
EK202310129545,136.60202643202143
EK202310163236,141.21835481529033
EK202310236802,148.80387912072118
EK202310153242,149.78705891018512
EK202310144615,161.64779450128776
EK202310129912,123.69697123499611
EK202310197325,142.81474435776218
EK202310216540,158.03359632330105
EK202310104778,141.83874515724645
EK202310114062,158.34487023983135
EK202310205213,136.51582992077206
EK202310227892,136.3856604042707
EK202310232305,142.91850356563353
EK202310185667,157.94396895289765
EK202310212219,123.07570934022405
EK202310214315,156.0831647771619
EK202310222807,141.2650951737693
EK202310192829,187.7715814631366
EK202310246736,140.1641299743679
EK202310144859,156.44382717815597
EK202310167652,124.7424004200619
EK202310120246,154.36654156951704
EK202310182888,143.50952647497934
EK202310150758,137.29885544205897
EK202310172256,139.01148623841067
EK202310143177,143.60566256307425
EK202310197462,135.24181313291197
EK202310196459,147.203932903983
EK202310164019,137.4359080384083
EK202310139039,167.08130997462555
EK202310134361,172.9536665483454
EK202310147025,142.2855361151041
EK202310208999,145.7359716135083
EK202310142527,126.29925879046633
EK202310193745,153.96041894357668
EK202310167641,141.87005336635966
EK202310240938,122.81318706235675
EK202310112017,101.24811784314088
EK202310240024,152.71528639357325
EK202310244708,170.10471401837918
EK202310210230,124.78516124052871
EK202310004423,146.1241721176964
EK202310221224,147.8330212089821
EK202310157667,143.34326578090997
EK202310215430,159.5100311063824
EK202310182844,140.56596935466303
EK202310236293,141.85504198148382
EK202310123092,147.1137618182515
EK202310125798,137.99205712887058
EK202310167474,168.64438082858183
EK202310124113,132.59350983819826
EK202310232206,133.52841325879712
EK202310222185,147.3158334087001
EK202310149306,158.7431974924511
EK202310167817,147.31178003156413
EK202310212632,151.0851081083204
EK202310132358,127.23295113572009
EK202310145151,163.2063382275019
EK202310141011,160.6775525187776
EK202310200018,132.0865262289856
EK202310132356,150.91504597908124
EK202310149165,140.51622372248625
EK202310129607,126.69582629431159
EK202310194843,141.25832839601364
EK202310190635,133.57110837487005
EK202310207943,151.2072777241298
EK202310164644,133.16638493631532
EK202310241540,127.51659785666409
EK202310116312,126.40910954393996
EK202310162974,143.48713839791196
EK202310151341,112.77663285351261
EK202310158724,136.37894477353845
EK202310247924,141.84665795424527
EK202310119010,114.3653311153
EK202310186778,134.27369688337043
EK202310183764,152.71245748706602
EK202310151317,141.77554236307006
EK202310110771,132.1700776351035
EK202310180616,142.42238811474093
EK202310162283,142.61274089112692
EK202310228393,136.5371832458307
EK202310003867,136.0984140360932
EK202310162011,156.7260454542769
EK202310192785,156.48211994349154
EK202310205984,154.93742627822522
EK202310191301,137.4440191451327
EK202310205696,168.55906543059155
EK202310003384,157.99140317601993
EK202310244834,146.54096864442417
EK202310204220,147.6789818464479
EK202310110856,142.0904113828089
EK202310134787,141.24679865566404
EK202320007820,139.7220675575176
EK202310179208,125.33899321875055
EK202310223932,146.8472109655928
EK202310216781,142.32364050341656
EK202310187602,113.30900206644633
EK202310179844,160.49934993991408
EK202310163357,141.10391855524165
EK202310137800,131.2648197988302
EK202310202504,147.18033586605952
EK202310152435,130.09229994149922
EK202310138850,144.992283991239
EK202310120464,135.29447319397352
EK202310200493,144.6343824058512
EK202310243016,125.95544667985814
EK202310168573,134.32191253453323
EK202310163051,154.03995952224
EK202310188721,169.01661110489513
EK202310187647,137.8142845934848
EK202310194460,133.86205784019063
EK202310199853,144.50100621294433
EK202310199354,142.5189904469118
EK202310156872,132.47342868696705
EK202310183296,143.05612670077954
EK202310105927,127.35549667463606
EK202310106682,136.30285264323334
EK202310127329,167.48480837741374
EK202310116459,130.89993838880008
EK202310192223,146.75707345503668
EK202310004549,139.7102002514984
EK202310108809,150.72353420904864
EK202310180902,124.62077113964877
EK202310104309,135.98624448134743
EK202320005779,181.5495121749604
EK202310145003,140.20686523202798
EK202310234434,136.28995038664746
EK202310228455,148.59619661041623
EK202310196294,168.07446890638673
EK202310214611,149.71443178805924
EK202310128897,152.4924670524974
EK202310140953,153.83203390405598
EK202310153523,120.45333228330256
EK202310107262,145.55915773218302
EK202310177695,142.1364926689768
EK202310133157,132.88873693677456
EK202310243662,112.90518958137943
EK202310155394,150.91195465281265
EK202310126776,136.18002839165726
EK202310241762,132.90278393018622
EK202310141862,133.54953409343221
EK202310151835,152.98677050508883
EK202310128935,145.40856852163
EK202310114330,146.71660554355321
EK202310166988,132.1928432528275
EK202310201794,133.9570834534663
EK202310181313,147.24647807917177
EK202310186725,140.44060833438584
EK202310146475,132.1232443727661
EK202310109755,154.26854120304412
EK202310161538,155.39495819391234
EK202310186435,128.3066839548615
EK202310193897,151.16853377292358
EK202310160769,159.5475427961177
EK202310212581,136.34615258239907
EK202310248122,116.62298527093631
EK202310235931,135.31671669588724
EK202310181771,165.47732970939978
EK202310155768,151.68078335886315
EK202310111605,166.32873234790281
EK202310127306,160.923207578666
EK202310150190,130.53312721126534
EK202320005858,165.3213347794863
EK202310236072,143.02343409818675
EK202310225439,144.42532003381686
EK202310237893,156.77758370887014
EK202310136361,133.4662561294505
EK202310191072,147.72385736383217
EK202310181865,143.59495994039398
EK202310231592,138.0894185560987
EK202310207325,136.3153532866886
EK202310172714,142.8871762403445
EK202310224865,143.4691829115455
EK202310168576,148.41525361602916
EK202310103778,128.0637425890673
EK202310217586,172.27394465329448
EK202310231160,135.21116373556032
EK202310234098,138.27073942367127
EK202310178165,139.48830207983679
EK202310135798,141.55124163597873
EK202310207159,150.3329072146215
EK202310161503,155.70087213559032
EK202310164971,147.8127880357393
EK202310227797,148.37684782149495
EK202310138476,142.1513374580156
EK202310105436,129.7301004459115
EK202310171599,146.8103623925235
EK202310155833,157.18856809708535
EK202320007748,139.762723523875
EK202310216275,131.125620133974
EK202310178246,151.84664852190613
EK202310233952,144.99505859815997
EK202310236351,140.10852666613414
EK202310208975,130.94920017267575
EK202310210410,140.20915132424977
EK202310179531,152.36765944128803
EK202310207618,156.82669887373552
EK202310173550,173.99485209538045
EK202310226730,160.92598177613252
EK202310129523,146.82140211586167
EK202310220746,133.59875540313578
EK202310248566,152.73694898121022
EK202310193943,167.62264713032067
EK202310119814,163.80323150012106
EK202310142248,156.19673895771243
EK202310186304,181.14983323056774
EK202310138557,176.02262920280833
EK202310245483,128.82312341351502
EK202310132300,125.54853433889866
EK202310208081,145.41880309600552
EK202310230460,158.57823342420414
EK202310140474,139.5098556814695
EK202310212083,144.16222840877757
EK202310136665,124.86647065408206
EK202310131251,152.7017350472276
EK202310232633,142.186762248433
EK202310147477,143.7856411063314
EK202310205850,154.0307280789007
EK202310202041,145.65344988224123
EK202310173763,154.85856136464443
EK202310160578,177.29709292731584
EK202310191339,144.49595831610196
EK202310212270,137.07028057007594
EK202310145728,153.1681882418382
EK202310221046,128.36359512847073
EK202310188691,149.4144920429177
EK202310171896,145.07591401327682
EK202310139766,132.14204578871212
EK202310173220,158.57548821601299
EK202310162948,128.637869496562
EK202310105701,135.06348715525718
EK202310197311,153.12516531440355
EK202310147640,179.06485138626695
EK202310183542,141.72121215274942
EK202310183535,147.5479439709537
EK202310245904,145.14428021719365
EK202310133031,135.57136598985505
EK202310188018,154.78678711753608
EK202310135860,150.66967742556264
EK202310236943,138.34230380808694
EK202310156470,169.91140221669784
EK202310195857,148.34801504430814
EK202310187539,144.4347214935447
EK202310004424,119.37033815352314
EK202310217002,137.75451696430792
EK202310179415,136.12222520971403
EK202310120456,166.44080490487642
EK202310200863,116.20601139051169
EK202310147545,147.23473827053508
EK202310230822,152.02279876749134
EK202310121215,147.2245461164592
EK202310177411,173.75348270517782
EK202310224282,142.70431790429976
EK202310140227,134.06664135529422
EK202310129737,137.4536662213412
EK202310140849,139.50766883428943
EK202310189202,160.1521345385452
EK202310104642,139.69892524395726
EK202310208010,138.88501037391194
EK202310166940,178.13937598609127
EK202310162024,148.66672884821583
EK202310199815,130.62603017360408
EK202310152439,139.75090832162988
EK202310233448,131.24313308587412
EK202310242843,144.79785618200862
EK202310201491,154.86213551946884
EK202310107632,123.17134091028402
EK202310198770,173.38381794904794
EK202310137566,143.12844895644528
EK202310142121,128.2635451152242
EK202310190572,147.25664760649954
EK202310205775,158.61485895443815
EK202310220844,148.49040564323786
EK202310139338,138.15845958910145
EK202310108582,169.71965346210823
EK202310158552,141.3056020766196
EK202310184301,158.31171012278224
EK202310243616,135.6049312663531
EK202310151811,158.77439236335397
EK202310125407,135.9762782443567
EK202310139375,130.2442714843643
EK202310239439,143.30097385757247
EK202310155841,123.8031096744829
EK202310215149,143.6002772122084
EK202310107124,138.47598066983608
EK202310134118,117.56323442497803
EK202310194279,154.89307277885013
EK202310246720,142.56828286944886
EK202310162584,155.70458371619594
EK202310195982,154.0387446848725
EK202310228933,111.13739164542363
EK202310116256,149.34678367667854
EK202310114568,157.29511224799916
EK202310131206,142.8459938576164
EK202310175053,149.61158336254
EK202310221935,135.83690363256454
EK202310185735,149.58545208733082
EK202310223371,125.4701305401155
EK202310228532,139.70905293167795
EK202310201399,168.11973779589653
EK202310225779,144.73233984725317
EK202310223354,152.64674711374607
EK202310149880,141.55665472005984
EK202310182361,150.08867783602713
EK202310245495,129.7239177964305
EK202310004203,139.7035906420398
EK202310179618,127.40583349753287
EK202320007066,177.594283428422
EK202310114050,135.58664139892224
EK202310191315,145.7150922797042
EK202310146983,158.94647608458405
EK202310130594,173.95994318623332
EK202310242203,144.85461475154523
EK202310241138,152.8181909072565
EK202310156504,149.74778852998386
EK202310197660,168.31969726956834
EK202310140136,148.8022478203838
EK202310143917,112.17066136794327
EK202310219192,132.03974440439924
EK202310134270,160.29175930970143
EK202310232270,139.72113580504754
EK202310173917,141.20554794712186
EK202310173711,130.5845370627314
EK202310112756,131.17490066158845
EK202310204172,142.3359790862623
EK202310159759,148.34843596365357
EK202310186227,131.46558697117175
EK202310185665,155.0300760440544
EK202310117309,143.67492621403858
EK202310197672,138.6895366521189
EK202310153079,134.6515102347899
EK202320006035,144.58695562743702
EK202310247525,114.71085237618718
EK202310161438,127.92902218972097
EK202310218023,157.48309899079658
EK202310150064,142.8684240531541
EK202310142573,159.45670609249382
EK202310124576,124.3577479209134
EK202310219887,124.02239534470219
EK202310120184,143.80334345043298
EK202310112918,138.6343322593166
EK202310109372,172.7092372174059
EK202310107015,152.49425396861932
EK202310150353,147.4614597845359
EK202310204484,132.64659025353646
EK202310146488,135.2529123840978
EK202310124804,150.94466571007752
EK202310185666,155.69679116898385
EK202310195519,140.68365421133376
EK202310160733,150.3527432804337
EK202310104544,141.56586911261778
EK202310184750,164.69900253920275
EK202310003740,126.62083335768483
EK202310226854,130.0130672298227
EK202310125742,154.83311154425837
EK202310168317,124.18918408039741
EK202310149766,152.84142573856383
EK202310190272,156.5334062013255
EK202310146274,136.5228641256264
EK202310112851,137.727135484631
EK202310175254,147.63396346469736
EK202310163259,132.81501892838594
EK202310133880,137.0734328712856
EK202310217079,139.4115459936121
EK202310170637,146.85143235960274
EK202310194778,106.94384018510793
EK202310218095,151.8944131487557
EK202310135253,141.48511783988675
EK202310197692,152.55876050984668
EK202310208639,137.8035956635011
EK202310246924,150.187550442421
EK202310189081,134.42108412087947
EK202310186006,149.02138868689855
EK202310234924,143.76293962332858
EK202310159161,152.30191122438362
EK202310118361,129.65395204414645
EK202310103934,136.09571820492337
EK202310218075,152.9509529949542
EK202310151847,142.73237773645485
EK202310227485,143.7975371055352
EK202310215170,144.29200754025015
EK202310182285,152.0784310011647
EK202320006523,151.40885484355886
EK202310226724,138.16207676062842
EK202310144268,162.7447606927077
EK202310156630,166.24309753940128
EK202310245294,140.8789514797147
EK202310223363,156.37856035193684
EK202310237800,138.679607151676
EK202310173460,146.1873807494899
EK202310209655,143.45436709037776
EK202310119136,150.94634712364618
EK202310127314,158.0227584128746
EK202310193844,143.4990464874461
EK202310162315,152.55623742135307
EK202310218294,125.02720521442598
EK202310151071,128.54440955412198
EK202310217686,129.91937787228204
EK202310154435,154.304685500908
EK202310191927,159.69059817992377
EK202310181837,131.40383845779402
EK202310148256,148.30146498348395
EK202310230363,143.99799795288573
EK202310156095,141.33166472442147
EK202310169939,158.31473175198332
EK202310141818,133.35952770602998
EK202310230706,132.97981024127972
EK202310138074,134.2175160154804
EK202310213136,146.517976072593
EK202310245174,148.63023788182537
EK202310149067,150.12716380821792
EK202310215609,130.0723650013216
EK202310170363,128.16670294298487
EK202310238402,149.22039213571355
EK202310117314,137.8507665365629
EK202310241750,160.7272261363986
EK202310154247,122.28313609980208
EK202310148755,131.7554878318785
EK202310150162,138.11638824559896
EK202310189110,141.32066933802483
EK202310168769,158.97519030215165
EK202310211938,131.12448430242722
EK202310176335,151.51885087346864
EK202310113812,127.07546536712458
EK202310123004,111.64159431011743
EK202310205174,133.6743481734349
EK202310168759,151.4015848836737
EK202310213442,129.13648736815864
EK202310239610,149.93930786484086
EK202310195241,106.30297536428435
EK202310153703,156.4431521125635
EK202310150341,137.94660925053148
EK202310208289,148.90800150981283
EK202310111014,148.68550683707142
EK202310221055,147.2290571851887
EK202310201138,180.0537207394485
EK202310004391,146.10489666187894
EK202310155939,135.6112368772019
EK202310148376,143.46127572028377
EK202310116871,149.30160606575942
EK202310197518,142.96720767606746
EK202310119757,141.67796722202644
EK202320007473,142.74114242220136
EK202310134809,145.52135271178028
EK202310189457,185.0251284756432
EK202310185033,138.5051666998524
EK202310229340,148.18481308533313
EK202310122288,150.70448656885782
EK202310120743,146.21639074947032
EK202310242075,146.28355263202315
EK202310140597,146.85528202443774
EK202310242069,114.02215551375329
EK202310136890,149.83831679473968
EK202310209810,142.42478482042685
EK202310223071,138.5175314430337
EK202310218487,150.76385956730064
EK202310232696,166.8573525013946
EK202310209345,145.23064795898654
EK202310170813,141.27890048552956
EK202310153786,160.92066261035558
EK202310151789,145.54550902148856
EK202310151677,138.61035110562042
EK202310137204,138.43220852726265
EK202310218836,142.16473161347787
EK202310151080,143.1272844651893
EK202310164354,169.38473742564327
EK202310173775,154.66314070702254
EK202310121695,150.86076757561713
EK202310205477,129.7369653240494
EK202310157033,138.66661970688793
EK202310119370,121.57240523744608
EK202310126142,155.3456435295611
EK202310205658,147.89509825605177
EK202310186719,171.4245176000564
EK202310144182,135.34154453065835
EK202310246415,129.07893379468254
EK202310227129,175.2880591887166
EK202310156707,164.42621824094934
EK202320005770,155.67899752184553
EK202310166383,147.322645396375
EK202310210479,126.14850184273106
EK202310179571,150.33274357958425
EK202310187791,146.479571109094
EK202310171969,133.28746825581248
EK202310132165,153.7806790603767
EK202310124907,145.46555734328712
EK202310208889,152.577869547905
EK202310247697,141.61651763145562
EK202310194854,132.92732216370854
EK202310225021,158.54855023603665
EK202310238477,133.46513817502404
EK202310239246,129.0680859641712
EK202310176503,136.49420347378097
EK202310176496,136.6752552942114
EK202310198306,154.90307608108387
EK202310188583,138.1118368105999
EK202310207194,156.45750626005034
EK202310219806,136.53061968718293
EK202310227819,115.52314328903856
EK202310164368,164.90065500435546
EK202310239912,144.14672011342353
EK202310198458,136.3045429257783
EK202310142902,130.9545035078965
EK202310240388,142.28502234632376
EK202310222895,127.61034503977577
EK202310160875,149.0220038310644
EK202310167060,160.48146311416966
EK202310224028,153.27215577023787
EK202310151657,140.9314015481103
EK202310155117,137.3380039072017
EK202310136926,157.34811984306177
EK202310143427,177.79816619505814
EK202310172189,129.7696664965913
EK202310125542,134.564138175212
EK202310217168,132.3008486359941
EK202310121975,124.82215599650803
EK202310182960,130.36745537684112
EK202310128220,115.0752385847334
EK202310112524,147.96181708331298
EK202310212379,142.3360636474034
EK202310207577,146.69009583486084
EK202310153262,161.68374755772547
EK202310198456,145.8534723603633
EK202310108358,128.45051818244258
EK202310160189,173.69148164935373
EK202310210891,129.74425594770568
EK202310193109,121.23049759526239
EK202310181289,146.16017443678166
EK202310131577,151.9735258460057
EK202310211895,143.9663564963226
EK202310190829,155.5329567920078
EK202310127301,154.62723646054263
EK202310116811,139.92143948625858
EK202310107250,137.73491961673645
EK202310107498,120.88341991207659
EK202310192130,151.97612683164235
EK202310132040,141.286994151948
EK202310175120,132.81723640607055
EK202310246012,148.90304921696372
EK202320006537,171.25857848234455
EK202310129645,148.33597464519787
EK202310188742,134.3354992654563
EK202310196813,132.86414060535202
EK202310125413,152.17021930292856
EK202310166995,128.44410164176605
EK202310146585,136.86119146792132
EK202310229973,127.74748397695092
EK202310247518,144.96203067694768
EK202310198340,138.4842752020249
EK202310113811,123.74136414376976
EK202310188773,142.47335703946646
EK202310109282,138.53583093041047
EK202310240034,143.5272004835168
EK202310215437,134.7231034365285
EK202310194389,148.0289405644635
EK202310172196,144.29590031851865
EK202310165827,149.95417243439377
EK202320005561,141.0387777657784
EK202310149595,147.58628628198647
EK202310168288,154.55886309098167
EK202310140892,153.75251055169602
EK202310184756,152.54985233463358
EK202310155970,150.1885657768354
EK202310219701,138.83048365892734
EK202310174732,141.30047960399884
EK202310195694,164.39969076862428
EK202310213272,152.726138437413
EK202310140437,162.352459600413
EK202310235734,132.45623852003735
EK202310130236,160.56376423232385
EK202310144191,129.84907138967878
EK202310190014,166.46465568140968
EK202310244140,150.9323398527964
EK202310179886,147.11568954412076
EK202310124185,124.92477393301135
EK202310153209,133.01337668927852
EK202310153141,144.9623643201818
EK202310203881,136.93062598815558
EK202310166214,161.9978305681899
EK202310165860,162.1849412634877
EK202310221150,135.41059592326158
EK202310212669,144.1317654667762
EK202310183646,136.70347638014437
EK202310161293,144.43100896084695
EK202310123374,145.53341531321357
EK202310167702,132.3668978921192
EK202310218991,130.02458429614873
EK202310153681,123.03955493427148
EK202310132053,132.4864888829825
EK202310181558,140.28255379552763
EK202310234347,160.88555380890165
EK202310205398,142.45475661451965
EK202310236180,138.6877595320181
EK202310215127,146.85388409864282
EK202310184646,187.08884715532673
EK202310248044,146.64939163848356
EK202310232425,134.16082564752583
EK202310151757,132.28623754058947
EK202310134956,161.15524196064374
EK202310203447,142.700561290847
EK202310125366,131.6291829816179
EK202310180083,144.77536962251395
EK202310170602,141.70829101731337
EK202310189329,139.6865693998268
EK202310152190,115.41813953869692
EK202310118845,145.1493402413172
EK202310202683,129.122338498962
EK202310131733,154.23935986944113
EK202310151659,137.25533936734772
EK202310111223,143.47077143578997
EK202310189015,155.73383994818383
EK202310204933,134.75259231683833
EK202310220311,153.0611172162342
EK202310153186,147.09106577589932
EK202310204998,140.98665437342382
EK202310206640,132.88240757891046
EK202310148731,151.74509513392812
EK202310177950,135.66559012660372
EK202310236764,124.64047361384159
EK202310149184,124.69126126301762
EK202310243178,153.23063790026058
EK202310149329,154.98102665302986
EK202310124506,155.46081946401264
EK202310175231,147.95297590903988
EK202310117163,152.77565320171618
EK202310235121,160.85049469638963
EK202310201963,135.21197403236243
EK202310177877,124.63187975327611
EK202310196442,141.14539271733207
EK202310165909,130.68707568871707
EK202310148120,152.7291523548238
EK202310165323,139.66578132627632
EK202310148717,120.8210098973746
EK202310110684,123.95149034943606
EK202310131621,170.46213227374497
EK202310155848,129.77473687037826
EK202310116241,138.00945052461412
EK202310139259,159.03219461116907
EK202310125773,129.73072188713786
EK202310233036,145.92626246524787
EK202310149022,150.0122721209682
EK202310189335,126.25618293396425
EK202310124884,130.9422144327599
EK202310120137,147.58921737970132
EK202310164298,138.96063533884544
EK202310210341,166.43702784508469
EK202310235088,148.65677317654334
EK202310187731,160.38176535976777
EK202310243618,139.78526268143054
EK202310246975,138.01595167252754
EK202310178699,162.15483432343777
EK202310208826,137.2822820097691
EK202310192931,149.62653464536228
EK202310144942,119.68435396188146
EK202310204406,137.07154413655022
EK202310228390,134.37134168736156
EK202310116598,165.26185808890696
EK202310168298,145.36225492768648
EK202310221487,179.75403417862177
EK202310129003,134.571179613707
EK202310199518,159.57285205180517
EK202310230415,140.39134288757907
EK202310229198,128.05519440711046
EK202310191619,151.85409858677872
EK202310135624,121.78007257020793
EK202310188764,127.08281953729633
EK202310194928,122.0105025587356
EK202310136019,137.39286342992077
EK202310193486,140.20773467767728
EK202310114440,138.48239946026428
EK202310233214,135.12289625091586
EK202310228766,135.18181767060375
EK202310149990,166.38641894594227
EK202310122654,132.4358753647628
EK202310221978,112.66071190104847
EK202310166235,141.6051766259214
EK202310165801,141.9978606257448
EK202310164057,139.37880184165925
EK202310168718,126.53602791418838
EK202310108201,146.63234066739003
EK202310206343,177.69894590468954
EK202310114675,147.5559147039328
EK202310188537,153.30523956155457
EK202310179087,144.2101797327312
EK202310187084,164.17034351807587
EK202310187925,127.27474476044384
EK202310170956,157.04487312818299
EK202310212887,148.02292544580231
EK202310137413,134.5225268338492
EK202310217648,116.66731461062975
EK202310174679,155.05992161303342
EK202310229265,133.66559822240302
EK202310148461,160.49307649281516
EK202310222772,130.94774955668908
EK202310113407,135.644285526193
EK202310206546,145.5811050474236
EK202310224810,138.19256840463484
EK202310228008,131.75682977711196
EK202310165670,133.42745679834363
EK202310188801,194.10220972193227
EK202310163428,130.60776497552234
EK202310155452,136.9785450613999
EK202310188057,155.5000036505455
EK202310191879,133.68514101263148
EK202310221170,140.91685721483097
EK202310231103,131.01734025811044
EK202310242198,156.5002178413366
EK202310187526,178.26495287640864
EK202310188098,143.00575927312002
EK202310203053,151.7706366928509
EK202310215291,131.06394967201487
EK202310175087,144.1639223512815
EK202310187624,158.82255372892632
EK202310190415,117.58351001360337
EK202310123309,152.17446270187452
EK202310148164,147.58525109210882
EK202310185918,126.35972071284911
EK202310122611,138.7243970439708
EK202310174402,140.41578310010934
EK202310165680,135.2803273265916
EK202310234342,162.67011869675292
EK202310196937,153.33550923776403
EK202310111601,147.01643869658201
EK202310115643,128.79081237610072
EK202310111554,147.2314080498041
EK202310128358,135.51450175351675
EK202310131862,144.40283140728891
EK202310207446,135.59464794307686
EK202310189921,156.44390331410142
EK202310129789,152.83127443571158
EK202310226523,137.5979986047462
EK202310231417,128.99116164658915
EK202320007285,179.1935545097937
EK202310217873,143.81129416307724
EK202310105042,152.1943236403535
EK202310136636,154.8388484504713
EK202310175915,145.62366357270244
EK202310003483,136.00146708617055
EK202310200419,160.7207857895658
EK202310117924,127.10496974718133
EK202310181210,135.74193885653747
EK202310202561,156.07559674771088
EK202310107499,144.4805699690735
EK202310107137,151.07633046184395
EK202310231924,142.5828260459889
EK202310144923,136.08740060191113
EK202310207718,148.51522972077038
EK202310212477,139.2641645682145
EK202310107846,143.28738687701065
EK202310185004,143.5605701325457
EK202310134355,156.0126742500177
EK202310170491,139.45309947907703
EK202310234495,138.80028088174097
EK202310126339,141.68912197619218
EK202310185015,144.85481543479335
EK202310208389,133.97619692797525
EK202310165712,162.01890270440165
EK202310168161,152.2727811421652
EK202310152314,159.27837697625662
EK202310207349,145.47341887714842
EK202310195623,133.3082674490369
EK202310187039,138.26923930643255
EK202310141159,145.82250011492255
EK202310209863,151.69895188972006
EK202310160465,141.87102240849694
EK202310171624,129.13658849022482
EK202310227086,147.12328389597127
EK202310177422,144.4688592926482
EK202310240033,146.69400948381326
EK202310147863,134.04324579999988
EK202310187436,161.54000468117385
EK202310210870,135.42480040255867
EK202310104543,144.54980334346834
EK202310136266,134.6270000145104
EK202310169848,152.6434885705351
EK202310134804,135.58959556997632
EK202310128125,134.84258902183524
EK202310105804,137.50711965096932
EK202310240636,124.28816461466778
EK202310128250,121.98809795562686
EK202310167986,152.42895612894046
EK202310223738,126.20183547956808
EK202310194978,153.16358997956453
EK202310174109,129.3617487565156
EK202310234407,121.61429777430052
EK202310174138,141.3314300775253
EK202310167183,148.53506118461817
EK202310111941,124.04784279854587
EK202310199956,146.10386896774494
EK202310116743,142.7335999519797
EK202310140835,136.0089634804951
EK202310179216,171.69488684563845
EK202310205539,152.52864840693604
EK202310196566,132.37663399934561
EK202310224930,146.54019519459663
EK202310120947,144.08491552470295
EK202310170902,132.83886880724955
EK202310235028,144.6235267221012
EK202310113734,152.75966077457502
EK202310204036,140.98125434609312
EK202310230642,148.64709433807292
EK202310131709,141.97027411970575
EK202310226061,133.97418379448797
EK202310175946,142.61750672387208
EK202310152205,138.9048307813666
EK202310188482,140.78962665880746
EK202310108311,128.43818727051735
EK202310191290,136.64344584096648
EK202310144489,124.43023106056414
EK202310172283,139.3848991464244
EK202310226719,144.2643544640388
EK202310159716,148.11737806803706
EK202310199594,158.55994502498478
EK202310173559,160.92786896310335
EK202310136955,146.85914494147534
EK202310116269,139.76969578235602
EK202310193704,162.7390318357941
EK202320007431,155.49626980835558
EK202310132812,156.00522540085103
EK202310180739,137.865881623199
EK202310174941,162.0864383749189
EK202310178926,152.74418135678604
EK202310194112,157.78525251441172
EK202310133210,128.41192914094879
EK202310192212,116.86257534815115
EK202310120175,147.56879403144654
EK202310139063,128.08849333808385
EK202310110816,149.8435554447227
EK202310133264,147.12224436112584
EK202310104140,153.51056594157376
EK202310162125,150.860531878289
EK202310144954,124.08982762282172
EK202310169762,145.92162501859684
EK202310161221,157.62306950136116
EK202310216951,142.30878185058762
EK202310231726,149.5873393281441
EK202310149140,171.73201569984434
EK202310129051,145.6744184904926
EK202310134433,141.7827463189985
EK202310247557,163.91442142026057
EK202310231514,124.69620530920275
EK202310224127,144.71139862648954
EK202310126711,139.4140553122063
EK202310145914,139.31821295410657
EK202310147010,159.12590572651462
EK202310141199,139.6385155565726
EK202310163547,138.76263236478792
EK202310204148,133.77480495986237
EK202310159997,153.10354987626567
EK202310147517,138.5553011679007
EK202310120397,131.9302625126624
EK202310154029,144.09236482669323
EK202310208628,144.29347953191683
EK202310240529,152.98949787290053
EK202310119023,156.70582462131236
EK202310171849,139.1088092509254
EK202310180911,131.63408430178816
EK202310111220,126.53270470530711
EK202310155400,127.05944951941014
EK202310205379,138.45451917673438
EK202310151041,142.89617855368587
EK202310122951,132.27551505987867
EK202310196536,147.25722542269892
EK202310160766,145.64531758434475
EK202310209097,161.32767614090318
EK202310140289,129.34833377528906
EK202310133699,156.57805608080645
EK202310193965,143.13551128173106
EK202310201530,144.5261901203616
EK202310131280,128.59618466928887
EK202310225831,143.94087039070251
EK202310197460,139.51919186298403
EK202310225230,133.12843157988095
EK202310158454,181.8912529286245
EK202310245266,143.86717955409327
EK202310175415,134.87894968599812
EK202310194223,144.1507287365753
EK202310199942,145.9947835567024
EK202310233835,148.20336704068126
EK202310220027,138.60061575967532
EK202310119464,142.99387853757864
EK202310179368,138.4701007023231
EK202320006345,150.60472922578882
EK202310124702,141.30019562479183
EK202310197937,129.6123063755791
EK202310159091,134.0791907536686
EK202310138888,135.56015700180853
EK202310216680,129.849914676306
EK202310240252,130.05172375227852
EK202310175387,148.15169920956626
EK202310199869,132.486393523515
EK202310140275,137.88235976739185
EK202310151577,127.45403341663685
EK202310130981,132.10960493096
EK202310131764,119.69957996317325
EK202310121874,129.71670100980387
EK202310171868,134.74014134394028
EK202310140109,155.00232696411612
EK202310120574,125.70196745078036
EK202310151566,149.8371961349309
EK202310124827,168.57662210649386
EK202310120607,168.7887703020962
EK202320006257,144.79751655342037
EK202310220130,160.63747670119028
EK202310144885,144.82006821064658
EK202310186525,131.342132673024
EK202310219807,154.01574031787771
EK202310167657,146.65079536775673
EK202310123275,153.24706281531354
EK202310215234,161.2387290507355
EK202310146524,139.29089461759185
EK202310169940,156.25852677935202
EK202310243649,136.34569494669057
EK202310183687,138.35818479882877
EK202310130415,174.73359882369923
EK202310188385,139.793495600363
EK202310158217,132.2016731408226
EK202310004449,135.5271910966246
EK202310193236,133.85180482567006
EK202310151651,136.3718050534504
EK202310106009,148.30442667501904
EK202310185711,130.90107924393658
EK202310104495,127.67175951404707
EK202310144848,169.7031392900619
EK202310180048,139.34847806030203
EK202310137754,136.98557737886304
EK202310156546,168.33212177811947
EK202310137352,144.70543607585782
EK202310182441,136.73593889734235
EK202310208167,145.58792729917002
EK202310223871,142.10049975976847
EK202310172342,135.0414250036181
EK202310219366,143.7049424461983
EK202310196187,151.6715070727522
EK202310138150,118.71222866181785
EK202310172299,127.65154858586003
EK202310127364,150.09841201201706
EK202310139869,137.39165964436606
EK202310128954,147.87981837743064
EK202310146322,150.52684786823932
EK202310162849,166.9231582278061
EK202310181038,128.92122195448428
EK202310170175,148.30599989977475
EK202310112098,153.40511950691368
EK202310176673,134.53301639537247
EK202310139559,145.5118846341054
EK202310233592,161.61007511812753
EK202310224263,153.28865216952377
EK202310110134,132.81521189199162
EK202310226556,146.96634447159994
EK202310209883,144.4904172322583
EK202310231890,151.7900081338255
EK202310190968,138.6242948083593
EK202310136859,162.28065738149638
EK202310247260,128.91546785698824
EK202310172360,140.1355530279699
EK202310210416,148.35328853741905
EK202310227699,142.97385097972443
EK202310213569,135.96411725417641
EK202310224874,132.46652617071052
EK202310169709,153.83082282245593
EK202310228257,148.5009678357535
EK202310141038,160.99272158164806
EK202310129192,141.83873378949667
EK202310107751,136.28089702020168
EK202310140717,134.3256728414423
EK202310228229,143.13243015996426
EK202310207072,141.69992331224992
EK202310202830,140.20604384349866
EK202310148905,156.3708583568956
EK202310127758,135.98756206541177
EK202310178020,151.47902336886847
EK202310193951,143.07837868425008
EK202310155292,133.81601032375247
EK202310144487,124.62938104298783
EK202310121253,137.9536655835611
EK202310148088,152.81520007627773
EK202310187124,147.57470531614547
EK202310229693,136.54056442725746
EK202310201484,149.3434918831369
EK202310129571,137.9714346006808
EK202310125950,147.95871159516258
EK202310185603,179.2837637974083
EK202310114453,158.692268415005
EK202310117950,168.64983047801633
EK202310119043,145.60327490471622
EK202310198703,173.39635504680874
EK202310140299,139.6760340442021
EK202310135296,168.1439740517648
EK202310107227,110.34923439932619
EK202310240359,139.71879244208256
EK202310240921,148.53608038455044
EK202310128737,136.3733185708785
EK202310124258,145.82609398843056
EK202310220986,124.5041545931897
EK202310120232,152.3028627601242
EK202310164246,141.10268880303693
EK202310179029,146.71026129789868
EK202310162108,149.51434583978357
EK202310117566,136.2019207388086
EK202310232452,133.9458947359385
EK202310199397,159.88831237982996
EK202310150619,156.67835531459679
EK202310112912,143.85810620880324
EK202310196213,155.83817218213434
EK202310128306,127.79237212012012
EK202310186545,147.48913148279007
EK202310245338,146.20143449250165
EK202310126833,146.65445264402018
EK202310183324,122.94473830972969
EK202310206548,150.08688171226905
EK202310162684,142.01924979692677
EK202310158471,164.61247367150955
EK202310237583,143.68676755653885
EK202310142976,145.5309249598325
EK202310181877,166.53346890608026
EK202310193411,136.80074211318222
EK202310140403,132.40863022352153
EK202310223571,133.40437539360389
EK202310200630,154.4946712914864
EK202310219428,130.47652865867116
EK202310149680,145.8931319714055
EK202310109895,161.95285906009505
EK202310204098,157.98252285264405
EK202310177412,175.57337113782108
EK202310219692,116.67148946555673
EK202310103878,153.73881111374658
EK202310193630,141.52749916519167
EK202310109504,132.26147858072784
EK202310109364,146.01772840659683
EK202310239283,135.70467292784764
EK202310104478,121.82572608506939
EK202310204048,129.96006948657765
EK202310159059,144.95022106085793
EK202310156030,146.62549501459338
EK202310245545,145.88206625374298
EK202320007416,164.3681563995574
EK202310221846,149.11290894922573
EK202310132308,155.34401148756362
EK202310197059,126.094508275294
EK202310234332,166.0386069402025
EK202310194822,182.19939647055236
EK202310148932,133.89481438639805
EK202310128434,137.36528673787
EK202310238922,133.8483075442722
EK202310114232,153.04178311782405
EK202310175005,160.10156873262068
EK202320007002,169.61444453329605
EK202310197439,140.86138752515285
EK202310236355,129.43136574094513
EK202310003833,143.76376049493717
EK202310204832,133.39250681497393
EK202310004506,131.94452105799434
EK202310121065,144.96414659525837
EK202310127094,197.7523342024213
EK202310213840,143.7931186546496
EK202310114333,153.36032730767454
EK202310145274,173.37202359915315
EK202310222042,126.0659174557452
EK202310213433,137.46339452956929
EK202310146144,128.72314138554324
EK202310204047,125.0403040797022
EK202310212828,163.4470422915148
EK202310138593,137.73728848445975
EK202310226806,122.86842670292144
EK202310208095,149.2426347442112
EK202310114814,139.19921622715117
EK202310186543,154.33174730366474
EK202310110336,137.82682256425682
EK202310167478,156.93163203990423
EK202310236430,131.86052582734533
EK202310217023,131.98502732752797
EK202310153953,147.22160201823706
EK202310230502,129.8562456677251
EK202310247381,129.12194353946288
EK202310208704,134.24034642007348
EK202310139824,114.7527422703822
EK202310197168,121.2775077834084
EK202310128080,158.025329652654
EK202310123269,134.65178156766544
EK202310121955,151.08202499641732
EK202310161214,145.4258352523305
EK202310133556,148.2425195437315
EK202310197481,145.8261042512803
EK202310246538,125.72218365371957
EK202310194330,155.11266867240067
EK202310178652,146.2353513666881
EK202310209776,147.28864881199056
EK202310242382,130.78805683537215
EK202310234518,139.43300620311433
EK202310217553,139.0787577984542
EK202310003369,140.89477867532906
EK202310207859,135.12966805083258
EK202310215266,138.44044915854667
EK202310191942,151.2958416995064
EK202310113737,153.929971771806
EK202310128655,158.59649507117877
EK202310248203,126.73212543333501
EK202310170678,160.63055781828976
EK202310225376,154.25337511173908
EK202310198236,137.1668686477112
EK202310138567,149.76976597487973
EK202310148635,164.08036367607727
EK202310121362,127.59737396279075
EK202310216537,153.4249422623899
EK202310244010,131.6480508663307
EK202310199391,162.44978319506205
EK202310150957,128.01870289151358
EK202310160956,150.03705086975754
EK202310234204,133.330562932961
EK202310230587,153.71785304394604
EK202310212166,148.39866206654995
EK202310164638,142.57168017683765
EK202310157872,154.58000923029104
EK202310206238,151.98321840271143
EK202310137733,109.68459506797417
EK202310123238,133.06045961196673
EK202310201665,138.51970597294263
EK202310150077,127.93497046128388
EK202310140491,129.3891034189062
EK202310183010,147.31317856885002
EK202310168338,140.25209574940286
EK202310146731,144.09655765509632
EK202310201575,143.90780261546948
EK202310151646,139.55762289980035
EK202310110613,145.1626446454745
EK202310107412,148.4710865372144
EK202310110590,130.63897516608165
EK202310127237,156.50189934958388
EK202310217513,154.22811669325696
EK202310148694,162.17043164134773
EK202310223185,133.61175664306714
EK202310172511,155.97527675762103
EK202310219014,131.7856600688646
EK202310134780,145.3226282333578
EK202310117915,147.15929709931714
EK202310153389,149.22103333973868
EK202310207296,142.39902223744252
EK202310132494,131.97741288015817
EK202310187803,127.708076144973
EK202310233954,148.6944725272306
EK202310119049,126.21896896098596
EK202310243256,131.63907650437736
EK202310244548,127.20192923630964
EK202310240124,152.20170952525038
EK202310148734,130.69636457475607
EK202310131233,136.0041090103556
EK202310220058,151.36080618243216
EK202310217202,143.17440767229525
EK202310179774,145.21316682179827
EK202310227794,138.38234965117977
EK202310132105,131.2721628685258
EK202310177761,156.54538848041102
EK202310227840,152.85742050298853
EK202310169016,134.18889268345328
EK202320006837,163.07445484756113
EK202310108574,149.03902443345683
EK202310190548,116.85254571342965
EK202310109486,133.76305774390326
EK202310200259,146.70604346869163
EK202310162701,179.87168837501318
EK202310160336,139.4263379528276
EK202310212709,126.69516095345426
EK202310226725,137.62731348546407
EK202310158681,145.58555170443447
EK202310107964,130.23023088052125
EK202310235518,152.16585637504332
EK202310123552,137.1292958149515
EK202310201865,169.8897988134219
EK202310145317,160.76235549924832
EK202310183030,178.86414420007506
EK202310200118,160.6365238526864
EK202310114422,151.0082491858898
EK202310157848,126.39631930150946
EK202310239370,139.14241893065355
EK202310131836,154.6572106373172
EK202310143421,131.3640774053706
EK202310205485,129.2066212824026
EK202310168662,159.89005729667957
EK202310154586,165.27806167798627
EK202310186744,134.85123515832848
EK202310233340,144.99305080207517
EK202310239910,119.30368662447286
EK202310245136,141.46990878237696
EK202310149851,163.03196527836488
EK202310149779,149.98580197203202
EK202310228990,142.71247783420623
EK202310242178,157.46226726767102
EK202310133873,164.01353132030303
EK202310164264,129.47434744299625
EK202310231632,132.88855808294727
EK202310144424,137.20855005468803
EK202310112760,135.04460699847928
EK202310212956,122.30645823895114
EK202310145964,135.83849009291748
EK202310126563,126.43201575365421
EK202310109694,157.70851945349514
EK202310128490,133.81719897022262
EK202310180704,172.72073068145892
EK202310126998,139.58356906806273
EK202310112115,146.15507908469468
EK202310209159,129.07098729205424
EK202310191498,140.45940330711392
EK202310216436,147.14418517439626
EK202310163197,139.5754192643406
EK202310151701,145.91195223340307
EK202310110130,149.38886770864605
EK202310226705,151.07110216097595
EK202310139340,163.69774778187326
EK202310110862,132.51242738339187
EK202310127381,169.73442713214718
EK202310202546,173.77123295345345
EK202310225643,142.61180913604755
EK202310213096,132.8237912585282
EK202310235079,136.85451598106053
EK202310109108,164.52800362793366
EK202310225137,139.16601975959696
EK202310187484,139.94222789939155
EK202310244698,163.90469459338328
EK202310182643,159.97746707785515
EK202310172470,167.95688874127237
EK202310202542,120.22441661487528
EK202310240368,132.34045709500634
EK202310103843,138.26238868150423
EK202310219530,148.2451963878886
EK202310176306,160.25945697821226
EK202310239841,130.22778651620382
EK202310216087,145.00824679552667
EK202310153817,140.56385941375504
EK202310170433,128.78239694459958
EK202310219831,133.13618076630385
EK202310232545,148.04847757298813
EK202310128070,162.51150681509444
EK202310160215,135.87953373090508
EK202310233605,141.2311071625464
EK202310004309,138.41573006987792
EK202310162940,142.77954106693315
EK202310229901,111.37393511876348
EK202310155025,139.04711249372184
EK202310127004,139.39738009165154
EK202310247408,138.68018188898606
EK202310202128,140.31498755184208
EK202310178091,139.09864156653228
EK202310123328,151.33776192945993
EK202310228444,136.78928885946522
EK202310156135,142.51310130677135
EK202310164582,155.26941407921407
EK202310120354,132.8518573938557
EK202310225755,152.96799245325025
EK202310242750,129.95563399380262
EK202310142998,146.3961378250629
EK202310224125,145.49493270048507
EK202310169891,166.92835164875393
EK202310115679,123.73431732743137
EK202310198800,170.49042571613305
EK202310105498,131.3152426960338
EK202310178156,155.13044812842273
EK202310186930,157.6856612298626
EK202310133899,128.1888201526799
EK202310156394,146.03593874484292
EK202310122250,152.2712430330439
EK202310148614,138.1168133256705
EK202310195974,153.37127697538745
EK202310140125,129.46889058067103
EK202310210027,157.1840431034598
EK202310123730,148.14750313317919
EK202310116187,132.86471568185326
EK202310159940,136.65723986975726
EK202310120469,124.09461106027936
EK202310153614,149.77022607840988
EK202310233640,140.8947153039662
EK202310185515,166.91949557631128
EK202310205120,152.563860635113
EK202310178305,138.29075157789697
EK202310184917,188.8347805151673
EK202310194354,158.87115556896734
EK202310171208,150.0263170254389
EK202310154255,154.66435006285334
EK202310245884,141.3754072565044
EK202310179361,131.33637017690623
EK202310181720,163.297688344703
EK202310198136,148.79337597194885
EK202310123723,153.7710859854832
EK202310162489,150.391687437481
EK202310242175,160.96866307159627
EK202310224905,149.60312830319214
EK202310248091,140.1452122650441
EK202310123593,136.7292843734144
EK202310183684,132.45274736693958
EK202310235351,152.90560220180924
EK202310169872,151.36652090096658
EK202320006484,171.88042495585876
EK202310199450,167.830352554059
EK202310109127,136.8026039225426
EK202320007711,163.27756029505508
EK202310156432,129.8581755676727
EK202310233998,140.10875955880414
EK202310128218,132.45272076757368
EK202310121076,139.6053051240023
EK202310161013,142.86930222765108
EK202310116233,145.43252405395108
EK202310172825,135.68741190527544
EK202310126048,156.7937196243088
EK202310238467,137.81760828544566
EK202310172112,138.16704094540324
EK202310105094,149.08192518168653
EK202310228653,135.43768306373047
EK202310166974,144.11734653538102
EK202310236937,142.21714176691293
EK202310155066,131.633714725444
EK202310110822,147.34659170073533
EK202310117204,157.978093184874
EK202310124699,131.23729689563714
EK202310201420,132.55734348200167
EK202310193066,156.16207647917585
EK202310103851,121.43568154217327
EK202310107858,145.04194800501327
EK202310136568,151.94334991061413
EK202310108975,167.2032316031662
EK202310123028,124.09619467231273
EK202310124327,134.809679353336
EK202310127718,155.5696029954665
EK202310155357,149.61669026705357
EK202310230360,142.99600810230427
EK202310107277,124.39958184966977
EK202310140418,158.7595528364653
EK202310205320,144.7647125292891
EK202310111068,151.68874562852227
EK202310199336,147.18105932821666
EK202310124051,128.8615280120128
EK202310137534,131.09680696885593
EK202310134728,127.78117464675339
EK202310186537,134.62178617953668
EK202310212779,168.1290263626693
EK202310184455,146.84438252004068
EK202310243388,127.34417241110447
EK202310137422,130.17252218551795
EK202310241788,147.34340681222147
EK202310107922,151.98858197200371
EK202310193955,145.98835069927148
EK202310194721,157.0802299987483
EK202310146903,129.60610395902324
EK202310134637,136.35292637110066
EK202310115633,129.7173617586977
EK202310226326,147.58557921026315
EK202310191621,165.97492429694483
EK202310218537,149.3881071137457
EK202310140032,151.74131220529407
EK202310187906,155.42824551160888
EK202310160631,154.6656226012384
EK202310235165,133.706151308667
EK202310226953,150.7934838243233
EK202310231462,141.2372682043573
EK202310131496,146.74161862022905
EK202310215576,163.59329422294434
EK202310122149,157.76948109298488
EK202310167024,139.282417705772
EK202310201015,170.97545484741835
EK202310139845,164.2173454880563
EK202310206739,156.04593363306304
EK202310107474,124.6733205213842
EK202310212444,130.2048058815254
EK202310160242,152.10467294028112
EK202310151058,139.745690209948
EK202310107745,135.5751176424226
EK202310180777,143.04124694908182
EK202310118200,141.45376431141057
EK202310110288,143.79107147653468
EK202310133962,163.56045285894584
EK202310209998,156.1258594614077
EK202310113961,127.01602464354625
EK202310125421,133.411995921071
EK202310204604,143.0024787379452
EK202310120459,161.88780420701346
EK202310179318,185.41966853649018
EK202310188043,132.8870131963308
EK202310139621,140.59071276447222
EK202310223960,138.28469487547207
EK202310116277,149.14656712725807
EK202310173520,123.150124466215
EK202310140244,124.89000371235072
EK202310172775,129.78855807272106
EK202310209021,162.40470260435498
EK202310137060,145.24793365234777
EK202310169472,174.40557494297104
EK202310220708,151.9389608248516
EK202310155346,134.08572968065576
EK202310203724,143.93297207221505
EK202310174172,130.59556480305682
EK202310127338,143.11299075858696
EK202310231177,145.8847194440676
EK202310110283,130.92799922452562
EK202310194192,161.0498896895072
EK202310179609,135.12488603526305
EK202310233542,154.49061492041298
EK202310223188,141.6000723718164
EK202310160161,128.34287230466003
EK202310142059,157.79530597100975
EK202310148973,144.56906035650547
EK202310185968,139.9573420447707
EK202310143375,154.6237340634541
EK202310223394,145.7393778042214
EK202310142935,148.7405119795574
EK202310128889,135.02178488578826
EK202310243694,132.40812903385083
EK202310168873,161.38907948327585
EK202310110255,137.9069139660116
EK202310217355,153.91556304873552
EK202310170477,131.6576859013724
EK202310126294,133.64796069466206
EK202310193447,171.62322557801286
EK202310208452,136.55204259717124
EK202310121117,145.86578604745608
EK202310188124,137.33554713860664
EK202310200744,168.550594837584
EK202310246111,134.87948592351665
EK202310161343,140.60062209730847
EK202310174717,149.14987086840742
EK202310162592,148.389364904458
EK202310199334,154.4859855256014
EK202310004427,158.06586438223138
EK202310128231,125.86035283385229
EK202310159198,130.3809867837073
EK202310190595,139.9110126591567
EK202310234887,133.93893145461874
EK202310230530,133.79216024370882
EK202310212245,134.24285491048792
EK202310247440,132.33351883845617
EK202310190679,159.68228582624928
EK202310215878,140.28959290731828
EK202310118270,133.14219957479986
EK202310109213,144.29811473235048
EK202320007685,154.24620278204867
EK202310125681,133.17642042182047
EK202310187523,139.72640736992872
EK202310185418,147.50225637216224
EK202310147002,150.8008580764634
EK202310171520,143.20860715873562
EK202310222521,136.55353120764048
EK202310200454,139.05479833545286
EK202310121658,116.65048513562022
EK202310147902,153.64222985241344
EK202310204527,153.04916259284994
EK202310202723,139.09781409543584
EK202310149975,154.20049387251868
EK202310157163,159.58704702896517
EK202310125893,141.99302321882655
EK202310121387,126.74857464427633
EK202310151762,166.35050695862543
EK202310193998,143.62990405224275
EK202310106551,135.29816851397266
EK202310245044,139.7316177446791
EK202310207864,140.7711578542628
EK202310150519,123.15989551749405
EK202310180535,130.2188405103674
EK202310140574,152.02410460767942
EK202310152351,134.62274640596775
EK202310119381,157.73609275748726
EK202310144308,146.70118705566364
EK202310204920,143.94966780514014
EK202310169039,180.34032046883829
EK202310126992,130.010180894126
EK202310165821,132.78795085942585
EK202310218625,133.9081896548142
EK202310224581,135.1131612504315
EK202310104040,133.9838942667134
EK202310151985,136.77959966498523
EK202310151422,186.40632694765247
EK202310181497,134.74935781162907
EK202310143064,148.02740457629514
EK202310115232,156.88189939921656
EK202310160598,141.08580879465427
EK202310153804,139.0489123016909
EK202310246991,129.43264170254608
EK202310205912,132.25744388759412
EK202310147949,152.8845822634007
EK202310147713,136.71709323513065
EK202310172130,137.0151153354367
EK202310193689,146.9396622273411
EK202320007377,143.24115494128458
EK202310234778,132.99427416957548
EK202310126968,137.02754782772328
EK202310168723,136.132234400221
EK202310205210,133.8031026781614
EK202310236972,137.8384294820362
EK202310110805,128.74512916814103
EK202310110541,162.24020524657348
EK202320006784,138.72174567861245
EK202310169268,182.73478581202198
EK202310192717,148.81020731802113
EK202310134072,121.75183742195445
EK202310109817,142.7677770456901
EK202310111416,144.92162651303482
EK202310163760,138.33083986470496
EK202310206928,158.0323925313569
EK202310222806,166.43699205171714
EK202310245025,156.33844405890096
EK202310154335,118.54677332388844
EK202310122966,147.5586370979392
EK202310147154,149.508406681938
EK202310161786,147.61167239365568
EK202310122057,137.81099083830105
EK202310206279,176.64515419002376
EK202310241236,155.20237115340953
EK202310107469,134.4493041953443
EK202310236549,136.12352314679566
EK202310144138,156.68394171206305
EK202310212131,130.51438412403758
EK202310112701,140.50704769080363
EK202310163659,124.40310187028366
EK202310172713,136.72991339146535
EK202310175303,137.6950200910052
EK202310129678,128.2767930205248
EK202310204116,151.3202320573022
EK202310226565,144.60490315496784
EK202310177622,144.97152931042996
EK202310173275,145.16308205905767
EK202310108694,131.14725668137447
EK202310124863,140.10596227361404
EK202310209698,145.5317664001144
EK202310155502,145.59948908520056
EK202310160025,145.57191803159702
EK202310219991,139.84391658190643
EK202310229114,128.41333703194232
EK202310179717,144.3872088462557
EK202310112666,143.19920130448224
EK202310122607,149.94071108181663
EK202310203774,126.51990115360871
EK202310167012,139.3068047947728
EK202310177207,146.72235071275514
EK202310108755,125.08362643168064
EK202310235791,150.15226176625066
EK202310193173,170.2275561020674
EK202310226669,143.35529446006504
EK202310241591,146.37032014750164
EK202310139673,150.4845628272478
EK202310245678,151.17508190966086
EK202320005871,141.6992502000406
EK202310146553,141.0712880958203
EK202310110812,161.14387677360685
EK202310163248,192.6529241911026
EK202310198120,154.7579305813657
EK202310130383,165.85899854717502
EK202310165453,152.7594624808081
EK202310129296,142.82844290425476
EK202310114158,145.1740305521004
EK202310206093,181.71482763600807
EK202310178733,168.94218582624617
EK202310148785,134.29159212384454
EK202310182839,143.44459149605873
EK202310243137,130.46623544577227
EK202310180781,120.35774321378385
EK202310221757,171.46756822652767
EK202310247595,139.72230915833666
EK202310119239,146.80936302722984
EK202310174112,117.33793917860616
EK202310195036,153.6547727207114
EK202310139240,157.24409694373026
EK202310161228,160.85016680788553
EK202310124628,150.78961250158355
EK202310216201,116.42065743309823
EK202310171177,158.81572891454502
EK202310217298,128.0886302410014
EK202310105105,149.20106059594815
EK202310121917,108.18002437283808
EK202310175901,132.02527182566467
EK202310248632,133.23597797622298
EK202310168647,145.18281169005888
EK202310189433,177.45917505878407
EK202310219364,124.13779401533503
EK202310208149,132.50833500285938
EK202310115824,129.24985738949974
EK202310147437,141.2793121243375
EK202310131516,160.13273503735746
EK202310216229,149.353873718681
EK202310143057,139.31606159005932
EK202310227618,144.64851512030103
EK202310105862,144.4163593537972
EK202310191429,155.07279765704703
EK202310114100,144.53976058992217
EK202310240658,125.89574991101674
EK202310221826,136.68349201543936
EK202310228005,143.24246717079936
EK202310114273,152.02338869307613
EK202310129611,143.90240860412806
EK202310106828,140.4924134397865
EK202310216849,150.48222098681026
EK202310217419,149.7712387066572
EK202310123260,139.44247478470018
EK202310189255,138.5050670014129
EK202310141612,145.099458396827
EK202310115638,129.58119915916595
EK202310144626,145.9208447182253
EK202310128398,139.87698372880394
EK202310150599,152.3240161934836
EK202310209851,138.3001969749612
EK202310142306,144.88966647603635
EK202310151733,158.112261050385
EK202310115665,136.37343388782435
EK202310144016,136.02494707463904
EK202310194248,142.24629044284475
EK202310221662,146.62014425045496
EK202310239754,125.09263916186319
EK202310183618,141.9359615501282
EK202310247966,134.9355800703086
EK202310144467,140.75149443778213
EK202310199980,143.23211723274085
EK202310147993,176.1300029149709
EK202310219732,148.12603648652293
EK202310201255,149.69800073305208
EK202310166834,154.35691045831632
EK202310188039,158.05450477476458
EK202310125812,136.8111712759756
EK202310149327,147.3313983000141
EK202310186774,170.4873652190696
EK202310131937,140.16799975435137
EK202310136858,142.8682151559004
EK202310194737,164.23872154706135
EK202310227116,129.93767326605277
EK202310188953,158.67297598712673
EK202310152825,172.62314025398877
EK202310233830,143.67316510286443
EK202310175569,131.9955021976991
EK202310127649,149.69642755271295
EK202310189873,163.32096822685605
EK202310164363,156.15559417631772
EK202310122930,139.69579064313402
EK202310159410,133.91745309713204
EK202310150191,125.83737329288435
EK202310174699,136.06138782233407
EK202310184344,180.67651651119994
EK202310142972,152.39964694034822
EK202310136313,146.47328795458628
EK202310159605,151.84515551323656
EK202310211606,131.11741704005186
EK202310194487,141.6620068476959
EK202310109553,124.42981658177351
EK202310121906,122.63022005999503
EK202310132283,133.55149970406742
EK202310156330,140.041220808021
EK202310109685,148.71858067900212
EK202310166453,141.33649121968458
EK202310235141,130.07346251482994
EK202310242155,129.41653331424328
EK202310171093,134.4963185800095
EK202310157094,144.84212474571476
EK202310157497,147.5093452120833
EK202310112679,138.54230931965535
EK202310201020,140.26505570708557
EK202310137760,141.65021775725268
EK202310152523,170.9570070562502
EK202310227728,143.161895519506
EK202310194083,137.5168674639281
EK202310194984,146.6850003147642
EK202310145213,131.70167123593933
EK202310216337,141.347105023942
EK202310189326,163.74915238490138
EK202310145361,133.76441347074044
EK202310209596,136.04881705934667
EK202310147914,160.20691429884585
EK202310210977,141.46036593996996
EK202310169601,129.45613598988754
EK202310218627,125.82095821676123
EK202310222818,147.5257792724417
EK202310175529,147.81300142115055
EK202310201612,156.80707103888193
EK202310174062,120.95821247533306
EK202310223170,135.10002875098556
EK202310225186,149.42787612981581
EK202310243838,149.34062133521167
EK202310241520,134.35248856529725
EK202310166518,141.0317648504059
EK202310113920,143.1889307410888
EK202310164784,131.59713585094522
EK202310159164,150.21273105197838
EK202310149463,164.55700633327982
EK202310227499,147.41483680559847
EK202310217794,144.54281818935002
EK202310225560,135.6595381215539
EK202310147201,145.31148918959192
EK202310128156,149.00871998574615
EK202310115240,141.63355821700287
EK202310238532,133.1973282715695
EK202310183846,141.1511886689094
EK202310144731,131.5749407060672
EK202310162390,135.57300559580213
EK202310197431,126.30379392306992
EK202310105951,125.45384514828878
EK202310204990,148.13951959202052
EK202310210191,136.47152421479373
EK202310126933,141.43859910588552
EK202310202480,139.7756495832239
EK202310111923,134.7484696715383
EK202310119216,142.05989050843112
EK202310157432,145.6895900413453
EK202310177567,147.26206794159737
EK202310131552,148.71414993827634
EK202310179248,149.73855637208888
EK202310151456,163.44050183234822
EK202310168955,145.3570100340986
EK202320007813,156.1962752149272
EK202310117010,128.91209736646582
EK202310151990,143.0304317161473
EK202310125852,141.96306493760224
EK202310136345,144.47933635037467
EK202310107482,150.7425149114954
EK202310136674,148.0523067532873
EK202310162359,151.8119617065595
EK202310130813,119.83415023990634
EK202310242095,148.16063936941623
EK202310112314,136.32820147671848
EK202310234433,132.90250425184263
EK202310202458,136.36897469034972
EK202310129103,156.648625134408
EK202310177132,173.1944572083333
EK202310242050,151.56031081967413
EK202310232456,141.22912056661872
EK202310200214,159.26770523616838
EK202310163472,172.78678981747785
EK202310185311,153.21245467833256
EK202310228179,150.23499545551928
EK202310130371,138.4213392193701
EK202310179660,147.54869725375562
EK202310190711,148.1385640018612
EK202310246542,144.79533856533462
EK202310231496,128.5555641256869
EK202310222179,122.81031153806057
EK202310132158,126.77560771261562
EK202310167423,145.09899016923333
EK202310201349,163.69146539038576
EK202310142224,138.45395331837764
EK202310179938,138.18858808009662
EK202310223135,124.55297371120693
EK202310205817,162.56216882249413
EK202310246593,146.69183336663227
EK202310176304,155.80363335633575
EK202310130059,145.9298544048634
EK202310111192,145.2271766755859
EK202310165881,140.71524123230455
EK202310127812,150.20691182971484
EK202310190156,144.62422341394608
EK202310216483,127.74281269700694
EK202310144414,138.70683444511192
EK202310132901,123.77730231464079
EK202310154231,139.53183521122057
EK202310145897,137.9072982533845
EK202310209392,131.62070161404537
EK202310178084,140.33285466672137
EK202310125343,133.97534589139084
EK202310146816,142.5789324393702
EK202310155084,135.01308224729655
EK202310168900,147.10941805330992
EK202310185047,151.7683668990244
EK202310237486,143.81704923958048
EK202310203671,154.68277223356785
EK202310135522,165.5323594414283
EK202310159093,146.64201741562434
EK202310189257,138.08354272971133
EK202310177736,137.5751712315379
EK202310105312,136.24843592776412
EK202310242607,139.26698288959878
EK202310206314,189.18997287011456
EK202310125578,141.02615900697631
EK202310217187,154.68221207199338
EK202310239344,122.34143776677918
EK202310148598,125.24034193888167
EK202310211006,149.56689051490662
EK202310141573,146.21597624128495
EK202310208369,132.0697565381206
EK202310143928,127.23527799925398
EK202310149152,131.8540783846505
EK202310150945,131.00095866857185
EK202310158400,139.69137564459947
EK202310117629,128.19029551232663
EK202310104031,148.79372290732354
EK202310110083,140.99176238396313
EK202310178368,140.23922991717885
EK202310119686,138.2817431538682
EK202310143618,153.1788822360325
EK202310120487,159.6560292989116
EK202310219395,133.60103067717347
EK202310112376,147.94284651589817
EK202310201306,140.23566325355281
EK202310228811,162.94050114953814
EK202310171144,128.28861679054023
EK202310196110,150.83389559641856
EK202310115076,152.98094974142546
EK202310106850,133.46008613383665
EK202310224133,130.87718435724022
EK202310138595,125.68812575027187
EK202310197537,135.05858556907472
EK202310190665,125.27217529376648
EK202310148759,141.92926245707648
EK202310243283,128.8184271908648
EK202310159395,151.9057888309379
EK202310114620,140.29148661040023
EK202310111786,138.58056265763148
EK202310179340,137.40209490505833
EK202310246360,147.12900987736774
EK202310165546,108.58495845382845
EK202310231626,132.69062529564764
EK202310154298,144.7060983152738
EK202310234468,128.22724650290647
EK202310216859,171.62671964100838
EK202310159904,170.1533665153057
EK202310122874,135.13881250011525
EK202310226448,139.68837012591663
EK202310109658,136.73877454714435
EK202310248327,152.27535173069973
EK202310240275,140.48392564319136
EK202310160292,122.16281660424474
EK202310130749,144.2396855732448
EK202310208708,132.79540629295215
EK202310184600,153.73083308478064
EK202310136202,144.39276227029993
EK202310118993,144.61478222373486
EK202310135570,168.6059869407031
EK202310144234,135.4717865678592
EK202310232831,142.96358916463606
EK202310190714,130.19924688457232
EK202310237590,148.01867117736782
EK202310105068,141.10892511846316
EK202310233087,131.465760076273
EK202310174797,159.4497112756174
EK202310241325,171.75417581667742
EK202310003548,150.83208014504598
EK202310226491,146.83189821188142
EK202310111356,145.22029648151457
EK202310246019,145.08782768851424
EK202310104422,135.8253205545443
EK202310140919,143.22290845303945
EK202310247367,139.02263570725427
EK202310108141,145.60552688808366
EK202310202875,175.20803571794664
EK202310132953,138.49141270018356
EK202310163551,156.4744243189359
EK202310155719,141.7498931639795
EK202310128169,158.55374525732867
EK202310227798,138.21892135050155
EK202310112895,153.3553308781098
EK202310110637,125.6252469830304
EK202310111099,153.43030445346636
EK202310160891,139.58011585117484
EK202310174833,143.85462559494965
EK202310133014,125.22740962120272
EK202310229258,137.9461117248671
EK202310191591,136.08494276294607
EK202310190178,136.2397003919328
EK202310227882,136.02865745885646
EK202310248423,147.53544254482694
EK202310199669,163.21158545151013
EK202310178419,148.531084884706
EK202310229489,131.00484559799617
EK202310109158,162.61302384975846
EK202310167700,136.80678141860037
EK202310183769,154.83947369837534
EK202320007189,159.60596565424737
EK202310119946,141.1407263860567
EK202310171685,154.743971673571
EK202310237171,152.99378859084993
EK202310114451,127.36330477508258
EK202310200193,137.91272222917817
EK202310211187,118.28315190971466
EK202310163649,156.07453858117972
EK202310128906,135.80415258913126
EK202310155349,144.32307672454652
EK202310226103,145.71265333719688
EK202310130867,144.22094348191862
EK202310144735,133.63785686243597
EK202310131002,128.63664461512593
EK202310147837,148.36793242327434
EK202310182788,125.77878445332607
EK202310130743,128.4580429377075
EK202310195554,141.05434283792465
EK202310111296,140.59712884558465
EK202310109329,140.4913932606956
EK202310003505,140.25589288896361
EK202310182130,150.40497749189214
EK202310158028,157.3213539833651
EK202310156165,161.1833163263112
EK202310210442,137.3411951408485
EK202310182184,163.52921057489678
EK202310198996,118.45775043040335
EK202310141171,138.63766543349863
EK202310223224,145.80398837217825
EK202310186527,136.92770634665806
EK202310155114,158.38674040057208
EK202310176069,149.38878852385278
EK202310129120,143.6435336699034
EK202310189707,144.57566472670666
EK202310116275,147.06675125745716
EK202310208833,146.29035081364796
EK202310197309,154.47773877886794
EK202310213895,136.79819214472982
EK202310208737,142.39326956467173
EK202310200447,137.72855314777917
EK202310152283,144.75208265878905
EK202310220449,147.70277996074637
EK202310110949,143.21631483086784
EK202310209106,162.13375221739
EK202310223835,139.25514635018826
EK202310230881,140.6805117923837
EK202310122186,157.50562680222276
EK202310170304,146.24983152708705
EK202310193993,153.16777318223163
EK202310141761,148.90750679977344
EK202310127568,141.00884925013315
EK202310128895,151.09717069309755
EK202310228433,144.2515860493156
EK202310118632,151.46614415546526
EK202310104226,128.7392029899822
EK202310164491,158.0128055287429
EK202310216438,143.21593034129114
EK202310214077,162.01034282985256
EK202310247400,166.09174799211914
EK202310174422,143.66485143701905
EK202310122877,135.97447521946034
EK202310128301,161.43377256895445
EK202310121029,156.72610217776997
EK202310156904,135.8256764457741
EK202310228463,153.5072156898821
EK202310197399,125.27490591580657
EK202310210314,140.1476627582466
EK202310114247,143.06589574387826
EK202320005931,160.14729839851458
EK202310129928,159.97709311707405
EK202310213491,132.97732378003155
EK202310117524,161.63578493775208
EK202310118755,143.13023788930542
EK202310184404,140.00328521030147
EK202310227256,107.34038804384906
EK202310179166,126.08568260435464
EK202310136432,129.49230358335478
EK202310176274,142.64903234217127
EK202310151297,148.64397586452318
EK202310125109,143.4839380538869
EK202310116780,126.53951574704291
EK202310135569,138.0462999253196
EK202310134565,132.37433497866402
EK202310186448,142.36180343864743
EK202310178115,133.15179863478178
EK202310113148,148.21075963941473
EK202310228489,136.71354038366565
EK202310179723,123.99197425312552
EK202310157269,142.7958076206875
EK202310199275,128.2783889923417
EK202310233646,143.01337761823473
EK202310154900,169.7258850041649
EK202310140705,136.31243352878002
EK202310148303,151.6326915153276
EK202310216595,130.1968344746488
EK202310109916,150.13522595531606
EK202310115675,137.29289810153804
EK202310155830,125.62375931829696
EK202310218005,148.01302348372795
EK202310141563,144.6190240575763
EK202310228213,165.54748689091858
EK202310212791,139.0263487249953
EK202310194782,168.98409565749301
EK202310231645,129.03577677757875
EK202310241926,142.6592859876665
EK202310210213,128.43660408336075
EK202310134817,124.24031544966974
EK202310133386,158.51953997674852
EK202310142531,159.4147619802731
EK202310187663,141.95078200841147
EK202310117777,126.0840963217226
EK202310158245,123.8791088104072
EK202310195137,126.49249462256545
EK202310142488,144.97496544064904
EK202310187991,148.28379450904328
EK202310150662,147.92653341214987
EK202310217688,126.81194620499123
EK202310179171,144.8624062108567
EK202310127405,148.62269744865264
EK202310135392,141.9629433067362
EK202310171859,135.13967497836515
EK202310105858,135.1646223473385
EK202310158319,144.90757548721248
EK202310230414,141.92333172032727
EK202310118707,140.48855543244952
EK202310128139,145.5637594292051
EK202310186693,145.4547502519211
EK202310179495,160.17064300710274
EK202310199992,141.02367619350073
EK202310107900,149.36256682178782
EK202310139759,148.05744795611398
EK202310109278,131.9309756419644
EK202310126409,129.19651772076293
EK202310207784,147.9840303216269
EK202310236292,139.314907252064
EK202310154556,131.16150198947162
EK202310134873,130.87438834480153
EK202310132640,144.18498862805677
EK202310228961,129.390425496205
EK202310185810,140.9846022670473
EK202310149986,133.58472412336775
EK202310131518,150.8354277932546
EK202310121880,153.21441054101498
EK202310191180,155.24477709596565
EK202310177003,150.64306742871037
EK202310215011,159.38230380949304
EK202310146470,128.01789075028725
EK202310200272,163.68599525553893
EK202310172780,135.08145216171974
EK202310225929,136.69777232827204
EK202310145639,130.93935595741237
EK202310246707,145.53373508637694
EK202310196529,127.18116965759572
EK202310232839,143.20990968194866
EK202310140369,159.89708847770174
EK202310141325,150.03701418855724
EK202310151532,171.9892492630321
EK202310217721,122.67337271663601
EK202310189960,164.00508654939634
EK202310132726,132.55400676286598
EK202310182587,157.79031547790325
EK202310216789,176.55669973363962
EK202310187849,158.57681515290423
EK202310234305,144.2688779729224
EK202310142640,134.77271148808558
EK202310211367,142.02912900596849
EK202310237820,137.9612332337448
EK202310128311,130.63086779384795
EK202310234908,142.67883055145643
EK202310104928,146.53225564612364
EK202310124402,131.87036103197283
EK202310170954,125.0425188833814
EK202310238908,136.24180163796152
EK202310138176,117.21176550442584
EK202310150598,165.15303595227232
EK202310108952,154.0894456709896
EK202310147721,133.81886286809473
EK202310164148,138.48358554827945
EK202310164879,140.68737369523475
EK202310170715,157.89329865671266
EK202310169418,134.84576735974838
EK202310133466,139.00272186508369
EK202310133903,135.22383299654078
EK202310204671,150.79409906278968
EK202310156209,161.00165601605954
EK202310243873,153.87691255926717
EK202310134929,142.68424724546514
EK202310216695,133.23089088450232
EK202310158237,135.35159548203382
EK202310194292,147.243505962678
EK202310103856,153.0226731442844
EK202310126627,171.50856834174022
EK202310121161,141.8494671459606
EK202310191392,145.79440601848052
EK202310245531,126.85477301897265
EK202310126763,136.95320788152947
EK202310161498,158.30579844002207
EK202310112456,157.80075809123483
EK202310191483,140.88994469407072
EK202310140746,149.14718145121293
EK202310175247,138.06543951505344
EK202310112978,143.0607211096097
EK202310115781,136.54487745821885
EK202310150028,131.98855973479468
EK202310204581,147.74149896228306
EK202310137480,142.38967965143206
EK202310191514,142.48320255878545
EK202310201678,145.15444767270375
EK202310117265,135.1542766427814
EK202310112369,137.06532238315324
EK202310208647,138.3304548051724
EK202310142602,135.09679015902736
EK202310113073,132.52284537073777
EK202310149092,126.44724845490961
EK202310162989,136.55358548979862
EK202320006610,130.94667471250423
EK202310177443,135.22889259077627
EK202310104850,109.67402559834444
EK202310126368,125.65337457264212
EK202310248204,148.2464465653563
EK202310190956,141.51629256023645
EK202310110980,122.71859470282318
EK202310154273,151.76061336603468
EK202310242223,154.23914738067435
EK202310117698,133.09026153750358
EK202310195417,156.4911577134187
EK202310145942,120.89708655922229
EK202310152887,157.33233468202286
EK202310169297,155.74177580119613
EK202310221863,113.99615350308282
EK202310199131,130.0356781589641
EK202310185529,164.62098901846718
EK202310113311,124.40242223797429
EK202310209762,132.62690654522592
EK202310164806,137.1448059369953
EK202310134642,122.79356867747157
EK202310146968,143.09788119647715
EK202310107027,140.07651977960035
EK202310226716,147.35612733151416
EK202310243795,141.7131591091185
EK202310138740,133.49539859650872
EK202310144607,110.00837367399693
EK202310244471,138.0659783747999
EK202310159052,150.43482954282968
EK202310123055,140.84108221878807
EK202310113885,127.35549962661692
EK202310199531,132.97142174720454
EK202310236118,132.09984434697037
EK202310137888,149.0609608963652
EK202310215531,154.87083678851505
EK202310185054,145.9537043924303
EK202310129573,147.8011510793166
EK202310163633,153.8875799720369
EK202310202282,151.11079226714068
EK202310143694,134.38155836378797
EK202320006080,161.58712171037766
EK202310232132,132.49067404693918
EK202310138363,158.55511203646324
EK202310193434,151.63556467755336
EK202310175511,150.74937197743643
EK202310133748,124.01663941350895
EK202310106718,140.42588345337015
EK202310188899,147.0462779468736
EK202310232574,149.7558585616299
EK202310212172,133.9825619320224
EK202310190446,136.50744450585134
EK202310113384,131.9394412448723
EK202310181368,152.97341232115863
EK202310003999,133.90406558469823
EK202310141115,141.6578709467052
EK202310109981,155.6427864627825
EK202310166769,124.07312892882635
EK202310138115,128.29996069356682
EK202310128203,161.1096884188008
EK202310206649,127.16460920172185
EK202310110780,157.83688104618886
EK202310240635,138.45698377807014
EK202310190614,151.4055799102142
EK202310129881,155.69449838412734
EK202310127835,140.75980973658628
EK202310121093,122.72511714472573
EK202310150408,113.96779831216068
EK202310164894,141.15808913427796
EK202310109584,130.97161383758606
EK202310173464,150.42847660103135
EK202310204837,153.78286763356107
EK202310152348,169.3754793877568
EK202310164097,140.5225912105743
EK202310127163,152.4212602999553
EK202310244695,157.02435856164558
EK202310229812,152.23674381046507
EK202310134538,133.15326391602053
EK202310210536,145.98604661522984
EK202310140667,142.17867289967268
EK202310141775,130.48821557295415
EK202310214180,144.14341389815613
EK202310164023,150.31547983784313
EK202310173588,126.61929475011017
EK202310170905,130.78711538246742
EK202310114396,156.43764726536597
EK202310183841,132.1934997244223
EK202310201453,154.14975656949932
EK202310113439,139.53021934572993
EK202310238212,129.9696231599707
EK202310127261,140.99761879191328
EK202310238188,146.1332742682854
EK202310206294,159.16502636507477
EK202310144833,154.84580777258543
EK202310211732,131.21718428960602
EK202310224752,151.03092932195602
EK202310193699,141.80235448412333
EK202310143520,153.61346348712647
EK202310115211,129.142058239711
EK202310164360,145.97586129571968
EK202310117381,149.56372200305796
EK202310229483,137.2123239513735
EK202310188649,144.79937622362687
EK202310200724,142.43187359863546
EK202310144431,169.2056472962224
EK202310133572,143.987998735928
EK202310208802,113.08828004551323
EK202310248659,145.70464076638686
EK202310131585,132.2592358502332
EK202310233777,179.8441324431592
EK202310129212,120.49615494325822
EK202310155799,141.45649445700147
EK202310229572,123.97643354645288
EK202310128875,126.06914659081252
EK202310148223,162.7284292381731
EK202310142900,156.3233757236322
EK202310183384,142.26681307586097
EK202310111421,136.8811007238603
EK202310212086,144.2827733788002
EK202310239476,126.60181097243574
EK202310131957,157.40565631749124
EK202310204264,171.38470366600302
EK202310178704,152.79830371844633
EK202310227864,116.23819590032889
EK202310169538,119.77056290807792
EK202310173784,188.69200219761245
EK202310216416,144.358322318385
EK202310196443,149.31102639476225
EK202310214690,130.45068682801556
EK202310224533,142.32843746492372
EK202310171089,152.3455097988751
EK202310213256,161.97165200957534
EK202310136488,134.92411601759886
EK202310199625,141.57674624521906
EK202310171589,142.92122856385876
EK202310226351,143.4610305716153
EK202310106984,145.000409923397
EK202310212070,136.42839582927988
EK202310183076,163.45946689280998
EK202310232081,136.86164951889475
EK202310126981,146.10970506560048
EK202310154523,152.18691799967698
EK202310184085,137.29209787804137
EK202310170300,146.2896914504407
EK202310218531,155.22883321935763
EK202310206452,175.33582570821943
EK202310004184,128.0794027565172
EK202310177618,128.58034091358928
EK202310222352,128.8245661490172
EK202310106506,140.3041663876244
EK202310186819,155.5169904401193
EK202310140723,125.72289443072239
EK202310238611,135.8538268518183
EK202310120555,129.44694076152308
EK202310147094,138.48343974751998
EK202310155462,137.82612943252983
EK202310105723,165.12298541637395
EK202310136398,139.23265981562167
EK202310233819,145.50870503694262
EK202310133289,141.5008322077842
EK202310230003,139.04070279309272
EK202310144991,147.9689186849658
EK202310172964,161.7801627012311
EK202310238178,148.34314206983856
EK202310126938,142.39678094192993
EK202310231506,121.32902780039862
EK202310190088,135.11578407305427
EK202310172578,144.80229115266843
EK202310153732,146.55585430011678
EK202310179604,131.03133365632783
EK202310129682,134.15386474277653
EK202310143507,131.43925661548954
EK202310155560,147.46346661927237
EK202310127202,166.00535975886942
EK202310143252,136.56436891425696
EK202310217653,120.2170305544486
EK202310173062,151.41121286612267
EK202310105294,140.2344641254673
EK202310117821,128.08672458577496
EK202310215199,139.93109319432105
EK202310241483,141.1730372923117
EK202310174150,154.89121381568353
EK202310219893,157.28156364710236
EK202310219552,134.53574368149594
EK202310136028,143.51902130585862
EK202310225636,133.31787110297145
EK202310150738,141.65359957443758
EK202310176837,125.77637156248484
EK202310172368,141.86172945221318
EK202310184904,157.95816498346335
EK202310191265,134.28855554836676
EK202310144201,123.91949846992614
EK202310139926,136.71846282970483
EK202310133343,135.12315739543396
EK202310193942,124.3764487317659
EK202310181626,153.6090331730037
EK202310138065,107.40191112194925
EK202310175111,124.14947419452713
EK202310242001,144.59174196821982
EK202310160431,139.79163720345952
EK202310169578,139.88013728652763
EK202310137385,138.0833755592254
EK202310136468,146.0965156477125
EK202310158374,142.7648609856263
EK202310108318,126.4649851298872
EK202310122270,117.90571427170474
EK202310144491,161.2930634548319
EK202310123031,133.24017769139198
EK202310155418,138.9818160399574
EK202320006341,168.60169061996805
EK202310110341,139.43193751508582
EK202310103961,158.35426958090707
EK202310003695,156.56915749637378
EK202310200040,133.98743853088968
EK202310119278,158.15536341818904
EK202310174626,159.5964724083995
EK202310153937,143.0537764141531
EK202310189548,189.9314008504848
EK202310149005,152.39547679463365
EK202310184006,170.70639900464724
EK202310129614,136.0149486142137
EK202310178276,148.66658320724463
EK202310124293,137.53200442809424
EK202310199434,149.10617008479988
EK202310111178,145.19390690033464
EK202310143329,163.71606719504248
EK202310229141,135.42340854527106
EK202310225446,130.69233620275025
EK202310133140,154.46159454858577
EK202310204388,141.48393882987202
EK202310127528,139.5386101101569
EK202310175944,146.75930200697744
EK202310205185,159.42964167712248
EK202310220142,157.2452622909786
EK202310188984,148.42920914514843
EK202310117484,170.30329913686612
EK202310222387,146.54264364163885
EK202310238376,139.29364334265048
EK202310190275,147.70820083018592
EK202310127517,150.00307447321325
EK202310148647,163.3084189011379
EK202310144619,143.1906149946919
EK202310172144,148.69134393813258
EK202310105902,141.27078679582223
EK202310169293,131.8156832914279
EK202310231168,144.95778294803515
EK202310147200,145.79727495455805
EK202310193258,142.8401917836686
EK202310134686,165.9937689795516
EK202310184958,164.78215466413857
EK202310172029,150.99448470809773
EK202310199176,140.1717446349777
EK202310232628,132.5913780041704
EK202310230800,157.06810591922616
EK202310169188,192.42916965044424
EK202310143652,148.87897025372527
EK202310210776,137.87124417353115
EK202310243268,137.70091910999747
EK202310219929,149.6996106495672
EK202320006873,130.560552062809
EK202310142750,154.78629686856735
EK202310105033,137.22352474341378
EK202310171957,147.4154095110011
EK202310167819,149.3409326545733
EK202310224575,134.0256086910538
EK202310218984,129.45099089432512
EK202310148378,176.66031859147267
EK202310124296,126.49036801156063
EK202310153505,119.29313819463714
EK202310202475,152.03502621099358
EK202310105768,141.21762888323855
EK202310155150,163.51016954958385
EK202310131403,148.4420924593762
EK202310236965,140.96469709111483
EK202310128158,164.05740493343214
EK202310244898,115.40549311616158
EK202310168438,170.17645632382963
EK202310191063,127.16477069936434
EK202310247883,151.98313217588307
EK202310144879,143.9340795644814
EK202310248004,176.91107521133915
EK202310129311,181.79891910443493
EK202310159341,139.5215336768333
EK202310186599,136.458582871352
EK202310003714,176.88520295557876
EK202310141937,151.98435631914188
EK202310141516,136.57512737750812
EK202310211399,141.1325673996329
EK202310133332,131.84466586713103
EK202310245637,150.29568701840617
EK202310195191,127.85867320485556
EK202310120028,148.60129531320183
EK202310238137,138.59495993944506
EK202310155822,131.73241460565896
EK202310178814,155.53638631571027
EK202310117251,138.60409692780212
EK202310134938,156.68876948223152
EK202310209690,123.557309991261
EK202310203758,137.39947256447238
EK202310115669,141.749598318012
EK202310104134,147.4496501088839
EK202310145861,131.82373074933537
EK202310150671,130.26333769137335
EK202310240589,137.75930475622417
EK202310212301,129.9592699899927
EK202310142614,142.18850579575025
EK202310141457,135.61990738933102
EK202310245972,152.79046488724768
EK202310150051,161.44355332173353
EK202310170670,145.96878236175655
EK202310211033,138.55998312542934
EK202310206028,174.18674697513995
EK202310116009,144.76539047640563
EK202310119459,155.23564816783414
EK202310205201,145.59857184738127
EK202320005999,150.07793887396076
EK202310137068,147.87335163994234
EK202310125205,141.9949259106339
EK202310111843,126.32332157299805
EK202310155744,151.86770355951913
EK202310189271,173.75391138755344
EK202310200042,140.22061696177727
EK202310234396,131.72376379372244
EK202310203600,142.52217026492187
EK202310206171,131.38425846874844
EK202310206072,134.5207297852656
EK202310163819,156.10202527338816
EK202310241837,156.54733418083737
EK202310122958,130.02642785173242
EK202310143934,161.94631958795807
EK202310108166,145.79802638945282
EK202310157169,178.11085196069115
EK202310152923,154.38288972295186
EK202310194312,151.7077723612313
EK202310176406,137.0845570780037
EK202310150358,139.4931141987656
EK202310219917,136.09767079014944
EK202310196050,123.38941391103356
EK202310199317,145.06011551958636
EK202310214061,154.4711083982773
EK202310122593,138.3207504925173
EK202310244955,143.44404953894187
EK202310156822,132.05197414111925
EK202310207476,130.66240528070705
EK202310158934,143.1583668012585
EK202310201930,162.20934378341744
EK202310119122,137.6989147545102
EK202310196169,168.1555718946057
EK202310201449,146.3016528407183
EK202310130630,126.35307342721138
EK202310216667,146.94668101479581
EK202310109941,108.81470235714946
EK202310200400,148.94487296138817
EK202310137456,154.2269838369904
EK202310196853,137.23909111171105
EK202310215704,138.3266821445127
EK202310135405,132.84487028019126
EK202310169616,118.13213710050928
EK202310216148,131.92485447642136
EK202310243354,142.6959120357452
EK202310228967,135.2617609480448
EK202310243234,140.9694046555501
EK202310192532,164.67618430268408
EK202310214813,150.62110068372647
EK202310104914,150.27299978965766
EK202310153816,141.19892328195874
EK202310202614,139.92579743066983
EK202310210862,158.56674039631943
EK202310170135,151.72931674495524
EK202310188088,159.97971061889345
EK202310221249,149.24004195815928
EK202310232182,124.23148434198085
EK202310185589,126.52880627860611
EK202310220140,151.12758522903027
EK202310151225,145.7129180222287
EK202310120905,148.5173838670622
EK202310125281,146.94245529747616
EK202310129594,143.4336491055765
EK202310131652,141.6309085597774
EK202310178780,144.4637042840879
EK202310199546,154.6801749429744
EK202310184333,120.64713656322971
EK202310129518,153.12088410216103
EK202310125847,154.16960014988697
EK202310146303,154.59362675777655
EK202310175806,130.224339598598
EK202310220347,157.97472551379502
EK202310225734,142.80793106643802
EK202310240284,149.59964158488302
EK202310114155,150.4262318683987
EK202310208667,138.70127967010092
EK202310247128,153.3704668470889
EK202310218283,139.25459156301574
EK202310227443,140.24970161376433
EK202310157358,158.7499819912428
EK202310205155,147.35894318266583
EK202310189640,148.31863090609406
EK202310219047,131.28362697612368
EK202310155307,124.50484092460773
EK202310190346,151.60349304312354
EK202310186825,146.58480763026168
EK202310203583,147.99064213191295
EK202310122872,121.68389282264518
EK202310223579,138.16115842886046
EK202310134595,163.28107332757372
EK202310199315,122.22504348587918
EK202310197280,138.92912804633215
EK202310105445,146.5810043977767
EK202310170127,134.19446773941306
EK202310124087,127.56214359552908
EK202310186812,146.33879681190353
EK202310175470,141.36673089498143
EK202310178249,150.53990785546347
EK202310246428,118.01125971783947
EK202310206906,164.7389514903676
EK202320007523,189.94233057563105
EK202310106696,106.90562072668445
EK202310139497,176.89204767239002
EK202310135104,130.97649975628565
EK202310165444,149.81089331637853
EK202310150670,154.3749117096963
EK202310141326,138.33313164893792
EK202310206479,136.65298900909949
EK202310182003,169.2874015179634
EK202310240148,156.60420090491783
EK202310246934,163.7994695375854
EK202310157908,142.54068454355942
EK202310233790,143.59677429118886
EK202310227231,151.92043654073572
EK202310104197,129.93274166109194
EK202310003919,134.9050504167631
EK202310134161,119.36731864140724
EK202310132637,139.74743222420656
EK202310112692,136.3463403331975
EK202310004804,128.03182995333236
EK202310188449,154.48067354104958
EK202310161514,144.86232355606583
EK202310121257,140.2878468478809
EK202310165460,172.74447490024727
EK202310246582,143.6726147959041
EK202310182549,157.16048249021642
EK202310153021,137.34007196247873
EK202310155857,137.14056338602816
EK202310112710,141.26290700046093
EK202310193527,133.83518698506302
EK202310210851,147.35076958158547
EK202310166991,150.6936471040721
EK202310153617,160.1064322752355
EK202310162029,141.05177878544936
EK202310150898,146.1655612704905
EK202310119566,143.65883571151653
EK202310172046,164.95962475143997
EK202310113364,155.58003092607882
EK202310104697,158.92931441580623
EK202310110438,139.17512497683202
EK202310139792,143.09113025405725
EK202310108044,133.06676607510124
EK202310191154,152.39627269876
EK202310162199,127.37988543302018
EK202310159050,156.87237231003078
EK202310127404,146.72852438476434
EK202310216583,129.8471195951729
EK202310233658,161.81615726169065
EK202310141492,125.59458501102941
EK202310203883,120.14422941424894
EK202310219043,166.07992653672233
EK202310145653,136.30287535415457
EK202310228503,143.48614638303332
EK202310179347,113.44279442013669
EK202310132009,159.82186998633222
EK202310212361,133.62608407777086
EK202310124879,135.33581676503286
EK202320006785,176.0918022428038
EK202310245990,115.45900702068944
EK202310177823,163.91063415703778
EK202310229376,130.007500755072
EK202310181146,135.5103739486058
EK202310201989,121.58165235070273
EK202310192148,143.24662915838047
EK202310185865,133.85994245484088
EK202310149322,152.08647457393803
EK202310154759,142.9607599377506
EK202310142366,135.67157819259464
EK202310225136,170.256608952138
EK202310140657,147.94757349323538
EK202310181056,153.64571724510054
EK202310147652,165.3373769222322
EK202310195069,140.3404757150612
EK202310186330,140.01672875001236
EK202310170880,133.18452874588723
EK202310104902,126.96110637042236
EK202310137021,156.7800959176023
EK202310112219,153.84152781181263
EK202310114567,154.2946642113909
EK202310174050,155.6714594651338
EK202310146459,143.9202274448748
EK202310125401,140.41302852837546
EK202310232042,142.4407227473679
EK202310137842,135.96375358465377
EK202310235166,148.37722599613537
EK202310123303,126.02200141049495
EK202310204672,144.4450489107885
EK202310147206,148.0941087355547
EK202310165103,164.34892791035722
EK202310246536,145.51542087238707
EK202310204665,119.88842642709774
EK202310139971,162.34924640542738
EK202310230726,133.58852691859312
EK202310217044,74.72438186423925
EK202310175720,139.72029945701172
EK202310208548,137.71101981199192
EK202310213825,129.1328664640694
EK202310196825,131.572489685802
EK202310117004,144.49934748856566
EK202310164666,138.9579151213623
EK202310195792,156.40222338163795
EK202310195121,121.34694786902378
EK202310188217,150.8018705310544
EK202310178996,136.60882069801795
EK202310107580,156.16960156399128
EK202310163974,163.88315741452882
EK202310237799,128.82732232571192
EK202310232053,145.63789375859776
EK202310178319,147.2252624489487
EK202310126202,131.87202637323355
EK202310227911,137.49246321133919
EK202310109084,148.2554724391722
EK202310143067,131.0017928371147
EK202310206930,159.66946983784985
EK202310201884,137.74716193798594
EK202310130641,123.16066315832532
EK202310157121,159.89915006389543
EK202310220877,126.05990645266625
EK202310149540,139.40004310887988
EK202310169600,121.06779175984218
EK202310163175,201.83723501497855
EK202310106277,136.62279752504855
EK202310209667,124.93921982173659
EK202310119877,132.61019713456577
EK202310204499,137.23092531021067
EK202310190780,163.82361041467746
EK202310115565,143.49286248655693
EK202310195056,143.40630126352085
EK202310111373,178.64913871344908
EK202310161299,147.60777019294835
EK202310245424,135.47705726014507
EK202310246906,99.56404368028919
EK202310120316,146.81788775976213
EK202310144965,136.61583669555878
EK202310211133,131.94525503460306
EK202310167406,142.44818457341455
EK202310162901,150.20019879663985
EK202310107075,127.67439446584106
EK202310140916,160.89915609895712
EK202310143120,155.68644032720616
EK202310114506,141.8406381591673
EK202310175480,152.05207131148748
EK202310118790,123.44179126676843
EK202310169280,138.75068732155108
EK202310129297,154.7751678236587
EK202310198282,139.2782169881023
EK202310240512,145.8749873361737
EK202310192236,135.92901682206076
EK202310177577,143.97008373145923
EK202310161068,159.9418296140319
EK202310111934,120.27669520156944
EK202310155260,137.176300105336
EK202310124483,155.41180475642614
EK202310155315,138.40301093516177
EK202310123325,134.40215946082932
EK202310149045,158.84034886816292
EK202310222163,127.58324980004352
EK202310108935,145.73414966855498
EK202310188397,148.336837015117
EK202310110895,155.86465597093255
EK202310146042,124.08549072839604
EK202310116291,133.81057459904383
EK202310214128,171.40401561176378
EK202310122572,136.5039892735627
EK202310246206,143.9298948898022
EK202310190227,136.919713460907
EK202310137442,159.3332530473931
EK202310240613,150.3410962329313
EK202310171036,133.49199316974165
EK202310165619,172.87637743089
EK202310135508,164.76485118046088
EK202310203859,133.7320406003248
EK202310208937,127.7613487441539
EK202310190964,143.31735109292575
EK202310157232,150.10996708712568
EK202310233329,147.5584449831088
EK202310004857,123.99429799714447
EK202310114112,151.8729270465527
EK202310231381,140.852908420224
EK202310183273,160.74670682023154
EK202310198133,138.457868205532
EK202310243118,142.82847906164687
EK202310179772,159.37246739970573
EK202310177045,138.38189820359935
EK202310129608,130.09600532442298
EK202310146699,137.28499568475755
EK202310118550,145.41609674445334
EK202310236716,130.23426081889576
EK202310225924,142.9643666308014
EK202310137908,132.43941918100953
EK202310136472,145.77817357371165
EK202310227498,155.67729227075952
EK202310197540,141.27507550050552
EK202310177606,130.35006583636817
EK202310233230,142.10335313163
EK202310129471,162.8945644687391
EK202310240950,134.3464973388817
EK202320007590,152.97231351816322
EK202310163887,140.43362021363376
EK202320007425,160.61545477544016
EK202310127560,175.03172758866717
EK202310155824,138.5746315759115
EK202310187346,126.54859806707034
EK202310200413,129.35227037602252
EK202310185717,154.71830953669243
EK202310217975,124.90553536383263
EK202310216468,139.9387894896491
EK202310201451,147.3775886433091
EK202310187386,151.87349875545354
EK202310113263,146.15508957072052
EK202310129498,146.00288389531795
EK202310168744,164.71867739183102
EK202310142626,149.79073825395864
EK202310190880,130.88753236545526
EK202310131573,144.88279541884773
EK202310220638,129.00388702132867
EK202310207069,145.75803596454531
EK202310116824,135.42901975304858
EK202310231727,149.94701009619072
EK202310184770,141.4902301504202
EK202310197350,151.34326692575922
EK202310147966,140.56498714263014
EK202310160556,147.53975890093287
EK202310242942,143.48914445411157
EK202310207659,162.59225214529607
EK202310189516,131.78167783744118
EK202310214218,166.11583962788262
EK202310105070,138.8750905422392
EK202310218843,153.3829572538618
EK202310163176,147.30235274412723
EK202310109656,144.21034212835008
EK202310004202,120.54381153409949
EK202310203545,146.20353995592305
EK202310153518,128.11929404218233
EK202310119723,145.5665482442741
EK202310122303,140.4907433778406
EK202310113636,151.57600248026273
EK202310216948,124.93038425835033
EK202310154167,128.48265180180255
EK202310122355,132.60535357722262
EK202310150417,119.88564615989534
EK202310218226,139.90109995885956
EK202310191370,139.25189049240996
EK202310146010,140.1643884562174
EK202310242320,144.44041567353025
EK202310182162,149.7354509581948
EK202310129315,152.05972967776728
EK202310106705,143.66580293532783
EK202310240258,137.4026449203024
EK202310241039,160.25721335217042
EK202310204816,137.7236342864206
EK202310142491,134.9415909493952
EK202310200125,144.43916314367635
EK202310111662,132.08999256374335
EK202310141792,137.54296785897537
EK202310242215,155.23931232536424
EK202310227322,157.17113640559896
EK202310206010,128.1895717497751
EK202310220576,136.36249725300826
EK202310169744,147.9857837637941
EK202310236130,162.86905047794593
EK202310117603,136.42807512288974
EK202310164018,137.7113788429524
EK202310173758,163.66133951280338
EK202310169263,131.48050093015695
EK202310220742,128.72184696096687
EK202310234928,150.9177635279613
EK202310133036,126.92915705449752
EK202310134185,144.6750077740162
EK202310185530,151.5018145116891
EK202310218330,148.9805329438079
EK202310220164,137.2156819037121
EK202310136625,139.32836537487265
EK202310190327,126.38257320823405
EK202310156810,132.05987704772699
EK202310235883,155.7793417141771
EK202310135135,158.25373420767954
EK202310232747,134.57226613288293
EK202310146074,142.39658584453676
EK202310170263,145.78879779292228
EK202310117439,129.78139707252427
EK202310155695,134.64793009498376
EK202310180749,118.00891076734057
EK202310165733,155.44377225559643
EK202310122820,138.4767745545217
EK202310132148,160.98236514574083
EK202310174037,139.15533058364315
EK202310116351,137.2365690478756
EK202320007454,158.94950508518693
EK202310126404,141.8268882486604
EK202310179147,133.18497903370184
EK202310119107,141.16152169718492
EK202310232208,130.0075071853741
EK202310146308,147.48366244298248
EK202310221836,154.1157236756988
EK202310241730,155.394679393811
EK202310126972,138.3249862993409
EK202310190112,152.66451020091176
EK202310189550,181.45228108092553
EK202310167601,145.1139894067794
EK202310129178,152.66089188662255
EK202310208362,137.54004506507414
EK202310108633,129.6584258523769
EK202310119330,131.06279759781398
EK202310241595,134.94732332236018
EK202310133580,153.84478089919145
EK202310184140,150.87348253916716
EK202310243629,142.2042115897375
EK202310240837,125.8791533294871
EK202310133514,153.69262171433897
EK202310248438,139.72611456570496
EK202310144323,155.07585010289043
EK202310199263,159.49212722683902
EK202310170561,147.64289417313614
EK202320006441,151.76459476847626
EK202310156158,140.03830776369074
EK202310160966,125.43723152797409
EK202310170924,138.23406542729282
EK202310166196,169.04572778633062
EK202310180519,148.23700424278456
EK202310163021,118.94306319966117
EK202310217277,135.3927321409946
EK202310182542,154.36696614178612
EK202310187706,142.6703882213835
EK202310177424,149.56533260916282
EK202310116469,126.17658267841577
EK202310126864,150.442076086382
EK202310171044,155.20397417709106
EK202310159422,143.3553820915102
EK202310126564,155.09894343157433
EK202310136978,134.94149891105363
EK202310227254,144.00864657296214
EK202310241407,141.55899135081378
EK202310151596,150.93964666537622
EK202310143155,135.5563210807668
EK202310003368,145.7902813860902
EK202310225579,138.04985254412105
EK202310142662,124.65955094574053
EK202310124623,161.7102085572634
EK202310117099,149.8817058275337
EK202310209488,134.61309150476924
EK202310218949,153.16977500622025
EK202310163688,141.27107956822795
EK202310233616,144.04797409469515
EK202310181063,152.4424144415488
EK202310122017,142.88905031407106
EK202310232279,124.69600202294465
EK202310188255,157.15299226766047
EK202310222087,130.00007005768822
EK202310235863,133.9878512455842
EK202310142201,179.8378921291832
EK202310142028,128.50503869961727
EK202310105750,133.30097133114148
EK202310192986,156.10795332700198
EK202310183238,151.03027702807842
EK202310184211,144.06322813794796
EK202310114501,128.48836347452615
EK202310183815,143.05211066003199
EK202310239065,138.09467980726632
EK202310203010,134.24843286798935
EK202310119934,127.32554599132177
EK202310245690,135.90736336607927
EK202310228481,132.67785983266285
EK202310115026,133.78183299304266
EK202310227715,114.3880919866757
EK202310147211,150.288054100837
EK202310112774,150.0090679739978
EK202310213753,142.51314139172396
EK202310115799,143.1629148749611
EK202310158491,150.07123012648495
EK202310224855,130.17568496239537
EK202310175378,147.51327220248436
EK202310120852,137.64085259628715
EK202310115724,135.3659886818929
EK202310188278,160.84103169807892
EK202310218258,126.8300947167059
EK202310187357,128.76580507428642
EK202310170314,149.29457341128992
EK202310219875,142.71680795598598
EK202310198138,148.83447409353107
EK202310238879,160.1088682094912
EK202310179039,148.77229064068683
EK202310221294,110.37200887685897
EK202310181636,136.02878624880123
EK202310180030,108.70490934345122
EK202310188261,147.62470748267717
EK202310109627,146.21004343739904
EK202310218359,150.16758477241947
EK202310221160,141.55018696394694
EK202310210517,143.09769929080718
EK202310231490,123.21367960794794
EK202310142904,165.91696937229688
EK202310228183,127.706424649972
EK202310190608,138.212588745855
EK202310229652,131.8284610720034
EK202310201677,150.2313764584237
EK202310161948,175.8437693353482
EK202310164852,134.29053198637712
EK202310130019,144.02553563831918
EK202310137201,150.14973775580046
EK202310199958,143.08609356400876
EK202310168651,182.93454854838654
EK202310163750,147.14735656155554
EK202310164255,162.0503540007843
EK202310112200,156.9122274790434
EK202310226582,142.08081537827294
EK202310150983,124.00356016183025
EK202310117868,137.68355984395896
EK202310104519,129.97946421360498
EK202310112900,132.75152501630336
EK202310175950,148.45445833051912
EK202310132832,147.65222919886725
EK202310177022,132.74975332180574
EK202310224847,155.70821354347504
EK202310220893,153.98181779028175
EK202310140282,145.21307908976243
EK202310140130,155.50257163285602
EK202310111884,133.39535807645515
EK202310169119,142.3801994182941
EK202310114003,158.70225780062512
EK202310204840,145.06956010153814
EK202310227423,157.0715818029219
EK202310243266,141.27989940744413
EK202310224568,132.78061265385736
EK202310129159,143.53783244920817
EK202310216851,139.22558623280648
EK202310173637,148.74514894477798
EK202310137694,153.5225761852415
EK202310224949,153.08224104593438
EK202310182755,164.04109336348952
EK202310121872,127.3792922544774
EK202310199590,137.2581771028436
EK202310237216,144.113321845152
EK202310152666,149.65333292646343
EK202310119202,157.66706893229778
EK202310154055,128.8786051700215
EK202310131194,143.94731608975076
EK202310205515,126.90509573484283
EK202310226482,133.4829939569346
EK202310131717,153.62609517158901
EK202310116461,127.3602517443237
EK202310209370,142.49640105322172
EK202310112844,130.03740446914435
EK202310148195,138.58252600722415
EK202310205500,120.51153514634778
EK202310180785,159.59022801910078
EK202310114659,147.69812641987724
EK202310206704,144.07413609840063
EK202310194100,122.63317136318432
EK202310192316,146.22133128260847
EK202310227158,141.93600966073174
EK202310210960,138.53982511036827
EK202310201569,162.49787947232096
EK202310208440,154.1314998440765
EK202310159738,155.47138305029938
EK202310167571,181.29806235199743
EK202310133506,134.81871040755277
EK202310206074,172.55848564830697
EK202310189737,148.29036943758996
EK202310168575,153.61518630415185
EK202310159786,141.0556722671979
EK202310241528,135.8431924258054
EK202310135551,163.26315657883617
EK202310154421,166.25390657198972
EK202310229939,139.6897506602103
EK202310199977,140.40944583083729
EK202310212346,131.32426388832175
EK202310240842,111.01938729103176
EK202310188648,138.713993449695
EK202310204867,139.3293603732199
EK202310221803,133.29616619426636
EK202310216991,121.48253110851971
EK202310234267,146.55303669349607
EK202310164050,145.98771051349513
EK202310160606,98.91426658141805
EK202310163801,135.295885397851
EK202310202607,148.69670965006506
EK202310211679,142.60255008792757
EK202310161289,139.0214760215197
EK202310216723,124.0042673604813
EK202310241675,142.06979107114097
EK202310227693,152.59065089742143
EK202310153006,125.79376019913667
EK202310152517,130.3734519643334
EK202310119296,169.18573335722846
EK202310135167,143.53085653320562
EK202310129365,135.749462704316
EK202310224938,134.45876496777734
EK202310246031,118.70885800495442
EK202310227934,146.17508732282704
EK202310155888,132.818213729377
EK202310112003,151.55329519475225
EK202310110042,152.91883385059526
EK202310202481,133.48162081258687
EK202310119852,149.50009798501418
EK202310191910,151.72467233945056
EK202310208404,136.93163997407044
EK202310175620,135.7465311022798
EK202310162522,156.86055812529358
EK202310141148,127.66740072396257
EK202310173552,124.28231237399359
EK202310235762,127.02925751431088
EK202310170630,137.88233900016982
EK202310215013,163.7934403644479
EK202310233350,134.5100236228942
EK202310189297,180.44428951448583
EK202310201145,165.63387385671064
EK202310128701,130.4804255274894
EK202310135409,178.06491541640972
EK202310117705,125.81435938893412
EK202310122677,136.48975055946832
EK202310193307,151.1220995068216
EK202310150126,162.59057891718226
EK202310203066,141.85236889348474
EK202310243263,167.94278021170567
EK202310147744,140.5482287387036
EK202310115839,131.11618136017753
EK202310120766,166.90911388409143
EK202310141591,137.95032848209553
EK202310171912,137.97667552825223
EK202310105341,139.9835880150626
EK202320005577,161.76726678063957
EK202310168922,163.43150473631405
EK202310241884,132.95689266595772
EK202310231171,141.69858982587417
EK202310160293,137.9996196259687
EK202310177237,129.6565637223495
EK202310003836,135.43883250093327
EK202310159624,140.28773389182578
EK202310201626,136.4085811960333
EK202310109032,150.1702840923731
EK202310139930,144.47312134657338
EK202310004116,128.7726140637564
EK202310186841,141.0443592741791
EK202310118029,142.89365892353896
EK202310239323,137.83720941943372
EK202310204171,119.15562281665244
EK202310190000,153.2752085388738
EK202310220235,151.2018483925874
EK202310200517,140.93287239710708
EK202310124822,145.66551877779162
EK202310206677,150.4508178945773
EK202310173092,126.43161003261885
EK202310140031,159.17486968357812
EK202310118392,149.4259539426028
EK202310241116,147.9863075466194
EK202310162167,137.23829221292152
EK202310165764,128.93231615369743
EK202310109757,133.06655969947303
EK202310166993,147.90928378950923
EK202310178462,150.22717492210234
EK202310236406,133.29545476671134
EK202310168692,129.74391992805624
EK202310221373,163.7106753852148
EK202310144973,119.91114590234237
EK202310125785,129.3301240784082
EK202310187049,143.47171650351726
EK202310216907,143.37144047040485
EK202310129517,135.5456948335475
EK202310195530,125.79813270791357
EK202310177392,183.80522023322078
EK202310224171,153.27859100361763
EK202310195298,136.70382897889945
EK202310196360,131.74568579803648
EK202310197685,139.2150351708388
EK202310127212,141.1154374915513
EK202310194711,148.3356466244874
EK202310134995,165.06136292576565
EK202310215322,133.78072163808068
EK202310129156,135.99232495720807
EK202310194573,167.08943706588443
EK202310107850,148.63636685240957
EK202310224151,148.6615794235675
EK202310236621,135.56869918169932
EK202310240110,144.71988282791557
EK202310151137,164.77195250170286
EK202310245976,143.8659013023689
EK202310201981,128.61822437697182
EK202310128852,135.4854492983518
EK202310105479,140.79956421663803
EK202310134237,145.75409094575963
EK202310186135,144.63890122266378
EK202310126691,131.95895407993783
EK202310230960,129.4645493221521
EK202310167746,134.50926059170894
EK202310220451,153.2950470880348
EK202310187367,117.55998876979352
EK202310211918,137.97340649928492
EK202310218758,135.1123385080567
EK202310170030,160.05989519127678
EK202310182773,141.26464373392022
EK202310132214,142.68118169665328
EK202310004044,151.06312740146595
EK202310210481,142.10454676223603
EK202310233818,151.7081780243394
EK202310134772,139.62936169274732
EK202310190788,154.561618309325
EK202310245891,176.9762692202411
EK202310152473,146.96796267826915
EK202310173468,132.712523607346
EK202310134860,144.6671915389888
EK202310219927,144.71330599495377
EK202310242547,146.04927651770174
EK202310190542,152.8838343567871
EK202310248304,145.66423206269883
EK202310234323,148.6241023600664
EK202310116774,142.79607884743672
EK202310162192,140.0992279107815
EK202310200226,126.56919921949515
EK202310223298,126.78480988944736
EK202310131109,156.54973362753603
EK202310170422,128.72405194928356
EK202310247958,128.46761782266356
EK202310150344,134.27974861978046
EK202310186547,161.08255623187864
EK202310159511,130.33930885339805
EK202310107832,122.59190426745674
EK202310157429,140.32143007157353
EK202310206031,138.61247544182245
EK202310153162,154.6540596498255
EK202310246453,123.95288586131502
EK202310169465,126.2249272642029
EK202310127917,140.98557475299117
EK202310230060,133.31831963618163
EK202310115986,120.7566070487924
EK202310231341,143.4684272465537
EK202310207431,143.47740539939176
EK202310115427,138.55619462746094
EK202310148216,155.4847605406254
EK202310236465,139.54365950741564
EK202310214889,143.43665595639473
EK202310183344,124.42792963532888
EK202310115563,148.2763260893608
EK202310204127,143.33071642633428
EK202310148558,169.87013195154736
EK202310239253,138.663460590882
EK202310223421,143.54235209064427
EK202310164157,155.87207339771388
EK202310191038,126.77113751067697
EK202310206653,143.68982612406936
EK202310189587,122.85751729891507
EK202320007832,140.99301978401851
EK202310107195,141.72898993977313
EK202310154834,155.02331749148252
EK202310225399,151.03604667307332
EK202310200244,124.64164690607396
EK202310181369,138.1161330313494
EK202310238327,150.53406691011855
EK202310119929,152.85800210356817
EK202310199445,157.3510428864431
EK202310167881,139.9221530729926
EK202310134304,138.2977100180473
EK202310206774,156.65512883617876
EK202310217924,147.36643173826656
EK202310114025,130.43601660119032
EK202310153648,149.64202131799505
EK202310168223,143.60052620232688
EK202310217182,150.2681626938596
EK202310228108,156.632255250545
EK202310106503,131.7758600179496
EK202310132704,156.8518122549288
EK202310146469,135.58127740498665
EK202310190547,146.71448807247083
EK202310131045,129.18823958780268
EK202310120149,135.97124501085227
EK202310188786,146.5096764294036
EK202310164309,152.8296784603614
EK202310141856,128.8059659454729
EK202310174571,154.1574378529512
EK202310191248,148.50166101959715
EK202310228497,124.79061804565117
EK202310248650,148.3363776624401
EK202310003518,138.46340174643314
EK202310184477,151.2361215203638
EK202310177306,136.6231597903816
EK202310124268,120.67182561921109
EK202310207962,150.27855132858596
EK202310187364,139.92193993881014
EK202310188630,176.83425952161195
EK202310183825,178.087648394247
EK202310228647,142.5217679499641
EK202310242814,139.43349191596752
EK202310190403,123.37868601070592
EK202310152077,166.7230177839073
EK202310127706,141.8814203231965
EK202310142346,139.9780237069117
EK202310140834,135.07946662947765
EK202310124143,123.11953276300832
EK202310158418,164.13103449933556
EK202310104315,147.16359820103511
EK202310186057,117.09001392524706
EK202310175318,160.34682592306936
EK202310170196,127.81430021936424
EK202310222979,156.34913349255152
EK202310179579,132.03005591980926
EK202310131268,143.3562338385061
EK202310232636,134.18806140135402
EK202310240941,128.6680416675197
EK202310162473,138.75605416608917
EK202310214960,127.97350814965061
EK202310158148,154.489874717055
EK202310240646,170.60700943038566
EK202310190660,155.58301787370098
EK202310137900,134.4222963935597
EK202310105369,137.48577388171688
EK202310182640,132.34016286704582
EK202310222831,163.1216761409062
EK202310158111,133.57871783151444
EK202310137268,149.47809547766505
EK202310172836,156.75242770815285
EK202310130602,125.37760987052224
EK202310116478,126.80143231935415
EK202310176354,129.5369058754085
EK202310136605,126.64223466925716
EK202310120400,123.58609799034488
EK202310138807,126.89315561783718
EK202310158128,150.82220027981518
EK202320007743,155.94688126884984
EK202310240290,159.28410097291092
EK202310176995,160.60050510800042
EK202310178489,147.75869471344166
EK202310125320,141.88799952691974
EK202310158248,149.54897936638096
EK202310115199,155.64636217766122
EK202310214342,151.73284944894104
EK202310164698,137.57365926666898
EK202310181281,152.44531110944578
EK202310105605,141.99612153300393
EK202310117153,139.2239456209456
EK202310169108,166.88969118898981
EK202310135565,133.72146299175225
EK202310176476,136.11590311535895
EK202310245673,152.68551243897346
EK202310200545,131.23268610290287
EK202310147448,134.3484390028663
EK202310195084,122.51122726272845
EK202310228420,136.73292903981422
EK202310136789,116.17362233357103
EK202310141614,145.37252698573204
EK202310151545,186.62660103497018
EK202310183497,139.73945908775616
EK202320005693,153.8191039759473
EK202310160617,165.97865987072433
EK202310207236,132.6770222674833
EK202310123254,124.8253061596004
EK202310131721,130.66462344759282
EK202310129551,144.77368277975427
EK202310125982,133.85196040307878
EK202310129231,138.23034621526003
EK202310237005,124.80478145654038
EK202310138431,147.99117311454933
EK202310107167,144.81978200640148
EK202310180405,123.73481638303437
EK202310185138,125.3804796028422
EK202310207362,129.96828725163851
EK202310188914,136.86436218528542
EK202310157622,128.2532343575056
EK202310209933,132.2959715342449
EK202310191168,151.44111190518802
EK202310168227,119.90958053524105
EK202310211342,139.17078049906434
EK202310166980,143.05162826471587
EK202310206475,145.3483232689787
EK202310186567,147.2410900903799
EK202310227651,135.14883940089743
EK202310157161,140.55626893154587
EK202310171211,159.66817816348438
EK202310132575,131.0249813253243
EK202310135453,201.74312557029774
EK202310219005,142.30048641089283
EK202310186299,132.83102116096583
EK202310122783,167.1404019376657
EK202310112879,135.79284139764002
EK202310236548,129.14893033688065
EK202310156862,178.49511081934168
EK202310158283,142.21711444078565
EK202310220175,145.94486517779538
EK202310205692,138.6002232623235
EK202310104703,144.42169607238336
EK202310201863,131.66136072308362
EK202310175191,128.0340401550163
EK202310143809,138.53010843711962
EK202310228164,146.65654448473086
EK202310227395,141.58969963952606
EK202310170797,141.36097395971203
EK202310147520,160.08381872555748
EK202310241613,130.51675776443201
EK202310135976,152.60639067430333
EK202310248616,127.70383403796824
EK202310246754,127.402404413857
EK202310197862,132.66351855060785
EK202310177128,146.82441709201834
EK202310232113,127.76228783158345
EK202310141746,151.27657103066926
EK202310168387,152.0439182780024
EK202310245345,156.1093162715823
EK202310209506,123.1870682408513
EK202310180792,158.53101923711776
EK202310230504,144.29749767713065
EK202310207171,147.9764058749809
EK202310123678,135.9577828272471
EK202310116185,143.10969681779676
EK202310237515,138.48227251603004
EK202310168029,147.69893813703686
EK202310226787,153.5858143426752
EK202310171773,142.06778728785335
EK202310213797,155.07835123731743
EK202310210449,140.99301978401851
EK202310200138,131.03390390091164
EK202310124561,145.3911012157482
EK202310104095,143.50261783146837
EK202310173838,134.38063815606435
EK202310188790,138.38561643774892
EK202320006026,141.0986923205435
EK202310175964,135.90824070024078
EK202310246749,132.69618466373507
EK202310211166,130.08007791360993
EK202310130296,143.30934248047978
EK202310133656,134.26796257676781
EK202310162528,146.15527187662724
EK202310232172,116.41713334556027
EK202310126678,133.56011208404755
EK202310175006,124.74395195469796
EK202310195947,136.04676622580743
EK202310175965,145.6916355424245
EK202310194000,139.10000010409874
EK202310109642,142.03916427801826
EK202310234602,141.10139531604503
EK202310216505,147.62320828722798
EK202310182057,148.90033980689995
EK202310205348,161.3904368716355
EK202310231919,141.55554521518252
EK202310143248,144.72286893552877
EK202310170516,146.6774419073823
EK202310228644,130.001918694967
EK202310162365,145.52204122748557
EK202310221959,141.431669931279
EK202310135830,129.94793566143633
EK202310132773,131.54623135028552
EK202310116452,141.38543737139113
EK202310125827,133.46349953525268
EK202310153615,134.52633494920977
EK202310104234,139.9705039274313
EK202310171291,134.2368046605358
EK202310143530,151.38414717860783
EK202310199377,138.40401540470629
EK202310148675,136.49937976537345
EK202310136051,151.3814934155412
EK202310108210,146.2429635236802
EK202310199466,132.81496266699384
EK202310227747,167.08327458470822
EK202310247834,134.82139384526772
EK202310241529,132.50935816912965
EK202310112144,149.9186857396063
EK202310182993,153.0040495301127
EK202310189245,144.6528680123783
EK202310160406,145.45028797471065
EK202310200045,135.44875650688618
EK202310220419,162.9119150053295
EK202310139976,151.38918192815018
EK202310004037,135.25255289008564
EK202310151229,146.00403895086555
EK202310124255,108.78444163991844
EK202310112236,149.6182459197294
EK202310169836,123.79183104093627
EK202310206379,146.90382501321355
EK202310237044,136.4302819731883
EK202310156899,160.6548162108355
EK202310135286,136.00605144207418
EK202310233848,136.00652269497488
EK202310243867,129.019528843735
EK202310193719,146.66954626376273
EK202310115856,119.32004882487554
EK202310152769,129.05390018721945
EK202310208931,144.2851358623087
EK202310166273,139.57818686433018
EK202310174146,154.45295355734888
EK202310216893,143.14842290045263
EK202310200816,163.33479630466374
EK202310117687,148.3837377001572
EK202310109308,120.10468989348176
EK202310130253,157.37086911117237
EK202310129353,145.72154712172832
EK202310232695,129.3428743442669
EK202310168934,147.9959298583064
EK202320006147,167.01517387349156
EK202310131865,164.39192023835142
EK202310154389,163.6596416318303
EK202310144452,127.72337821262687
EK202310109772,130.8127591000873
EK202310142187,144.04623708896534
EK202310220392,135.45330923482314
EK202310185327,143.59334651190002
EK202310147396,146.03905063974827
EK202310207907,109.29286918837886
EK202310137274,140.8389536303997
EK202310192264,134.97429978050624
EK202310217353,133.85924008337057
EK202310169024,155.47723701847886
EK202310168820,122.32108384907599
EK202310156728,130.67161349530932
EK202310172897,155.1540305284626
EK202310141606,141.04162615438895
EK202310209150,170.17589614313954
EK202310242727,140.65330203343666
EK202310172918,122.64526859998948
EK202310238608,141.64444488616536
EK202310118817,144.7632136157119
EK202310209232,134.7698455917962
EK202310246528,149.33343732598667
EK202310225110,171.10249794035545
EK202310196139,155.6781710656195
EK202310183805,139.62936169274732
EK202310109611,129.1798691005268
EK202310165156,153.06353453707644
EK202310169977,168.42054152922975
EK202320005840,171.11947606858817
EK202310164548,159.60653753957016
EK202310200636,154.71325396748583
EK202310175371,155.2109297904589
EK202310149850,158.34495605160635
EK202310192563,147.42221465879572
EK202310150786,141.53847805478674
EK202310232852,142.58220571963835
EK202310129104,163.0748578186694
EK202310222400,144.3674319969761
EK202310238847,134.29802763706033
EK202310215409,140.19188075431234
EK202310132626,149.2855133114788
EK202310209457,132.66237664877988
EK202310191648,154.19841621351293
EK202310211924,145.4910669105674
EK202310123972,179.19762773631993
EK202320006941,163.6991480445273
EK202310172894,135.38951047345384
EK202310201352,154.99946568115064
EK202310246908,130.1919993960814
EK202310159957,152.9151721902957
EK202310208067,140.73842125314872
EK202310132399,164.37371005427718
EK202310154363,146.19136368489197
EK202310190672,112.23015009296272
EK202310191938,140.9666521949199
EK202310190279,146.15049011932481
EK202310205127,157.43248125505033
EK202310202799,122.65783377475408
EK202310169811,157.23369666498934
EK202310131611,147.90490754571206
EK202310124021,134.74013498962117
EK202310105652,145.44305412420007
EK202310133772,126.32454817512495
EK202310222132,137.5639035251828
EK202310187623,135.06756718741318
EK202310138088,136.147798497916
EK202310203335,131.64680283424994
EK202310139562,157.80926555532534
EK202310239042,148.53216399990652
EK202310231151,138.7364312700635
EK202310142022,155.2198305576407
EK202310227265,148.80351212454354
EK202310122491,145.7905993124454
EK202310246498,129.83998096661438
EK202310237745,147.55465660688455
EK202310230083,143.79881974753593
EK202310239818,124.23140579409974
EK202310109374,138.87682938437615
EK202310188938,153.08090831321948
EK202310239985,143.77893825765852
EK202310190536,143.803688076028
EK202310108454,152.92437462385809
EK202310185187,147.3630914554673
EK202310214929,171.22654088811979
EK202310163742,155.0193797241716
EK202310133341,139.697170234289
EK202310123932,143.90337361894612
EK202310224048,143.83136223942526
EK202310194734,136.85925205390367
EK202310233579,124.51442433435821
EK202310111120,131.61319894825272
EK202310202005,105.40746893948008
EK202310170430,134.33194640350152
EK202310215966,148.4267538793575
EK202310142957,152.61101120182855
EK202310238877,129.73545034562994
EK202310197380,158.1072444927694
EK202310242798,141.7835572996186
EK202310118054,143.69964152578976
EK202310171995,136.57241157351567
EK202310156378,139.52949194278887
EK202310209380,137.2607065711644
EK202320005988,147.55700052768202
EK202310132771,139.73318286545845
EK202310196985,174.43164336350725
EK202310209813,140.54942688807662
EK202310156025,142.16170998711937
EK202310119261,144.75017094723924
EK202310200800,165.494626501792
EK202310113114,137.2003190608813
EK202310176337,160.862856913973
EK202310116221,145.58804650663376
EK202310185787,145.94223110809776
EK202310161101,165.0682183955737
EK202310109179,130.55181868152033
EK202310211864,132.17715674518672
EK202310233086,144.848613193438
EK202310203086,134.884107442225
EK202310209153,130.11888126564284
EK202320006944,142.77022274395645
EK202310124624,148.717996300204
EK202310160066,185.1043010104956
EK202310212610,149.48906850120736
EK202310176922,144.74937829759867
EK202310221476,161.4943274445574
EK202310178896,147.91624828049032
EK202310242101,132.8801960700216
EK202310208004,138.56479360224128
EK202310217499,140.79211533556213
EK202310133817,110.88154351805426
EK202310169528,142.11385066785155
EK202310239561,167.23403770611841
EK202310158179,140.46781587052124
EK202310145688,159.73482020284465
EK202310242791,152.08941462663014
EK202310152257,134.39717087012366
EK202310137070,147.90843542881063
EK202310146130,133.39033731863043
EK202310204201,157.6102337173094
EK202310155505,136.13362094355034
EK202310154019,142.63371696251954
EK202310233453,154.05935077564163
EK202310217804,138.38812827072326
EK202310172949,149.84187031762983
EK202310188635,152.02133620132122
EK202310117443,134.8173411481937
EK202310160841,140.01266774225084
EK202310125406,146.27777887034947
EK202310182154,142.84133721782976
EK202310118807,146.9285879076829
EK202310159569,166.54021908551792
EK202310185202,177.65930134803142
EK202310240184,128.20205142080374
EK202310180957,155.84750333838318
EK202310208211,135.2000109768995
EK202310152382,133.6687028234553
EK202310174048,147.85862217040616
EK202310150319,149.93704454632615
EK202310152702,142.93299337948807
EK202310170820,130.71359068395344
EK202320007378,157.90547233414597
EK202310131773,142.80981195195236
EK202310185301,149.46449509774126
EK202310175383,150.1912179308141
EK202310170884,135.62563045987417
EK202310178300,153.6066886008977
EK202310246617,143.0129559785467
EK202310238047,131.74328022438002
EK202310208163,173.5429982593991
EK202310124260,119.31305836181264
EK202310128456,144.07768281474333
EK202310212256,128.23571084183078
EK202310234312,147.66876952553713
EK202310104195,135.39584407739085
EK202310148897,180.54819862779806
EK202310158080,144.23856751402764
EK202310219877,139.47307304911604
EK202310165158,146.80532806435355
EK202310109254,151.23897607095918
EK202310185727,139.61422273068797
EK202310143277,157.134950209838
EK202310194994,150.72108680133303
EK202310243012,148.25077743763012
EK202310134903,134.2655205805604
EK202310231333,141.77410759316254
EK202310156732,161.76362909092074
EK202310216366,151.06424727347047
EK202310220643,149.06104111010177
EK202310165968,132.10529555475637
EK202310246411,121.38577208342792
EK202310155750,145.14233707485354
EK202310190049,164.4899879517947
EK202310004189,159.35040435436198
EK202310184691,181.39249191280484
EK202310111760,135.6904354507907
EK202310176428,128.06190169481954
EK202310152951,146.31599425356026
EK202310104263,155.95785306952143
EK202310103997,141.73812710812606
EK202310229279,142.42103307996894
EK202310157826,155.8911611634528
EK202310142511,129.93332036710495
EK202310232992,136.37536352072527
EK202320007132,159.10832568940867
EK202310180745,123.54549918419347
EK202310225853,137.37511160877474
EK202310198235,127.44479931469753
EK202310196329,150.83186957114128
EK202310223113,150.2179427101947
EK202310166045,166.8132607118801
EK202310174983,134.2971220179711
EK202310197554,157.74371151839634
EK202310215823,147.87441644567437
EK202310122372,133.7965966600093
EK202310157463,137.30400693424482
EK202310175294,151.68466928429635
EK202310004183,130.39222563182884
EK202310111002,141.33912196800318
EK202310132507,168.2999952852923
EK202310226239,122.25640856636805
EK202310160993,124.6347784622941
EK202310177494,144.69591090797928
EK202310247179,157.2402723521956
EK202310159413,159.85021219027948
EK202310205675,130.00390482420582
EK202310204805,150.59481666953923
EK202310104970,146.11464047382663
EK202310143326,155.6016675852708
EK202310104508,147.8322974954125
EK202310109138,125.59657183816735
EK202310155067,134.58499002098733
EK202310180368,153.57362024143157
EK202310174283,151.99732787634105
EK202310164563,131.7009056169103
EK202310248605,144.82632548658876
EK202310144814,151.4903483545063
EK202310151103,130.45771266625528
EK202310137749,129.1441850205609
EK202310244871,135.4765515062349
EK202310231958,136.16556557412676
EK202320006420,151.08895088586252
EK202310180132,106.57276391167369
EK202310208818,135.16505817344063
EK202310242680,143.69835787681612
EK202310124810,182.37548688003056
EK202310179535,149.1281484197443
EK202310180039,130.96134624295647
EK202310142068,155.8482527201228
EK202310241810,138.3782358512736
EK202310142213,143.2098889947902
EK202310205835,129.74437379225998
EK202310176395,131.21735871317463
EK202310108817,148.2182966584178
EK202310144432,136.3342546273688
EK202310164208,145.08087064120406
EK202310125282,134.00869666558643
EK202310110364,147.0981589396293
EK202310147767,145.80105498987868
EK202310175310,161.59781412041528
EK202310169612,102.40934079390064
EK202310177089,131.63919024677568
EK202310164613,142.0015194862708
EK202310214491,168.61712000220174
EK202310159145,173.9724543005823
EK202310148143,155.56716765981093
EK202310130196,148.45826735713814
EK202310140526,140.7091132790647
EK202310220135,141.87251912132453
EK202310116422,133.54804682367083
EK202310121781,124.56076973762862
EK202310108897,146.3864431159083
EK202310110908,151.76716975926863
EK202310219796,134.283951082232
EK202310109152,159.49912792522505
EK202310217807,133.77108803671504
EK202310115494,131.64149552646464
EK202310221948,130.9379691359564
EK202320006012,154.2957535312553
EK202310119926,132.26984618914858
EK202310212680,135.22800770379874
EK202310004522,148.79609172164254
EK202310200665,154.02983310351135
EK202310159142,130.04779520640074
EK202310217394,144.7238293114477
EK202310247390,159.0457146020754
EK202310153429,125.26575350900096
EK202310133009,161.03375806857122
EK202310183153,156.5440992681077
EK202310223238,130.830379320388
EK202310189167,153.6302457656793
EK202310167404,143.12921660589257
EK202310123436,154.10628754152242
EK202310201161,141.24845839475233
EK202310202874,129.49533725328683
EK202310205144,137.65824683295733
EK202310211825,115.31607807229534
EK202310119888,123.2169420458475
EK202310187594,150.00467645121867
EK202310127146,157.54031149010842
EK202310115361,141.07091222938308
EK202310122062,139.25938836437055
EK202310161120,174.52938428932887
EK202310119640,165.26296069599624
EK202310196025,154.02760376607108
EK202310239045,127.28537473155271
EK202310197374,156.2019118358255
EK202310201644,132.7897595922253
EK202310239463,130.53048796898705
EK202310234006,149.63016941006384
EK202310209744,116.78337520153212
EK202310138496,167.19306606627597
EK202310159749,165.87766855525777
EK202310199933,138.41919036766916
EK202310121772,157.73900217984712
EK202310150984,131.500770507391
EK202310245852,129.40439421233364
EK202310129919,162.33468759446774
EK202310203657,172.45673995898704
EK202320007279,143.5056128882653
EK202310213923,138.46233184089786
EK202310004091,136.63071545647801
EK202310142372,168.05589068269734
EK202320007651,136.94801827185174
EK202310188243,144.51465233609073
EK202310162087,150.3910247560664
EK202310124791,129.8498540706635
EK202310111667,142.76607115501884
EK202310105642,123.58449583958529
EK202310196224,158.00635652180426
EK202310159474,120.90594831060812
EK202310137962,127.82217455055297
EK202310194276,156.21320907674726
EK202310155765,153.95330092959938
EK202310222240,132.40693887101756
EK202310175830,166.8513846542894
EK202310115286,157.53742698628415
EK202310179252,126.09850241256603
EK202310216929,138.04913798695534
EK202310158567,139.5994266383765
EK202310124273,141.29084372268488
EK202310162224,170.5565568072022
EK202310165570,184.89629857253402
EK202310151292,143.11429887861954
EK202310123293,141.76463582787903
EK202310151984,136.90547363791197
EK202310133891,168.1440487699993
EK202310108554,135.9036933143512
EK202310108056,152.2027931715121
EK202310208276,141.3873496798722
EK202310106720,129.5153840892816
EK202310164462,144.297294420178
EK202310153370,163.5274210225761
EK202310156354,143.85969683879773
EK202310120895,142.50237048377272
EK202310204021,145.52346080818586
EK202310144453,163.58748208163436
EK202310187876,162.09381036398025
EK202310234386,136.34338117958703
EK202310223302,147.90668592039796
EK202310198885,137.60665520288356
EK202310133774,155.8893680176939
EK202310216355,143.0579404367312
EK202310170923,136.87951654369783
EK202310190308,147.32228015515577
EK202310116974,150.26591111588783
EK202310147600,147.18808896721507
EK202310134725,164.8141103063137
EK202310205939,128.61413540587853
EK202310166068,149.79151864788477
EK202310228965,139.90223529376323
EK202310106007,136.22114812162175
EK202310192113,151.70475259233402
EK202310168030,157.9313790252834
EK202310119751,151.03464134911152
EK202310196784,137.37186356329389
EK202310147073,152.4092940495315
EK202310215585,163.90915878012504
EK202310176737,118.21125816189814
EK202310191426,147.80836901924036
EK202310234686,139.40795906608247
EK202310173981,135.46434477715007
EK202310238285,147.1775266427631
EK202310004398,135.78453275384638
EK202310227760,144.13173819532517
EK202310228813,138.05487067098392
EK202310108999,143.3223663323238
EK202310170661,142.29531805792206
EK202310107069,126.94346085020047
EK202310107605,153.22864318877495
EK202310149427,167.42146377113556
EK202310235767,124.69616998920449
EK202310146513,148.1102397843357
EK202310134095,135.68658095660513
EK202310212824,165.2732275374702
EK202310187784,161.60592976396433
EK202310220588,153.77196194881884
EK202310171664,126.91418542825507
EK202310213580,128.7486239524313
EK202310117169,140.19241005304215
EK202310225689,134.95134461130573
EK202310228834,138.939793833153
EK202310199085,163.47143122027575
EK202310115337,136.95949577392807
EK202310222451,130.60939646190081
EK202310120450,154.95784145826218
EK202310196902,161.8547255475657
EK202310213448,138.18157331845418
EK202310194551,169.50152257793357
EK202310210607,140.42619634292384
EK202310240625,124.58927300044141
EK202310232826,149.88952587730398
EK202310115580,155.15120427799596
EK202310230496,128.53326726776584
EK202310153896,156.84996504645542
EK202310167421,154.067525310374
EK202310185386,177.93797474423133
EK202310226162,133.27319443239114
EK202320006296,156.16199214857232
EK202310122211,144.52845537220776
EK202310120410,144.65504086103184
EK202310135887,149.85218976844584
EK202310123262,140.65960791440568
EK202310116308,136.91101402905528
EK202310141964,137.6149755544607
EK202310114738,135.50038047808917
EK202320007799,155.3715119096016
EK202310135945,146.84717467900035
EK202310152049,139.69379105764887
EK202310159468,141.1842068624979
EK202310137922,138.5683378560912
EK202310137799,133.6429005098447
EK202310185003,155.69327477866824
EK202310183141,121.99965113722845
EK202310179706,128.6023927816884
EK202310226300,125.9637999547235
EK202310209408,142.95707243350532
EK202310224094,131.18283546287654
EK202310155840,140.04170056410464
EK202310153392,157.10215822470215
EK202310119916,152.90578871727706
EK202310189485,138.10265948823908
EK202310153973,164.26887761316735
EK202310143859,135.44583884332883
EK202310209322,163.45310542957642
EK202310219928,136.41693100983113
EK202310177843,132.17586596183511
EK202310235521,158.46723615953127
EK202310227218,140.91660044584214
EK202310120634,140.5488928353373
EK202310237236,118.39266113477849
EK202310174275,161.91374828789083
EK202310207517,150.6872351142119
EK202310197066,141.2863997237138
EK202310235418,135.3374228633054
EK202310229043,144.4821399189977
EK202310232518,127.93012015137731
EK202310127726,143.2583758913484
EK202310216259,158.41072625473657
EK202310132033,140.5320542767459
EK202310204271,156.01779413030903
EK202310194461,159.0012436118985
EK202310202541,161.2627489026318
EK202310201397,154.61228267374813
EK202310169275,131.03481358370954
EK202310115278,136.5163032061151
EK202310157300,164.76802004417172
EK202310111329,136.94144998731426
EK202310132731,148.77576637058556
EK202310107770,154.82105938092693
EK202310131063,172.62260056861928
EK202310212722,136.2048069629718
EK202310172610,152.90542130997045
EK202310243791,121.2623510316805
EK202310219499,125.32617504485145
EK202310131588,151.03355712115354
EK202310217120,124.93199083582707
EK202310172169,143.59991598504956
EK202310133205,137.9916630361634
EK202310190824,161.70208344729812
EK202310119229,135.92541059292483
EK202310172059,149.83868809705325
EK202320006521,132.4886495253404
EK202310221989,150.92879275873517
EK202310178785,168.76691829133205
EK202310183830,135.19369668132256
EK202310168297,143.13969157798854
EK202310127675,117.95436742578809
EK202310172854,133.75874865986756
EK202310176515,148.64027581014773
EK202310154731,157.71054957538954
EK202310213784,159.0853308765714
EK202310150574,140.22279099085097
EK202310130454,135.08716230227185
EK202310131489,152.7628242339814
EK202310174498,146.38663831010444
EK202310103853,146.27842233752153
EK202320007395,154.2727645610763
EK202310182375,148.5541930126549
EK202310146376,145.14423096467652
EK202310236179,133.471193269479
EK202310149241,132.80637597180672
EK202310135136,132.85010614581273
EK202310140867,135.2904310572784
EK202310223502,152.39574182793442
EK202310243943,142.92203606492436
EK202310174164,157.81389539005917
EK202310158044,141.7587468822541
EK202310148103,140.90893654266694
EK202310156336,145.40641166845592
EK202310190263,156.24127734694662
EK202310176162,163.60692056679397
EK202310129272,133.82341915086064
EK202310199173,145.16500421512447
EK202310150794,151.8865913463939
EK202310207717,149.58704498995002
EK202310109712,131.58198402332027
EK202310142567,149.89262256926082
EK202310117141,166.51951378607293
EK202310204093,141.37916339792434
EK202310241706,144.5413642476271
EK202310183611,172.00152177589254
EK202310233211,149.5133906652696
EK202320005748,151.32976972800776
EK202310124159,153.93365597621647
EK202310138315,132.8616765404407
EK202310193796,191.94622862308984
EK202310218166,164.60843041700187
EK202310229779,130.66503990016466
EK202310131658,141.42728603064242
EK202310229978,122.49672579613848
EK202310171658,134.49739950472437
EK202310121521,134.08766723992386
EK202310190841,157.25212728259686
EK202310104228,143.30260452469696
EK202310113040,140.0998821998266
EK202310131735,145.81271700982606
EK202310170151,146.21589264935616
EK202310124366,116.12839490507311
EK202310149451,144.58077861001345
EK202310206552,125.47968956403213
EK202310129905,136.7241700003884
EK202310227850,135.14664473050425
EK202310235398,139.9039586416983
EK202310218108,111.57246757072897
EK202310157681,128.01846062470224
EK202310214538,139.5766941460633
EK202310201752,161.44742673518928
EK202310105353,136.3226020072228
EK202310106768,129.69856057748916
EK202310200116,166.90349663130368
EK202310127715,127.63356024753837
EK202310105124,141.3477169075225
EK202310198102,138.61214779906845
EK202310106141,129.9782006935048
EK202310165059,147.74600480482962
EK202310163969,149.34134422758981
EK202310163911,156.35747873179938
EK202310160055,144.380688572394
EK202310126497,138.30785384363023
EK202310189545,178.2722219571252
EK202310187535,147.39461082839196
EK202310224997,125.9637642950262
EK202310147587,121.9674723175115
EK202310130969,130.2574722309152
EK202310157178,162.75206101136996
EK202310150244,139.04112162472214
EK202310114255,151.43116586444475
EK202310214855,138.07612051230308
EK202310158832,163.70125730023162
EK202310143631,125.70794757703445
EK202310206903,149.3626347719211
EK202310213965,169.8458412630108
EK202310140974,157.67223846895328
EK202310243752,145.64430640227198
EK202310230647,159.6422377667218
EK202310110490,137.83284241235012
EK202310168466,134.72516266517863
EK202310138755,161.70974469480737
EK202310169502,128.20173751628138
EK202310203430,164.47190341216702
EK202310163679,151.0573844444553
EK202310157628,130.97347381098265
EK202310224841,135.39604265578527
EK202310153096,170.67490026167866
EK202310116043,125.66251677540072
EK202310201955,131.56541839294897
EK202310240755,122.17623182133153
EK202310215391,177.01213852724104
EK202310120508,126.05208452067525
EK202310166816,134.17926401037855
EK202310197615,168.05426488330215
EK202310149113,155.1176208389855
EK202310187571,140.07539356547474
EK202310234394,134.7086516412631
EK202310204787,142.90887241840431
EK202310170562,163.66247501854508
EK202310158575,145.61232416822688
EK202310200164,144.21044227768655
EK202310167493,132.14384839091784
EK202310181034,132.99053025377566
EK202310167070,133.6408054084343
EK202310221166,116.2126742830517
EK202310157175,138.66849953591083
EK202310148464,141.53302324020336
EK202310143208,148.69625183910054
EK202310139027,121.19332681165727
EK202310224872,122.90741869065579
EK202310173761,149.93939814686175
EK202310234649,129.14185743196674
EK202310134946,154.4008127860007
EK202310132145,151.1775778831911
EK202310124351,136.06304617265258
EK202310240711,131.13110284992808
EK202310228181,137.11460916156233
EK202310152792,128.72404723142162
EK202310218480,164.25343778201528
EK202310233680,163.2009188181265
EK202310226082,145.86556478634515
EK202310166293,149.75271583060842
EK202310178413,167.08028699866256
EK202310192848,144.60793683816473
EK202310169316,128.3677808490001
EK202320006913,150.715121583654
EK202310108324,133.37746336759443
EK202310209693,158.4146949042315
EK202310108004,165.19339060423096
EK202310198846,152.64570580154685
EK202310219677,146.61522656551202
EK202310164857,154.77566673067574
EK202310147656,168.64826684124284
EK202310145013,133.0833327843883
EK202310147368,166.9061898850814
EK202310170036,123.1707958339642
EK202310120376,120.92641736231928
EK202310150683,129.65134249891997
EK202310240238,156.03572003219523
EK202310217185,173.158462302741
EK202310164586,158.8763977122754
EK202310198428,143.93124599768726
EK202310233407,141.56477797879063
EK202310163412,140.02357804157327
EK202310151118,136.8824444567996
EK202310206940,169.4965399141393
EK202310229350,116.05010093635869
EK202310118968,142.7389188943841
EK202320006106,154.67283354804897
EK202310201360,131.71880596083827
EK202310214617,158.35560165473893
EK202310230798,124.70097674653415
EK202310131993,116.0777463681959
EK202310165856,180.6992366646294
EK202310208421,137.83752124831818
EK202310140732,123.08010618847756
EK202310134224,152.68751920024297
EK202310108759,136.64906515171762
EK202310115586,148.50591126693618
EK202310166328,134.52697411938715
EK202310104171,156.78315578965055
EK202310218466,116.65253792495253
EK202310186769,138.12904852622
EK202310231774,121.17527841027766
EK202310130856,131.73057039663436
EK202310199243,153.1129620056309
EK202310178583,159.78045913743986
EK202310231077,138.39450662213082
EK202310232984,115.43175545438834
EK202310204584,134.25638555596925
EK202310210808,139.861562776286
EK202310243853,132.86955885928472
EK202310114871,139.1309706260517
EK202310220680,140.46543535756982
EK202310225716,148.12247738757938
EK202310171582,141.1438952678464
EK202310153093,125.95069050842696
EK202310170911,146.45074941086827
EK202310165452,179.86979132927803
EK202310235729,124.74540314271972
EK202310175158,120.14999958366656
EK202310161650,172.41404674152392
EK202310179057,150.77457360542707
EK202310173343,145.6286486624256
EK202310188221,126.67106848077765
EK202310207572,147.29941562102763
EK202310126999,145.56936387210044
EK202310121103,140.00845901777728
EK202310186391,144.58588520781956
EK202310210239,133.75844594966105
EK202310195085,132.3915048826555
EK202310160300,112.45140819003974
EK202310199891,148.51631787753192
EK202310163707,141.72654727318468
EK202310196523,156.1977087906387
EK202310234859,130.4188426416077
EK202310231803,134.511948170296
EK202310136798,133.15077171133714
EK202310244538,148.219529164051
EK202310004017,143.25215728933054
EK202320006492,160.50449233284886
EK202310185950,144.45420275187902
EK202310130639,126.0230068289303
EK202320005689,139.6607886904148
EK202320006687,148.37610660479635
EK202310167248,136.21564178226018
EK202310134731,130.56489292822806
EK202310179818,131.63030334967323
EK202310147913,125.83838341899258
EK202310153980,156.6756425852911
EK202310117979,132.3221332175886
EK202310149501,146.208119950251
EK202310236960,144.9394583288322
EK202310181994,135.4131903557799
EK202310170364,136.1290640681356
EK202310173530,144.0299548146845
EK202310111439,120.14536012584917
EK202310222093,141.7573685579257
EK202310144055,141.767584079478
EK202310214164,132.92629571545282
EK202310177168,165.55940399236982
EK202310233756,153.1549630055887
EK202310154451,141.32972767762965
EK202310193603,144.02830187277286
EK202310210012,122.66468278102793
EK202310109490,139.85518647288626
EK202310161365,151.5098902223959
EK202310153596,139.17258749610582
EK202310171021,165.92896154452035
EK202310135046,150.8001370511921
EK202310105468,125.19998602081708
EK202310180678,139.029930566902
EK202310123763,127.80745782961775
EK202310137466,159.23154705937537
EK202310138581,165.87076511814095
EK202310221347,142.1605083039736
EK202310175567,137.2606670250588
EK202310136752,145.45522330588545
EK202310129734,155.72645894232548
EK202310120365,146.0975948567535
EK202310127797,139.9090202473713
EK202310183416,145.01182084304486
EK202310239153,156.59382117631583
EK202310222246,143.00382315245128
EK202310144082,132.19873276240142
EK202310226435,143.4177140386274
EK202310110236,151.19389238284742
EK202310172009,132.27361438429432
EK202310152432,167.9554800425482
EK202310219667,134.80095933322346
EK202310202548,169.02487537777887
EK202310179444,128.17732488061657
EK202310110933,144.68355499209036
EK202310112714,136.31476948015813
EK202310129776,164.70666381470576
EK202310184025,145.20304711126437
EK202310199495,154.97509482061375
EK202310120853,152.4950510853662
EK202310110965,139.84911071465922
EK202310125670,131.43339529520387
EK202310129995,160.59840838184257
EK202310228248,143.54922585474216
EK202310128534,129.98571232823963
EK202310183479,138.99660429121198
EK202310159882,156.78457026894665
EK202310224442,126.09873220183817
EK202310119875,146.53807516348945
EK202310165118,148.877310958626
EK202310003461,133.69549799681613
EK202310127902,116.67755501674262
EK202310241227,152.37797514868413
EK202310177075,124.84241712140134
EK202310195321,149.65628546860611
EK202310109724,181.27232882630983
EK202310224884,126.69820095921742
EK202310246986,145.66925388656938
EK202310180027,152.89067494459937
EK202310143531,137.78915897875
EK202310180604,123.86743216689588
EK202310241988,144.1683264803621
EK202310109076,158.67271163808982
EK202310117902,136.64826315989256
EK202310215898,146.0399120389129
EK202310134539,141.03735475304404
EK202310239440,133.38435613531016
EK202310230665,148.02629708922873
EK202310172063,150.17410923283208
EK202310126450,129.48360932677946
EK202310229116,142.17931869788708
EK202310178898,153.36046908447892
EK202310111721,154.41863897359443
EK202310170101,161.42061763388114
EK202310158581,135.67309424246892
EK202310157015,168.4510524434935
EK202310229038,147.74017364419694
EK202310222680,141.6236954132863
EK202310111285,152.01085014285167
EK202310222575,154.5082186889383
EK202310156621,170.31503089589654
EK202310199481,147.40133735437217
EK202310204046,160.4644739743089
EK202310219609,139.95901572740476
EK202310222642,123.95023716873352
EK202310199140,140.45183012344708
EK202310200730,139.3630627485446
EK202310139007,127.65976256022938
EK202310126900,127.35719819739364
EK202310228039,144.78316227868063
EK202310177276,135.52582943724798
EK202310233570,125.06053866061167
EK202310237169,152.5779458759765
EK202310238023,157.85789141114958
EK202310127838,125.06203293371352
EK202310232618,136.88067333744692
EK202310114863,137.59793805629226
EK202310196485,131.92302113391065
EK202310128223,133.581780492374
EK202310121663,136.04972453063104
EK202310111075,146.36297090542317
EK202310131404,131.03719565440406
EK202310104361,141.1365102482608
EK202310188771,151.57745052383333
EK202310166069,181.01006271077821
EK202310225476,124.49619485322756
EK202310118945,110.50172226337727
EK202310203625,130.30597609370977
EK202310245898,148.40071114842922
EK202310197749,126.91370669484283
EK202310185073,145.81197131467184
EK202310114565,151.34877527227903
EK202310151446,176.29751200159137
EK202310206021,146.1188699061525
EK202310179791,137.54435465636809
EK202310205394,132.981252082057
EK202310166488,173.49457212822244
EK202310106840,136.06103135560753
EK202310115082,150.92822326673888
EK202310173564,148.78919628070204
EK202310205877,167.63782586210345
EK202310152051,147.59753041199238
EK202310144703,138.29519636822602
EK202310130259,150.67023789725553
EK202310177228,148.81811819428074
EK202310218957,127.58170408013295
EK202310142498,144.66272617199192
EK202310119549,122.41772926212212
EK202310233725,139.2242388622937
EK202310233810,142.66516286712624
EK202310210342,160.51058370987025
EK202310142303,149.23217762671243
EK202310227362,138.37700497718137
EK202310212631,146.99638890016737
EK202310148066,156.31435008340875
EK202310115133,142.93393271479326
EK202310145502,128.06439373558285
EK202310151385,173.58990706035144
EK202310245859,137.6309833104212
EK202310222753,135.00689569838855
EK202310170556,158.01190578238976
EK202310186591,107.71121259007495
EK202310141795,141.38821623709055
EK202310129475,143.01121727011173
EK202310117335,143.69977638583487
EK202310219091,139.84718519228184
EK202310224742,116.27141096071595
EK202310153827,158.51105874067432
EK202310159244,142.36764650994988
EK202310218618,127.0371387975959
EK202310229622,137.96423907770088
EK202310212905,142.54445413840202
EK202310190075,135.6700423127147
EK202310190265,158.4419540510979
EK202310168559,120.47257216775928
EK202310215223,159.58699539927386
EK202310231305,141.0532076506186
EK202310220211,129.12312182691238
EK202310183222,142.5392489649567
EK202310141182,138.2593003127465
EK202310227695,140.878587606564
EK202310233303,130.81196247582963
EK202310108658,143.0397274561263
EK202310157889,149.11080399673364
EK202310176473,135.86170263544255
EK202310235635,138.57589008158274
EK202310127390,146.3913140876082
EK202310137562,154.3205470924805
EK202310104205,152.4378118073179
EK202310174206,127.78441293312328
EK202310212816,161.67077757454442
EK202310147436,136.7347636625075
EK202310180611,145.32747338111523
EK202310210354,143.93716939788436
EK202310189663,134.52155577721763
EK202310119259,135.835791519626
EK202310235125,140.52537737044895
EK202310246750,139.10857759219562
EK202310218896,143.7184830279554
EK202310203786,123.84598569842191
EK202310180913,130.65212155022147
EK202310124372,130.48892083463744
EK202310165379,144.63698674692645
EK202310180954,152.92042793815318
EK202310145852,135.6019736992527
EK202310236766,150.73320975871025
EK202310134276,152.087867253226
EK202310121348,159.81114286279956
EK202310141601,142.73905504280708
EK202310128602,132.53019464934624
EK202310110423,137.76868087950606
EK202310145558,154.81944595811697
EK202310155126,146.34765171151548
EK202310148031,164.75769772004855
EK202310174648,150.89273178324663
EK202310107125,165.9159080369128
EK202310206336,184.88499663620368
EK202310244639,137.98085215608393
EK202310225703,131.1997106992142
EK202310246590,153.0905006415082
EK202310162037,147.54664329125967
EK202310214389,137.66360610368372
EK202310186078,153.5083699792001
EK202310237892,145.80154930118505
EK202310139019,139.3077608549238
EK202310144411,126.17794510323495
EK202310121887,142.60794821624415
EK202310182472,135.30110139054324
EK202310110577,132.4826902458671
EK202310217458,161.1039078346304
EK202310206751,149.7352684049179
EK202310135834,142.55910109372215
EK202310129936,148.50041728412944
EK202310193629,140.0802805590803
EK202310109058,136.40717510603045
EK202310229608,144.8683577828162
EK202310201686,137.27117438699108
EK202310206823,130.90001624424278
EK202310109660,136.2036477799192
EK202310202418,141.4749113015215
EK202310140335,134.94107853261116
EK202310198168,140.82260276214726
EK202310117989,140.30668870061467
EK202310110082,150.47919417079282
EK202310227199,136.58512778827517
EK202310219307,158.68160961214878
EK202310236825,130.19379606110704
EK202310114629,156.74890261374077
EK202310180370,154.81773176442283
EK202310145206,163.1440859940978
EK202310108111,144.67988275245156
EK202310226175,141.86817053630236
EK202310227223,168.6038706296278
EK202310199795,146.91380079709867
EK202310228694,135.22703230784182
EK202310217385,136.8335461443899
EK202310104812,123.15519968793657
EK202310216111,129.78504054363253
EK202310176703,152.18352512523103
EK202310240602,121.30711347402516
EK202310103728,134.992916224549
EK202310220868,127.7864014614558
EK202310114579,145.10734382423567
EK202310165033,151.20610706537016
EK202310150030,160.88315378867847
EK202310201296,157.58010455338987
EK202310105195,144.01415064903892
EK202310213553,130.46640100300158
EK202310162788,153.96820391096605
EK202310216325,138.04503469233117
EK202310144613,148.7945960275579
EK202310226580,133.99620462022008
EK202310229109,132.13767225355252
EK202310124954,196.39583037161725
EK202310205954,139.24851008536234
EK202310179712,114.1186514398039
EK202310193847,151.1042357419362
EK202310175822,131.70320215230024
EK202310116359,140.24477026616947
EK202320006662,169.40874421051237
EK202310111520,143.32521506701394
EK202310213288,144.7526794598067
EK202310191137,163.44392425598565
EK202310132404,143.54812702725064
EK202310201570,152.11837117782724
EK202310203322,123.37544965374614
EK202310143258,151.01090690246747
EK202310241669,146.216921846709
EK202310190261,157.57652083623682
EK202310145096,132.9650102457676
EK202310231686,136.1259914493586
EK202310163789,147.89974867485375
EK202310196402,135.02509144480538
EK202310230132,138.8923815805806
EK202310155673,144.2915667042917
EK202310210437,120.37750232964098
EK202310107353,134.553826737634
EK202310219475,141.13020727637948
EK202310232408,122.17565622133289
EK202310152774,116.0974602279002
EK202310200770,145.05504079482057
EK202310185372,151.6760629356471
EK202310119209,149.39830330401003
EK202310131238,148.45425029063168
EK202310162969,146.44507012952212
EK202310127182,148.27245506502499
EK202310245830,122.18120232567966
EK202310205893,139.29737135638874
EK202310104756,136.96174764632391
EK202310153892,141.60690632467757
EK202310244027,151.36142929729155
EK202310163145,148.6766763066063
EK202310165966,137.28898117848664
EK202310185338,149.68709703251957
EK202310004564,137.59928640933578
EK202310246545,126.00944778287271
EK202310243927,143.13513167721447
EK202310171098,147.87337726772438
EK202310226637,128.24259673377776
EK202310240501,141.38140908169873
EK202310213124,139.96219194602548
EK202310185369,135.62484746959467
EK202310184650,170.6067937178083
EK202310191710,130.18413151798273
EK202310186505,138.3702948588037
EK202310246315,149.28375895126686
EK202310128179,135.37625828775967
EK202310218717,134.59138405148158
EK202310140183,133.059101774177
EK202310218416,122.87054195020418
EK202310104512,146.65443592678886
EK202310148024,147.78714259214445
EK202310211056,142.35898202920697
EK202310212788,141.4633276781703
EK202310151708,160.2927839274399
EK202310192193,139.24147162736693
EK202310147119,150.39498761921539
EK202310134171,165.4606692371918
EK202310120405,131.0525439856755
EK202310197432,118.55538339242231
EK202310116473,135.25561701253503
EK202310148941,140.5312490711928
EK202310225424,153.32644529395714
EK202310160249,155.7291365633696
EK202310177564,143.28339738098825
EK202310147712,131.02638557065634
EK202310130033,142.08487440270054
EK202310161738,131.06919610194961
EK202310225844,128.7440278258342
EK202310200581,167.52847356389236
EK202310155845,145.00323729025152
EK202310121666,123.76976977665262
EK202310124396,130.87307580851154
EK202310234458,135.68378296808717
EK202310122157,137.45064836885678
EK202310122028,153.09640401760933
EK202310178168,137.73684823434155
EK202320006120,141.28403054801223
EK202310104089,127.77046516551714
EK202310130047,115.695574578096
EK202310233902,141.39405871190456
EK202310145593,136.41052048019387
EK202310145435,143.4670134171146
EK202310121638,139.5628980669462
EK202310175711,126.86043313397128
EK202310178650,141.2237732276476
EK202310209932,122.35147488488978
EK202310150842,135.5380861372965
EK202310176075,123.65114557839533
EK202310225913,154.42922624955267
EK202310223616,147.15930552160683
EK202310177498,119.42094329781875
EK202310210293,136.6538291253661
EK202310243077,145.66211634324685
EK202310120981,133.95295357526183
EK202310161599,137.13230950498672
EK202310199852,139.12589877771921
EK202310152182,143.45822059228803
EK202310201657,148.65926526839766
EK202310108940,151.84165275946722
EK202310167429,138.82824895423784
EK202310245926,139.1810675728125
EK202310152784,142.77111354386
EK202310124342,134.38757216365008
EK202310161267,131.95797207088867
EK202310145118,132.67536754420715
EK202310124701,132.9841393035206
EK202310144618,139.11267007384888
EK202310233384,149.37922353999622
EK202310207039,161.1354607868169
EK202310190234,135.51929644948353
EK202310198686,150.25202980461802
EK202310120341,146.7898850873972
EK202310247847,153.63146864669963
EK202310003450,160.74028903159052
EK202310134573,141.01815882830945
EK202310116321,130.25112213473017
EK202310202729,152.68312133060314
EK202310225102,187.14259014478841
EK202320007842,157.64793726402155
EK202310185093,142.6678891116072
EK202310147662,176.83953730253393
EK202310202843,150.0924713968078
EK202310233390,142.16748822088587
EK202310136750,145.49196583978735
EK202310132231,146.28617606810712
EK202310229820,123.38216387831834
EK202310198900,126.69615993149972
EK202310112722,133.82086392988901
EK202310124481,126.932340317979
EK202310168703,134.93689647311254
EK202310215506,142.30817388486295
EK202310227298,120.64807571188919
EK202310162425,151.5004027509662
EK202310147420,141.55532774429153
EK202310230006,146.83988733170307
EK202310107551,157.66419094483678
EK202310245496,129.3472206594151
EK202310121500,137.0594963212215
EK202310137045,122.51337008305397
EK202310004368,141.5761267442508
EK202310124048,146.0346370797948
EK202310123230,135.25818727853436
EK202310003475,131.40584643542763
EK202310129436,139.26461894733978
EK202310202223,144.6797113825705
EK202310135682,156.5651338339504
EK202310113775,161.72581684925322
EK202310143850,136.11542107095576
EK202310199362,144.43867504346255
EK202310206686,151.2845892132726
EK202310134277,148.2003640763304
EK202310244824,135.1076819712209
EK202310127241,148.12433148881544
EK202310153015,154.88044099732423
EK202310183863,136.1214212096782
EK202310194062,133.0211975596368
EK202310137570,141.46766215958587
EK202310105406,154.24205444373135
EK202310211726,146.75292841405832
EK202310140163,153.86368949504651
EK202310151370,131.95324544402536
EK202310183307,134.80218577638826
EK202310209242,117.10868218938371
EK202310201596,137.7803493829554
EK202310148319,143.54390782173294
EK202310212091,134.87833167045443
EK202310231030,137.44880109868978
EK202310111993,134.45407977167957
EK202310156211,152.64448405141465
EK202310104592,144.13145259011188
EK202310133538,150.3465439336586
EK202310143489,126.71100229808143
EK202310108608,135.15100396312113
EK202310209410,139.43204638650232
EK202310196298,171.69065498692277
EK202310200348,141.1744893336261
EK202310130825,117.6643007183682
EK202310211388,149.95185317746981
EK202310151265,133.99071679183837
EK202310161779,145.1322132036647
EK202310117949,145.39061277043595
EK202310204507,163.17451211484493
EK202310104001,132.66331372594024
EK202310217266,142.697685099929
EK202310210738,142.0206223322267
EK202310179516,135.62138480063132
EK202310185260,146.73399076724843
EK202310117134,146.91310450115873
EK202310218620,138.5175314430337
EK202310118920,145.57443822014164
EK202310174953,159.05868892399306
EK202310235880,160.0085063024065
EK202310246765,136.45940582607577
EK202310151192,134.13398419086045
EK202310218327,131.8734885843563
EK202310184977,166.0387505273158
EK202310106156,130.14893618250045
EK202310174601,136.97957830334076
EK202310242933,122.62681173146271
EK202320006248,187.51486904526251
EK202310155266,141.24378058446814
EK202310118205,141.6534319266624
EK202320007868,137.0420512388408
EK202310122476,123.61671951741585
EK202310246704,143.99974228427192
EK202310154390,138.76873389368816
EK202310208154,132.4852186510464
EK202310130903,130.19861419538861
EK202310244992,140.04286953859926
EK202310141315,133.67476765960356
EK202310119220,152.46061272543878
EK202310245411,147.95169237102107
EK202310122328,127.97920336986581
EK202310145979,134.05421590474205
EK202310137109,121.64395752185719
EK202310107808,138.41286809075768
EK202310237598,151.74390227933466
EK202310150637,153.8264874605964
EK202310115093,133.17790490578417
EK202310121973,131.00993106507053
EK202310201313,136.66896231200377
EK202310171481,155.17122178693901
EK202310151406,182.72514059446883
EK202310201141,160.1800302773822
EK202310179223,129.9442608747093
EK202310195934,160.07360937947
EK202310142396,161.13104733793506
EK202310161167,165.3130773545092
EK202310166581,161.78969934590077
EK202310247520,160.60201958876115
EK202310113867,135.5903468953273
EK202310124498,143.842467103896
EK202310156133,143.98476474538646
EK202310199597,157.70145559204963
EK202310161135,156.3795427638489
EK202310215679,149.2531517117189
EK202310238774,120.70000942365733
EK202310196868,131.45791272144118
EK202310112295,143.69707260252875
EK202310235239,153.3160969659249
EK202310127731,139.11405994505742
EK202310230868,153.00952239496243
EK202310217903,127.25171094387626
EK202310172613,142.61464707938805
EK202310129229,151.62771638467296
EK202310190368,188.58954338548
EK202310162297,142.34342162127493
EK202310222739,120.13669674859433
EK202310161749,123.60372316280356
EK202310155297,156.8794952111697
EK202310108502,150.54334047750328
EK202310130801,169.39341329111818
EK202310231593,137.02667362378685
EK202310125919,151.68430944140422
EK202310209411,141.30610989818027
EK202310179339,127.02233179537151
EK202310187200,153.58787867082904
EK202310146890,156.2536314700662
EK202310166979,134.76057166871075
EK202310237165,142.0472960249398
EK202310152579,157.91704122973965
EK202310003917,148.6903802402063
EK202310235269,149.0151547388457
EK202310108468,152.87790997515478
EK202310143968,131.17624426141856
EK202310160042,118.5768247055502
EK202310203662,130.31911707820558
EK202310151437,172.20551994801994
EK202310144465,131.25726087940689
EK202310190402,150.98202963402485
EK202310134264,134.3310261041534
EK202310234082,141.29010284568412
EK202310210958,139.28916739577022
EK202310139701,132.78513370707725
EK202310143670,162.73656898699352
EK202310144634,141.10923020252304
EK202310141663,153.76791054678776
EK202310137665,139.594400939524
EK202310205722,133.2891624747897
EK202310151909,145.29483738530053
EK202310221195,143.27966391867662
EK202310137582,137.3687799345196
EK202310194278,137.7185455704506
EK202310128272,131.948114815581
EK202310106468,149.32019376473383
EK202310144004,135.10767091078668
EK202310128173,148.55497901886287
EK202310111420,139.563732514005
EK202310120296,126.07705646761032
EK202310200950,160.8786048933992
EK202310175501,121.95332888449678
EK202310120331,140.45402794840868
EK202310228878,170.78772251251092
EK202310182513,161.65016996806375
EK202310146179,117.60066010886705
EK202310122722,142.18735552866727
EK202310105824,157.39396945157227
EK202310153125,160.9746311085009
EK202310245447,136.35670253603507
EK202310119032,164.08053664465024
EK202310121833,134.80310603901034
EK202310241687,137.15100727752633
EK202310239324,138.07671222846764
EK202310164441,131.7485316265691
EK202310140020,170.18523621259254
EK202310130010,142.6671965252218
EK202310121272,144.53987031193742
EK202310155947,135.85677274403787
EK202310235396,140.41935251100432
EK202310142223,154.49352864611222
EK202310112225,139.4979984897929
EK202310169440,163.47593891529172
EK202310136706,148.3477779084769
EK202310216973,138.43325980289768
EK202310226784,152.48547355289486
EK202310221041,134.04289735733985
EK202310231770,145.67595013634602
EK202310145329,151.50802594149363
EK202310134603,143.6237127982278
EK202310186803,148.8015148649361
EK202310004747,125.86713140345606
EK202310140470,143.97326951425677
EK202310195581,137.19914210540202
EK202310150690,131.70121945960204
EK202310107903,141.96770995468611
EK202310192146,138.99307884758352
EK202310148551,175.00662903677465
EK202310106261,135.79891838376034
EK202310146170,107.52829009836398
EK202310136162,144.89890296174605
EK202310113122,137.6314153036944
EK202310163718,130.6730184304309
EK202310183205,148.32575840967442
EK202310200858,169.39439778441047
EK202310196929,160.58617949640464
EK202310171438,155.7278268257475
EK202310174765,158.56647349067242
EK202310124046,142.55608943759896
EK202310152264,147.04288893008797
EK202310213792,168.64295103426664
EK202310165171,163.10889990732804
EK202310162758,139.9008062273401
EK202310143468,145.7018044025447
EK202310180043,128.28530281228984
EK202310147871,143.82882026421046
EK202310164549,139.42698485104185
EK202310201642,153.57213293372953
EK202310109113,140.85216364200383
EK202310174688,146.13702125465102
EK202310248259,151.56859923140712
EK202310185782,138.18356408799886
EK202310110936,136.35098264697535
EK202310117421,155.99043197564473
EK202310142478,122.87877555249989
EK202310141930,145.42465230629298
EK202310243981,132.40786426151433
EK202310172266,147.30475093800155
EK202310228140,140.38943967312795
EK202310176614,152.37270897140175
EK202310233607,162.47981366354816
EK202310106233,127.26690696033903
EK202310162621,163.4589258131085
EK202310190940,144.5576340184144
EK202310219344,151.983491805878
EK202310154188,171.44333159758438
EK202310219915,144.68272910065593
EK202310166730,147.9021149365148
EK202310117725,140.73508895005074
EK202310166726,147.70281641499722
EK202310163657,188.13774798607233
EK202310228898,160.7524645471066
EK202310184184,135.10337120370153
EK202310125372,137.24193578939813
EK202310119495,132.8291756361257
EK202310117082,114.38616036209844
EK202310146291,144.2930503106534
EK202310241466,136.21845510741556
EK202310150849,145.7862221271481
EK202310202757,164.38783607589758
EK202310182560,140.73474744546354
EK202310112973,124.03804536946758
EK202310213514,120.58181473514617
EK202310221393,155.2207547728401
EK202310158310,145.05983660948354
EK202310140347,142.7033083744338
EK202310175551,147.04758045673913
EK202310180868,138.659544554918
EK202320006868,171.81173542880634
EK202310248257,140.28794114311412
EK202310180309,162.40423626346706
EK202310229558,140.65828366334227
EK202310115971,139.56312148582217
EK202310160935,139.82954842012006
EK202310157633,149.70200657334868
EK202310146143,124.72540845349452
EK202310186183,151.32640858405523
EK202310211422,137.1013701667432
EK202310161977,152.79071926381317
EK202320006500,161.958498638825
EK202310150314,144.27277803952538
EK202310110846,129.2584897003709
EK202310203222,143.31848760461156
EK202310129532,143.7181847841961
EK202310129904,160.35057542132955
EK202310186467,154.9384701061112
EK202310147117,149.7397295740436
EK202310116424,140.63150368368926
EK202310149442,152.09044253077693
EK202310104505,152.9561438601125
EK202310121773,141.81346305891552
EK202310127109,160.32902048334998
EK202310201894,159.4068488190182
EK202310188361,159.84861740695192
EK202310193295,164.28704415553264
EK202310177870,143.66914692668746
EK202310113628,154.52483452601567
EK202310139300,142.94143784834583
EK202310142961,156.14744725505633
EK202310105639,126.18153561878151
EK202310200187,131.85040863062733
EK202310235386,137.68625533875073
EK202310201587,174.48897494821261
EK202310139029,128.93150778699473
EK202310170332,156.29165436801523
EK202310104539,140.10989997474996
EK202310221009,149.35763099738122
EK202310111917,126.56508427032225
EK202310155020,148.97604286847238
EK202310209995,146.71381474816965
EK202310201277,163.1328824253095
EK202310142737,148.78649417807486
EK202310226601,138.43626410629443
EK202310248195,137.4426045260307
EK202310181017,148.37603440875762
EK202310141427,144.098433595676
EK202310231407,144.57741036364246
EK202310137086,122.08938332299357
EK202310125507,144.47879636047793
EK202310122987,114.55263647518507
EK202310200912,135.5244520994679
EK202310104251,131.91536276966298
EK202310195674,160.46408600104147
EK202310223438,142.97371005202942
EK202310153194,159.60746355162067
EK202310213990,151.4853493571049
EK202310162781,130.35921887723794
EK202310187211,180.4227100037271
EK202310176227,151.15718269409183
EK202310234676,134.9935657562385
EK202310125148,139.8258125851335
EK202310177679,144.95054693527385
EK202310120787,146.62510415215266
EK202310145311,142.535362347053
EK202310122627,143.64117625831912
EK202310201377,149.42106064345967
EK202310212640,134.46512551988062
EK202310123690,114.85887699063457
EK202310111428,147.63208552510835
EK202310231233,136.4303634662494
EK202310205587,150.51907698139647
EK202310126571,130.8769901064566
EK202310145090,144.56615110119216
EK202320006877,147.78264171229247
EK202310172065,140.59155246728724
EK202310198983,123.80565675216977
EK202310169546,125.86757415006747
EK202310111317,134.23281070652607
EK202310119424,120.72319771279312
EK202310135345,164.9287256038961
EK202310118372,130.00574305773833
EK202310170295,147.64818671626827
EK202310190557,141.9899261747629
EK202310200195,128.3839770307619
EK202310131868,175.59184348407652
EK202310158562,162.34064248427404
EK202310150891,136.23587368236758
EK202310151386,177.1112654430759
EK202310243101,143.4596877904644
EK202310146970,129.04648072460415
EK202310194638,138.5648523266719
EK202310142085,105.94272305359583
EK202310155341,141.89317963270045
EK202310226663,138.58325527835626
EK202310183726,152.1478582688921
EK202310189308,170.03954728858204
EK202310198713,181.4439589273833
EK202310202117,165.56583450663527
EK202310163684,148.3379619090717
EK202310111102,143.86685139122667
EK202310127044,128.67814174262654
EK202310118453,150.93662951847674
EK202310128214,133.82706579216793
EK202310135042,177.39732524044948
EK202310126915,131.3439688559576
EK202310147166,152.3048437297032
EK202310233052,151.33681691725494
EK202310141703,149.856382901778
EK202310164168,158.7097428212574
EK202310156751,163.86217679485563
EK202310146541,138.42879949175182
EK202310184817,175.5165129082238
EK202310195187,153.2021385703544
EK202310168677,148.2513243512773
EK202310188486,126.94408310169537
EK202310224018,161.45540216143263
EK202310172986,152.2389033634301
EK202310161060,167.9450543795767
EK202310178666,145.4612957913022
EK202310166665,133.90227105663803
EK202310141091,163.91408970977176
EK202310191127,138.53167458775073
EK202310189382,144.80334947273948
EK202310172890,149.18205135883483
EK202310171361,133.83749206202248
EK202310186346,135.12674404066067
EK202310189932,131.7206087777401
EK202310189293,176.19854384827028
EK202310171610,152.38642103719383
EK202310239231,122.54110701304097
EK202310201004,134.20397294758772
EK202310178301,155.15389986322222
EK202310246066,130.51285717986548
EK202310243993,168.27884254980137
EK202310240850,141.60385974476836
EK202310115127,139.7379336433714
EK202310232199,130.85772002013667
EK202310217063,135.05296848118132
EK202310115674,140.16361669124458
EK202310110226,141.92656206521679
EK202310181037,183.65565711791953
EK202310004136,141.27568567466477
EK202310159843,162.88828956248534
EK202310126952,136.04145842404455
EK202310230766,144.18531790066842
EK202310110797,131.54155819805516
EK202310231475,131.00947084025717
EK202310135719,140.1410483779076
EK202310145051,136.7230607773423
EK202310113543,144.551794339389
EK202310159237,159.11884433148182
EK202310238856,131.45294838154734
EK202310121123,134.26032117624703
EK202310192625,160.06020699153697
EK202310170391,131.93817410506387
EK202310141783,145.22713065823194
EK202310117317,126.75051327489165
EK202310159443,99.02799145552211
EK202310224692,161.7789341548626
EK202310129133,157.38825635640816
EK202310118922,150.7543087329661
EK202310187333,134.76194048533577
EK202310149791,151.2992043279572
EK202310231752,147.61795485676694
EK202310130461,137.0034273764836
EK202310151790,146.92238412642973
EK202310156693,127.78678398958594
EK202310138274,162.63725266193063
EK202310217407,149.72916450454613
EK202310115388,148.37704810073757
EK202310145689,157.33608756160888
EK202310104824,127.93998787559883
EK202310247570,129.43076220427864
EK202310197035,127.09728362466686
EK202310230114,147.0656924417964
EK202310105854,140.85046925026433
EK202310187457,152.32489222054716
EK202310192506,155.61350418523742
EK202310140455,150.33876817781606
EK202310226538,128.50811618908114
EK202310175408,140.28261324731056
EK202310132765,136.6371548696853
EK202310193721,147.89004490343228
EK202310151285,146.11177663735384
EK202310178760,160.6587949331083
EK202310149663,132.52557539077938
EK202310219711,135.80917967320553
EK202310217272,163.9812653425711
EK202310238355,150.14247409557916
EK202310188659,149.83370310379829
EK202310205449,139.21936035282562
EK202310233265,156.48046923449084
EK202310109651,139.53006770714597
EK202310226933,129.93700199763526
EK202310159603,105.1028361143446
EK202310105868,135.5127295386343
EK202310171812,130.3987055440881
EK202310176259,169.5768322456774
EK202310122912,168.85670903956287
EK202310184013,180.09110034881022
EK202310179868,143.21164755463687
EK202310176252,166.55642105751988
EK202310239466,143.779223922769
EK202310228949,140.61651611592646
EK202310169903,164.60413220245064
EK202310209528,146.14461886342858
EK202310213123,140.21569199430246
EK202310173452,111.24948639466868
EK202310230252,140.43195347667603
EK202310106835,135.35126914440787
EK202320007700,147.59263953324154
EK202310198359,133.90139215558224
EK202310180758,133.69982827631998
EK202310227440,130.77744469719886
EK202310239839,132.16501189300618
EK202310145401,154.33838458072788
EK202310131446,150.6184747832702
EK202310121079,139.31414713587364
EK202310159312,185.26520166596515
EK202310167080,146.11602433509438
EK202310110131,138.19061164017353
EK202310173862,130.3685129951528
EK202310184021,164.04630247606252
EK202310223793,127.20915058074019
EK202310190740,142.87157499305295
EK202310165164,159.92404282659484
EK202310136762,139.52473303289037
EK202310187434,160.42637061213935
EK202310212919,153.5738802589487
EK202310147933,156.56368044877544
EK202310217428,149.37229810001583
EK202310163195,142.48351386884025
EK202310144020,130.886576510956
EK202310226546,142.4715496455624
EK202310172034,138.57243925432996
EK202310113666,155.84851968687371
EK202310189588,138.59987813374906
EK202310107725,152.24452271215264
EK202310195274,135.3521737246933
EK202310180008,114.70505977361886
EK202310164031,143.81515111173135
EK202310229645,139.70177923144095
EK202310125934,133.55927708578284
EK202310218196,146.15397650438533
EK202310119725,151.05935210127606
EK202310133573,145.99276002459166
EK202310219254,148.27567733821
EK202310105775,151.3630889529859
EK202310163730,143.27456718026687
EK202310119408,169.52903960452764
EK202310134331,143.02567818606786
EK202310138761,153.78063331818745
EK202310126020,133.55468675337832
EK202310128964,149.53012071705757
EK202310225868,143.89213868761885
EK202310217967,122.08206078961541
EK202310222323,141.5963108894294
EK202310206855,148.78810832317677
EK202310152085,162.90116734375027
EK202310004023,150.47469112184282
EK202310211193,136.4289641010277
EK202310189925,136.3940451751786
EK202310152235,146.32864850775866
EK202310189056,159.77768818814215
EK202310242595,121.22534607158913
EK202310140195,150.20083165739646
EK202310181500,136.85768044212662
EK202310171216,146.06709104314564
EK202310209110,156.24546914513866
EK202310246479,126.89775211442262
EK202310194938,153.24807294819868
EK202310224895,138.4229762229608
EK202310195509,140.26458203315482
EK202310173849,114.06282885348287
EK202310116837,151.98984467539884
EK202310105574,153.32041614122195
EK202310196041,149.10130505955286
EK202310122385,139.00530888641427
EK202310193454,133.10797008016857
EK202310124125,151.75555193448125
EK202310180862,123.0392365152887
EK202310234723,131.471099318232
EK202310126036,131.1721418496648
EK202310171137,147.08466995675053
EK202310233393,138.45013310654673
EK202310132926,134.78315088501535
EK202310160365,142.0636942837847
EK202310211274,129.33641328428314
EK202310225058,168.84420371833886
EK202310194840,153.32757732156227
EK202310216072,126.76026423427709
EK202310224888,162.95296543442225
EK202310003930,147.04096518117214
EK202310187789,169.77955118958624
EK202310237317,118.87277408041612
EK202310188643,141.48003158109813
EK202310163618,184.94695012509132
EK202310216984,140.00200182037523
EK202310243216,136.41466646760605
EK202310111010,122.13953940909478
EK202310140852,139.84659686790928
EK202310114085,150.4966402398262
EK202310123385,149.11917566086052
EK202310222159,126.66429059017267
EK202310203038,147.7526043517124
EK202320005703,155.69199030210595
EK202320006527,129.42119471935857
EK202310234277,135.55157539564527
EK202310135781,144.17657424765642
EK202310157465,147.31082236445076
EK202310178744,149.22634803389823
EK202310238253,169.83214905304789
EK202310122583,130.8615713677788
EK202310214372,139.53554070459805
EK202310174457,144.24664611195556
EK202310167149,133.9330067348657
EK202310228958,133.7634047770345
EK202310157246,158.0741961621432
EK202310148323,146.70049934751702
EK202310174823,161.48042539527802
EK202310165142,150.55186487408895
EK202310207746,139.08042035788867
EK202310245090,142.7478524458798
EK202310181612,144.89714743097454
EK202310217652,116.14992386864485
EK202310161957,143.26654230506466
EK202310116818,148.5758099660605
EK202310180631,143.04612949456592
EK202310158422,149.88362668273754
EK202310195969,158.97645713404305
EK202310226142,133.75825328587086
EK202310199652,169.78371596777734
EK202310150930,143.48766515071813
EK202310148331,149.69467302262507
EK202310189171,154.16467085760803
EK202310194950,156.93105113575697
EK202310242729,138.81081930675904
EK202310221050,130.79031539694722
EK202310105169,146.43057636923717
EK202310231810,135.8883139732511
EK202310201600,171.94539729043635
EK202310173892,138.83189633760298
EK202310103909,167.40365296849973
EK202310207543,135.78817838302007
EK202310217532,128.13067230654988
EK202310131408,133.30006971234113
EK202310216303,139.51744171415763
EK202310207214,136.46829101463962
EK202310237069,143.13718661388657
EK202310130210,146.5810837930716
EK202310148179,151.91495880354688
EK202310230098,133.10045517141293
EK202310106540,128.35506316052846
EK202310247875,125.08211636972537
EK202310131197,162.54403883086488
EK202310213017,155.19242516630524
EK202310226797,136.3618602474305
EK202310124853,134.68944258567586
EK202310219648,130.57167242525324
EK202310242013,147.2016653260566
EK202310190443,104.79535780990297
EK202310142718,132.07061416577406
EK202310173178,125.99830689194053
EK202310125534,143.66801401228707
EK202310122118,131.58971781642543
EK202310151782,150.0982685076046
EK202310142165,132.80927484402486
EK202310120956,145.34212176183462
EK202310158163,144.3849115949554
EK202310110021,145.73933157958095
EK202310196057,153.06485538238107
EK202310199008,146.9869769154846
EK202310003987,161.46282718962308
EK202310240352,149.36500564902073
EK202310165694,132.62171055567597
EK202310232204,132.22704510565828
EK202310125243,132.67889958768535
EK202310171212,151.7283139557036
EK202310165904,140.3767739642376
EK202310156703,124.62866965580757
EK202310161254,131.69408538798405
EK202310141589,133.34018871902518
EK202310139870,163.04217918983585
EK202310003550,143.93944969397134
EK202310004721,141.32141404417376
EK202310237716,143.3395930507098
EK202310162213,138.6777117913919
EK202310231470,142.14611222395087
EK202310165710,151.2343358417648
EK202310219597,114.01577069083723
EK202310177018,155.36683880190887
EK202310113173,152.21412647687475
EK202310161177,145.32777176000982
EK202310105482,119.89789288537574
EK202310178942,143.75080511277216
EK202310105694,148.4843972400306
EK202310120998,139.95173119815647
EK202310216864,170.78606851938235
EK202310198211,141.82008721983138
EK202310118620,162.82404560480924
EK202310221238,135.1434521177347
EK202310161217,154.94805533005274
EK202310218766,132.09711546025775
EK202310128213,123.31420695236537
EK202310137523,149.18852915881388
EK202310210262,133.85350130631483
EK202310155407,133.9449311603886
EK202310156355,147.77965629529731
EK202310171504,156.9682891712587
EK202310205541,127.04128228960384
EK202310165351,137.16097895465424
EK202310247442,163.54618388181788
EK202310131239,130.9976471282955
EK202310169672,133.74454123963244
EK202310118977,153.21809401634906
EK202310235793,120.21917331193404
EK202310200392,153.2188699978804
EK202310164965,138.69671795863425
EK202310171249,147.82470014449234
EK202310106318,128.70237416165875
EK202310237266,152.7925290908232
EK202310147471,141.6052732918511
EK202310194031,124.97394595085443
EK202310192307,156.62742882723944
EK202310181117,123.86837575693124
EK202310116526,141.8606399825494
EK202310194824,169.05398753504585
EK202310162842,172.6116470249265
EK202310181349,112.58172722736838
EK202310164261,164.81067727545985
EK202310131101,148.8844056404572
EK202310151625,136.74358036077044
EK202310141286,150.68810560036115
EK202310241249,157.97288757653203
EK202310212872,118.68800292254842
EK202310226815,144.37446416256435
EK202310141152,145.6346393129775
EK202310235794,133.28263044232565
EK202310229993,145.52766838395314
EK202310147668,180.92867827158864
EK202310164475,147.68743401205958
EK202310110039,152.96193468517396
EK202310187421,126.1914606235849
EK202310215044,151.66948607150633
EK202310105965,146.7529480735231
EK202310120150,148.29585366794055
EK202310201212,172.03182971494277
EK202310127536,138.33640904523241
EK202310165403,131.69937040889826
EK202310135385,142.77470793346262
EK202310159428,162.69930307847176
EK202310214834,147.48758950438528
EK202310130931,164.0373634792865
EK202310206054,180.07260730014187
EK202310112744,133.00144416441418
EK202310242341,132.9214931860301
EK202310159100,137.4351511955974
EK202310186817,137.03992767881
EK202310187749,141.81130874097883
EK202310246213,138.1731477093124
EK202310202813,149.27288438333198
EK202310119983,122.72982212281231
EK202310241219,148.91295864448347
EK202310195435,162.40428875171068
EK202310199454,153.31078852774422
EK202310194920,141.86571552750598
EK202310151167,127.91885061799982
EK202310204930,153.90215840301084
EK202310210621,134.1012804167278
EK202310234981,138.51308332753385
EK202310218747,150.09337602460778
EK202310125674,144.4660469884484
EK202310004025,170.15177279294852
EK202310131481,149.61210588792784
EK202310162994,126.92474714137154
EK202310232677,129.52473546935917
EK202310004278,153.28059230154528
EK202310108810,149.1740485301027
EK202310225683,140.47987752168916
EK202310115846,138.22742048655954
EK202310003668,150.19228356326923
EK202310153044,150.99473203095724
EK202310206782,154.97624735762304
EK202310198360,145.6273867779021
EK202310103708,142.93317217512327
EK202310138116,128.8482057683308
EK202310160576,149.5823137189725
EK202310183081,163.2488886519453
EK202310105137,131.31566546067864
EK202310170115,152.82652913790284
EK202310116604,160.88946269282332
EK202310236944,139.98583026944996
EK202310175444,155.2992806068943
EK202310150908,139.11815519320612
EK202310204946,150.84324737615324
EK202310139272,154.6781658801798
EK202310173841,140.13094768200978
EK202310241566,134.72539475093853
EK202310140944,152.95377568790985
EK202310166702,136.7174652622604
EK202310172479,130.56174688835236
EK202310209418,130.77253474998363
EK202310165364,160.9177693522978
EK202310170685,152.64596226205916
EK202310137383,135.84776036509953
EK202310208374,135.48698434676612
EK202310124992,143.08039244114653
EK202310227242,166.7918098840239
EK202310200684,156.5326183010188
EK202310137981,133.71363339995992
EK202310183855,156.47478901599868
EK202310120432,151.52893948765032
EK202310128607,150.8561938782002
EK202310146775,146.39335462792542
EK202310175473,142.69184385866546
EK202310194578,173.4760547575858
EK202310199456,117.46620385166523
EK202310114576,158.52190467068294
EK202310232002,152.03751699299582
EK202310133113,158.89527613507198
EK202310177757,153.82686372727568
EK202310106035,130.8971789007329
EK202310161565,150.89287510905461
EK202310110506,136.7097356064312
EK202310206193,147.86853566033946
EK202310134593,164.5499570101471
EK202310157521,147.21627307670363
EK202310142924,163.6278187603814
EK202310237263,148.64765719358377
EK202310170297,151.95649083379433
EK202310106326,144.5727997679308
EK202310128380,130.6209985937892
EK202310222238,137.8191580495145
EK202310194876,144.02108746439563
EK202310228783,155.491700526225
EK202310186905,146.00572803498045
EK202310116223,139.73824847743543
EK202310124674,140.02238142139367
EK202310164997,142.6783724194847
EK202310164834,137.01779952276513
EK202310207829,133.72621199411967
EK202310156532,177.4028299863832
EK202310129196,134.73695899094471
EK202310119383,162.98448918431907
EK202310246942,145.7074944587338
EK202310108008,136.03276224335016
EK202310209225,144.12264958873823
EK202310191622,172.7171384155552
EK202310207087,148.01723825352408
EK202310152145,160.78346348036487
EK202310130483,161.31203608635647
EK202310218772,142.3336654148785
EK202310202740,156.56718382743438
EK202310189738,139.96711012338642
EK202310150713,150.02558376972536
EK202310235780,138.58779953351288
EK202310245036,157.40495542826972
EK202310003439,127.71332172916127
EK202310231070,129.40487832727666
EK202320006731,169.64158363858246
EK202310244442,150.8234333164106
EK202310132886,132.01509721535464
EK202310147295,172.624391151244
EK202310133587,160.0787570976947
EK202310186397,134.8348647246064
EK202310123728,146.58882189648048
EK202310232420,139.5049924704669
EK202310233200,145.45811025277712
EK202310187145,143.09815745416523
EK202310238519,118.04384983424434
EK202310122640,149.9188277886915
EK202310114892,152.96071415924973
EK202310172340,135.17212677482524
EK202310109402,147.07299009824598
EK202310229865,126.09533616875447
EK202310202666,153.40736920202903
EK202310106916,150.51608593603325
EK202320005781,175.49600143868705
EK202310127666,140.98743360710756
EK202310224319,137.20029771234624
EK202310164602,150.0075273108587
EK202310118941,142.94723604415668
EK202310234012,145.35681782987146
EK202310199233,133.7625057519126
EK202310214877,137.687094049357
EK202310179245,141.4886041929091
EK202310160250,152.7082209532965
EK202310219316,133.0635188321008
EK202310175330,153.97628741478186
EK202310156975,172.99321691102014
EK202310115055,151.6457871407086
EK202310112754,138.59582369098638
EK202310175770,160.0189874230772
EK202310218114,129.61130860556585
EK202310135889,141.31959483851912
EK202310245028,147.44413825841465
EK202310104852,157.63258490353292
EK202310216044,144.41637043310422
EK202310230940,119.92946335780931
EK202310198398,152.96566027260002
EK202310152619,186.25748328257157
EK202310168477,155.38332328152634
EK202310236502,122.73939180709158
EK202310112037,129.40433565718322
EK202310159871,162.4142807542048
EK202310213645,132.53705773987295
EK202310120040,132.52353979460906
EK202310183203,139.98981275257168
EK202310109200,141.43692256719547
EK202310132933,134.62734864056424
EK202310137560,127.99084334251457
EK202310177041,141.00087932112228
EK202310137910,144.09241394811087
EK202310104847,126.78825299240901
EK202310200423,128.37022354482315
EK202310187271,133.8900495245086
EK202310213803,150.41878500444608
EK202310246954,141.55013492906923
EK202310118188,131.63259244508873
EK202310134413,167.0907879802218
EK202310232546,142.8124054230702
EK202310158497,162.23374011412508
EK202320007533,134.7607695578577
EK202310174045,154.5793815884052
EK202310232493,142.56888269705124
EK202310121025,155.10867438369303
EK202310203256,145.66432708573666
EK202310142445,172.54318482257818
EK202310184247,165.390768151704
EK202310192611,141.78885281721932
EK202310119937,164.56086092021144
EK202310231831,153.81872305400393
EK202310208214,163.6017817655197
EK202310237790,142.98485832874925
EK202310187705,121.66968549452699
EK202310209139,162.6991774831611
EK202310170634,156.15657208292515
EK202310146481,141.18818417648436
EK202310198380,146.1704261350915
EK202310226702,136.4605860605817
EK202310222936,127.86837966483273
EK202310197081,122.92587577446773
EK202310116985,129.91582791990078
EK202310223669,138.71537207798806
EK202310204735,142.32088493838825
EK202310184616,133.60180231556487
EK202310148138,156.80871390933868
EK202310134199,154.67086525652246
EK202310149246,146.29983433366223
EK202310237457,137.8888275055565
EK202310160240,154.90331838579675
EK202310177402,174.57188732589387
EK202310231985,146.3908165687443
EK202310171409,147.86565813807053
EK202310176316,154.50991559926737
EK202310164869,161.89715700127644
EK202310134160,134.14143460986304
EK202310213361,131.03470581406418
EK202310204421,141.26867771736565
EK202310209884,143.39590474495924
EK202310136308,153.48031796469144
EK202310242777,136.61238991558116
EK202310193657,142.08760408535056
EK202310188052,144.50776200521491
EK202310147057,149.9341730945865
EK202310153768,147.82851695034032
EK202310144579,135.24111693539274
EK202310198362,146.55243932637256
EK202310105880,171.87327617260948
EK202310171799,132.53760166081022
EK202310120109,150.22759122554675
EK202310216065,123.8733310614323
EK202310170495,154.2460397718108
EK202310125667,169.0959666992178
EK202310105906,133.32050990617262
EK202310003424,146.17673097492423
EK202310195264,137.2665382917263
EK202310130646,128.11268336059908
EK202310115346,153.2524819289714
EK202310106003,130.33768777582046
EK202310193189,170.74783356494777
EK202310120005,131.07645919776547
EK202310225659,144.9069376658034
EK202310187329,155.72665162982335
EK202310234854,144.38015296676397
EK202310245195,146.84451616089856
EK202310245177,132.73884339178977
EK202310229481,145.49697080515972
EK202310218683,133.53757770512686
EK202310232957,143.87422394017076
EK202310244525,128.1400662772584
EK202310238364,139.8484018300079
EK202310233731,137.61666424694582
EK202310114718,137.59181405736848
EK202310152186,165.68055190427938
EK202310217521,123.76715688410951
EK202310183796,155.61272162609848
EK202310218461,127.36835112663933
EK202310113523,152.13407591836875
EK202310149413,168.55087139978096
EK202310115324,140.03308850185746
EK202310104367,163.22683680809317
EK202310124772,127.9888643468581
EK202310195448,152.54487898507523
EK202310211731,128.64984845556287
EK202310162193,140.15029303126732
EK202310187308,136.19734841002776
EK202310129859,152.1052626039112
EK202310170962,154.09330625873773
EK202310235749,141.27939838855298
EK202320007870,151.97290455693724
EK202310154838,146.78638150936814
EK202310206242,126.70943943750953
EK202310209717,133.62712972316484
EK202310247573,164.75290462492833
EK202310113989,129.41830211122002
EK202310152196,153.5113116143425
EK202310183083,135.54238651232777
EK202310234475,141.20886035471023
EK202310234459,133.3513018774228
EK202310106650,180.33875692298375
EK202310117634,134.44399303652906
EK202310128279,129.08951192340515
EK202310158721,138.5814672650189
EK202310234607,140.95831972880404
EK202310149804,143.79748199035333
EK202310242352,123.35665895416362
EK202310126148,136.05127914481142
EK202310165882,150.0719487278687
EK202310137378,168.08914583128694
EK202310112801,122.98570171657782
EK202310119995,130.2491768148567
EK202310123123,137.5876987955258
EK202310190387,147.25726726442298
EK202310226519,136.5240602743031
EK202310129375,143.26424098927683
EK202310245192,139.9025725723083
EK202310215168,146.90772487317187
EK202310137434,130.39983105166758
EK202310194720,141.88215685099047
EK202310201666,150.09522921672848
EK202310193830,189.60546011941432
EK202310178910,153.4676528868488
EK202310110446,130.37418331022133
EK202310166237,135.8492738991434
EK202310180109,165.6555789112479
EK202310146375,142.0276040101904
EK202310227332,120.8200900244806
EK202310241765,142.79038508881422
EK202310229368,108.7196817467434
EK202310135373,131.38183991524377
EK202310169663,160.34371156399487
EK202310236365,139.30224868249462
EK202310182601,121.21840643124344
EK202310144591,141.11625539636503
EK202310203065,141.96515735197084
EK202310185758,145.08856443807892
EK202310105204,144.76307025064315
EK202310150175,144.5438036940752
EK202310172599,151.60334351888628
EK202310145266,159.92510533265462
EK202310004647,155.45984014187127
EK202310242466,145.24011399350115
EK202310167834,159.83487534145522
EK202310225932,124.35067742211703
EK202310132329,128.8714730303809
EK202310123888,156.1484202302257
EK202310208707,156.8194804354109
EK202310201294,151.51599102530707
EK202310233641,132.47041048512972
EK202310140113,155.332691561227
EK202310218544,143.29170603788637
EK202310219472,132.78980367782256
EK202310143848,135.47914332813957
EK202310134434,140.70170533527772
EK202310236630,136.69369437853592
EK202310198379,149.76870961671304
EK202310222797,140.44563858648854
EK202310248842,151.9168063909159
EK202310132974,130.01940953687983
EK202310235130,139.97470472669676
EK202310238228,133.86955420438437
EK202310226782,144.28798545561799
EK202310210339,141.83586958046408
EK202310189790,141.57310724018274
EK202310187315,163.0879961191639
EK202310171801,133.78719501955516
EK202310123573,131.46073592434
EK202310172773,137.98218878671648
EK202310139716,150.26207164143844
EK202310110431,139.4744514216212
EK202310189055,130.25774445475133
EK202310124983,149.06008978814936
EK202310190155,142.2183037754418
EK202310238929,156.2802258769486
EK202310180436,140.86287518193646
EK202310230021,157.03302498645047
EK202310181912,153.19657411060712
EK202310178377,150.57700410308158
EK202310145374,123.20750910191926
EK202310126596,132.20967384839642
EK202310225731,121.33802342742703
EK202310138678,148.8916082698684
EK202310172372,137.92949098045221
EK202310116119,128.12270259968835
EK202310167609,152.2182911302957
EK202310244078,143.7723970790782
EK202310217427,134.7135564450452
EK202310182904,135.51675989639855
EK202310208329,148.62637092400675
EK202310189009,152.5198950889321
EK202310114945,156.71521763439898
EK202310139882,142.5909014375876
EK202310206869,149.98682831182097
EK202310192874,153.2528594190884
EK202310216134,138.24165058048237
EK202310203212,141.7032059478582
EK202310156888,141.1329374070336
EK202310182240,138.35248250537967
EK202310141092,159.97495721681665
EK202310124359,120.79921266890861
EK202310152947,139.53646645946574
EK202310114595,149.7828823029551
EK202310146656,129.13147983337643
EK202310223051,129.37045291963457
EK202310134381,126.97257646109404
EK202310208234,145.69269609979247
EK202310169332,183.89209066825316
EK202310103907,147.88917212800607
EK202310143678,153.65324158893665
EK202310114762,128.30210118168424
EK202310120679,150.5823754248708
EK202310153376,146.876661959002
EK202310207113,147.2952577018663
EK202310229661,128.98140677761106
EK202310219333,159.04924343058045
EK202310131040,126.44316488568691
EK202310120192,133.39980165498915
EK202310114032,138.357948334208
EK202310178367,156.41608094914326
EK202310195835,141.8344881351244
EK202310154385,139.69724795766837
EK202310215393,183.31152959647176
EK202310107773,139.7620969761945
EK202310164250,152.75743046082812
EK202310158284,138.07182091273157
EK202310181120,135.5491913528258
EK202320007585,131.6405059431359
EK202310182248,152.82712868328386
EK202310178445,148.57588331376203
EK202310151607,150.55617913528295
EK202310114270,126.03527581681254
EK202310237697,140.3898623372042
EK202310141166,141.71705674887056
EK202310153773,151.39416089306954
EK202310129425,156.05529292033046
EK202310114483,146.29610637278265
EK202310235872,127.10259417942339
EK202310140448,130.60552811390284
EK202310140940,153.23492573278057
EK202310173832,140.40307011920854
EK202310131844,149.79121896251027
EK202310236956,132.92626606332536
EK202310166354,150.18534025414806
EK202310122182,156.08566500833842
EK202310212213,132.00236412027022
EK202310165400,158.28809444385618
EK202310148714,132.4779175610212
EK202310126880,162.7682826884007
EK202310191702,142.57346238396556
EK202310161903,147.85646993959105
EK202310223034,128.9942509280787
EK202310188051,165.6003540857713
EK202310205595,138.59676673055415
EK202310171306,138.9578650775144
EK202310246135,143.83825231643004
EK202310210097,166.10961038885614
EK202310191192,145.2470445230671
EK202310216619,135.0238048752874
EK202310153794,153.28556647821856
EK202310122914,167.17325408046693
EK202310122058,153.47591984319862
EK202310138004,124.29529896353885
EK202310221367,165.02442004745376
EK202310158770,133.80885409122828
EK202310145695,153.98612976149337
EK202310125582,122.88201367371076
EK202310136243,136.86707611588253
EK202310194117,123.38278268357581
EK202310107078,144.64999515466707
EK202310190139,140.9329791084496
EK202310156770,149.42882068973492
EK202310178929,134.6019850028366
EK202310164953,153.3078884738496
EK202310118034,134.28390542385455
EK202310227978,131.10026376650558
EK202310144597,121.9979368845422
EK202310176112,146.7757360062056
EK202310162357,133.7147373087778
EK202310176897,158.48360520203465
EK202310134145,126.38890426378511
EK202310129907,142.1433920122878
EK202310229306,143.85316280059797
EK202310198497,115.7184679738396
EK202310163561,148.43929907516878
EK202310221369,161.49450617909804
EK202310176645,145.65406072038172
EK202310157146,173.69141748052076
EK202310120273,167.72909226500758
EK202310192592,141.90389162942304
EK202310169221,160.10151621734784
EK202310191453,141.61686937411088
EK202310131848,134.30511938437076
EK202310127626,150.92997203141638
EK202310213244,142.306186216912
EK202310137030,124.41548372615132
EK202310146412,135.8960319588869
EK202310173918,184.87491525493928
EK202310161898,166.06121003720824
EK202310106892,128.72359325266564
EK202310110349,153.97532206800463
EK202310209540,125.89550390578067
EK202310191336,134.1725808555397
EK202310114498,129.30792900308583
EK202310181006,160.83184023195346
EK202310212668,129.28604060137536
EK202310158230,153.426164284331
EK202310004318,103.1083852614711
EK202310247144,142.68220965762444
EK202310107710,137.81150760132596
EK202310228147,134.15062303835867
EK202310143106,144.7157804349026
EK202310167345,129.74932736331377
EK202310208077,131.93677259799603
EK202320006983,133.69716579281507
EK202310243790,161.76612217099932
EK202310126443,131.4879653302971
EK202310245699,137.9020423391345
EK202310194114,140.81115514706948
EK202310195998,161.7374838160757
EK202310198935,146.5694147058653
EK202310164465,156.42921458734742
EK202310181559,139.9316951392371
EK202310194595,174.7985533891662
EK202310158381,137.42430518019404
EK202310155757,129.24544111584058
EK202310180220,155.4503732210746
EK202310179540,142.98764610662033
EK202310161312,144.4773155184732
EK202310185555,160.01908896227062
EK202310186696,130.8160407624471
EK202310161004,149.29774338508858
EK202310124318,122.40969076980186
EK202310162537,164.25450446782324
EK202310246753,134.08336544431492
EK202310225958,121.5066070278309
EK202310186853,157.91079457870586
EK202310171921,160.0098247253057
EK202310114970,127.84373985571301
EK202310215111,144.34953042569788
EK202310211062,145.32665974519097
EK202310189772,170.62660408087234
EK202310136766,154.45043809927705
EK202310126300,142.79670040146794
EK202310221810,136.6783923169024
EK202310204369,149.03095985470094
EK202310169470,156.94457935680944
EK202310189339,157.97380808137603
EK202310190063,154.20702800418644
EK202310220996,126.01640143902391
EK202310164885,139.08678313924685
EK202310191557,164.4369492549118
EK202310210576,137.8996291645212
EK202320006385,140.44686074965966
EK202310192386,139.82555337578856
EK202310129301,153.1131102025635
EK202310212266,136.8669506277328
EK202310248678,137.89097782416587
EK202310121007,146.03299975255186
EK202310158409,141.17779458697095
EK202310230262,150.52479897825486
EK202310105099,141.56725634311826
EK202310225197,131.8556590909561
EK202310141113,133.98083853339142
EK202310112350,136.99781403424697
EK202310220805,147.18014655517206
EK202310220038,134.26349816235106
EK202310153113,153.93954354943702
EK202320006647,161.7192593451017
EK202310145953,165.97455378230333
EK202310209351,122.73385588634615
EK202310202126,149.04198863798118
EK202310191102,142.85263901978558
EK202310127097,152.76547280904862
EK202310126540,127.82674972497205
EK202310202419,146.7375515982402
EK202310116857,141.7814591796825
EK202320006346,145.5160698328977
EK202310216539,152.10688368224106
EK202310224958,141.71076433280493
EK202310222877,162.8189081543348
EK202310104924,161.97343083911426
EK202310230930,143.08354432773672
EK202310176678,152.1085981483289
EK202310144934,147.13073872468559
EK202310148649,149.32583180226987
EK202310168500,161.73648080920614
EK202310150427,145.67609500029707
EK202310205648,134.83521248443913
EK202310159787,128.1337262926865
EK202310131529,157.01251648221435
EK202310173679,138.36308551781144
EK202310216340,132.09508454113433
EK202310113807,149.85953518363425
EK202310189797,151.64821730942623
EK202310172848,130.68114132748474
EK202320007206,138.69711084152263
EK202310183124,146.99304021976968
EK202310202871,161.75918365548839
EK202310195901,148.28016715842318
EK202310108242,129.32506243337284
EK202310209662,141.80244272575592
EK202310186506,141.3910378811807
EK202310241427,139.29533148258787
EK202310104646,174.10359238502213
EK202310110500,169.1274814366646
EK202310140229,117.37070523971488
EK202310197951,114.96612872154945
EK202310204251,134.46956644349348
EK202310218413,137.32262192024314
EK202310111117,168.8323040260134
EK202310153521,135.92076286261405
EK202310163012,147.62295510087588
EK202310238189,167.634554528151
EK202310139597,162.7371137827722
EK202310239588,149.4013866999498
EK202310197135,143.035915699379
EK202310105473,165.07487125950354
EK202310142438,165.8367470270136
EK202310238026,150.22233929818094
EK202310194838,137.203128108433
EK202310218361,142.75931130825842
EK202310192741,166.20891793448425
EK202310193265,136.0601850460608
EK202310216986,137.50986361253123
EK202310230537,139.51324024785887
EK202310119794,159.87222810559803
EK202310170043,146.03586141433678
EK202310108833,143.26760148688393
EK202310161240,145.5076953335446
EK202310234010,142.37801730212172
EK202310109182,132.63825333536346
EK202310230972,126.70123604493384
EK202310149335,165.9227108797403
EK202310107970,145.51672846091756
EK202310149458,157.06022199147188
EK202310144815,126.07113104165472
EK202310155738,133.46055341720776
EK202310204043,143.02985282129447
EK202310150762,136.16339386408183
EK202310177738,134.02025175408295
EK202310156587,131.087130308144
EK202310157016,149.1731383224613
EK202310206235,152.13772356513175
EK202310220646,137.05755628488612
EK202310173733,141.86218900757427
EK202310245161,144.644325358059
EK202310246615,154.9427935028487
EK202310107283,140.08322444495676
EK202310172948,145.65510695247409
EK202310223104,154.99694192437678
EK202310137920,141.85506495483838
EK202310237485,140.69424126257746
EK202310185339,159.4734438611247
EK202310150373,146.06158825230776
EK202310181031,134.6147949459312
EK202310246036,136.34963042908805
EK202310211321,131.90989952561245
EK202310166021,140.80431031797215
EK202310104995,136.18616993852785
EK202310154804,145.58429444956306
EK202310207957,135.2961760620401
EK202310115976,139.212985326482
EK202310146527,141.64798257344498
EK202310241764,165.6192319857127
EK202310242749,143.3900046443982
EK202310174079,140.06173019588624
EK202310246052,135.7105133057522
EK202310224322,132.8368673828045
EK202310136529,106.06700776012933
EK202320005962,154.28168880691007
EK202310220450,145.32906187327822
EK202310212212,142.1442457730694
EK202310153182,151.07804206159898
EK202310105480,132.02472137376802
EK202310125339,135.31082931493518
EK202310237988,154.76566647103544
EK202310159218,141.56494247891754
EK202310178861,136.8528270718033
EK202310146447,136.223319738255
EK202310242533,133.85824081236686
EK202310239148,138.06398036033414
EK202310206069,173.81836961478598
EK202310209438,134.16097895949116
EK202310203458,138.6470271681539
EK202310139769,136.74086178860674
EK202310192295,162.37339655179477
EK202310213849,146.21891424988632
EK202310117386,144.16559720955502
EK202310148126,154.00252534897876
EK202310141622,142.7574272711151
EK202310203974,153.32630644770109
EK202310124862,144.29150589172977
EK202310238082,139.50394930975045
EK202310131352,128.78819810213776
EK202310123750,148.62379746992042
EK202310165127,121.47582731111899
EK202310166390,155.17322765283024
EK202310245131,136.5843482190863
EK202310191228,163.14492156832216
EK202310218338,121.8301177781007
EK202310229880,137.2023090204314
EK202310139618,152.86814277965254
EK202310166418,125.67165949317052
EK202310114847,147.73633483654984
EK202310129128,135.0515409109182
EK202310129085,140.86795936054236
EK202310208641,147.07071010257025
EK202310241385,148.5250756099348
EK202310231427,132.52087349797097
EK202310183819,159.98841329348002
EK202310103894,166.61651053920576
EK202310115562,144.082151283144
EK202310153110,149.25276907810343
EK202310107637,133.20896485087107
EK202310003429,133.0116058013092
EK202310141699,159.0447259912485
EK202310200793,141.5866439613898
EK202310107984,156.98531449746255
EK202310113752,153.20987472438438
EK202310136157,115.0356839948407
EK202310207954,152.00265209150106
EK202310135579,148.23541571886798
EK202310166104,161.78551814906243
EK202310127366,153.2745982333744
EK202310121696,129.26994234138405
EK202310138993,152.90309505352639
EK202310207033,134.5981453372526
EK202310122660,134.78427518836614
EK202310132081,130.3903012483874
EK202310198420,129.4002582695195
EK202310144336,124.34471384420299
EK202310238656,162.58046715451874
EK202310230161,119.81692893012
EK202310202206,159.0083511740471
EK202310213571,134.9230769796201
EK202310203092,139.49467991077688
EK202310194418,160.35741981661275
EK202310128430,162.4397666717642
EK202310225153,169.0894074019155
EK202310160344,130.14344251912584
EK202310130554,121.57972479079717
EK202310165569,175.10903605430101
EK202310199349,135.58461456814825
EK202310129160,181.51736299716572
EK202310169725,163.0815245042305
EK202310160348,145.53668385765863
EK202310126901,124.64222471914442
EK202310199923,141.27883220651955
EK202310214691,143.08229154031068
EK202310202989,150.31160688467585
EK202310117244,156.83446811884232
EK202310162223,140.39105247447364
EK202310178451,166.73395460596862
EK202310233563,137.71809165735147
EK202310109378,176.23519060692192
EK202310177478,152.43935683816227
EK202310109053,136.15736532491607
EK202310125187,132.57084292516728
EK202320005814,131.8014506117116
EK202310211630,132.56608504304475
EK202310156552,166.8811084653822
EK202310148023,160.27074288562363
EK202310166593,162.9003748287306
EK202310215548,155.45823621797877
EK202310111952,135.36826615997444
EK202310187710,124.35575677044012
EK202310157541,147.65842824406923
EK202310171275,153.65920720191983
EK202310113025,130.87898014665842
EK202310197258,161.31475370609172
EK202310112846,151.44307242555405
EK202310127206,157.23965281345392
EK202310115243,135.2431849939457
EK202310124158,148.71470669519854
EK202310145344,146.36348119417337
EK202310115574,146.73987002548313
EK202310157721,169.63247926010368
EK202310122313,144.27422498554552
EK202310139139,173.06747082072073
EK202310225769,134.8994655809371
EK202310238365,125.46117302854582
EK202310237637,146.64139423085848
EK202310109616,145.38550801169498
EK202310133259,154.79944965346
EK202310228157,145.68151641528854
EK202310198466,155.77257086328018
EK202310106809,141.20626801164786
EK202310165950,163.74562539699633
EK202310128641,152.9437650351515
EK202310148916,140.80813010778675
EK202310114147,140.56031080025593
EK202310232304,130.62936243957836
EK202310188415,129.286876719223
EK202310232540,148.042518334458
EK202310207576,130.97928565885803
EK202310231963,139.99036728751054
EK202310229805,140.25805463947393
EK202310161625,134.39058911327857
EK202310223364,141.67740072578823
EK202310145207,168.25105357961095
EK202310154942,143.8202098419961
EK202310177414,168.89586382080736
EK202310151135,154.1351777828098
EK202320005867,154.25751925402938
EK202310199483,149.8893469751648
EK202310193069,152.19789676847955
EK202310231001,120.37852018062384
EK202310153397,127.37656490795783
EK202320006411,136.86872667841862
EK202310178129,143.92368396124218
EK202310158178,143.86507735557097
EK202320006728,167.44866498158459
EK202310168603,153.21507893103657
EK202310188957,140.6889062168765
EK202310134962,163.18991747397718
EK202320006232,127.98656493922894
EK202310216197,154.94897275977186
EK202310205473,120.82964658268439
EK202310177138,148.46361226959553
EK202310003578,122.69366446197608
EK202310125915,151.6322180235579
EK202310163847,137.20149987749267
EK202310175723,133.23905835421107
EK202310167304,143.8455961000202
EK202310231580,129.80906631948426
EK202310224672,126.41544428355729
EK202310231849,175.0673373133894
EK202310118283,148.12309787845226
EK202310108021,134.2981616974529
EK202310244191,150.505599559099
EK202310176446,150.62688075420425
EK202310153144,163.2701745030701
EK202310192762,145.71632616689493
EK202310155944,126.28180542968819
EK202310122042,142.2646237527484
EK202310139279,138.31896900297153
EK202310124333,136.59052764119403
EK202310222309,140.4867161432462
EK202310237489,142.44969118603368
EK202310225285,141.991992064833
EK202310205925,152.13716119195303
EK202310146849,130.12312379675976
EK202310155584,144.98182273291613
EK202310127840,135.96822612762668
EK202310159012,122.42222215482491
EK202310171367,145.0979347706219
EK202310179659,143.87786804294478
EK202310147533,141.85155888712075
EK202310134101,132.25169947492154
EK202310167244,147.13502263453978
EK202310134522,149.36529625966546
EK202310188890,147.60491221826828
EK202310152081,171.63265851354254
EK202310168749,156.2798573093752
EK202310185345,155.75997011387915
EK202310212863,158.351368515531
EK202310104615,128.32216722666192
EK202310188714,142.15984584553775
EK202310148084,143.5661254354322
EK202310211875,148.61987187107053
EK202310134441,162.63835442698704
EK202310187368,139.73227652240917
EK202310142139,135.4531811888896
EK202310216736,184.37164312180883
EK202310148523,140.09552495115187
EK202310177638,142.67611925307332
EK202310191439,147.6369702361763
EK202310184957,156.88384434936646
EK202310229730,138.82829675768107
EK202310171653,150.5226487435134
EK202310119614,146.1465523121741
EK202310193277,135.76367985828279
EK202310221106,131.6433881825476
EK202310196517,127.79401801392378
EK202310186815,144.53931898372642
EK202310118791,141.44265825029987
EK202310236202,144.4337720016506
EK202310121642,142.58991324476705
EK202310228637,133.85595301628751
EK202310171042,158.60288007030104
EK202310218012,141.26774235056934
EK202310238955,143.9271714861796
EK202310169993,168.766341839075
EK202310227859,131.93887658201382
EK202310175628,144.4819435102221
EK202310225536,134.05841855291794
EK202310194964,149.86376204458892
EK202310170946,118.84576225752308
EK202310201972,121.62911306537899
EK202310204049,139.0174408907048
EK202310238497,147.01401677249774
EK202310231256,144.02238786263763
EK202310231579,126.6430168365773
EK202310174311,130.03104504390865
EK202310192651,129.33392188273677
EK202310114496,146.41994309997713
EK202310230770,120.6584940029442
EK202310242388,134.6566873223306
EK202310114424,155.60432113699565
EK202310166798,154.6096878853274
EK202310246359,135.0111649603628
EK202310165038,134.58209812486274
EK202310197955,134.4526988369525
EK202310121307,170.8252366307797
EK202310151932,147.8824138927649
EK202310242488,138.36276379047118
EK202310105346,148.74531852132802
EK202310133118,135.58599690505918
EK202310125218,130.59227213735187
EK202310104440,145.5140651098168
EK202310238581,158.98494844470508
EK202310128830,127.32791533246561
EK202310111289,127.53193298926561
EK202310218154,128.0530805649678
EK202310184481,146.26309832280768
EK202310151857,134.36462699539575
EK202310107393,142.09613432847124
EK202310150289,140.81301133924626
EK202310113235,143.9102653140983
EK202310154628,143.1321255095183
EK202310183234,133.93176153574254
EK202310193060,141.47566238605023
EK202310142940,131.43346942305746
EK202310177291,155.0055254114563
EK202310214941,143.047815819096
EK202310123810,144.55126771980977
EK202310234861,141.51217303968966
EK202310166088,170.18332352611276
EK202310175230,124.49935308608697
EK202310173351,143.44102391372783
EK202310246599,135.75232500081148
EK202310121468,132.75238714298195
EK202310115870,137.97441498807387
EK202310122689,144.04598548728046
EK202310104457,147.73498089084754
EK202310239958,143.88964233403158
EK202310108834,128.86423693054877
EK202310242150,128.44080040795586
EK202310127460,146.70158901811573
EK202310150161,137.57349070316144
EK202310220593,149.85273455814072
EK202310208892,134.10265379486216
EK202310116640,171.23305679551075
EK202310228102,132.58259174085097
EK202310178599,142.37141847316542
EK202310211615,134.41299236367772
EK202310208762,156.78559550747397
EK202310118517,140.76567021821594
EK202310187114,148.61082087349328
EK202310119172,146.60978750998595
EK202310131645,146.15456843098255
EK202310106254,137.37766585460105
EK202310132336,118.17493440096912
EK202310226404,157.3078367616138
EK202310196510,140.08588132890807
EK202310116508,125.50621298690422
EK202310188534,158.83396305707257
EK202310177793,132.04745457620064
EK202310206591,146.9260654471608
EK202310192097,145.67193929250882
EK202310119525,147.47030218687178
EK202310168918,148.71128468534607
EK202310004052,167.7151270900559
EK202310155004,116.42275876080191
EK202310113224,127.46812428450943
EK202310168827,149.9743021671473
EK202310151452,148.79826058831406
EK202310233171,152.04005632961935
EK202310189316,128.03926380849072
EK202310165015,128.2200546134347
EK202310191520,121.92066319362127
EK202310154021,136.78909076902505
EK202310142035,145.13005173455406
EK202310136677,149.66075125746892
EK202310193692,144.38146264241345
EK202310217638,118.3768522292091
EK202310152626,153.48686360665468
EK202310130527,149.67239321907113
EK202310219621,121.71430019338845
EK202310117231,155.35866445057894
EK202310184541,178.84333480175374
EK202310123337,153.87995212210495
EK202310004825,165.29277045674692
EK202310004105,135.82646720723443
EK202310222141,130.64040027640257
EK202310223687,125.24646645627121
EK202310004753,124.18933451609104
EK202310138231,133.89596882678745
EK202310230297,173.85279950115435
EK202310123109,134.17064078632038
EK202310118394,136.04775348730564
EK202310236285,153.02703165150612
EK202310142984,152.19191002703005
EK202310228922,128.59272560965042
EK202310180656,152.20653091221868
EK202310198343,136.0523000057211
EK202310213613,137.98415253553182
EK202310143759,143.51879236801926
EK202310243098,133.35398778448317
EK202310140826,141.4092618078962
EK202310219432,123.4251467735238
EK202310235984,129.91307537710748
EK202310112132,153.16037876553204
EK202310207139,173.06576374876374
EK202310123515,139.95197469347065
EK202310147539,140.59217010662098
EK202310201614,161.26408759755842
EK202310242651,147.5513779527852
EK202310116831,143.72751180848897
EK202310142528,151.27696589852673
EK202310158275,130.55127478204517
EK202310119240,151.35987035757802
EK202310189798,142.58720923172183
EK202310140182,143.60713199396005
EK202310104020,108.90219605234952
EK202310144562,161.96400904030122
EK202310211897,132.49532306257512
EK202310209649,154.09201864892327
EK202310224584,133.73767711333872
EK202310149915,183.01578522988603
EK202310205659,137.18804807215596
EK202310150345,144.91377180365026
EK202310228952,129.02516717277683
EK202310126648,141.9549735302221
EK202310243579,109.03838751558501
EK202310164006,151.79821636283526
EK202310108668,141.060724834986
EK202310137775,137.6649924462848
EK202310233150,126.37917905726331
EK202310152386,153.61425928204366
EK202310166882,144.0558263174096
EK202310231895,149.10054890681621
EK202310170539,151.61798674204064
EK202310115226,136.83680920332426
EK202310214376,143.6873497123357
EK202310137712,128.98947958389113
EK202310186209,139.81446041028786
EK202310205015,136.90044272168342
EK202310106040,126.45580713635822
EK202310170557,151.5632353876719
EK202310201318,142.10400307217776
EK202310230025,134.39143147813007
EK202310112264,151.96360556939797
EK202310187559,167.42228994097894
EK202310126729,143.93487437741373
EK202310208910,123.34935460232256
EK202310131942,136.8344553754635
EK202310154020,149.41148424071557
EK202310245865,145.8132753867356
EK202310192165,140.81342850002412
EK202310172699,138.30325802863527
EK202310157236,165.48271016762234
EK202310131791,152.2304770087281
EK202310200367,153.02755451894896
EK202310152638,136.06268003592453
EK202310229854,140.17248215760418
EK202310176423,144.55505381366865
EK202310229737,130.9082127555282
EK202310203806,108.3302652981036
EK202310115409,130.7246471758997
EK202310118234,148.8803411616986
EK202310140636,166.64654849542205
EK202310240942,126.2949638758171
EK202310197687,154.95346877349408
EK202310124485,153.4131363693075
EK202310144257,151.3887583304212
EK202310218871,132.21639753459215
EK202310210772,127.37141669397624
EK202310195971,159.8854093760425
EK202310135577,139.6888275348681
EK202310203323,151.00244549298975
EK202310128855,103.74096267783023
EK202310209533,143.31450628933732
EK202310174860,160.47293687549467
EK202310132988,135.6124658882559
EK202310210555,125.98377649554126
EK202310229724,142.77571926223376
EK202310159406,169.41643402010254
EK202310206212,139.65849431997836
EK202310105258,151.1806372766513
EK202310197230,159.25666007424368
EK202310146776,139.99706302700716
EK202310171620,126.12922700568163
EK202310241357,142.52180249753684
EK202310138908,137.76884838064174
EK202310144141,179.71594399829394
EK202310183530,144.24944329395242
EK202310241996,139.93184668222943
EK202310143198,132.53401109963465
EK202310240754,151.299988812521
EK202310120793,141.75995905664487
EK202310152995,148.33494394894964
EK202310168076,134.77850221104686
EK202310194434,163.54521887133023
EK202310231667,126.36335238313694
EK202310117230,147.50215257077994
EK202310188291,137.6459424114087
EK202310149424,160.40389690613392
EK202310128832,139.44513129440656
EK202310196168,160.16201339353336
EK202310197883,163.2765684897091
EK202310138276,167.41893619245127
EK202310170757,127.52182898016754
EK202310191340,136.5232160523415
EK202310145811,145.1278568491963
EK202310227194,148.06027003441108
EK202310111485,137.5978907581073
EK202310157083,173.54290178050888
EK202310171852,153.55969085064748
EK202310207366,133.55845631015774
EK202310145654,144.85595263290077
EK202310108850,133.05661118404785
EK202310231758,147.6386058553284
EK202310144301,146.10770502937845
EK202310201304,135.08519770477773
EK202310178159,136.7236236363759
EK202310239482,148.63960205468516
EK202310144262,145.5664148251235
EK202310143929,148.29101569079967
EK202310235952,115.77379084838776
EK202310183241,137.85043194775386
EK202310189101,174.38655948926396
EK202310171584,112.51233663884035
EK202310131328,124.06582199472291
EK202310226641,129.31841627322018
EK202310166552,142.3822867202769
EK202310196910,155.90683127770163
EK202310166692,130.73799401912908
EK202310184651,174.21245799414072
EK202310194347,126.53402422426564
EK202310208716,132.3404271944281
EK202310187760,150.0393864238652
EK202310243524,142.78857729479657
EK202310155787,120.61454218387746
EK202310114204,156.17901428514742
EK202310160396,166.51674804262362
EK202310172512,163.3970802647077
EK202310157332,150.902788110211
EK202310209704,131.25364910428382
EK202310154943,137.71576753820221
EK202310189036,152.84646129716813
EK202310133173,151.05428404968762
EK202310130199,156.5648962634946
EK202310182622,154.2710056637396
EK202310167778,155.94631538809392
EK202310163301,150.42986593882972
EK202310184220,142.03779764219757
EK202310172679,151.0479127158539
EK202310171532,152.41290246609614
EK202310200942,143.483074307527
EK202310141847,138.63268853927062
EK202310122343,130.96094232565179
EK202310174760,132.6393572314783
EK202310225953,137.80129584698867
EK202310159867,141.06130668246243
EK202310174529,138.58775492722754
EK202310239197,128.17774876794613
EK202310142275,141.5870515211356
EK202310235069,144.27588638425857
EK202310173910,139.57088946235712
EK202310155908,159.97749350456823
EK202310221001,130.87823432075874
EK202310113086,133.72462027460764
EK202310200755,167.84396478183058
EK202310152545,166.334538321604
EK202310185434,152.65694547682997
EK202310110043,151.42967454038703
EK202310116474,135.9304995071594
EK202310203902,133.02097095236275
EK202310157771,147.60957788783085
EK202310209652,150.72871217361626
EK202310115313,136.21181877767668
EK202310149967,158.38080063408205
EK202310226488,141.22450218555446
EK202310004820,143.50471988601024
EK202310240136,137.3136609945501
EK202310201496,152.6873654014866
EK202310224644,145.3807986931201
EK202310168634,132.34002259068734
EK202310120438,148.35894023115037
EK202310104992,128.03494182776217
EK202310152772,136.5558537779275
EK202310189045,132.48256171218455
EK202310180854,138.01817253731133
EK202310162939,140.9909872538733
EK202310202787,146.6027365951359
EK202310132425,120.89071830265917
EK202310106638,142.28749726055898
EK202310130488,161.80288808497266
EK202310216320,166.08102752426993
EK202310174034,144.99150870653335
EK202310167069,152.30696251791414
EK202310119791,150.18939598998207
EK202310191561,151.35400225052686
EK202310141924,145.24776472366594
EK202310155116,142.67862570656058
EK202310194530,145.49689433979174
EK202310148342,153.45383481592674
EK202310115218,132.06391705536393
EK202310208496,129.39810827689635
EK202310242665,154.2274038996255
EK202310247657,147.26158056348575
EK202310228469,142.03513189871805
EK202310233886,155.84617032420917
EK202310169400,148.6698155226471
EK202310161344,147.0106396539565
EK202310236712,119.81057555792097
EK202310118866,147.78086228827428
EK202310221584,140.9794157868562
EK202310107825,128.25914131389126
EK202310110196,137.16352827015234
EK202310159979,153.59696665755786
EK202310195875,138.3419298807881
EK202310163166,145.4155828446725
EK202310206462,154.6714236978974
EK202310109481,124.84595400854174
EK202310245477,123.39595495410026
EK202310129738,158.68023930304383
EK202320005730,151.3213488415832
EK202310104244,158.86527036611096
EK202310227658,137.3513128776986
EK202310227290,172.89025059069337
EK202310201250,153.28560184393874
EK202310170654,142.75992618327473
EK202310225211,144.98975524098478
EK202310181404,144.88357303775814
EK202310175856,147.81281149950917
EK202310167250,146.57338570869734
EK202310225198,139.73776480747452
EK202310247108,146.2475250112329
EK202310228244,124.51821751284588
EK202310206266,140.17152234446627
EK202310215876,132.2351793963365
EK202310130596,140.7027743721811
EK202310224249,117.57574399942331
EK202310154491,140.7343954310191
EK202310233669,153.4450932702749
EK202310111293,138.55070935321453
EK202310120077,125.9991199331606
EK202310190354,148.63051287718687
EK202310180848,138.6602682510545
EK202310206991,138.53450216182557
EK202310127954,139.38879824785573
EK202310125079,130.4971866845995
EK202310211424,143.1039112540739
EK202310134279,151.63935918757815
EK202310206851,124.30998248815547
EK202310164397,146.7350427839127
EK202310235148,148.6409193096164
EK202310190060,175.85942069539914
EK202310240587,130.8380619946974
EK202310234152,130.22825230462712
EK202310161209,169.65902010061018
EK202310187254,143.46002860910698
EK202310219785,134.72974667878765
EK202310160063,135.4357089867154
EK202310225782,165.89815518381005
EK202310166126,156.38684508492702
EK202310104397,139.8640902626122
EK202310195068,139.78065276804432
EK202310148964,153.39804539140292
EK202310105544,132.96543351078046
EK202310190157,132.96032148257595
EK202310177029,130.5165276853522
EK202310134822,162.20417869724744
EK202310188505,143.91625075415897
EK202310131430,149.844702685121
EK202310197663,151.81454038570817
EK202310150719,144.94449365281037
EK202310004834,145.23683780090587
EK202310200921,130.91381574943486
EK202320005684,148.235352958604
EK202310179009,124.27874096233003
EK202310248177,148.72195615617196
EK202310132766,143.57100558160292
EK202310237026,139.2684549111419
EK202310193021,138.61231323813033
EK202310190757,155.55064898484724
EK202310173200,119.38675987969364
EK202310219771,141.0501745251165
EK202310109597,146.56441307795342
EK202310206771,152.12273438256543
EK202310127671,146.077118355864
EK202310167676,142.40679565477623
EK202310232944,126.70865951198691
EK202310168061,176.0169029067141
EK202310105714,133.80828937109266
EK202310147632,185.68026589272182
EK202310244606,153.89241186864325
EK202310118560,145.82405959851846
EK202310194271,146.3514572520357
EK202310142720,175.00419563297532
EK202310166900,171.82296956161798
EK202310164794,155.53983261787252
EK202310115042,126.69360018834264
EK202310174373,139.9307444950639
EK202310214507,169.6395727721228
EK202310223225,131.05016016020326
EK202310107151,149.24314188247146
EK202310189175,154.48444948744213
EK202310161808,124.59600826133479
EK202310121994,138.3131984731869
EK202310219449,134.99766826395424
EK202310136206,132.9247866921662
EK202310111739,142.04052718726425
EK202310229388,143.32431071308628
EK202310224978,137.11343522729456
EK202310149730,122.95072681860032
EK202310163504,138.5464461328192
EK202310156148,128.95763404238048
EK202310150249,123.01121638556667
EK202310224329,147.3006454866595
EK202310147011,152.11843817267805
EK202310192326,145.46049372870766
EK202310245006,136.47751057602227
EK202310224053,141.9987207714561
EK202310228581,134.77217221971915
EK202310113047,147.6414070895717
EK202310149808,193.65196666308535
EK202310175027,112.66218012561319
EK202310234758,130.12116485578238
EK202310175412,142.31368115281725
EK202310132176,164.88413549369798
EK202310205739,146.3972367168703
EK202310153994,133.11396103088165
EK202310200714,151.95562287659828
EK202310247869,139.1597966319954
EK202310186589,141.41777493210662
EK202310145135,156.41250356563987
EK202310193164,163.77291507001559
EK202310222960,140.41343778787567
EK202310116552,142.46218438596924
EK202310123971,186.21148748699972
EK202310113406,148.6680480352579
EK202310234777,145.06143460335687
EK202310109531,136.3046594885373
EK202310186502,144.18997180696115
EK202310190436,140.23801032702227
EK202310198804,182.7097670590951
EK202310188371,147.50433685935093
EK202310189870,171.2071788259367
EK202310179411,146.8319564320085
EK202310233363,134.8663372867504
EK202310104971,138.0468439046275
EK202310191357,142.33805858237463
EK202310172762,146.9869948962073
EK202310199936,134.36887070098717
EK202310153452,136.55766112882196
EK202310160325,145.04554884889677
EK202310240026,123.66558020090267
EK202310134117,128.8342328604136
EK202310214971,139.5432545510677
EK202310210492,126.75053612370256
EK202310200943,156.41387710570544
EK202310233114,141.7907389293798
EK202310209755,138.85780144060598
EK202310114040,144.80562926790225
EK202310231262,142.7155671315386
EK202310196982,164.64009873313952
EK202310168935,164.6972384323986
EK202310209663,137.69830165019974
EK202310171963,163.27554801072785
EK202310128429,163.43492407354168
EK202310243988,131.09444963392312
EK202310131432,136.59668451092804
EK202310170157,152.24961925660784
EK202310135062,165.4617979606981
EK202310180073,163.74541723736485
EK202310154392,168.46270861043857
EK202310211600,141.4218465943105
EK202310221370,165.5157315888349
EK202310135902,125.53792333419227
EK202310248071,147.4499054244022
EK202310140056,152.38719913469936
EK202310113087,166.43240290387698
EK202310140280,160.99817889988034
EK202310231029,141.1654546944399
EK202310003876,139.79748784506498
EK202310110872,141.42313919168393
EK202310110803,138.18127258210475
EK202310234005,150.98702406333612
EK202310195582,141.5036652491448
EK202310216699,116.31276556970265
EK202310161870,155.8029757112311
EK202310207634,154.68153195933357
EK202310154729,130.25481605923707
EK202310119219,141.85040472568315
EK202310216260,126.28208299543373
EK202310241741,147.63397376540564
EK202310127099,126.00519080933714
EK202310142543,156.6580561592257
EK202310159437,153.63773264780752
EK202310139226,139.9622215176335
EK202310145866,144.30428555479472
EK202310240067,143.88969988143904
EK202310242685,123.06014620950174
EK202310158289,142.07068259869902
EK202310145943,149.40910478006887
EK202310196762,142.81393937238448
EK202310141743,169.83338038215578
EK202310222881,140.49799931690944
EK202310170624,111.17472682907761
EK202310139072,151.07185465661166
EK202310168507,141.43976474083004
EK202310141768,156.80493539536215
EK202310111130,126.33964173980607
EK202310217027,142.95174761009568
EK202310224945,139.68725969978172
EK202310188108,147.1226781628589
EK202310200577,165.47821435960097
EK202310152955,146.24165572970313
EK202310184966,148.1908407267424
EK202310133181,132.18174863241893
EK202310209985,143.6943525884339
EK202310195572,142.43005182670646
EK202310199966,138.18480723791058
EK202310109052,145.66802816436402
EK202310173422,137.85249136799615
EK202310216493,150.9046124191447
EK202310234480,137.56163430999274
EK202310239882,128.2635712967796
EK202310151506,175.13237675173212
EK202310231481,128.42472887698372
EK202310173660,127.04605407566328
EK202310124885,116.75228255362138
EK202310226112,136.20297832015714
EK202310169770,146.16961362419832
EK202310112146,140.20676978034936
EK202310126447,135.93112901469144
EK202310197865,147.82544098212858
EK202310144993,140.82055441293136
EK202320007830,136.55096907415336
EK202310134803,144.55873274818094
EK202310247257,152.15161508123566
EK202310189213,163.9278174371142
EK202310163523,150.87680179500313
EK202310177884,131.39306372460968
EK202310168374,144.87898583052643
EK202310181460,138.09404932650705
EK202310164324,142.413807564228
EK202320006373,141.05140993229026
EK202310240516,160.23259994052796
EK202310106433,150.4992034918571
EK202310104794,133.3102424850415
EK202310179826,137.24359332727127
EK202310220482,119.06440880367171
EK202310144501,161.89103615128582
EK202310236116,156.97749243494042
EK202310143566,135.96221020311825
EK202310244286,145.415312003978
EK202310117364,144.68074159529215
EK202310182812,134.4091084322741
EK202310165290,144.07507661382132
EK202310175655,135.5622420734848
EK202310191765,142.1193188004627
EK202310175575,131.3475343474934
EK202310190556,127.84973811936209
EK202310109849,129.08568439511822
EK202310125361,149.9599091305149
EK202310117657,125.0922498899827
EK202310166741,147.39941182149138
EK202310152997,140.70028278646777
EK202310197388,159.04394596579994
EK202310131984,139.38956518523608
EK202310219422,116.27560586018129
EK202310121522,140.69682240702548
EK202310175245,157.3117051426696
EK202310195205,159.6241527456206
EK202310108650,142.9216777464768
EK202310181782,147.9959492532312
EK202310115038,159.0969032316953
EK202310158797,142.0558358518229
EK202310170666,149.5691997815236
EK202310168966,121.07282187062992
EK202310214825,169.43754339534203
EK202310120494,162.15493851674785
EK202310220603,150.34363743805673
EK202310225685,133.8127408683358
EK202310223164,135.9484235571574
EK202310162099,139.2036553515932
EK202310181378,159.42838257484584
EK202310206274,154.8369923018991
EK202310245110,124.65961757342478
EK202310149953,169.20274415456416
EK202310200512,134.71133850411871
EK202310195166,137.0484302150034
EK202310181696,152.8441610089035
EK202310246293,140.22752026719155
EK202310112958,132.0589363488803
EK202310144239,134.78550531642912
EK202310112531,124.3808326795952
EK202310215394,176.40979142221948
EK202310214916,143.82459949610384
EK202310135655,153.63299319798764
EK202310234936,133.76098675216724
EK202310216594,143.72971563671967
EK202310221025,137.4847268631381
EK202310111609,162.25897023141943
EK202310213129,144.78438919187792
EK202310117137,146.01946348506291
EK202310239490,134.1138787451091
EK202310157671,159.05099558181323
EK202310188165,136.2965784071014
EK202310134859,133.91847936696374
EK202310183908,171.98945091400532
EK202310147406,149.54828930726748
EK202310175129,120.18608104712074
EK202310164780,163.02844984788405
EK202310227743,139.92762363306525
EK202310120706,141.42728540539363
EK202310118366,148.5896266722481
EK202310106692,139.11945830513233
EK202310190791,143.9356820939268
EK202310208607,152.34284047334984
EK202310170692,160.7748737380441
EK202310225887,142.2364687251772
EK202310182352,128.370069121195
EK202310185880,134.14606755362436
EK202310178297,148.5642755739397
EK202310195149,146.72735428495062
EK202310231610,134.2715707646684
EK202310137276,124.26376025516703
EK202310184484,171.94994878102293
EK202310121199,134.14708639977403
EK202310125536,141.05366772121357
EK202310213706,147.04886160606682
EK202310135204,140.13716004127932
EK202310247699,125.78890821770061
EK202310217787,122.11940403862877
EK202310182191,148.7809340917625
EK202310198529,149.28616416183465
EK202310220299,120.54460259245025
EK202310188677,150.11618091896207
EK202310232253,139.46918267363074
EK202310164691,161.5955127244751
EK202310103832,117.85543113558063
EK202310149722,140.35417590166196
EK202310198859,154.71551269443407
EK202310234749,136.50010686653098
EK202310104566,139.64981474218902
EK202310211383,144.00500878966656
EK202310170287,142.87683581811467
EK202310150824,152.1137164250429
EK202310171304,139.5953842841255
EK202310193205,152.72677394582672
EK202320006114,160.53128920401048
EK202310135524,135.78971745470412
EK202310192025,144.0382168346155
EK202310170020,161.38345129671387
EK202310198095,157.29638562925166
EK202310105801,147.28975110538568
EK202310177479,138.62496274001072
EK202310108455,151.95360933579403
EK202310165998,135.7671072481291
EK202310122714,131.63098576542887
EK202310164202,146.2768462512331
EK202310226026,147.8844667615205
EK202310223682,147.12038336926335
EK202310116148,129.84578032695572
EK202310210129,149.24913486148344
EK202310242087,143.1618937801548
EK202310116328,138.5214037412703
EK202310217261,171.87725237670017
EK202310106484,149.52149424880278
EK202310157473,148.45471905281337
EK202310198511,129.48467298852268
EK202310217751,141.29747295629085
EK202310168432,161.9472020003215
EK202310151251,143.08342948654365
EK202310120767,149.05329647338172
EK202310127801,143.41445339044697
EK202310118354,140.0404877324067
EK202310209195,166.2912119207028
EK202310172035,160.00438192943489
EK202310114626,153.3367672235457
EK202310144629,148.3364259586328
EK202310185061,135.51541598491144
EK202310174592,129.03295130465773
EK202310164708,169.7170541062009
EK202310149304,153.06974804679555
EK202310170289,133.4997042728598
EK202310213861,141.9410408765752
EK202310126098,135.05794335538312
EK202310133915,130.01908152582578
EK202310148594,120.01104774432912
EK202310116687,130.95733582034748
EK202310171866,136.766419395063
EK202310147735,146.744404898901
EK202310105679,181.1842579242146
EK202310248635,127.1789114190566
EK202310139369,142.97296607268305
EK202310105974,158.93181382240317
EK202310104978,136.5122892627554
EK202310174467,143.71345229078537
EK202310124199,128.2828371633009
EK202310135676,149.53734731332887
EK202310146763,135.07375977307987
EK202310205937,128.56070641773422
EK202310135445,155.23778448580148
EK202310109193,119.79284978482966
EK202310161169,155.23478063231144
EK202310204092,152.63914150618646
EK202310202680,138.87682715827427
EK202310172794,146.43700376716964
EK202310217791,133.75450935119378
EK202310158468,153.67965161886323
EK202310149937,164.28650752090985
EK202310166789,124.04987140536008
EK202310159167,141.11967398454016
EK202310125029,139.3757281310855
EK202310203531,136.01215857125726
EK202310181665,124.96671663049622
EK202310142148,136.9630929911394
EK202310166843,159.4240235467301
EK202310161022,131.35486182964863
EK202310118997,140.49745674189478
EK202310239449,142.7341642431307
EK202310210440,136.68483657069535
EK202310205614,138.70742808941898
EK202310179227,138.54988433327551
EK202310143023,126.10363945182765
EK202310178605,155.99205555853575
EK202310151926,166.5289021055894
EK202310205156,174.92973784623285
EK202310227477,162.3184428545938
EK202310118582,142.335574284096
EK202310145669,144.68274838769446
EK202310181578,157.05090257124837
EK202310193806,157.25061208361547
EK202310233863,135.53878702741707
EK202310111982,137.23962312059564
EK202310228092,129.3301686647889
EK202310117791,121.19933717910675
EK202310174095,156.8145426253106
EK202310199167,133.30781440224314
EK202310147864,147.33207714409835
EK202310136545,128.88343325610822
EK202310004781,114.09425039064897
EK202310110648,129.2161092287409
EK202310187608,132.15790695231775
EK202310212121,137.00998494002752
EK202310200654,147.5811969785061
EK202310110670,118.95827512886642
EK202310148332,155.5647291219203
EK202310198602,150.18182247488215
EK202310162570,148.2138243494597
EK202310105840,133.04499091654895
EK202310216931,154.6786891737262
EK202310152841,169.7721664759739
EK202310107705,145.60766766376074
EK202310178316,139.99417518851203
EK202310147750,126.13231761720084
EK202310110434,125.67773623200937
EK202310219134,135.3718954222461
EK202310207502,134.61290322275295
EK202310137524,154.5772917997849
EK202310237806,136.11490204433215
EK202310248546,146.6310186011165
EK202310246510,152.70500882515998
EK202310215312,155.63822792782767
EK202310135935,131.0327412446308
EK202310246337,121.73334171388139
EK202310133292,138.0222258710578
EK202310208105,149.62157858527792
EK202310221927,161.73628817312175
EK202310185220,135.3331671039479
EK202310195012,155.35302205402047
EK202310220382,144.1535505649575
EK202310228071,134.27115240728114
EK202310139303,153.76881218876525
EK202310146446,139.761584873233
EK202310113629,148.0653934083269
EK202310121125,130.86890770821236
EK202310179172,161.98519959852524
EK202310135030,170.37028660065013
EK202310154871,121.94559744927592
EK202310104446,150.38530097489948
EK202310112990,134.43005784697732
EK202310189753,157.8076012729331
EK202310239147,131.96296761920223
EK202310170148,153.86461626417235
EK202310227849,148.00829098878634
EK202310206204,145.9752321900515
EK202310160122,128.77598497331107
EK202310131964,130.44523903226778
EK202310111949,140.69824547996726
EK202310122396,110.72005381912946
EK202310187780,145.19091548426906
EK202310205438,133.70628008381587
EK202310153038,193.2486830925741
EK202310152163,147.85715695783264
EK202310192310,129.43882554270368
EK202310174795,147.56065565923424
EK202310193009,142.0799514291932
EK202310150434,133.5909771039702
EK202310118338,126.0741615352311
EK202310197441,147.01341371552743
EK202310142091,164.90027831747344
EK202310117239,144.06841186662515
EK202310179745,146.74491489310452
EK202310219687,134.00358671557498
EK202310176027,143.66205031356344
EK202310104893,140.91032455108217
EK202310227192,145.07201256899063
EK202310146856,141.02862016855934
EK202310107173,143.3258638171046
EK202310211813,130.93834336827848
EK202310188253,136.61902969829563
EK202310233335,132.31181445058047
EK202310217329,145.80788599287726
EK202310155219,132.53670247364323
EK202310157321,141.5885642028522
EK202310153713,144.5770433744001
EK202310120830,141.30370130769276
EK202310229321,158.91318786358607
EK202310130365,155.62715452678114
EK202310202308,160.3057033938045
EK202310203388,157.93175926003593
EK202310185835,153.74143281217073
EK202310188805,187.98898772893975
EK202310159594,165.38628684084117
EK202310147573,132.13687793859896
EK202310190109,143.33878364242406
EK202310180140,148.0636478161673
EK202310149775,149.35740137134678
EK202310238274,152.89849135037022
EK202310242923,133.29143460113977
EK202310107321,122.70971659487594
EK202310204141,140.1761767741275
EK202310219133,149.5094299884525
EK202310139067,157.84276178769338
EK202310140520,128.50887708852804
EK202310248527,151.4357401111517
EK202310003682,142.20770319466925
EK202310162432,154.62218759948266
EK202310179950,160.47888420015983
EK202310240868,133.7263918075464
EK202310116267,149.24940989006387
EK202310221765,131.82313146158612
EK202310173563,143.56247042154288
EK202310143455,108.76183232525035
EK202310207343,142.18135847057977
EK202310217689,134.96951134496825
EK202310146102,119.099601853452
EK202310168973,132.37060138820792
EK202310222519,135.15959992480285
EK202310129680,141.7804292380916
EK202310178200,147.52953037843133
EK202310170870,143.41742717619888
EK202310126872,153.9283833774867
EK202310148891,175.02733876503578
EK202310173852,139.27824297612432
EK202310125523,135.8086415880536
EK202310159491,159.6110926643269
EK202310157366,137.22903434413152
EK202310178992,142.14900399959504
EK202310143866,137.72868540018112
EK202310152326,136.28235094548398
EK202310202864,161.96459042550367
EK202310218888,153.0226146987543
EK202310209358,122.37147501044146
EK202310227775,158.1893970906729
EK202310186270,161.2805892602576
EK202310203414,164.78214154786394
EK202310225866,149.19237324608605
EK202310234055,130.70772493094682
EK202310129825,159.1239468566091
EK202310209772,153.0029590351463
EK202310182146,153.2974273303779
EK202310180456,151.81016976274418
EK202310182353,135.12337630606785
EK202310199926,128.68966251203332
EK202310226078,141.3394011167104
EK202310212125,133.4580751965123
EK202310149668,179.0240181231515
EK202310234903,133.05046327723508
EK202310205875,137.3499167991492
EK202310157799,137.42572847590714
EK202310211749,127.0835432759662
EK202310224314,168.13431327205143
EK202310124274,124.73069602559067
EK202310127800,172.33588820136538
EK202310238415,136.29848783495385
EK202310229891,153.3521072742487
EK202310145946,139.22675884818747
EK202310181109,150.18672123773183
EK202310147129,145.65034007832196
EK202310178177,150.26852270685643
EK202310113395,142.26344695923075
EK202310217919,155.66659208687003
EK202310154751,138.57578409039417
EK202310130965,149.94140659662153
EK202310190874,144.52027342336737
EK202310195521,135.78902701496364
EK202310201613,145.9460758785054
EK202310214697,149.965640114787
EK202310191560,144.308591172863
EK202310121406,148.2911936206922
EK202310114089,126.70746740879119
EK202310159340,132.16632237410442
EK202310113700,145.89145325214702
EK202310126654,133.56283070610735
EK202310144476,139.82780493214483
EK202310131321,130.53028194930357
EK202310187814,136.04673718976323
EK202310220881,136.28593677496082
EK202310189638,152.33245188275777
EK202310178407,173.78857804157934
EK202310180651,151.96364945447797
EK202310239749,127.08387484832565
EK202310171046,147.95153490210475
EK202310164907,140.87746067915316
EK202310147112,148.42975265314266
EK202310181779,148.30621879773216
EK202310177716,152.00475090377273
EK202310211440,146.83909127914166
EK202310205701,153.51737698494924
EK202310116151,106.64597865988021
EK202310183859,169.31498401352474
EK202310135998,151.3993100045481
EK202310201975,128.76163976795178
EK202310170925,126.16202783703758
EK202310104593,143.45090471895926
EK202310110432,142.35024551999163
EK202310129862,134.57532687028203
EK202310189525,149.96603402119135
EK202310111229,138.2078016350543
EK202310188865,136.758303803253
EK202310146283,141.81116342264903
EK202310178823,159.4010507546383
EK202310147049,146.02900913420015
EK202310221900,135.50562244378102
EK202310182664,148.63200149275278
EK202310115895,123.85650919595014
EK202310137882,134.77268170338633
EK202310142987,165.66447237469822
EK202310230693,131.34462701206712
EK202310105910,126.64761749312822
EK202310176888,145.2220125768443
EK202310179407,146.1114330048293
EK202310113511,151.11383921041104
EK202310226410,131.65677413777644
EK202310194828,170.66864318731052
EK202310209526,164.73040138024865
EK202310232266,140.5209615623925
EK202310190901,149.8270692670819
EK202310120320,138.70135036111535
EK202310109391,143.59880204464318
EK202310126276,142.53892205513063
EK202310223714,131.73634181045526
EK202310211517,146.50025720226904
EK202310110636,127.6663653011001
EK202310235623,134.57257876548354
EK202310186004,151.33224843063127
EK202310004261,129.7833840771335
EK202310193375,159.16621529639608
EK202310218449,126.52106480340936
EK202310179058,147.7301396813935
EK202310133795,124.67064169860708
EK202310164408,144.34196150966017
EK202310159492,153.55787532564824
EK202310214283,142.30091219734533
EK202310133551,151.76935309986186
EK202310190061,167.9564542913759
EK202320007557,146.75229364988434
EK202310114241,134.9480797103673
EK202310203894,149.07290478080677
EK202310186487,154.67021066657824
EK202310004631,145.43875758984288
EK202310172845,134.5378961203308
EK202310124858,133.3566800375735
EK202320006937,152.45451442635257
EK202310164626,142.74494676861585
EK202310109948,144.59005420506077
EK202310112053,123.54429434832741
EK202310184712,138.8058473604656
EK202310122821,143.2957761494937
EK202310179754,142.60532943807345
EK202310230071,135.18901559849218
EK202310169385,180.584822474621
EK202310205297,133.454935459196
EK202310176789,136.44381025169778
EK202310234641,122.2699817871132
EK202310216672,153.06268544060717
EK202310218187,160.35702297336456
EK202310163653,130.18849579814037
EK202310173938,148.01367607872783
EK202310144779,125.37590126109089
EK202310105452,139.5165003836209
EK202310203289,140.09012371129822
EK202310244916,154.25585514346488
EK202310212913,150.75138472314666
EK202310195593,153.20744010550442
EK202310109392,140.9120939562311
EK202310239794,163.47858110566068
EK202310156466,163.0764634128761
EK202310234091,146.0159164757327
EK202310202246,147.22327490959853
EK202310208070,143.51809220711047
EK202310199529,131.62287930638607
EK202310191597,138.3578206826788
EK202310232873,169.03342754785436
EK202310245305,150.0845040948043
EK202310196018,157.41353738326913
EK202310205608,143.48178077380246
EK202310211776,139.58732986426577
EK202310219819,142.89085675736828
EK202310152910,175.4324938704799
EK202310244549,148.89761002104365
EK202310123421,143.64995141035956
EK202310205600,150.67265039416847
EK202310219535,136.91215906194844
EK202310247105,136.0596368853116
EK202310223625,148.50156184194725
EK202310135177,159.454900886951
EK202310167858,132.095884643433
EK202310193232,127.21729383012556
EK202310144624,131.0358208244713
EK202310132627,133.17509919695647
EK202310213967,160.50761020791478
EK202310236061,135.40105547375913
EK202310177659,161.17937894124478
EK202310145236,150.49896036810011
EK202310118399,123.29138403834617
EK202310215365,133.08633033327456
EK202320006049,139.20883229036914
EK202310185900,128.4976041510421
EK202310133957,172.26634505740157
EK202310234170,126.18608916857065
EK202310126261,129.8319226038914
EK202310118103,167.5964902502128
EK202310118678,132.02542500794152
EK202310113678,152.85522874732746
EK202310111849,139.3987521472402
EK202310218593,133.5980040296776
EK202310145457,126.64770638501204
EK202310174907,153.79468405565552
EK202310004460,129.47863766597257
EK202310194109,129.51468700157508
EK202310108378,130.72193628120746
EK202310200664,148.05189318802047
EK202310167993,140.95811686472837
EK202310157089,166.43947773929165
EK202310210287,143.68976298688602
EK202310148250,127.41671093356982
EK202310207303,144.8815231011383
EK202310206507,135.4286569003567
EK202310243704,139.34995547508976
EK202310179019,123.13991971788181
EK202310243866,169.24818331862048
EK202310137648,144.850683596885
EK202310173887,142.02488130551538
EK202310235491,152.7883301140318
EK202310212645,139.52930352696308
EK202310190281,151.23167841032006
EK202310220934,136.60209125076366
EK202310230719,132.52077477007327
EK202310201074,138.8159220840223
EK202310178051,135.41026199808778
EK202310181204,139.31053333930151
EK202310135829,155.40058705389683
EK202310170445,137.49035639944793
EK202310238141,136.3980476915281
EK202310135822,143.72644832772264
EK202310227546,134.81751474800882
EK202310140976,158.38135496522796
EK202310246668,150.13359641861058
EK202310105632,143.4040715119598
EK202310109270,181.3580541245933
EK202310131782,144.25019695220533
EK202310233567,149.36374765025235
EK202310161598,139.7667554351135
EK202310110724,134.87875880948755
EK202310229148,153.52435486164535
EK202310159146,145.6516701374145
EK202310195696,146.6585737420335
EK202310117218,147.90411263959052
EK202310205895,165.34022415270059
EK202310194401,137.44608560399266
EK202310126710,151.04142429168706
EK202310152278,148.54576449896618
EK202310190916,146.4236302043335
EK202310110549,129.22103605293188
EK202310177514,153.074741425616
EK202310175686,146.77792054287877
EK202310223432,152.19672412471473
EK202310244466,143.91502591086055
EK202310134231,143.97735530132832
EK202310236274,140.46831837174457
EK202310195863,166.91873856908026
EK202310241144,147.8984208794588
EK202310202269,144.17875302189256
EK202310231316,146.26685953376054
EK202310211605,138.0746342503958
EK202310200954,161.66399256585768
EK202310224489,136.61835446546053
EK202310165476,138.23771242634413
EK202310204173,128.75197945390198
EK202310178369,145.52380863241427
EK202310170774,137.3769570614541
EK202310205764,137.20846518227347
EK202310236659,145.91798910686813
EK202310170743,138.01498860092445
EK202310136793,152.9573749630068
EK202310187675,147.7328736284996
EK202310156962,129.51515374638558
EK202310216942,143.47536533979226
EK202310168321,133.36209558208023
EK202310243793,135.4666276989455
EK202310235437,128.80538233821198
EK202310118510,143.83878468993356
EK202310139337,162.52867644928645
EK202310120961,148.08598920965906
EK202310214076,143.61761673640305
EK202310241228,161.94496257599994
EK202310212101,145.4598781860562
EK202310199696,152.58208061113228
EK202310163542,154.30930146216156
EK202310232836,135.35932276166358
EK202310189334,142.22919864520165
EK202310239101,135.13621215945042
EK202310156523,142.8206988752149
EK202310201002,149.80568066628828
EK202310003364,132.4979849076404
EK202310179389,141.5066793731315
EK202310163130,131.77422167728218
EK202310232481,119.16771187894678
EK202310186459,132.96125836636833
EK202310164481,142.63364668022842
EK202310169941,164.4537429471709
EK202310131128,160.78158601329912
EK202310228174,125.69577665031017
EK202310173249,142.73550707824907
EK202310202077,134.91659776436285
EK202310225477,150.27542032667287
EK202310247572,150.9204840239366
EK202310181799,147.63799421179397
EK202310119740,141.67442599548897
EK202310131395,143.78424071943138
EK202310224529,130.38084146737904
EK202310156156,153.39451753700965
EK202310200552,173.16630670057222
EK202310169146,151.4533626631458
EK202310143038,133.5959411793143
EK202310170406,132.43313911082384
EK202310200533,168.66687552294465
EK202310119387,140.15016459561977
EK202310202355,118.45624987513389
EK202310225013,125.07095610882462
EK202310214250,160.94263258505742
EK202310210556,128.655823586236
EK202310201139,167.05023594628565
EK202310130429,153.95888165457092
EK202310224863,147.6693849556779
EK202310153482,137.79174498648624
EK202310241062,146.85549866518855
EK202310164485,147.33957033871653
EK202310245636,118.04393563530954
EK202310157534,148.47797947935945
EK202310229118,132.22116849939863
EK202310171426,145.6264759930461
EK202310210127,140.00342261614625
EK202310111733,154.08130190928534
EK202310141203,134.35962257017897
EK202310232387,148.88158275470335
EK202310188639,136.48918893439932
EK202310190835,162.98953331924773
EK202310201801,154.6873422559894
EK202310175974,149.6117137562301
EK202310187326,125.65824806958845
EK202310212155,132.76019572831356
EK202310151022,162.06721303616592
EK202310211125,138.7671658780386
EK202310219268,133.80810145572505
EK202310110245,141.3189414165863
EK202310238069,137.3161507201188
EK202310199559,146.21687903106104
EK202310167739,130.47384217890917
EK202310142979,127.76648774237476
EK202310191202,131.48768489301418
EK202310144654,171.87369085812173
EK202310224039,142.80775138434075
EK202310150921,125.8557081497312
EK202320006004,146.55558801620117
EK202310108116,135.02582815792752
EK202310226608,137.49569295062818
EK202310237947,140.74081592082166
EK202310245724,137.98036485492622
EK202310216589,131.08369204447993
EK202310242883,144.39907627827228
EK202310192702,131.64093973377194
EK202310168445,131.1450827858813
EK202310205542,152.8441379945191
EK202310150929,140.8773182994222
EK202310173039,126.70241714956846
EK202310139742,106.81067219837448
EK202310138564,141.15178650392477
EK202310145764,142.9978919572639
EK202310148134,162.94960385640056
EK202310180451,148.67178524042447
EK202310149802,151.66461633171107
EK202310247608,169.2909461324601
EK202310130999,136.57885524142574
EK202310141610,142.68632849345505
EK202310224015,166.87118386221547
EK202310229698,153.81335999030716
EK202310197753,157.82749773962928
EK202310152255,161.46639274661857
EK202310133838,161.72097636473416
EK202310192249,196.55766939645264
EK202310195834,156.15578948270783
EK202310186510,142.93904217142634
EK202310177054,144.09734747569087
EK202310107524,151.5079477280846
EK202310128174,154.69424733218355
EK202310187413,153.32538772706198
EK202310234580,131.57907712882283
EK202310104409,153.3267159555696
EK202310125276,122.91356789269075
EK202310113893,143.9892016288858
EK202310179353,149.72018881676843
EK202310240438,132.26725658990222
EK202310229420,143.36435594570426
EK202310116112,125.20492234115007
EK202310117942,144.23102378396948
EK202310163339,126.6625643713005
EK202310166509,132.45929116633647
EK202310185556,124.9254302589914
EK202310227524,147.61454666116282
EK202310109010,165.10238452519718
EK202310183425,105.02480466757233
EK202310191714,177.62300613306505
EK202310155039,133.27260227449102
EK202310169140,162.83027087385236
EK202310177573,146.08639483288331
EK202310170318,135.32641611429273
EK202310207697,144.41918004811052
EK202310199740,164.96877667674948
EK202310149864,159.3540604869488
EK202310150264,135.62267658330117
EK202310189933,134.57015551346302
EK202310218127,144.45823492570614
EK202310108083,135.5801535989699
EK202310154872,129.41544788466732
EK202310160785,160.75777844819928
EK202310206282,144.76879960359807
EK202310124253,139.46772689872535
EK202310196633,125.31597822646717
EK202310105966,135.6998378033449
EK202310141033,153.93129673831328
EK202310197213,129.5267827865556
EK202310206024,114.36375253692445
EK202310113110,126.43597048813827
EK202310114366,154.55956317122036
EK202310133810,142.26533570084234
EK202310135192,150.06038659452824
EK202310233334,147.64975767756334
EK202310148079,143.386938978702
EK202310109276,135.53497131711913
EK202310124568,148.0816152680371
EK202310162273,140.99211131383453
EK202310126242,134.89699283776721
EK202310106288,134.04293580780723
EK202310190761,147.61568473736406
EK202310003653,125.55189558537603
EK202310111116,135.2528149282593
EK202310193002,149.6238923584378
EK202310107463,136.54944668025112
EK202310237608,137.81786926305548
EK202310213418,119.04397079331422
EK202310204153,152.12394799181308
EK202310104707,133.24962505936728
EK202310238820,130.1945552514567
EK202310141697,159.53502876722334
EK202310178269,157.64247587971894
EK202310229367,151.82600057992866
EK202310172017,167.17373569710685
EK202310223139,123.7754586881317
EK202310125096,138.80334288072928
EK202310143070,156.65925944367677
EK202310234470,140.07005455228966
EK202310131911,133.03098631836284
EK202310176053,151.3798860920638
EK202310158201,145.44979344149647
EK202310113896,165.04764641741707
EK202310217246,140.61446928148843
EK202310202878,145.3871181709327
EK202310179418,174.01514219223776
EK202310106198,120.73813536729782
EK202310130287,150.52387820482159
EK202310203618,136.62766948842648
EK202310144069,141.49051271226432
EK202310225997,154.6915477923926
EK202310137087,136.43293351313795
EK202310114093,152.97213326301548
EK202310125025,137.82555006731323
EK202310169960,131.60702670228133
EK202310211027,146.5055722464753
EK202310156374,147.64336142098244
EK202310184239,149.57961117476924
EK202310193887,139.10032861285103
EK202310169120,148.8663418136239
EK202310214116,176.56480666035918
EK202310004097,130.52159658051886
EK202310156682,130.162836440908
EK202310154604,160.51080611548005
EK202310218245,144.33347178732188
EK202310224853,118.03780780657576
EK202310164480,151.02178942575281
EK202310130017,136.9488600773037
EK202310142314,152.3513780424067
EK202310104271,157.32938339879752
EK202310245758,130.24022915902123
EK202310229784,151.89208397787363
EK202310110502,144.24997998425425
EK202310121032,184.56907366005788
EK202310233632,172.26886612132645
EK202310126266,138.8376401237588
EK202310109825,124.40956238991573
EK202320007054,153.3602362883425
EK202310166953,140.59177953830485
EK202310227160,158.7939560131909
EK202310215524,154.15293812375415
EK202310221415,143.6023566879281
EK202310224669,137.54530463548554
EK202310182834,162.208883066438
EK202310155348,134.34201224558925
EK202310186571,145.16359227910746
EK202310130542,129.63120365688883
EK202310108675,124.02419686708706
EK202310147107,147.32437976213996
EK202310175270,131.51059581688327
EK202310223760,131.41059376908132
EK202310124746,136.64979590780626
EK202310170040,168.8273998925872
EK202310004065,133.56599194316524
EK202310221363,139.150362836685
EK202310209500,141.41846151498984
EK202310178304,148.2713115213458
EK202310133005,148.62019052234177
EK202310120850,119.92396103688068
EK202310213264,140.77284205392203
EK202310149096,133.4156898862251
EK202310177683,145.1186714312398
EK202310242597,129.97793698097362
EK202310177919,143.83045203114048
EK202310134733,141.09295740045422
EK202310181823,135.9824005846153
EK202310136672,156.4118983999862
EK202310151585,135.96714863445885
EK202310117995,130.62331389744307
EK202320007252,181.85573921056002
EK202310231786,127.49054828991905
EK202310241673,129.07817014155316
EK202310161732,169.95188039474726
EK202310161656,177.46977993917648
EK202310212063,118.90592485413046
EK202310217895,154.07646841610193
EK202310138774,139.21647944246416
EK202310126590,131.1808803078834
EK202310123141,134.95435880202328
EK202310224982,127.94170156922243
EK202310206262,155.47983138859024
EK202310139370,129.2493371877317
EK202310224820,132.69585805028865
EK202310130273,157.37322740361887
EK202310133523,129.22782841936714
EK202310239621,142.50981592336245
EK202310190678,148.07522104909734
EK202310125061,138.4953981886587
EK202310234940,145.30894506835517
EK202310178076,136.37813922522164
EK202310153610,161.71856369705375
EK202310179234,165.7700424703931
EK202310159634,118.44150515237615
EK202310186548,155.74100369166993
EK202310135839,150.6183708791683
EK202310136969,150.45202947871894
EK202310145737,160.6722679741514
EK202310164062,148.14861479940723
EK202310237524,137.62663693250542
EK202310225600,117.8354965501257
EK202310130766,135.99286087045724
EK202310198060,122.90325738195587
EK202310202900,154.26601903407493
EK202310180295,138.90653900613074
EK202310161819,149.43230110226733
EK202310182490,142.017445692986
EK202310151915,163.88262891778575
EK202310114135,154.1070574057556
EK202310155620,131.57333454978055
EK202310156539,164.16711526583288
EK202310164137,151.9484998012331
EK202310172602,143.53295467652518
EK202310161051,166.20224846422715
EK202310225217,169.49417109743285
EK202310220749,138.4612374143727
EK202310135024,166.8789456880835
EK202310236167,126.12739662589127
EK202310106428,131.7727242105972
EK202310191224,145.6300420731397
EK202310126171,158.6099602824267
EK202310152423,140.72800411495336
EK202310168273,131.30930444996832
EK202310129168,158.17191628003323
EK202310176927,156.29334725035707
EK202310172428,170.7993199911947
EK202310181185,149.93437249521992
EK202310004161,138.75450392221285
EK202310221234,129.38480956545467
EK202310161711,152.19661577534004
EK202310240221,143.20719327277433
EK202310222828,136.41212683445525
EK202310210279,125.85732053561362
EK202310170097,139.04702723560058
EK202310188723,162.16941153812658
EK202310166478,178.43556226242458
EK202310221027,147.294284233942
EK202310114979,154.66852965615368
EK202310242042,145.76611967926243
EK202310140021,132.16492285458037
EK202310130000,154.52019918071744
EK202310186640,156.11679147882103
EK202310004760,123.02478984359293
EK202310122844,156.54818150571896
EK202310153842,131.79874875214543
EK202310177802,136.46427874200236
EK202310004581,142.2346986142575
EK202310246710,136.98453659708036
EK202310113952,144.9717541987497
EK202310151035,134.43307857425933
EK202310216428,146.99181927932318
EK202310144070,171.8095267337635
EK202310169605,119.63378280289588
EK202310159620,145.11413992958026
EK202310105550,140.19679090562715
EK202310240970,151.43915748369767
EK202310182151,141.0676690943145
EK202310231587,142.29359804811898
EK202310118075,131.17453739413065
EK202310133019,135.19690862635943
EK202310206992,144.63219618393984
EK202310220008,140.74921443184385
EK202310234156,117.50460472166137
EK202310162641,158.33919073310784
EK202310142907,153.4805409448465
EK202310154115,130.93066695092907
EK202310130815,114.95578094035821
EK202310150846,122.14228563655664
EK202320007669,144.91882290482823
EK202310227486,140.8692703141331
EK202320007572,151.60587902039182
EK202310137639,134.39938635090033
EK202310103836,120.82509099504375
EK202310202037,153.00740603563102
EK202310223420,144.44562091139508
EK202310185672,141.91368802504755
EK202310229956,140.26237860918056
EK202310183246,153.5828348241634
EK202310138498,153.57425143725115
EK202310191631,152.07439828244608
EK202310197089,140.1492592395355
EK202310133822,129.51985731567862
EK202310245494,148.00908243561057
EK202310207684,131.52761358463408
EK202310170631,140.34544070899173
EK202310230054,131.68045538196998
EK202310229119,159.60402782793022
EK202310162261,152.03619995054274
EK202310134206,154.53245859682931
EK202310126114,133.02806174350866
EK202310202130,134.60449531493933
EK202310201610,147.29249854026557
EK202310140475,132.79819459972964
EK202310134356,145.53875822771772
EK202320007186,147.50395923488787
EK202310120790,146.19525719354274
EK202310245157,143.7535287308193
EK202310208016,133.53595704885336
EK202310174476,143.9808697578373
EK202310188403,148.52309037211884
EK202310142082,140.33240495937315
EK202310126792,147.47044751422803
EK202310182973,130.23137158586928
EK202310236318,144.5258532711211
EK202310191185,152.7133429653497
EK202310135600,132.7644628269469
EK202310212912,151.28904284645049
EK202310109044,154.32463835142755
EK202310220665,134.65143369206126
EK202310209857,147.00470042699763
EK202310136210,142.75126690545625
EK202310241948,147.58544136434003
EK202310147383,141.20268130535558
EK202310119158,148.78685898091115
EK202310225656,142.02903746738815
EK202310115771,146.26251140008674
EK202310115861,133.57166873306792
EK202310156104,144.89237732194306
EK202310168339,144.1487111582616
EK202310186770,137.33725158163298
EK202310227679,135.42625149997812
EK202310198604,143.98350622366138
EK202310126896,166.5888505307846
EK202310119992,127.3112626332366
EK202310194849,125.25123018908712
EK202310224912,139.15594368096507
EK202310163124,132.92088908217113
EK202310181144,157.8578184255743
EK202310147897,145.95057230977284
EK202310177921,150.79100108409867
EK202310199607,148.22832441155725
EK202310172680,136.340958455187
EK202310129543,151.1025538882282
EK202310161704,142.24112524626844
EK202310193784,148.2715309240384
EK202310243291,143.04247366325393
EK202310208991,132.01653316058398
EK202310140086,135.5133799638613
EK202310136481,120.22021660447129
EK202310178220,148.74077423401638
EK202310210109,164.69895116425377
EK202310128687,134.09231664832302
EK202310213632,142.95642330160894
EK202310215453,166.64829852760423
EK202310235764,140.61838990954138
EK202310216758,172.49146951335234
EK202310163056,153.20218445997432
EK202310125899,144.09126786971063
EK202310180181,150.86789958905564
EK202310224630,139.21104254865747
EK202310118929,139.27589648387888
EK202310178808,158.84249280622262
EK202310234570,141.3926547773932
EK202310127428,145.14666239530573
EK202310213472,138.73569334820243
EK202310192759,148.0992924582959
EK202310210638,139.23385087748366
EK202310104955,141.46343850760235
EK202310124793,126.04690704243193
EK202310154265,139.43383680364133
EK202310136853,139.3483645515334
EK202310160020,135.96395466339186
EK202310129715,161.98223325691916
EK202310208844,139.5825295859473
EK202310165769,143.51459322192053
EK202310119276,157.84797731297158
EK202310155853,134.67675451672716
EK202310148019,151.24937212938488
EK202310158588,153.13255188813397
EK202320005915,140.04681935265447
EK202310139760,135.4703639956625
EK202310235740,142.05339500695914
EK202310163003,150.67724732153275
EK202310166151,130.29464082518507
EK202310205151,137.2215126943638
EK202310163809,140.30325916598187
EK202310195046,152.18187781316718
EK202310190606,136.5719321783176
EK202310201185,174.85323064103736
EK202310244204,136.1639668916844
EK202310221873,134.25484082041774
EK202310213079,129.0792304843497
EK202310167878,129.6160646905453
EK202310108748,138.71542691462415
EK202310231105,134.24240692170238
EK202310162450,140.67422478838722
EK202310106681,137.99878891028862
EK202310175585,144.10551868361742
EK202310216131,120.85619458764546
EK202310247112,137.29398503377627
EK202310133778,146.42176587828314
EK202310226737,152.97596772188183
EK202310149352,155.0600212242261
EK202310125918,147.61395150449894
EK202310163682,143.28508089601524
EK202310189571,159.8769297835394
EK202310128706,131.2742987480469
EK202310227554,160.90895989845956
EK202310149106,143.6178895378508
EK202310200290,137.45847779695558
EK202310192844,155.5870059383934
EK202310229985,125.90791379130194
EK202310196907,136.14841769346927
EK202310148131,151.7695994699454
EK202310223289,134.96459231261443
EK202310169529,129.80750449812643
EK202310169806,164.902241865983
EK202310212585,143.7468575199912
EK202310196857,177.28119097237106
EK202310190419,133.6044522078902
EK202310219008,140.99326229755025
EK202310142486,131.46488148687786
EK202310192709,158.7424563557114
EK202310182822,135.62263606098
EK202310136899,148.21263218458475
EK202310115463,125.56360656715415
EK202310146582,143.83876721034764
EK202310132422,146.0409154422103
EK202310112592,140.13595214991
EK202310226203,149.0143763843038
EK202310121586,157.5250720379026
EK202310181107,160.2509455046997
EK202310213474,138.09244445280603
EK202310138830,153.11576374426417
EK202310168849,143.660502530524
EK202310229317,134.35494357529944
EK202310204390,142.8165807153877
EK202310192992,135.12549755017372
EK202310152280,145.45680860161355
EK202310155151,160.62968646078883
EK202310174087,138.82222383880315
EK202310212165,125.26729511196855
EK202310152752,144.20863589291938
EK202310168592,146.58217966317324
EK202310191895,142.59824555116933
EK202310200059,119.51364114372096
EK202310243745,119.07903714473389
EK202310158852,160.33873558532446
EK202310157579,133.7203674964798
EK202310225059,148.41017411717496
EK202310183337,141.80084014087228
EK202310198264,124.31938013854574
EK202310114412,153.34861089948342
EK202310227155,132.5899918428205
EK202310234975,159.12075294673093
EK202310197349,152.36131335667613
EK202310208018,153.71382362739368
EK202310200505,140.30024435676972
EK202310115897,124.65447064717074
EK202310202707,169.46657140661029
EK202310207442,152.1948761228056
EK202310185479,153.7279137308434
EK202310237037,181.4637023887626
EK202310136200,141.69382425355028
EK202310154113,131.0055570577271
EK202310114492,138.87137639104375
EK202310176297,166.31312124460243
EK202310107640,125.08845564816423
EK202310209670,132.0718087187156
EK202310105256,154.229364124695
EK202310108117,142.26733202996607
EK202310214550,140.62998676963073
EK202310175559,138.38124807260604
EK202310148239,125.12793737086727
EK202310181548,147.3743699366439
EK202310216342,163.41607208548047
EK202310160035,139.3499799781655
EK202310168843,149.63449200951345
EK202310131732,153.23295829303876
EK202310209477,140.18555059951842
EK202310237971,140.5217708259513
EK202310129891,166.03165629293784
EK202310171726,151.6160064634138
EK202310229665,133.38927297512387
EK202310204967,149.0483084197201
EK202310174899,127.08432234198371
EK202310116238,153.25821573625177
EK202310114560,154.61948261832237
EK202310238506,146.96330336849036
EK202310234905,137.06138066855894
EK202310229020,139.5865566507428
EK202320006240,168.41059644660572
EK202310142292,140.6181258034349
EK202310150080,175.93089571934377
EK202310159478,137.8387910778773
EK202310158699,154.62709081395877
EK202310245027,157.70367915101363
EK202310152722,134.6328643787764
EK202310233081,132.43697884258964
EK202310246556,143.0710511018665
EK202310105650,130.4325649480907
EK202310190838,156.83075008489635
EK202310218394,156.02536713095225
EK202310118154,135.4758150840338
EK202310131520,165.3391800822938
EK202310139487,159.56483984879185
EK202310146562,132.83008383733306
EK202310205269,151.34850272555607
EK202310139486,162.94383288741656
EK202310106738,150.45356225680808
EK202310196849,123.21126321017636
EK202310181949,153.76288692538589
EK202310201469,151.89142970214056
EK202310163916,127.16872036977836
EK202310221312,155.89399096137802
EK202310138582,157.66387850581708
EK202310135507,153.41222857161006
EK202310179372,97.17661117036769
EK202310004219,132.28443067977412
EK202310158089,121.774895378075
EK202310150765,136.69136214991752
EK202310191391,118.41610764634225
EK202310112611,139.85744041606523
EK202310107389,139.50679347632277
EK202310233851,144.52810970768553
EK202310151219,149.54470505894983
EK202310232601,141.14978661771846
EK202310202073,152.1224228217504
EK202310225289,128.50636362766016
EK202310166576,130.72184475409713
EK202310224067,140.01893064431064
EK202310136837,147.3328029935989
EK202310177674,144.91961871961377
EK202310246493,143.2181725530082
EK202310183092,141.6071814928464
EK202310109401,147.81199351087497
EK202310145629,125.04426019094576
EK202310130973,128.64936546150713
EK202310208348,146.53583422432104
EK202310184342,147.03200530711183
EK202320007150,151.82711961517876
EK202310237789,143.95006300345779
EK202310114883,130.28581596608635
EK202310205366,162.4091714340342
EK202310124191,121.17474860169239
EK202310155262,127.00128046645422
EK202310220998,137.51403937224282
EK202310220544,129.12721141200103
EK202310143757,143.24427026418516
EK202310106423,147.48932213646097
EK202310221380,124.70028553858727
EK202310126488,126.84243795163763
EK202310161364,136.15580268986145
EK202310239501,137.9498757406501
EK202310164868,158.99507507061458
EK202310203126,146.26462559861804
EK202310137546,155.69909349356416
EK202310121376,150.34187252014794
EK202310105109,136.41954790528533
EK202310205221,168.9775524029019
EK202310188382,167.70121571063217
EK202310241423,156.44673882059323
EK202310167391,139.50623850104645
EK202310228119,147.63764037367287
EK202310207564,150.06464306632392
EK202310141877,132.48442479414862
EK202310244134,132.216034030812
EK202310148484,149.5097562259863
EK202310213947,116.25629815738657
EK202310189815,141.7073596904097
EK202310196971,168.23498033507568
EK202310170035,136.75792077425226
EK202310118616,142.55149611050297
EK202310202991,147.08406583743601
EK202310193605,145.6680276496384
EK202310142332,161.01858423286086
EK202310107201,140.15960581647474
EK202310196602,141.1641083060977
EK202310112787,146.59888990658723
EK202310237416,119.18408242843975
EK202310234910,140.93372016736453
EK202310190727,141.43709771606137
EK202310114532,170.67330654447719
EK202310202380,133.28165569829574
EK202310196667,135.32631056581715
EK202310118771,142.48538001739382
EK202310112695,142.90613028358123
EK202310196403,134.69242632674624
EK202310214197,153.67758601696607
EK202310204797,141.51621904390362
EK202310107958,130.91976654478083
EK202310130013,151.86631100405492
EK202310135758,130.36980971956143
EK202310193054,131.8925001348508
EK202310148141,118.98254408045884
EK202310166034,169.67241586917524
EK202310158033,152.33726784953154
EK202310150288,156.24094843500927
EK202310113821,127.16353166095664
EK202310179440,156.9904307351892
EK202310217819,133.23912856730539
EK202310162109,159.0157240128937
EK202310200554,179.10966268159942
EK202310115242,139.13120302582237
EK202310154839,161.54136454339883
EK202310208688,142.79206205923566
EK202310191490,145.74220162732544
EK202310137318,127.24349926784765
EK202310142738,159.33142952145622
EK202310180609,117.96030361408899
EK202310158752,159.75492347974384
EK202310181525,145.48247168678964
EK202310236876,135.19755553167303
EK202310151933,131.16129083087546
EK202310203259,139.48650994298745
EK202310158609,133.3441072909725
EK202310142468,152.01250597935282
EK202310178475,156.04690162101477
EK202310113000,155.76901650863758
EK202310112010,142.83313387426196
EK202310141067,156.11748768766472
EK202310228986,116.5450374712615
EK202310123898,151.12506618719075
EK202310247624,150.4003155333461
EK202310110313,153.35843462624803
EK202310148786,145.41550716398712
EK202310200971,132.51653810838116
EK202310202596,163.92002190951303
EK202310196164,154.24998776561142
EK202310106209,130.8110217726521
EK202310177374,165.53694044614508
EK202310179062,152.10085773367098
EK202310222889,132.97973565556052
EK202310144590,137.13799969321585
EK202310136010,141.81121374241513
EK202310157710,147.75528807945693
EK202310168920,134.35925927285078
EK202310194908,125.62441181493043
EK202310245967,128.73592410722014
EK202310210453,136.65721946677544
EK202310223279,142.06772844694507
EK202310146923,133.32629947916723
EK202310231717,137.09360632217798
EK202310133833,126.21702803640211
EK202310108447,125.91125766194904
EK202310156614,171.05152452338336
EK202310124987,140.0457272266058
EK202310215881,135.38472686834632
EK202310161152,164.8141791558524
EK202310224348,145.08517376862298
EK202310242122,139.96569984826013
EK202310173831,153.53382283306036
EK202310122353,139.98690603681294
EK202310238723,145.27936402798753
EK202310232778,140.20777460551483
EK202310198262,137.79986739772244
EK202310206795,148.76196136213966
EK202310105061,138.0215878156389
EK202310147550,123.46850322042351
EK202310169793,151.66282104678282
EK202310174721,127.57644174368093
EK202310197557,166.09265723200966
EK202320007058,161.17165514612736
EK202310201254,129.56660661710072
EK202310243393,145.30102441438842
EK202310225384,126.49991951215861
EK202310004551,141.6272402081036
EK202310187388,154.51747165946293
EK202310221213,143.6886024674782
EK202310206186,158.59555028595864
EK202310118966,161.7945242527005
EK202310126228,133.9863486021833
EK202310143806,144.22792830423697
EK202310134776,123.25321992095448
EK202310222461,132.79068211350784
EK202310125996,138.7875746480425
EK202310219494,126.20517472514042
EK202310110685,130.6428734823771
EK202310222225,139.7026403075474
EK202310191983,172.9075720639811
EK202310144685,150.43519569584097
EK202310179138,138.21594086670066
EK202310179457,127.94629725229785
EK202310217372,145.65835504922356
EK202310158103,173.7061127428044
EK202310167022,133.0039295681148
EK202310148101,139.427601688104
EK202310174010,135.6496934660256
EK202310247906,175.5297986216525
EK202310146964,154.86701206291923
EK202310195616,133.96790284817735
EK202310187966,143.76494003377164
EK202310172204,138.23374582225765
EK202310201348,140.58437917886917
EK202310125866,138.5724328080813
EK202310107865,142.06933712988769
EK202310116596,156.10249065005195
EK202310247975,154.55581395580825
EK202310118528,133.19145140929328
EK202310148683,152.3294793798069
EK202310158367,155.30728771701507
EK202310126019,128.683888063635
EK202310163868,127.82993793470689
EK202310125121,143.7524251547695
EK202310152576,140.19960111326714
EK202310170352,128.0110646104135
EK202310233529,163.10660674814574
EK202310186906,147.05799057953624
EK202310144083,173.99196774636857
EK202310184975,149.50990143829253
EK202310178056,140.7971242189267
EK202310188978,152.6676868656949
EK202310217567,122.43853154662526
EK202310184281,173.87947703623036
EK202310140673,160.5371398451324
EK202310228899,127.83764138701028
EK202310196162,116.12052524727478
EK202310135089,172.23604864027345
EK202310115752,119.49467110076463
EK202310214385,155.69018630242581
EK202310232516,137.24252851776993
EK202310220873,143.4394048660078
EK202310172989,154.92495679742987
EK202310240149,133.97858388921463
EK202310212616,138.57688272051007
EK202310187474,157.20449113150838
EK202310156838,147.89883877266186
EK202310183007,176.6508291877577
EK202310227341,164.1480709870939
EK202310110343,145.6575370747604
EK202310198412,159.04362121636566
EK202310150894,138.69638565004954
EK202310181422,142.60606775532756
EK202310198432,126.40274071070223
EK202310187779,148.5467034834651
EK202310159706,149.61333323588002
EK202310127815,141.8530312218971
EK202310242438,152.89515850635726
EK202310145323,146.43752221692552
EK202310130401,147.27928026676548
EK202310116797,136.6388419910827
EK202310123002,145.35433770546024
EK202310152154,162.63940028646948
EK202310117372,160.4168780988871
EK202310116670,129.78978572438135
EK202310237203,151.62352675159278
EK202310162551,148.7108514225951
EK202310113370,140.19229061220543
EK202310228900,140.2246562188466
EK202310175209,139.509812090128
EK202310236343,148.75287150691082
EK202310236383,142.59697907366595
EK202310131357,124.52003614781654
EK202310159166,136.93296570700232
EK202310170247,150.3923452434859
EK202310222379,139.7438748463512
EK202310154909,165.83392640836223
EK202310146442,149.20175460367386
EK202310003774,144.23059126937312
EK202310112911,138.31336241394166
EK202310227351,149.62988464168427
EK202310209062,155.9117026856981
EK202310238802,134.2990932441662
EK202310210919,140.62718215030895
EK202310232835,119.13962385406195
EK202310117128,140.40677535068042
EK202310219225,145.33164861715662
EK202310174933,148.22939720991425
EK202310204676,166.0196441561567
EK202310107148,152.16140687093952
EK202310181371,148.05185902544414
EK202310146220,150.80443115850258
EK202310224369,130.5986062472056
EK202310114927,131.28568394657418
EK202310177552,140.2003546979173
EK202310221588,168.28838456202854
EK202310107465,142.85866613408058
EK202310135932,134.08554944906484
EK202310110876,133.7457429248597
EK202310237021,146.18350455960405
EK202310109014,139.91589680047457
EK202310140401,139.90887795949595
EK202310137294,133.25157311909678
EK202310163064,139.78066939382447
EK202310147482,147.34327368627655
EK202310127284,150.6455087310268
EK202310201694,151.88034625265237
EK202310198350,144.42373729849717
EK202310208750,146.38445671255135
EK202310004741,128.99988394043618
EK202310164975,148.48523331292824
EK202310219480,134.07171748903954
EK202310213044,131.61620498305857
EK202310225710,139.28187244835556
EK202310174791,142.28880613945034
EK202310110800,132.97461333946802
EK202310208627,140.980098999369
EK202310191043,150.9660415371503
EK202310154022,128.64339549078215
EK202310224070,140.85983171880292
EK202310119217,139.3614003836366
EK202310166221,143.84909606629776
EK202310135615,132.68302763151763
EK202310184260,138.38760732008802
EK202310123132,164.40930051102055
EK202310234461,135.20119887422283
EK202310167872,149.33938708835657
EK202310174913,151.27444830797597
EK202310199190,127.85525111372891
EK202310207044,138.36172380796884
EK202310121394,140.51494933331847
EK202310191133,155.6989069167489
EK202310222955,138.42833548419176
EK202310193537,142.10891765643527
EK202310131922,138.91861757303693
EK202310241321,173.73094562245038
EK202310223125,154.23225362412657
EK202310177034,152.88022581242555
EK202310189208,159.30742066831465
EK202320006578,161.9201034131327
EK202310204325,157.77576657800017
EK202310104387,142.29571519269598
EK202310188941,169.48797759481127
EK202310163981,134.87308650688513
EK202310222266,136.31670093545398
EK202310108713,138.5446367553418
EK202310201346,146.71367907988565
EK202310218638,126.70167670509976
EK202310161345,137.37296271641884
EK202310241526,133.4445251742242
EK202310199356,138.9786994053198
EK202310134515,142.42137817588952
EK202310004519,131.71604766421999
EK202310135276,159.8889482540512
EK202310219279,124.23309060842024
EK202310136740,146.78928905452983
EK202310200952,164.0481837132939
EK202310110068,144.20453218947776
EK202310157132,155.02419520646316
EK202310149621,150.69414234601493
EK202310138788,158.3910175734871
EK202310224324,132.49735617629844
EK202310239811,130.91802410363985
EK202310201046,135.2574739587043
EK202310165503,130.27389937789232
EK202310238259,142.7925655485983
EK202310165302,125.09808217504178
EK202310191144,143.76391426072487
EK202310185640,136.56471305147608
EK202310120926,132.17219443133385
EK202310197879,135.42640583271478
EK202310196320,159.5821916253728
EK202310220563,150.674739584287
EK202310221699,143.05407259349252
EK202310229519,146.6121176995691
EK202310108573,149.73304246929243
EK202310184582,150.56887137775308
EK202310211294,143.95964834740838
EK202310195625,143.96090092096972
EK202310139587,157.465782850536
EK202310118764,115.35792717418614
EK202310110542,146.0405003215219
EK202310173704,162.52809710336618
EK202310136262,131.32841091448486
EK202310237271,134.66978561309975
EK202310205898,150.2767245577555
EK202310245831,142.10634291635768
EK202310193909,156.5688169289712
EK202310204263,139.30606898681367
EK202310105876,140.21567511668647
EK202310192947,143.74495508046596
EK202310183403,142.64295840585243
EK202310133788,141.46695093427059
EK202310222018,152.23449737022588
EK202310129042,134.24882949231323
EK202310227808,119.82814057710812
EK202310218437,166.9505812342251
EK202310237736,129.04853953644465
EK202310141333,149.80983575034517
EK202310156395,142.65280571092228
EK202310004469,135.28436347765057
EK202310114436,138.87621102342587
EK202310118411,132.24078783542063
EK202310163568,150.45468825138119
EK202310183481,150.3254522897433
EK202310124719,150.66646575277278
EK202320006725,155.80740342492172
EK202310166370,145.64376120959284
EK202310133824,147.11163894590973
EK202310210325,136.42091473062044
EK202310144287,141.31013768104592
EK202310130686,147.6682101742096
EK202310177102,146.022053730422
EK202310168931,124.30016843436965
EK202310235183,138.67275903476667
EK202310228458,173.80300728875605
EK202310207703,147.32440404177245
EK202310203188,160.67759673766312
EK202310111430,121.13404923446228
EK202310244894,147.3796334149386
EK202310113983,144.38407363007562
EK202310202824,158.75972412503486
EK202310138446,134.85222553413632
EK202310176444,138.99624485661377
EK202310126844,124.50491753466744
EK202310226840,156.87304892246
EK202310109459,138.8778450932369
EK202310118743,143.60346767413603
EK202310129553,156.03446143723508
EK202310199845,159.85504682917474
EK202310228563,139.39794597496743
EK202310218219,147.6335450713283
EK202310197921,157.33022701335236
EK202310233068,131.5759363787156
EK202310159242,176.25206109243382
EK202310198622,147.04236300969316
EK202310203352,137.3444529916621
EK202310164418,150.07922726648218
EK202310119871,153.00158884487075
EK202310207409,152.28621009576293
EK202310109177,164.30744508723157
EK202310165988,154.4477048650466
EK202310199785,137.8577359117145
EK202310196659,173.27416373947804
EK202310169272,139.65090680757845
EK202310197425,121.83154580816625
EK202310175738,128.5716930638501
EK202310135941,133.2430756018868
EK202310139904,124.58675874390197
EK202310194855,134.04462874359302
EK202310221332,133.0070309068734
EK202310126755,137.47457206683725
EK202310220018,144.76775112215012
EK202310134041,142.21046824082302
EK202310210951,150.22765335196988
EK202310122540,141.76452421581297
EK202310205978,137.23377775569693
EK202310159579,128.95923081777318
EK202310118408,143.67485050047702
EK202310115221,149.02946131758895
EK202310120155,143.15797565121255
EK202310163240,153.3902730346175
EK202310147464,132.78655981597146
EK202310248306,139.32492415972453
EK202310152592,142.5908252829903
EK202310192478,127.08769609714199
EK202310126785,133.91065812403937
EK202310110706,143.26488014654296
EK202310182765,158.63521139194194
EK202310248138,152.67126496446863
EK202310186154,129.445651720009
EK202310181675,167.00689524689398
EK202310217987,127.0391045637023
EK202310179130,141.9392662344588
EK202310135992,148.51347302700114
EK202310221623,160.9324487364825
EK202310113128,154.6450729738213
EK202310210010,131.17438928726278
EK202310163945,147.77629422734532
EK202310239487,137.46981331454276
EK202310238588,144.99866213765688
EK202310146898,148.32441588359802
EK202310147158,147.52755918446854
EK202310187097,136.71176924972514
EK202310195731,138.355787239119
EK202310105999,136.57071974053616
EK202310200746,167.95877609827585
EK202310129579,143.44927998708758
EK202310197982,156.4155070642281
EK202310183465,125.73075334165027
EK202310105248,133.0183178722241
EK202310142138,121.35843702788887
EK202310171408,146.95272060094393
EK202310131832,139.89128879146844
EK202310211971,136.46275475898324
EK202310240690,138.4265448621348
EK202310003608,123.84384039547095
EK202310145836,140.45964014662428
EK202310171399,153.9677574898474
EK202310137705,139.0891121260289
EK202310136000,156.29825200087103
EK202310133882,129.26972548964213
EK202310141636,154.51258234670692
EK202310147290,139.0009394292002
EK202310241487,142.09741461339473
EK202310137723,125.01191059900557
EK202310140855,145.96170808007966
EK202310177098,150.53921031732497
EK202320006676,173.1568117394244
EK202310112514,141.9468257558398
EK202310141677,141.33544089679728
EK202310175682,148.41195869186973
EK202310236633,138.29526972793937
EK202310196176,142.59279284833394
EK202310156999,135.00894482142488
EK202310213305,172.2175432582737
EK202310200333,164.28137545843742
EK202310196550,142.87293521655033
EK202310226257,135.75946202492582
EK202310210514,137.27866480793227
EK202310185954,140.0560736461266
EK202310239737,148.63092264379895
EK202310231636,129.32771398492125
EK202310167744,141.04866607343254
EK202310227786,128.0931137101526
EK202310234832,149.81353291588644
EK202310126608,134.63232351675373
EK202310231942,140.48117254474118
EK202310107679,143.57759000010228
EK202310154939,140.00347986536246
EK202310191434,129.84511320083877
EK202310143462,137.77408755233847
EK202310228890,143.95352109092036
EK202310181791,124.21716185830232
EK202310147122,143.62415078108623
EK202310114485,132.56468679533882
EK202310104634,140.8541916688555
EK202310183103,141.15902019458716
EK202310003449,136.91605288546322
EK202310220154,128.01496960346964
EK202310215919,132.11893400042436
EK202310183173,131.48351694460496
EK202310136581,142.02690899083842
EK202310135891,167.7154138242435
EK202310234960,128.70238993862782
EK202310213672,141.1893213367498
EK202310160012,144.04120227962872
EK202310112248,154.95999267590932
EK202310136825,148.63144123550836
EK202310243733,132.6899540292121
EK202310235540,125.64069587899328
EK202310241172,146.38014812500052
EK202310189939,132.11916640448075
EK202310115473,122.65485415081986
EK202310188980,159.6356588206081
EK202310248520,151.7959367171524
EK202320006015,151.78729071843176
EK202310156531,125.64101448571736
EK202310146465,135.29316783894402
EK202310104718,147.42352762649062
EK202310208272,147.94908942568853
EK202310170862,137.78201531635594
EK202310235381,165.39009380330722
EK202310171376,148.66481253240954
EK202310167650,127.5357761184565
EK202310160990,161.7000282191058
EK202310195882,135.58925623218096
EK202310190552,147.8818463767152
EK202310120695,141.23406093810945
EK202310177689,135.99265963066114
EK202310116634,134.8346252884774
EK202310110519,141.0831122223569
EK202310125017,158.5897497461663
EK202310182959,109.99431827599338
EK202310181811,151.4712068161686
EK202310214725,146.77796153258004
EK202310212263,133.98643256481967
EK202310122692,141.6624016872579
EK202310215131,142.29029110475264
EK202310202575,147.08118714972554
EK202310167856,136.89062890966835
EK202310196698,142.10058185147307
EK202310226483,132.76612104816348
EK202310162014,165.43609065190867
EK202310125942,147.79475995868538
EK202310106367,129.35711554989223
EK202310229140,141.01323428864902
EK202310207884,135.29256450474432
EK202310152869,156.64184963085864
EK202310178619,151.32457469893154
EK202310211976,137.26942149713943
EK202310229203,125.85127090841682
EK202310192119,176.91313647925514
EK202310202715,139.44015264674732
EK202320007183,162.15254026265683
EK202310218337,123.60272158840603
EK202310146967,143.86184980720864
EK202310184808,163.59914701228612
EK202310190764,115.32480249866576
EK202310156823,151.96983511984223
EK202310199791,154.16666583575437
EK202310128548,132.09006048476235
EK202310156699,126.19486501701837
EK202310191011,150.78855479176684
EK202310192556,129.57873318461952
EK202310201947,148.02107503840122
EK202310180835,131.93229913800855
EK202310218514,131.74243654418177
EK202310235403,135.14558642094661
EK202310222338,164.12940283050384
EK202310129625,131.02767197714968
EK202320005601,147.29541956366754
EK202310167199,153.49622385451715
EK202310216271,168.8735169656524
EK202310186219,166.46875941971993
EK202310200112,152.7072730048155
EK202310240709,134.63410111764728
EK202310140388,168.4546392647964
EK202310167460,138.83646560693208
EK202310207710,151.87649217323496
EK202310136954,138.58979188545737
EK202310238009,149.47821889244398
EK202310241135,153.5735643830127
EK202310118669,138.33342215224778
EK202310177676,138.4771488190669
EK202310110622,127.92510045656313
EK202310106125,162.79171900324852
EK202310137730,124.40265278434389
EK202310169952,148.40935684107654
EK202310201586,151.58866832952617
EK202310199082,162.7200023025038
EK202310110230,142.06489756843897
EK202310169093,167.95329434229578
EK202310151384,184.25463750441764
EK202310118353,130.20532035682916
EK202310217860,149.31686555361063
EK202310155832,136.42235417938815
EK202310192043,145.18336336121413
EK202310227031,137.17322056005193
EK202310181504,134.80179582396008
EK202310123944,141.18274766527577
EK202310155457,135.1400826607372
EK202310121127,161.39797224414468
EK202310004367,157.66180241188798
EK202310113745,154.18968078985378
EK202310121643,136.33171690994703
EK202310126640,135.1225309969109
EK202310203242,147.6603535330507
EK202310144892,139.55397767023308
EK202310108440,132.72728309309042
EK202310169807,159.97007877271278
EK202310247122,140.05863523656257
EK202310129519,150.77703834802443
EK202310235954,135.05552664917442
EK202310122880,142.46662687307187
EK202310231944,138.99527029554235
EK202310244881,138.8255048060869
EK202310124312,131.86783333561397
EK202310193201,173.49353262578364
EK202310229571,106.86317961862935
EK202310157769,133.1338370274705
EK202310109164,126.97800261856756
EK202310188000,144.37857983275583
EK202310109289,120.84905649494132
EK202310157844,137.75319418494394
EK202310237961,158.46464841433166
EK202310138503,167.97471593051307
EK202310155205,124.57302526293488
EK202310199658,156.85168006625355
EK202310168116,137.1750012054164
EK202310236349,138.64221163172542
EK202310003984,152.830258680511
EK202310227800,143.32796184303382
EK202310238162,126.95590615477474
EK202310207863,145.20374982564337
EK202310104629,137.24255529902828
EK202310199877,142.38093608831971
EK202310242313,147.32714998385958
EK202310180497,151.8883261975836
EK202310205863,152.14057641005837
EK202310198959,150.4577276209077
EK202310150579,134.190742263368
EK202310142769,171.1988895990517
EK202310198383,131.56409742506202
EK202310114099,138.87897714482236
EK202310189094,164.84905570687107
EK202310128005,144.98490192592445
EK202310210639,142.86056401154877
EK202310247606,166.45018826484102
EK202310161724,130.14234059482763
EK202310141881,127.16191114835104
EK202310131694,125.30033347506784
EK202310204730,136.34755914729507
EK202310171972,143.16600745157047
EK202310208602,134.6900164246055
EK202310154432,122.48799492615626
EK202310122263,117.4692759618271
EK202310192830,138.9577076490954
EK202310211505,148.09801558572545
EK202310247017,160.02101635693526
EK202310106742,151.62294857116925
EK202310160358,142.45934548444922
EK202310241263,161.5056032271675
EK202310109888,142.27306401657657
EK202310119208,131.8240159419015
EK202310138383,117.90525221740553
EK202310195693,139.2679898718265
EK202310150042,147.03548055878179
EK202310233867,157.76881521184814
EK202310151155,127.5538958101126
EK202310152450,142.999415363178
EK202310216227,157.65628061005248
EK202310119674,157.27715175923856
EK202310151394,170.01671570225216
EK202310198198,133.48002900907363
EK202310231585,129.57553440201673
EK202310220310,179.52086750313285
EK202310133553,139.44144173643178
EK202310119758,145.50795066542256
EK202310154895,168.83521917851317
EK202310166029,139.27642702482595
EK202310209935,143.62754736795486
EK202310106150,150.38672821350173
EK202310220446,155.73874083901612
EK202310138946,146.51418783883108
EK202310136698,132.53597371897615
EK202310237887,123.60861215257627
EK202310133476,150.51731497923356
EK202310219601,133.13928675645045
EK202310171218,154.78229319896337
EK202310235182,128.7075533898624
EK202310132648,117.15912219013414
EK202310244452,139.80400071213504
EK202310138113,143.453715037828
EK202310187317,131.41982509604838
EK202310179142,139.00634658179104
EK202310165891,142.39494140225094
EK202310177495,147.3218898490501
EK202310150032,164.95562935710748
EK202310133680,126.01337122340871
EK202310133975,168.23894063187458
EK202310203779,123.95646152110703
EK202320007546,132.9436794155452
EK202310191528,141.29643899489753
EK202310129147,155.19691033321308
EK202310181778,130.6877327207489
EK202310230476,145.27746166835564
EK202310110448,137.7662543625118
EK202310107980,149.0625612131716
EK202310150018,156.99082662962536
EK202310222076,129.2369845168941
EK202310178437,141.69824517516875
EK202310206209,128.23570747043743
EK202310211038,145.98027529594665
EK202310130172,153.62325590293568
EK202310166466,160.2108693636449
EK202310183473,115.63432927089042
EK202310196150,151.61152888788115
EK202310157693,135.40065874173803
EK202310104605,144.37978002797618
EK202310235306,149.51034328310197
EK202310107563,145.06052247917407
EK202310163320,136.77980104545372
EK202310136756,140.94043961083725
EK202310211564,125.76137303191575
EK202310232534,132.62986599896195
EK202310132550,139.2833468138529
EK202310160312,155.953000245264
EK202310234805,136.48359099524805
EK202310185938,136.3879517262227
EK202310144699,152.77475465125087
EK202310191954,168.82380809246115
EK202310146126,133.0308463227781
EK202320006284,167.78803277437513
EK202310185460,144.58183055911982
EK202310191567,158.80564988464351
EK202310222307,152.3801320394905
EK202310105032,148.06966180197938
EK202310230256,128.68542027216935
EK202310220456,137.5279615326983
EK202310125059,139.9244330102919
EK202320006649,172.52648014991667
EK202310170919,133.52040233890844
EK202310244926,143.08506818345236
EK202310123389,154.6876079502377
EK202310122848,141.11064945514062
EK202310211774,131.37315007747793
EK202310197231,130.06439235137347
EK202310138568,141.0682248487945
EK202310198554,127.01648203107649
EK202310121478,140.54605231233404
EK202310236719,130.63097705636378
EK202310168801,161.18875383523462
EK202310224443,162.72519035873492
EK202310206512,147.34524232491157
EK202310220836,159.5601079135009
EK202310247269,140.32049249940894
EK202310131994,129.23292191907512
EK202310134008,113.59856070411644
EK202310157322,136.65259894172706
EK202310143414,164.67718651784014
EK202310173429,146.62975100728383
EK202310217512,130.24416059501715
EK202310166684,149.26591006334291
EK202310203358,143.9755280354998
EK202310135525,158.2222812634892
EK202310190632,133.67140843301522
EK202310109605,147.02695722589152
EK202310209788,124.7873152626039
EK202310184706,136.4892422487341
EK202320006994,165.06856947006938
EK202310184357,135.5384758404923
EK202320007190,130.56787932720957
EK202310105990,138.16618233669573
EK202310168348,119.56979870886937
EK202310138422,134.7267330927242
EK202310136152,132.11059648791206
EK202310126424,140.1459953310636
EK202310147111,144.77553206853892
EK202310231544,124.91911577181153
EK202310149122,143.5051190072492
EK202310212352,134.00694778400143
EK202310178385,149.50714181878843
EK202310224803,171.84157052272462
EK202310004063,179.7041310631398
EK202310206156,139.9516274429364
EK202310157699,137.38928967680474
EK202310154414,160.45095212464167
EK202310149221,133.87059032732589
EK202310171384,155.8551864712218
EK202310153408,143.56129622912752
EK202310109654,147.6359319295082
EK202310158683,131.42569190119914
EK202310206976,141.97758746834097
EK202310186788,131.37277288894677
EK202310187515,145.03175388944533
EK202310153792,147.99156369889002
EK202310144321,147.96886213196578
EK202310222822,139.70292357870298
EK202310152281,159.21770748571626
EK202310003851,162.0169451558441
EK202310205656,162.51885210000236
EK202310239556,143.62190343567875
EK202310145427,144.32814150440328
EK202310107329,131.7682304861759
EK202310135305,154.4578222992227
EK202310225618,145.1060177222357
EK202310212945,147.68393032119025
EK202310244567,150.48664056834306
EK202310188392,135.59425544157483
EK202310188450,149.50940362094286
EK202310119188,143.40702675733115
EK202310156387,143.86910874837167
EK202310154237,141.118151240473
EK202310232890,146.36536903511964
EK202310219207,132.85469775029028
EK202310247057,135.3508270312469
EK202310229305,147.19245309240694
EK202310128710,119.69951334434828
EK202310179533,147.31747703280564
EK202310115467,128.69778555450674
EK202310237723,130.65000468202402
EK202310197376,155.15421758784998
EK202310135350,157.99139720199406
EK202310135038,171.08883929506857
EK202310190843,162.84467896745463
EK202310148220,176.05395610120252
EK202310193335,183.93320784758734
EK202310201565,134.76042497589407
EK202310108505,144.82175709997637
EK202310236715,145.74783561465694
EK202310149792,156.08659101263964
EK202310193733,148.90794018467878
EK202310248391,139.60045312663235
EK202310134202,150.16612805246254
EK202310174938,154.94747213342043
EK202310104253,138.7461509747872
EK202310178227,154.02612060488786
EK202310200622,144.39213657591546
EK202310162938,135.2371458966552
EK202310136715,122.1427133282705
EK202310219551,142.6873483323177
EK202310213720,138.87555099995905
EK202310197334,162.3389279132329
EK202310162409,162.09419176624397
EK202310176758,117.57926619090428
EK202310106155,147.58103813268713
EK202310178600,163.11709720385704
EK202310181111,126.05026481485936
EK202310237737,133.03888745235432
EK202310135634,128.97226256461883
EK202310222019,153.71051840193266
EK202310211690,135.0110475179287
EK202310223930,147.4437920147369
EK202310159564,142.51825701196537
EK202310123361,151.81392016636016
EK202310154711,140.6854715546981
EK202310196284,167.5499951309143
EK202310142525,147.6409892567743
EK202310185635,150.9073138103541
EK202310163743,143.99791128786046
EK202310176119,154.20728339233483
EK202310243732,137.9144306709481
EK202310153106,145.63333144588057
EK202310105266,151.25672227799265
EK202310192211,125.66772928990241
EK202310109959,133.6264210767409
EK202310124347,129.5192521466634
EK202310215657,135.1885149755103
EK202310181609,141.92575731076084
EK202310166089,173.54527549487432
EK202310180562,143.36785656451264
EK202310220766,134.53161478309082
EK202310208527,132.08967179217413
EK202310197946,130.09377748013844
EK202310165805,128.24980893078651
EK202310184781,153.8016146553215
EK202310212044,153.64455587678697
EK202310182865,136.16626655867577
EK202310187564,147.24966465620003
EK202310187093,135.86715250076585
EK202310243295,139.3678268958457
EK202310156858,162.12924952212802
EK202310123996,180.4794567019157
EK202310120097,149.42541910919044
EK202310135094,167.8550665570838
EK202310189874,141.79261715811305
EK202310210390,140.7099909175804
EK202310108372,137.26996125570346
EK202310217559,149.46826007389708
EK202310136995,155.10126404731176
EK202310119918,146.848574677505
EK202310108102,133.76740352623307
EK202310205335,128.36293547193227
EK202310192571,142.6926282547207
EK202310122214,170.91591577121204
EK202310111079,149.09832046586428
EK202310143134,146.93582599821005
EK202310244019,134.57192987959812
EK202310238237,125.55356895005409
EK202310136960,143.64384543146457
EK202310140905,144.98217917399907
EK202310207571,153.05865510912463
EK202310185887,172.65619829256724
EK202310179874,147.48885443993834
EK202310228155,142.05321683632286
EK202320006551,164.80356738862056
EK202310198810,179.68973858739602
EK202310197956,146.1708861512355
EK202310109446,148.93299989587314
EK202310145921,139.86524371297108
EK202310127078,134.50758048228727
EK202310106661,140.33990205439147
EK202310107868,145.12594980954867
EK202310137756,126.6446416981307
EK202310112214,154.2809898304614
EK202310223082,153.51573783782447
EK202310180270,130.19765242448688
EK202310164239,153.4030041039541
EK202310126360,137.75835706241403
EK202320007775,162.68314371481898
EK202310212210,139.09507817220893
EK202310154670,157.72691792943434
EK202310225780,143.65489651034892
EK202310159250,132.4658769528599
EK202310189634,149.44957076915725
EK202310140814,126.48743875910824
EK202310127508,182.71444260979717
EK202310218677,130.64605634815788
EK202310128068,129.97990428270265
EK202310113414,145.8996864074592
EK202310127227,159.32372507257384
EK202310119514,143.7536157054641
EK202310228944,108.12832499115729
EK202310109272,126.93598380993008
EK202310181673,152.6847258785516
EK202310213638,129.6262698539595
EK202310244798,152.5415004343551
EK202310204831,149.85818306883112
EK202310208541,135.08351208237616
EK202310226684,156.32845670059996
EK202310106021,130.24145786793548
EK202310186790,135.8586225192958
EK202310134623,129.54997780337362
EK202310004353,149.64477167842827
EK202310120823,125.45689791062057
EK202310193351,119.6068641753176
EK202310129759,133.9722580632425
EK202310211069,154.80226492753206
EK202310145710,122.84461196034539
EK202310129442,139.42488991691468
EK202310157511,128.9349377672582
EK202310210155,134.42588502156883
EK202310240481,132.95921491084806
EK202310182044,151.68402597338044
EK202310180996,150.41330624233498
EK202310130678,144.57110205511813
EK202310003775,127.32917517478558
EK202310155552,142.1448987108374
EK202310111202,121.42817775410622
EK202310108361,133.83508417651538
EK202310224126,142.28094076780232
EK202310115508,127.23936366571606
EK202310225464,126.65618886120977
EK202310198925,133.52958142137487
EK202310143314,153.91189033038003
EK202310231386,143.21047113711586
EK202310120970,117.42151082480765
EK202310179304,132.34012434376535
EK202310222188,137.75261871270737
EK202310173726,146.6690458556507
EK202310151318,145.41182918418966
EK202310139619,137.11373425741377
EK202310175938,161.38612702206532
EK202310178847,141.88902033988825
EK202310191627,144.36386367005417
EK202310180100,127.85393679919513
EK202310237846,143.1952410973935
EK202310136435,137.37950586904373
EK202310104391,131.02183876735472
EK202310182074,143.69805782668504
EK202310197546,167.80775655759098
EK202310237183,157.67791266802814
EK202310113688,149.61534365917757
EK202310168496,132.89082823607896
EK202310140650,148.33533524885468
EK202310202579,138.07799144254915
EK202310173337,143.38028445219317
EK202310148159,146.9136914838296
EK202310177447,130.9652806295297
EK202310172439,168.65666683200357
EK202310193776,142.80907083774716
EK202310126160,122.26123083321552
EK202310129091,153.72739331767903
EK202310180011,132.52026240189554
EK202310219524,161.46084143952206
EK202310188997,144.40354972611027
EK202310183044,151.24080888880792
EK202310192813,139.99562848000625
EK202310148696,156.36540886776024
EK202310197244,165.75294122628256
EK202310243949,133.89149828402637
EK202310223004,157.9110265703239
EK202310159964,165.83879156849179
EK202310226266,140.42172418472504
EK202310227381,136.3643935300571
EK202310143706,150.085968424528
EK202310156505,143.07576887554848
EK202310146977,147.49966446491743
EK202310207164,158.8100549234422
EK202310115033,138.3933900037317
EK202310197774,175.45497051233406
EK202310183602,159.92196700924066
EK202310163574,147.6232935164384
EK202310139474,155.0114649836543
EK202310139787,139.31124634382292
EK202310151771,138.54912699598813
EK202310141474,143.00132898036486
EK202310201682,147.06699709612963
EK202310235051,142.62513967605878
EK202310197036,138.42931128275504
EK202310208162,131.097836939623
EK202310192736,139.87484843872883
EK202310239207,140.6127110381608
EK202310213359,101.76562084665443
EK202310165987,124.63293192064434
EK202310144351,132.39532142860347
EK202310192377,149.49689741518685
EK202310178661,160.77733377890468
EK202310133799,132.57659388364004
EK202310167137,131.44702066057891
EK202310196182,164.51220604319414
EK202310239217,129.44274957476782
EK202310163146,149.10064726660445
EK202310139455,153.54361561645203
EK202310164544,132.00706637988978
EK202310105037,170.08763511269296
EK202310168936,165.66639687746925
EK202310182321,135.27265764226163
EK202310223204,138.7929948088454
EK202310124648,135.21494630714778
EK202310133402,126.9167184108459
EK202310189249,134.08076003475406
EK202310211896,134.69532844350107
EK202310153695,129.03708565083943
EK202310197047,153.313280280017
EK202310115358,126.71696651207051
EK202310178231,150.16362976347375
EK202310140750,166.60297382607692
EK202310196690,133.043348758531
EK202310180158,126.89115912824667
EK202310118819,153.67708103823526
EK202310129172,109.8318909174645
EK202310160427,159.95131311416245
EK202310217514,150.74872879609066
EK202310228544,137.00809823456225
EK202310129411,146.79562986698215
EK202310120076,132.67854251864523
EK202310147682,166.94538606111806
EK202310119579,140.94583166136593
EK202310231294,139.46489217850123
EK202310205896,120.3136755601524
EK202310168792,157.32036288538575
EK202310194600,131.55619318922098
EK202310231773,135.17271742255932
EK202310197094,143.6250362944145
EK202310159125,157.59799987009566
EK202310145220,146.34383895980187
EK202310109432,149.56335802041738
EK202310154128,129.1113760298721
EK202310226955,131.19428259565234
EK202310232457,128.0079387429729
EK202310196244,148.0790711809725
EK202310246079,155.04832509286913
EK202310168088,147.49160769185661
EK202310128614,147.09031310628905
EK202310156766,131.9286329137469
EK202310208139,146.73479839924917
EK202310167951,152.23884003468757
EK202310140914,143.29507045201115
EK202310123858,150.22147719601435
EK202310246678,164.33084640076288
EK202310231310,153.3428271913213
EK202310145596,155.61727119671656
EK202310227515,145.68852947468403
EK202310124946,137.18489139875052
EK202310146823,135.4744306175125
EK202310135586,133.16707795579953
EK202310201307,126.00902402267076
EK202310182403,155.4939297363412
EK202310215443,125.91939183300414
EK202310126298,142.54990167807978
EK202310189734,124.18099278516098
EK202310150496,147.62782390941996
EK202310201647,134.06354945741106
EK202310236856,129.46022107043615
EK202310141840,151.2232134977111
EK202310129012,153.745346888118
EK202310191859,130.18267275357758
EK202310128135,107.99663398087495
EK202310140784,137.38059794903012
EK202310106371,145.1971225256886
EK202310189118,159.64441984874577
EK202310185786,133.6663719691778
EK202310177437,139.20204965822563
EK202310183495,138.045088535167
EK202310183166,150.79291947984498
EK202310121858,120.0789795690576
EK202310128877,133.2110919158965
EK202310155995,151.27767340955748
EK202310158905,133.95218982538344
EK202310197700,127.36511188706476
EK202310135362,144.46206889962812
EK202310238208,154.46900786560155
EK202310225984,136.85741898371788
EK202310196965,170.8745164720657
EK202310244512,157.38299591761685
EK202310113816,136.7226627146216
EK202310141423,127.74264741046233
EK202310226411,144.36331915426769
EK202310217081,138.0576461403917
EK202310161000,152.3517521550346
EK202310141027,151.4130534782468
EK202310231746,139.57346578857022
EK202310209069,149.70551847409493
EK202310142345,166.11559607258187
EK202310117104,156.26430132628855
EK202310108603,139.81036155890453
EK202310196141,158.8776613249343
EK202310192522,146.93304751181697
EK202310144266,132.67845303797603
EK202310203451,138.26060259279657
EK202310161877,152.63438118204542
EK202310155543,139.41448980192672
EK202310123638,142.6377407196003
EK202310145309,147.31276495792946
EK202310138293,156.06675663381284
EK202310227474,140.6978718470642
EK202310227560,128.17724591584994
EK202310152889,178.7510411239076
EK202310107200,144.63567015685874
EK202310205243,126.21260987388966
EK202310203128,152.0535589244434
EK202310176303,157.4696076390023
EK202310236159,131.40420701822788
EK202310146226,148.71459163344684
EK202310114477,129.6660848305555
EK202310193701,145.9424526382559
EK202310132862,127.1345266870729
EK202310146635,141.4010976122977
EK202310118476,142.69483553473967
EK202310207776,147.2787802232081
EK202310165877,145.44150098733598
EK202320006410,128.17956690871972
EK202310111513,150.7335759299497
EK202310143909,146.9064943394608
EK202310132541,136.59439588681255
EK202310209469,156.30524268755073
EK202310103777,138.7676426399528
EK202310138311,157.83079515174245
EK202310155715,140.077895299646
EK202310161111,174.99785304570582
EK202310231380,133.68384816903475
EK202310129520,135.47996965727458
EK202310234907,149.37822878295054
EK202310107216,106.04062535587073
EK202310106843,141.38867717595474
EK202310204308,153.99097356508435
EK202310214592,172.2165203953427
EK202310116839,159.8722158335401
EK202310180647,112.50537036098616
EK202310142824,135.25528848604765
EK202310196639,124.67251533551641
EK202310231947,140.18800336435166
EK202310135996,152.9260895357013
EK202310225970,121.80852146764542
EK202310232921,124.23066014596392
EK202310229671,138.22994061132243
EK202310143117,118.62529234760396
EK202310235001,123.90254310357034
EK202310223296,139.8110634759322
EK202310166180,154.79154986285414
EK202310144778,132.89088465254528
EK202310140206,159.12130512553398
EK202310146221,125.82467708359522
EK202310191931,136.74255618882918
EK202310139195,124.4529490689537
EK202310110326,117.05913353468486
EK202310198683,157.01979238425812
EK202310108642,140.25184298450998
EK202310147919,156.52478533923824
EK202310120403,142.60297226727263
EK202310148663,160.78154314909935
EK202310194369,157.2334833552515
EK202310188744,150.47451253330863
EK202310197143,143.07584625306197
EK202310188007,156.991593897054
EK202310230690,134.46823381116158
EK202310109322,139.73689902153467
EK202310122503,146.9970207166379
EK202310208466,137.40223708038894
EK202310169759,144.9940215869364
EK202310004770,146.14168279144434
EK202310197055,130.27929463098118
EK202310190099,163.62165532810278
EK202310238226,138.13452926171882
EK202310166147,160.60349787841284
EK202320006000,160.03928069291132
EK202310214036,133.55144265360147
EK202310004510,135.17671372235873
EK202310144131,144.4055968046696
EK202310182006,157.7848344477562
EK202310115418,120.53823182219088
EK202310203399,144.17459498430878
EK202310219700,140.90538242381442
EK202310141585,145.8122685616675
EK202310236911,133.59175017442703
EK202310153553,139.34320734517664
EK202310152777,157.89075117466598
EK202310216006,135.07122690553743
EK202310159334,163.29132396445695
EK202310200189,138.89165089448042
EK202310176376,145.56197405169326
EK202310177091,154.70353813509902
EK202310135092,162.2808654272958
EK202310152730,143.46540277202362
EK202310194718,145.67609363819517
EK202310174761,165.32365229242936
EK202310187516,149.01004446013158
EK202310225948,147.62203520925863
EK202310159500,150.18020337220779
EK202320005628,146.47300964176424
EK202310150262,167.50625696751928
EK202310197555,169.24420932542756
EK202310224652,146.0082691556362
EK202310239239,135.3826387515307
EK202310222699,136.55061672730443
EK202310115560,157.83365446315665
EK202310179277,128.51513174047233
EK202310202696,165.16208829620658
EK202310154234,125.33238131771837
EK202310113254,142.17220045436798
EK202310139630,136.7698162174918
EK202310202764,168.24943088176687
EK202310121640,147.90935614203752
EK202310142534,129.74794547461863
EK202310239215,146.8263205148465
EK202310244715,128.55815887181495
EK202310185779,130.85265640315802
EK202310221201,140.83625323022923
EK202310206833,133.2761905968963
EK202310171904,162.87570329149176
EK202310178044,145.99156593606318
EK202310168114,157.40838320201848
EK202310138587,132.1508236360822
EK202310173356,148.7632546199452
EK202310197110,152.07050156572708
EK202310242357,128.3438226997962
EK202310208746,124.44636476309887
EK202310217847,128.6712614670937
EK202310199265,127.86599799772895
EK202310182895,132.11932548642795
EK202310107553,148.05730782316797
EK202310107608,134.17776825145037
EK202320005608,168.13095137869263
EK202310199563,139.7082166299728
EK202310141002,151.4518692205757
EK202310187238,153.94914117334176
EK202310187741,147.83791582737297
EK202310189994,161.50230839778212
EK202310147256,124.4648147969586
EK202310118527,137.54221324828163
EK202310229103,139.65618261465957
EK202310135696,130.24227883309004
EK202310165074,149.15129642677852
EK202310205649,121.53667894030633
EK202310174231,137.5645587383909
EK202310181105,138.35212703549598
EK202310173608,166.5937761832395
EK202310147350,143.6727978102634
EK202310145408,105.95699781139444
EK202310163214,138.59403830890668
EK202310141179,147.58835774694253
EK202310235877,135.60015743383673
EK202310168519,156.96066759210476
EK202310111852,142.29099197874783
EK202310120721,133.4239674312223
EK202310239396,146.6772695832126
EK202310125811,166.2610078957051
EK202310122414,155.1138049275404
EK202310109063,146.5886817744464
EK202310136944,131.08713964442865
EK202310112504,127.29572195577164
EK202310187424,148.40012370667316
EK202310107467,130.82213610544437
EK202310170488,138.0780316520414
EK202310221856,131.32433917675812
EK202310146245,132.94943051064882
EK202310211446,141.8078567744913
EK202310234464,127.1175673407706
EK202310216823,146.54608966771548
EK202310158691,138.90868675253142
EK202310130435,112.98052881989044
EK202310173064,132.07103976407367
EK202310159177,149.5376253350304
EK202310164312,120.80591280139836
EK202310190628,141.11577622526514
EK202310108846,153.79620947782513
EK202310180445,159.53749072052963
EK202310131205,163.30998594138643
EK202310164126,134.7957105619863
EK202310107936,151.16701477951682
EK202310243521,134.38899453609912
EK202310208141,145.65884497212917
EK202310190781,128.72415840346827
EK202310172000,148.08519514000506
EK202310190053,149.58141949607392
EK202310233066,126.23720124671226
EK202310131018,118.55576068880367
EK202310149945,158.1611784778066
EK202310205501,128.550439225672
EK202310248483,133.04681674970604
EK202310129538,141.5395106529845
EK202310167469,156.91195565992248
EK202310106330,134.3376969455376
EK202310225391,147.72503378028495
EK202310125703,149.06022143813496
EK202310208418,142.12865286502628
EK202310147781,150.8148966929321
EK202310164598,131.7490746018683
EK202310214120,160.48702841533978
EK202310118444,141.6776531120417
EK202310145109,142.41752741218954
EK202310150661,145.4155325907687
EK202310134650,136.17103375486465
EK202310170695,167.07613003368704
EK202310171347,143.1549316412878
EK202310118507,132.85660016917464
EK202310135088,168.43187436146505
EK202310169570,144.6147747779217
EK202310198285,154.77976222224697
EK202310244339,134.2531102158876
EK202310218458,142.4810139407771
EK202310167361,155.82550676128668
EK202320006358,134.47890998055442
EK202310155685,144.94566875057066
EK202310193521,148.8996494277348
EK202310178456,147.19813640423806
EK202310120435,138.62973514177824
EK202310229594,138.41053184465656
EK202310204793,138.35441960741917
EK202310128806,146.4797242958667
EK202310145561,152.13559733040168
EK202310218298,125.9097292604115
EK202310185508,168.33784583510436
EK202310169152,159.82135970337032
EK202310119338,127.96169697254334
EK202310172073,171.06936434195433
EK202310164403,168.10755703352885
EK202310228535,139.1442395537528
EK202310233245,131.16581870064113
EK202310247155,143.52278863323943
EK202310184707,155.05779445885042
EK202310244628,152.0099981414557
EK202310184991,138.16080398506656
EK202310200030,136.54037108793523
EK202310131926,137.2665808861821
EK202310183294,166.6038772024335
EK202310156979,145.02749006158504
EK202310196008,158.69525651945716
EK202310124917,136.10975527406575
EK202310182478,145.3250025700785
EK202310206853,143.28402397914664
EK202310131555,133.846515917109
EK202310134282,145.14431504806828
EK202310120141,168.03608135613706
EK202310246441,133.30535683794946
EK202310195921,138.4520692837122
EK202310214428,122.6959224841631
EK202310124519,145.3293415243729
EK202310153352,158.26068758289625
EK202310155554,144.99420383375414
EK202310193684,116.44387340659088
EK202310225319,133.49190099612545
EK202310148621,134.84452108255866
EK202310237907,153.15150601637114
EK202310202805,131.8984875433327
EK202310161990,152.50511094652802
EK202310200477,122.04336439997613
EK202310114915,136.5180410816694
EK202310242909,141.48972284860326
EK202310142330,145.3299274684517
EK202310221377,131.5898738866206
EK202310137957,143.4629012351434
EK202310151180,146.0315081383005
EK202310182686,120.3750909728185
EK202310244166,133.91378373961675
EK202310242349,141.503355369092
EK202310121472,125.7221868892467
EK202310192151,152.0611298956048
EK202310112554,138.0876617375274
EK202310225810,129.36043045946224
EK202310235008,123.01212586828152
EK202310217946,171.60252868703864
EK202310197822,148.3630717294339
EK202310003944,139.7310088097638
EK202310135754,130.6294489625606
EK202310235898,134.58732963438473
EK202310171140,143.77685798820622
EK202310145149,168.1189423044633
EK202310202195,133.79532037877496
EK202310220091,150.3184073029467
EK202310232376,129.17744378065686
EK202310189509,148.01744026351943
EK202310113709,153.74248987645765
EK202310119993,127.80461127167733
EK202310223647,162.04056585052652
EK202310227478,137.10926314104887
EK202310174661,129.3914073867218
EK202310165728,162.21851309341713
EK202310182436,150.8255214970006
EK202310181591,127.6434702812538
EK202310233458,134.4030250940626
EK202310138708,138.90427583200932
EK202310107419,134.88100992362573
EK202310242771,145.92310530068676
EK202310110825,116.99785384866463
EK202310148516,145.07894777430735
EK202310169259,164.97220934297485
EK202310139428,144.35786157306623
EK202320005946,157.58132799475285
EK202310212395,142.32608557645412
EK202310211186,119.80112726985678
EK202310124150,129.8315929753751
EK202310172970,144.8499174815826
EK202310212383,133.93035165125832
EK202310152532,131.1722363962617
EK202310174856,130.33798745026525
EK202310150761,142.8989225790869
EK202310192707,187.95437044238673
EK202320006514,170.29929887933216
EK202310230857,139.50613585567208
EK202310209642,145.88199580642103
EK202310244831,142.3504529792399
EK202310004958,141.71523241648106
EK202310222994,159.9273208218719
EK202310122972,136.70778084166807
EK202310240517,152.9817740114307
EK202310154489,153.15730474520436
EK202310149568,162.34188546840969
EK202310173750,139.02532982601252
EK202310127136,157.38073875581924
EK202310162460,134.7924738463665
EK202310237884,150.45632198728617
EK202310128591,141.67552120855618
EK202310167782,159.81204312118493
EK202310173162,144.45105841208857
EK202310176040,165.639707786702
EK202310180187,122.68581722280236
EK202310205385,135.79196437451355
EK202310189417,136.44954139400193
EK202310110265,133.31834537772218
EK202310175081,159.6245018160733
EK202310241247,161.14674931103607
EK202310210940,134.66009931430966
EK202310239869,131.79029786242725
EK202310208022,141.49239171384588
EK202310186683,129.55773020637773
EK202310244974,146.03193727162846
EK202310196503,128.58173926109757
EK202310147774,154.575586024234
EK202310194263,158.6941411939321
EK202310188228,135.30928401380072
EK202310164624,137.12419637219494
EK202310153042,161.8758147190537
EK202310157883,155.79895586698018
EK202310110532,145.33798954672497
EK202310166599,155.95330067517486
EK202310153767,150.80987346753167
EK202310126138,133.9855035788389
EK202310121044,150.30236543772486
EK202310133142,155.73325809992093
EK202310128385,134.38289825227147
EK202310175042,121.087568872303
EK202310189448,172.0392960827528
EK202310190050,164.00918024024503
EK202310172092,150.26291412911345
EK202310207334,135.89871668383438
EK202310182559,127.85996533026746
EK202310137090,157.6265550273686
EK202310190532,137.7840054793582
EK202310236425,133.00177174246664
EK202310203185,114.2357666669543
EK202310168314,139.1040711334234
EK202310151263,169.28721925321773
EK202310108095,146.24986332071694
EK202310232838,131.8052202591877
EK202310135295,148.12786269450294
EK202310163910,148.46730717054103
EK202310194553,141.4420039695594
EK202310174190,141.29927457596065
EK202310231328,134.65067122130753
EK202310147991,153.76362684371182
EK202310161571,146.9947544210829
EK202310240598,134.99742833933334
EK202310236106,126.67370769689614
EK202310109500,144.022974835551
EK202320005589,148.205292851945
EK202310143413,148.77862142963602
EK202310153498,145.0075560853497
EK202310181818,155.8893680176939
EK202310137951,144.48109847306267
EK202310158889,151.51566445138104
EK202310147118,146.44280044110718
EK202310153978,161.83298622346274
EK202310107126,151.31316663767655
EK202310145858,131.68378563881882
EK202310220104,150.75048601018568
EK202310112400,131.5607472416963
EK202310236894,153.8962790086591
EK202310217550,131.76235535137363
EK202310236693,124.08625733634605
EK202310217785,134.8435237629295
EK202310235143,148.2549665606517
EK202310182831,146.85613590590566
EK202310117677,138.61932008499306
EK202310207224,140.18531194059116
EK202310217694,150.4186179423136
EK202310144000,149.9441067547796
EK202310165837,160.885141942591
EK202310211421,152.93009861071198
EK202310004270,160.16915557839064
EK202310189309,163.30580256263244
EK202310127417,137.45281657291144
EK202310197347,162.088177749561
EK202310209401,166.8418722301817
EK202310180542,133.5334044506729
EK202310162786,146.51099788550104
EK202310223059,133.19444498582217
EK202310147692,151.04303078414551
EK202310244440,150.82745028969487
EK202310180779,122.1959462688013
EK202310189325,123.92590988611869
EK202310110924,123.35982120167897
EK202310157687,153.3924577301894
EK202310154799,141.03216938824508
EK202310169628,122.50333260522252
EK202310169107,171.80402477217487
EK202310105506,146.8397187582181
EK202310154969,141.09575667289843
EK202310122511,128.9152523814921
EK202310156453,170.79972124973477
EK202310246928,124.07757279349497
EK202310203362,160.4644944236777
EK202310138843,155.22704742837817
EK202310157857,153.8523238695128
EK202310236705,132.94927474415252
EK202310236064,121.36019917595644
EK202310190655,143.4496320006056
EK202310232773,161.8125041245982
EK202310209352,141.94619776813747
EK202310196574,137.55337192056734
EK202310153431,127.65159569242608
EK202310213738,141.10559542220588
EK202310159195,157.19975761441276
EK202310192497,131.69737887742147
EK202310179803,131.7236715765725
EK202310122219,144.1153748502733
EK202310121778,157.75058895879206
EK202310240799,140.510631172553
EK202310186388,153.35645915258914
EK202310227442,143.33579768586776
EK202310236831,138.48386466870653
EK202310146534,144.73119303534378
EK202310108548,136.6385214709193
EK202310127039,133.98587702726815
EK202310239867,145.82273314152917
EK202310140091,154.12117353887618
EK202320007345,162.00043839600207
EK202310181587,133.89790349014635
EK202310183586,175.31933702330807
EK202310161537,147.16833108859083
EK202310221929,142.80129153088643
EK202310115533,124.85402641600189
EK202310245422,122.9485703740695
EK202310134303,135.87012031106687
EK202310206878,141.274875178645
EK202310143077,124.3115154269969
EK202310187766,141.27614377540561
EK202310233861,173.1128668479341
EK202310145715,135.15373257150577
EK202310186238,133.6336538075335
EK202310168663,138.41192638572946
EK202310230983,130.9904641565279
EK202310139816,138.59387439955475
EK202310206473,132.84530355672177
EK202310153829,148.77858017355067
EK202310182371,141.89372341492472
EK202310173647,139.70125675829598
EK202310114150,143.95273805550954
EK202310242508,143.74077925882534
EK202310203427,152.9691459980982
EK202310132984,123.2166397026671
EK202310117793,124.56331246148969
EK202310138841,138.0595528903774
EK202310139058,161.27818533028244
EK202310164995,135.18630270343237
EK202310202198,175.93410801537016
EK202310160037,142.04570255126453
EK202310138091,152.9190957830738
EK202310183753,149.6370077153754
EK202310211184,143.70926634069838
EK202310187233,137.59883272371275
EK202310225971,102.57143196472921
EK202310155927,133.26768039797616
EK202310123628,143.73135894969522
EK202310183593,181.35957619669057
EK202310196797,147.4897202983707
EK202310129620,130.20293108539744
EK202310157287,145.54816991351143
EK202310181152,137.02144943005231
EK202310203161,180.35890836477887
EK202310247889,130.07643788443988
EK202310205874,127.36164207106134
EK202310175828,166.68864395708337
EK202310141292,155.3078240397252
EK202310127480,138.90459117118917
EK202310112716,142.12310846916435
EK202310200229,139.7437172113928
EK202310112035,137.18649890817377
EK202310204257,135.19855482083383
EK202310145471,138.11781936017871
EK202310210409,141.46063977642535
EK202310166832,135.32270606777436
EK202310248711,140.41308174815362
EK202310177732,140.75353575107667
EK202310160771,146.9316414243068
EK202310136073,125.46420043066246
EK202310182269,140.7649212844542
EK202310240985,135.26938611875636
EK202310106392,131.6786319865183
EK202310208908,114.04441622121436
EK202310113165,135.98365226108405
EK202310152602,130.80519974548977
EK202310210636,137.38982944456237
EK202310140721,139.77269416600217
EK202310148290,136.59872554027564
EK202310199880,163.189548711808
EK202310227144,155.0365451009927
EK202310147589,133.40811111500062
EK202310004177,154.0111055064931
EK202310138763,131.9877707289793
EK202310172464,177.85961065748498
EK202310105200,144.25473735930075
EK202310184573,160.22199174024348
EK202310208816,129.76129833216044
EK202310109118,139.7281769210948
EK202310200139,143.7652644774561
EK202310133070,128.017842072211
EK202310122855,157.63566212660945
EK202310233834,141.41903149560034
EK202310209821,147.14034597066785
EK202310124502,131.16147863665992
EK202310187088,150.6397165874361
EK202310133122,153.5621653838752
EK202310004846,140.33232823081875
EK202310147252,134.924851655599
EK202310175414,125.33717520351018
EK202310181170,150.29839118424465
EK202310004408,126.3597090429287
EK202310125748,168.29110167090315
EK202310131440,140.612934483316
EK202310192559,149.0841055627379
EK202310192910,154.1098272525938
EK202310180784,166.28475881972284
EK202310236540,141.71340309724565
EK202310175339,132.9523503321605
EK202310160527,157.72816823216525
EK202310236221,141.12115479779897
EK202310238864,164.50487210721042
EK202310166680,155.62106640299606
EK202310117287,149.71427073580364
EK202310192797,155.79116006639953
EK202310200327,115.84257823886327
EK202310176045,167.87595137781312
EK202310148346,155.5378406265498
EK202310142274,147.47035862875853
EK202310122242,141.96515177142146
EK202310126568,126.8638512351394
EK202310204418,139.49531595063513
EK202310156236,152.71116669541922
EK202310189484,132.54937827227346
EK202310137543,132.1942171790283
EK202320007300,158.37887964273494
EK202310198932,130.6888196295536
EK202310108514,143.82823867380455
EK202310219932,151.34443088194257
EK202310132147,146.54235132274772
EK202310227649,165.07282578023077
EK202310224668,136.36857038679844
EK202310156447,137.086156945018
EK202310210496,124.71122880540496
EK202310152297,142.85584605121855
EK202310187324,140.9115699424564
EK202310247309,137.41839785407143
EK202310190789,136.31711485374976
EK202310199601,137.0788957799296
EK202310239017,139.89491597244225
EK202310106841,146.4499108558593
EK202310182928,137.1708667314279
EK202310204568,139.74460931681682
EK202310243353,142.01968523444583
EK202310123522,136.81160119092596
EK202310162526,149.58161084087268
EK202310214114,164.2293447110567
EK202310197207,155.0259209541532
EK202310232110,135.8468408674149
EK202310179397,167.86823313762892
EK202310155653,125.26636013081861
EK202310004343,119.53034348291445
EK202310192586,147.33299389933256
EK202310186352,140.6061478160842
EK202310124214,132.34470437273572
EK202310228925,141.16091958770807
EK202310112746,143.8657695118573
EK202310158948,159.1163204242597
EK202310210700,127.05602173271112
EK202310164939,148.6629597589832
EK202310183358,174.32272266573375
EK202310144690,148.0811678490285
EK202310206169,136.61091463349425
EK202310107548,158.7500446981869
EK202310213425,131.66111090339018
EK202310127466,141.86135763351618
EK202310215414,169.81905374027133
EK202310113096,126.77069996231558
EK202310177778,142.2861325030053
EK202310225362,140.53537243617487
EK202310164338,159.54801686204954
EK202310247571,163.96458583935987
EK202310126985,122.29368275228583
EK202310226690,154.83511481852884
EK202310122754,116.8801919715293
EK202310114324,149.85043661077063
EK202310162544,168.11223690171477
EK202310185834,133.12121872278402
EK202310147784,153.9847569439243
EK202310122287,148.550509197871
EK202310169104,164.13970362025165
EK202310212851,174.21655569807174
EK202310004912,138.67413864667606
EK202310122676,158.21309667456063
EK202310241678,148.42967694931318
EK202310235919,137.15243113667864
EK202310200266,144.1727820519493
EK202310229111,140.11102306328115
EK202310143535,162.3653316868244
EK202310132424,134.21263206863082
EK202310150394,163.2293070397939
EK202310121122,135.48756290987316
