id,GLOBAL_SCORE
EK202310003556,138.3
EK202310170625,154.73333333333332
EK202310167359,140.83333333333334
EK202310118370,126.7
EK202320006361,135.26666666666668
EK202310003542,133.43333333333334
EK202310125266,137.0
EK202310144740,130.23333333333332
EK202310137443,139.9
EK202310159067,147.13333333333333
EK202310245067,138.9
EK202310240556,138.16666666666666
EK202310166743,148.4
EK202310247454,140.7
EK202310215702,128.43333333333334
EK202310142190,168.33333333333334
EK202310205417,139.13333333333333
EK202310119601,142.33333333333334
EK202310190356,130.76666666666668
EK202310158758,142.5
EK202310145496,130.63333333333333
EK202310164763,143.93333333333334
EK202310200188,142.53333333333333
EK202310238803,167.46666666666667
EK202320005607,160.56666666666666
EK202310225681,142.4
EK202310127174,135.7
EK202310204317,153.2
EK202310179355,125.46666666666667
EK202310176524,150.76666666666668
EK202310237228,136.23333333333332
EK202310172549,155.3
EK202310168863,133.43333333333334
EK202310185904,145.06666666666666
EK202310133615,147.3
EK202310122063,135.63333333333333
EK202310121770,141.9
EK202310125590,133.3
EK202310172269,144.43333333333334
EK202310147894,140.1
EK202310137986,139.83333333333334
EK202310150838,158.76666666666668
EK202310104915,154.36666666666667
EK202310170090,128.7
EK202310165637,133.43333333333334
EK202310134467,125.0
EK202310182637,169.53333333333333
EK202310112116,144.0
EK202310241220,157.46666666666667
EK202310103801,149.4
EK202310177448,126.23333333333333
EK202310157860,168.33333333333334
EK202310211985,133.1
EK202310232907,137.16666666666666
EK202310162917,145.43333333333334
EK202310211786,128.7
EK202310132171,170.56666666666666
EK202310153694,155.46666666666667
EK202310174960,159.9
EK202310121096,130.03333333333333
EK202310222475,130.36666666666667
EK202310146254,151.8
EK202310111466,140.2
EK202310004385,160.13333333333333
EK202310108961,139.9
EK202310203170,140.93333333333334
EK202310161424,171.06666666666666
EK202310206583,151.5
EK202310138840,136.26666666666668
EK202310221976,133.23333333333332
EK202310143972,134.9
EK202310175420,131.9
EK202310227655,147.1
EK202310163389,145.76666666666668
EK202310239480,132.66666666666666
EK202310146467,132.43333333333334
EK202310162597,146.4
EK202310194862,140.16666666666666
EK202310152448,144.8
EK202310245431,140.1
EK202310206822,175.4
EK202310166559,147.96666666666667
EK202310221701,142.0
EK202310231403,139.93333333333334
EK202310156027,131.6
EK202310135956,142.8
EK202310183176,126.06666666666666
EK202310206055,182.66666666666666
EK202310167360,144.53333333333333
EK202310142701,144.9
EK202310156629,162.33333333333334
EK202310241352,140.2
EK202310123587,156.16666666666666
EK202310003639,161.53333333333333
EK202310158269,135.9
EK202320007090,138.16666666666666
EK202310111707,141.63333333333333
EK202310104096,152.26666666666668
EK202310235404,128.23333333333332
EK202310108783,133.6
EK202310116298,136.16666666666666
EK202310156281,154.73333333333332
EK202310164483,157.06666666666666
EK202310108212,124.03333333333333
EK202310233950,141.73333333333332
EK202310157041,154.03333333333333
EK202310104522,136.4
EK202310175972,151.4
EK202310225965,135.96666666666667
EK202310138403,147.43333333333334
EK202310234452,128.16666666666666
EK202310104614,139.86666666666667
EK202310117970,136.4
EK202310128727,127.93333333333334
EK202310190230,136.36666666666667
EK202310201465,144.1
EK202310197534,176.63333333333333
EK202310171846,132.2
EK202310193751,140.66666666666666
EK202310242967,136.86666666666667
EK202310112852,144.56666666666666
EK202310132804,119.23333333333333
EK202310127612,145.76666666666668
EK202310136082,179.73333333333332
EK202310186665,159.3
EK202310156519,122.06666666666666
EK202310108430,141.13333333333333
EK202310164930,143.13333333333333
EK202310153971,166.26666666666668
EK202310129412,148.86666666666667
EK202310124383,128.8
EK202310215858,149.73333333333332
EK202310104131,153.23333333333332
EK202310185040,141.6
EK202310119251,145.26666666666668
EK202310191724,143.16666666666666
EK202310149922,131.4
EK202310176193,133.36666666666667
EK202310204311,156.06666666666666
EK202310248324,150.2
EK202310120496,137.16666666666666
EK202310233548,138.1
EK202310219178,137.53333333333333
EK202310114723,140.96666666666667
EK202310185832,157.03333333333333
EK202310106587,175.3
EK202310239252,134.96666666666667
EK202310208710,133.66666666666666
EK202310244056,126.8
EK202310223702,135.5
EK202310236969,125.36666666666666
EK202310196070,135.7
EK202310227710,136.03333333333333
EK202310119702,145.7
EK202310143351,143.9
EK202310144967,142.7
EK202310207097,139.6
EK202310193281,143.06666666666666
EK202310223068,136.7
EK202310158743,122.53333333333333
EK202310142353,149.03333333333333
EK202310154024,157.0
EK202310136326,139.26666666666668
EK202320006526,141.06666666666666
EK202310240160,127.3
EK202310230270,140.26666666666668
EK202310209591,142.0
EK202310201937,146.23333333333332
EK202310138686,140.73333333333332
EK202310125946,136.33333333333334
EK202310112949,138.66666666666666
EK202310128660,144.3
EK202310223565,152.16666666666666
EK202310155372,147.93333333333334
EK202310229467,137.03333333333333
EK202310232289,134.83333333333334
EK202310142439,145.86666666666667
EK202310128595,150.6
EK202310228661,125.43333333333334
EK202310220811,144.63333333333333
EK202310104677,146.33333333333334
EK202310108708,143.5
EK202310235044,159.56666666666666
EK202310141363,141.46666666666667
EK202310174855,151.6
EK202310154755,139.9
EK202310157326,144.7
EK202310228659,138.83333333333334
EK202310215026,157.7
EK202310177129,150.86666666666667
EK202310178830,178.46666666666667
EK202310222959,129.63333333333333
EK202320007347,130.9
EK202310153807,165.46666666666667
EK202310165563,144.93333333333334
EK202310240070,105.0
EK202310171642,136.53333333333333
EK202310221419,137.06666666666666
EK202310210258,134.56666666666666
EK202310108225,139.16666666666666
EK202310156515,146.93333333333334
EK202320006021,160.83333333333334
EK202310214746,149.4
EK202310166648,146.2
EK202310243041,139.46666666666667
EK202310227731,130.2
EK202310118513,128.7
EK202310240129,148.2
EK202310140813,147.13333333333333
EK202310181628,147.36666666666667
EK202310126085,133.4
EK202310246101,142.33333333333334
EK202310113312,134.83333333333334
EK202310217968,132.2
EK202310213114,132.13333333333333
EK202310219800,140.76666666666668
EK202310184495,154.63333333333333
EK202310119316,125.66666666666667
EK202310180007,143.6
EK202310199156,130.5
EK202310177234,131.4
EK202310226743,132.3
EK202310189141,138.6
EK202320006005,141.13333333333333
EK202310227823,133.16666666666666
EK202310174022,152.6
EK202310134374,141.73333333333332
EK202310200180,133.26666666666668
EK202310161433,136.43333333333334
EK202310121700,138.36666666666667
EK202310237451,134.9
EK202310192827,155.9
EK202310160428,146.7
EK202310205223,131.63333333333333
EK202310111659,175.46666666666667
EK202310218773,146.0
EK202310161247,138.06666666666666
EK202310109618,135.86666666666667
EK202310155619,145.16666666666666
EK202310135096,160.86666666666667
EK202310188704,144.5
EK202310198311,169.96666666666667
EK202310138345,135.13333333333333
EK202310187653,148.46666666666667
EK202310223676,160.23333333333332
EK202310165688,128.53333333333333
EK202310104779,135.23333333333332
EK202320007241,156.73333333333332
EK202310247012,118.06666666666666
EK202310115649,144.33333333333334
EK202310158687,148.96666666666667
EK202310139898,141.5
EK202310183012,143.26666666666668
EK202310189323,173.43333333333334
EK202310236084,146.3
EK202310187745,164.26666666666668
EK202310213754,148.13333333333333
EK202310207691,127.83333333333333
EK202310213360,125.26666666666667
EK202310134511,141.6
EK202310162421,140.1
EK202310137854,135.53333333333333
EK202310150901,143.46666666666667
EK202310114810,146.8
EK202310110564,155.96666666666667
EK202310188498,121.53333333333333
EK202310122137,144.83333333333334
EK202310234827,141.2
EK202310123845,155.86666666666667
EK202310117679,162.36666666666667
EK202310226733,144.26666666666668
EK202310146806,151.06666666666666
EK202310186532,139.03333333333333
EK202310198523,125.9
EK202310169242,137.23333333333332
EK202310189605,142.9
EK202310177460,140.3
EK202310156053,148.36666666666667
EK202310138997,147.83333333333334
EK202310231114,130.33333333333334
EK202310147763,138.93333333333334
EK202310119709,141.1
EK202310121129,169.76666666666668
EK202310137901,141.1
EK202310144077,136.63333333333333
EK202310110337,132.03333333333333
EK202310184408,134.03333333333333
EK202310215841,126.36666666666666
EK202310157214,162.9
EK202310193140,145.26666666666668
EK202310216105,133.7
EK202310246420,120.96666666666667
EK202310118424,136.6
EK202310144290,143.63333333333333
EK202310236171,139.7
EK202310161913,145.16666666666666
EK202310116195,138.06666666666666
EK202310140252,146.76666666666668
EK202310238025,156.16666666666666
EK202310146861,142.16666666666666
EK202310125756,132.23333333333332
EK202310211082,139.76666666666668
EK202310202590,134.4
EK202310212292,136.46666666666667
EK202310151188,148.9
EK202310186431,159.26666666666668
EK202310197054,146.23333333333332
EK202310229535,132.66666666666666
EK202310237693,133.56666666666666
EK202310127899,144.6
EK202310125513,134.13333333333333
EK202310143417,154.96666666666667
EK202310114922,148.86666666666667
EK202310185011,151.63333333333333
EK202310157380,151.46666666666667
EK202310242841,129.76666666666668
EK202310128764,138.63333333333333
EK202310160302,126.46666666666667
EK202310132265,125.7
EK202310142152,135.26666666666668
EK202310184138,151.46666666666667
EK202310218922,172.86666666666667
EK202310105732,144.2
EK202310202421,144.43333333333334
EK202310204745,151.13333333333333
EK202310231651,131.83333333333334
EK202310206373,144.1
EK202310231327,140.93333333333334
EK202310129440,135.03333333333333
EK202310229405,130.4
EK202310233561,135.8
EK202310141433,140.83333333333334
EK202310164651,146.26666666666668
EK202310201935,141.83333333333334
EK202310184574,128.93333333333334
EK202310223915,141.16666666666666
EK202310200908,154.56666666666666
EK202310128941,145.2
EK202310186952,140.96666666666667
EK202310193974,158.5
EK202310169879,173.76666666666668
EK202310172093,140.53333333333333
EK202310184529,137.06666666666666
EK202310230089,136.73333333333332
EK202310181118,151.56666666666666
EK202310204225,138.46666666666667
EK202310112100,162.03333333333333
EK202310222373,171.93333333333334
EK202310182126,150.5
EK202310169072,143.26666666666668
EK202310203100,152.2
EK202310228065,155.66666666666666
EK202310003374,140.86666666666667
EK202310231993,146.23333333333332
EK202310166999,143.46666666666667
EK202310113561,154.06666666666666
EK202310150384,158.16666666666666
EK202310204151,141.5
EK202310243179,149.36666666666667
EK202310229664,153.46666666666667
EK202310214850,139.3
EK202310203348,146.8
EK202310146725,141.9
EK202310134763,137.96666666666667
EK202310145729,156.5
EK202310246535,130.56666666666666
EK202310141577,132.03333333333333
EK202310216160,127.96666666666667
EK202310116782,136.26666666666668
EK202310211327,136.0
EK202310204090,156.3
EK202310175898,163.16666666666666
EK202310226259,137.43333333333334
EK202310151274,157.4
EK202310154215,147.76666666666668
EK202310174277,150.53333333333333
EK202320006496,157.6
EK202310141969,136.43333333333334
EK202320005622,143.96666666666667
EK202310157093,158.13333333333333
EK202310139909,136.83333333333334
EK202310209908,144.0
EK202310218730,137.53333333333333
EK202310229718,130.53333333333333
EK202310111615,145.66666666666666
EK202310138168,128.7
EK202310162118,148.2
EK202310164185,160.16666666666666
EK202310123341,143.2
EK202310154152,151.23333333333332
EK202310169662,143.96666666666667
EK202310195289,134.3
EK202310247758,163.43333333333334
EK202310223580,143.6
EK202310104690,152.2
EK202310234439,134.46666666666667
EK202310225052,169.8
EK202310139674,146.86666666666667
EK202310186662,142.3
EK202310198339,141.03333333333333
EK202310219978,134.7
EK202310205279,141.96666666666667
EK202310241147,143.7
EK202310225981,159.9
EK202310168112,144.13333333333333
EK202310226106,138.56666666666666
EK202310116095,131.03333333333333
EK202310114593,153.8
EK202310175636,127.83333333333333
EK202310117905,149.56666666666666
EK202310200614,149.23333333333332
EK202310137390,144.5
EK202310196458,157.23333333333332
EK202310212839,145.83333333333334
EK202310149449,151.66666666666666
EK202310172721,143.13333333333333
EK202310133382,134.73333333333332
EK202310171991,152.86666666666667
EK202310178147,147.3
EK202310210822,128.8
EK202310169958,145.93333333333334
EK202310216612,130.3
EK202310190351,135.3
EK202310128333,136.26666666666668
EK202310156052,150.83333333333334
EK202310207300,141.06666666666666
EK202310148098,142.9
EK202310236834,141.76666666666668
EK202310206502,136.46666666666667
EK202310232490,133.8
EK202310115920,132.76666666666668
EK202310155557,139.33333333333334
EK202310118792,164.76666666666668
EK202310213449,129.03333333333333
EK202310157956,151.93333333333334
EK202310202461,155.96666666666667
EK202310210080,164.83333333333334
EK202310123713,151.8
EK202310138636,140.96666666666667
EK202310197194,151.46666666666667
EK202310136131,178.33333333333334
EK202310194280,143.73333333333332
EK202310144073,164.7
EK202310196767,169.43333333333334
EK202310152659,140.43333333333334
EK202310119318,130.13333333333333
EK202310175079,150.96666666666667
EK202310246973,138.53333333333333
EK202310177069,148.23333333333332
EK202310228915,144.4
EK202310237967,141.03333333333333
EK202310004766,154.3
EK202310197580,162.6
EK202310163370,136.56666666666666
EK202310126258,130.86666666666667
EK202320006245,142.76666666666668
EK202310214455,152.33333333333334
EK202310225077,172.06666666666666
EK202310121345,137.1
EK202310118753,128.93333333333334
EK202310209148,153.26666666666668
EK202310235651,126.73333333333333
EK202310195584,154.7
EK202310131541,141.46666666666667
EK202310167958,166.66666666666666
EK202310232848,140.23333333333332
EK202310112373,140.16666666666666
EK202310247588,166.36666666666667
EK202310124781,129.53333333333333
EK202310187345,164.46666666666667
EK202310117200,146.53333333333333
EK202310103838,139.13333333333333
EK202310123310,140.0
EK202310193567,142.53333333333333
EK202310176987,153.93333333333334
EK202310217483,132.36666666666667
EK202310219653,135.83333333333334
EK202310189258,143.1
EK202310213235,139.86666666666667
EK202310148485,142.46666666666667
EK202310243846,134.53333333333333
EK202310157685,152.16666666666666
EK202310228217,164.3
EK202310167414,154.1
EK202310116553,141.06666666666666
EK202310154306,152.3
EK202310218246,135.2
EK202310214924,149.23333333333332
EK202310124301,133.73333333333332
EK202310132969,130.73333333333332
EK202310116665,144.23333333333332
EK202310126109,158.36666666666667
EK202310246626,151.66666666666666
EK202310165655,128.9
EK202310222900,135.36666666666667
EK202310183920,163.46666666666667
EK202310188655,151.23333333333332
EK202310140837,141.4
EK202310110105,123.53333333333333
EK202310166926,163.83333333333334
EK202310222571,144.76666666666668
EK202310130862,150.26666666666668
EK202310159918,135.1
EK202310191732,164.46666666666667
EK202310154430,154.96666666666667
EK202310209379,137.0
EK202310242826,159.76666666666668
EK202310127621,141.16666666666666
EK202310144269,139.93333333333334
EK202310168554,164.53333333333333
EK202310225096,124.26666666666667
EK202310004191,137.43333333333334
EK202310198832,145.16666666666666
EK202310166122,167.8
EK202310197812,177.03333333333333
EK202310173577,131.5
EK202310107780,135.66666666666666
EK202310200080,151.5
EK202310244832,155.33333333333334
EK202310153701,162.1
EK202310248897,146.33333333333334
EK202310238758,138.93333333333334
EK202310180956,172.26666666666668
EK202310133597,165.3
EK202310165926,137.43333333333334
EK202310113563,159.66666666666666
EK202310219177,144.0
EK202310215546,159.33333333333334
EK202310239803,136.1
EK202310170081,130.1
EK202310206625,137.03333333333333
EK202310104069,131.06666666666666
EK202310186393,165.16666666666666
EK202310173267,146.9
EK202310110426,137.16666666666666
EK202310164765,136.5
EK202310158220,135.9
EK202310168816,147.03333333333333
EK202310204071,144.8
EK202310157259,143.93333333333334
EK202310156843,145.0
EK202310223529,154.66666666666666
EK202310149961,162.46666666666667
EK202310108241,138.06666666666666
EK202310168245,140.16666666666666
EK202310191021,135.43333333333334
EK202310165776,137.66666666666666
EK202310172874,126.86666666666666
EK202310163779,137.63333333333333
EK202310188731,166.5
EK202310105850,137.43333333333334
EK202310129025,155.73333333333332
EK202310122251,147.9
EK202310233739,139.83333333333334
EK202310145467,142.36666666666667
EK202310125541,130.23333333333332
EK202310128736,139.4
EK202310157339,162.93333333333334
EK202310204674,155.03333333333333
EK202310199931,136.3
EK202310159776,164.23333333333332
EK202310233618,137.46666666666667
EK202310209554,146.76666666666668
EK202310147590,138.63333333333333
EK202310233558,129.1
EK202310141475,136.36666666666667
EK202310192184,154.3
EK202310121465,132.53333333333333
EK202310144674,163.16666666666666
EK202310225145,148.7
EK202310211862,133.53333333333333
EK202310218476,135.03333333333333
EK202310227106,148.6
EK202310184475,142.73333333333332
EK202310132027,132.66666666666666
EK202310134826,139.73333333333332
EK202310182784,161.8
EK202310236142,142.93333333333334
EK202310215997,175.63333333333333
EK202310218885,164.83333333333334
EK202310189497,152.6
EK202310242392,136.66666666666666
EK202310139831,136.63333333333333
EK202310159899,126.93333333333334
EK202320007536,146.26666666666668
EK202310205864,140.3
EK202310205412,152.0
EK202310178623,163.76666666666668
EK202310144137,143.73333333333332
EK202310156851,175.23333333333332
EK202310200692,143.53333333333333
EK202310221442,144.76666666666668
EK202310225402,141.03333333333333
EK202310128314,146.16666666666666
EK202310135585,150.9
EK202310230304,180.76666666666668
EK202310106564,144.46666666666667
EK202310195276,130.16666666666666
EK202310168561,147.36666666666667
EK202310238035,151.06666666666666
EK202310210412,137.16666666666666
EK202310193015,142.06666666666666
EK202310160429,151.16666666666666
EK202310203227,129.53333333333333
EK202310144260,131.06666666666666
EK202310231994,144.7
EK202310169556,137.46666666666667
EK202310112231,149.23333333333332
EK202310179305,138.36666666666667
EK202310111693,124.13333333333334
EK202310163778,139.43333333333334
EK202310197562,146.1
EK202310147780,145.63333333333333
EK202310165497,181.36666666666667
EK202310191527,129.03333333333333
EK202310106149,132.86666666666667
EK202310179787,139.33333333333334
EK202310247018,155.2
EK202310177578,146.26666666666668
EK202310138872,164.36666666666667
EK202310204378,141.6
EK202310146296,138.76666666666668
EK202310110160,141.4
EK202310179095,156.66666666666666
EK202310220481,126.53333333333333
EK202310227227,148.6
EK202310234336,155.46666666666667
EK202310145809,135.26666666666668
EK202310209306,169.93333333333334
EK202310225649,143.7
EK202310226704,138.43333333333334
EK202310157072,163.13333333333333
EK202310121530,137.86666666666667
EK202310165600,142.1
EK202310197233,139.76666666666668
EK202310184332,130.1
EK202310143743,141.26666666666668
EK202310154640,147.73333333333332
EK202310158286,142.53333333333333
EK202310123880,147.26666666666668
EK202310182423,143.9
EK202310124053,130.56666666666666
EK202310206144,131.46666666666667
EK202310140890,139.83333333333334
EK202310127015,134.6
EK202310134941,151.96666666666667
EK202310119304,121.86666666666666
EK202310212796,146.06666666666666
EK202310108377,132.86666666666667
EK202310174180,140.5
EK202310239157,152.56666666666666
EK202310216632,132.7
EK202310172285,150.1
EK202310150279,146.2
EK202310186491,130.7
EK202310197932,155.5
EK202310120172,147.6
EK202310216664,156.0
EK202320006884,168.26666666666668
EK202310178918,151.23333333333332
EK202310144935,139.83333333333334
EK202310141510,137.26666666666668
EK202310216762,138.0
EK202310106406,131.4
EK202310111996,124.63333333333334
EK202310208681,152.93333333333334
EK202310226247,128.66666666666666
EK202310113253,169.33333333333334
EK202310122999,143.9
EK202310155079,174.96666666666667
EK202310160222,142.56666666666666
EK202310210742,137.06666666666666
EK202310156801,143.2
EK202310159360,141.5
EK202310180024,124.73333333333333
EK202310213928,144.83333333333334
EK202310152334,147.66666666666666
EK202310245937,137.56666666666666
EK202310164808,175.66666666666666
EK202310146870,141.23333333333332
EK202310163950,144.43333333333334
EK202310195716,135.5
EK202310150305,144.66666666666666
EK202310229713,137.26666666666668
EK202310188916,151.63333333333333
EK202310121395,142.43333333333334
EK202310160376,159.36666666666667
EK202310244651,146.9
EK202310150169,132.33333333333334
EK202310110958,136.26666666666668
EK202310143966,147.53333333333333
EK202310221741,158.16666666666666
EK202310187012,145.86666666666667
EK202310193822,187.13333333333333
EK202310172094,148.1
EK202310178633,141.6
EK202310117674,152.33333333333334
EK202310133805,134.33333333333334
EK202310180948,167.4
EK202310203849,135.83333333333334
EK202310149491,167.86666666666667
EK202310216830,155.0
EK202310229432,139.36666666666667
EK202310109652,146.46666666666667
EK202310181925,170.63333333333333
EK202310196245,141.53333333333333
EK202310248098,142.3
EK202310183221,168.7
EK202310196195,161.26666666666668
EK202310197137,141.43333333333334
EK202310110247,145.9
EK202310144126,144.03333333333333
EK202310156911,161.36666666666667
EK202310224215,149.1
EK202310236337,137.2
EK202310188431,158.3
EK202310137114,165.1
EK202310115030,147.03333333333333
EK202310117460,129.06666666666666
EK202310162361,141.06666666666666
EK202310130281,149.3
EK202310148428,160.83333333333334
EK202310163311,139.96666666666667
EK202310145526,133.7
EK202310235374,139.66666666666666
EK202310156223,149.46666666666667
EK202310151269,146.7
EK202310150741,141.56666666666666
EK202310225372,150.23333333333332
EK202310133344,137.4
EK202310127071,136.96666666666667
EK202310152237,153.56666666666666
EK202310244229,149.23333333333332
EK202310167190,145.4
EK202310154488,149.3
EK202310211108,133.33333333333334
EK202310114416,161.5
EK202310222978,160.9
EK202310187337,147.26666666666668
EK202310195712,168.56666666666666
EK202310176238,153.13333333333333
EK202310204719,149.2
EK202310184298,159.46666666666667
EK202310215525,159.23333333333332
EK202310154861,131.96666666666667
EK202310200739,131.53333333333333
EK202310242424,133.9
EK202310247300,144.43333333333334
EK202310116475,141.66666666666666
EK202310225458,137.83333333333334
EK202310126918,128.66666666666666
EK202310185579,138.6
EK202310241455,141.03333333333333
EK202310209465,126.7
EK202310142842,143.3
EK202310185122,144.63333333333333
EK202310223530,148.5
EK202310188514,131.5
EK202310171731,142.6
EK202310130376,159.63333333333333
EK202310222189,134.7
EK202310106430,143.23333333333332
EK202310127369,142.06666666666666
EK202310236443,140.26666666666668
EK202310182405,145.86666666666667
EK202310210187,135.66666666666666
EK202310116888,137.73333333333332
EK202310173132,143.76666666666668
EK202310108743,137.66666666666666
EK202310125006,147.4
EK202310213574,129.1
EK202310165356,146.73333333333332
EK202310149418,145.26666666666668
EK202310198882,128.46666666666667
EK202310231320,142.0
EK202310205653,138.26666666666668
EK202310198599,134.83333333333334
EK202310199963,129.13333333333333
EK202310173699,141.06666666666666
EK202310245726,142.4
EK202320006040,173.86666666666667
EK202310154743,141.36666666666667
EK202310188160,148.53333333333333
EK202310214367,160.26666666666668
EK202310103702,123.23333333333333
EK202310127965,148.26666666666668
EK202310203245,148.46666666666667
EK202310139888,134.73333333333332
EK202310108972,147.6
EK202310004612,130.56666666666666
EK202310143552,154.4
EK202310120024,144.83333333333334
EK202310221518,137.3
EK202310180966,156.63333333333333
EK202310193489,144.86666666666667
EK202310117005,143.7
EK202310213271,150.8
EK202310120394,142.63333333333333
EK202310183259,144.66666666666666
EK202310125697,145.76666666666668
EK202310110553,150.1
EK202310150138,142.0
EK202310169349,140.3
EK202310224959,144.43333333333334
EK202310003872,145.3
EK202310189922,161.4
EK202310196746,159.73333333333332
EK202310189397,138.13333333333333
EK202310154076,179.83333333333334
EK202310003409,137.9
EK202310132461,140.86666666666667
EK202310114430,150.5
EK202310207939,142.83333333333334
EK202310219274,125.63333333333334
EK202310226342,156.1
EK202310127397,141.26666666666668
EK202310237125,140.36666666666667
EK202310214068,155.0
EK202310184942,149.66666666666666
EK202310113334,126.83333333333333
EK202310121808,128.73333333333332
EK202310134472,141.3
EK202310213189,138.76666666666668
EK202310200986,138.2
EK202310183319,149.0
EK202310138451,149.76666666666668
EK202310134480,138.6
EK202310248001,145.76666666666668
EK202310215511,139.2
EK202310148692,144.03333333333333
EK202310003356,144.83333333333334
EK202310186363,124.0
EK202310117649,131.36666666666667
EK202310107222,103.16666666666667
EK202310140103,138.46666666666667
EK202310162055,175.56666666666666
EK202310160543,136.23333333333332
EK202310104526,138.7
EK202310111072,134.2
EK202310144115,140.9
EK202310227753,158.86666666666667
EK202310168401,160.06666666666666
EK202310225278,144.16666666666666
EK202310121727,137.46666666666667
EK202310209068,162.46666666666667
EK202310117324,148.43333333333334
EK202310119649,148.5
EK202310154151,137.33333333333334
EK202310235668,131.86666666666667
EK202310197052,135.83333333333334
EK202310133218,139.86666666666667
EK202310228623,136.4
EK202310236771,132.2
EK202320007756,131.5
EK202310123680,129.76666666666668
EK202310153796,152.4
EK202310184256,175.6
EK202310189360,181.1
EK202310169170,150.63333333333333
EK202310238568,154.9
EK202310147463,154.23333333333332
EK202310246348,125.13333333333334
EK202310146645,141.03333333333333
EK202310112043,123.76666666666667
EK202310126693,141.9
EK202310105633,135.16666666666666
EK202310108187,137.86666666666667
EK202310142659,146.83333333333334
EK202310154109,162.4
EK202310187961,163.86666666666667
EK202310138151,130.96666666666667
EK202310145768,137.13333333333333
EK202310204437,144.7
EK202310234444,135.66666666666666
EK202310146920,129.8
EK202310191972,154.73333333333332
EK202310135664,138.96666666666667
EK202310136647,152.13333333333333
EK202310149136,142.46666666666667
EK202310004755,139.03333333333333
EK202310003806,138.23333333333332
EK202320005862,142.46666666666667
EK202310238222,140.53333333333333
EK202310165638,154.86666666666667
EK202310195278,151.46666666666667
EK202310191050,146.56666666666666
EK202310165081,166.23333333333332
EK202310141108,138.46666666666667
EK202310225501,142.23333333333332
EK202310190006,165.83333333333334
EK202310232901,167.96666666666667
EK202310183145,148.4
EK202310133834,167.13333333333333
EK202310111865,144.26666666666668
EK202310233162,147.5
EK202310144096,124.16666666666667
EK202310241460,162.26666666666668
EK202310148061,146.0
EK202310123096,142.06666666666666
EK202310168745,136.3
EK202310232533,129.0
EK202310238139,149.33333333333334
EK202310107671,150.06666666666666
EK202310003635,144.2
EK202310160939,139.5
EK202310165138,156.13333333333333
EK202310177363,164.9
EK202310140380,144.56666666666666
EK202310127640,145.53333333333333
EK202310145483,160.63333333333333
EK202310144142,131.36666666666667
EK202310182466,157.73333333333332
EK202310134774,135.83333333333334
EK202310239504,143.3
EK202310179694,130.76666666666668
EK202310105818,139.43333333333334
EK202310206801,136.1
EK202310133427,143.2
EK202310172349,130.33333333333334
EK202310144166,132.5
EK202310118960,158.93333333333334
EK202310199115,143.26666666666668
EK202310213777,157.33333333333334
EK202310232118,136.96666666666667
EK202310204757,136.53333333333333
EK202310241858,132.33333333333334
EK202310204589,156.6
EK202310224131,143.76666666666668
EK202310160384,154.43333333333334
EK202310158733,143.9
EK202310139320,126.56666666666666
EK202310186373,138.46666666666667
EK202310207408,142.56666666666666
EK202310202032,135.4
EK202310191726,141.53333333333333
EK202310237659,150.93333333333334
EK202310202929,129.06666666666666
EK202310138221,142.0
EK202310213944,143.46666666666667
EK202310217592,142.23333333333332
EK202310156873,149.33333333333334
EK202310154026,125.0
EK202310227896,138.73333333333332
EK202310165724,156.36666666666667
EK202310160534,157.53333333333333
EK202310238733,157.36666666666667
EK202310187242,153.16666666666666
EK202310160829,161.06666666666666
EK202310160276,136.6
EK202310137939,130.16666666666666
EK202310200291,138.16666666666666
EK202310238138,132.9
EK202310217144,164.96666666666667
EK202310196491,148.8
EK202320006298,133.4
EK202310228178,130.76666666666668
EK202310138802,142.0
EK202310240713,132.8
EK202310175243,135.6
EK202310207967,140.7
EK202310107352,139.46666666666667
EK202310211309,136.2
EK202310131783,143.03333333333333
EK202310166826,150.8
EK202310112512,142.2
EK202310153955,163.5
EK202310223762,135.06666666666666
EK202310220803,141.46666666666667
EK202310191806,136.16666666666666
EK202310139794,137.2
EK202310004495,145.6
EK202310165321,135.73333333333332
EK202310152644,141.36666666666667
EK202310107844,148.8
EK202310224636,143.43333333333334
EK202310182912,138.4
EK202310227725,147.53333333333333
EK202310129401,147.9
EK202310132710,150.03333333333333
EK202310167591,154.2
EK202310209362,139.66666666666666
EK202310191553,154.23333333333332
EK202310191129,145.63333333333333
EK202310229273,132.4
EK202310177141,143.43333333333334
EK202310210987,148.16666666666666
EK202310246808,124.8
EK202310186424,135.06666666666666
EK202310243671,146.23333333333332
EK202310157978,127.96666666666667
EK202310141176,140.3
EK202310166632,149.53333333333333
EK202310188518,152.16666666666666
EK202310176726,156.83333333333334
EK202310232858,156.33333333333334
EK202310203103,140.56666666666666
EK202310172581,149.53333333333333
EK202310129669,141.7
EK202310149026,143.43333333333334
EK202310151271,137.36666666666667
EK202310164311,138.13333333333333
EK202310193156,166.53333333333333
EK202310183315,148.56666666666666
EK202310129742,159.76666666666668
EK202310244163,139.56666666666666
EK202310162820,139.46666666666667
EK202310158627,154.76666666666668
EK202310195793,135.36666666666667
EK202310243898,172.26666666666668
EK202310211036,135.06666666666666
EK202310231066,133.83333333333334
EK202310188792,157.6
EK202310181166,150.46666666666667
EK202310240476,135.9
EK202310197771,172.96666666666667
EK202310141037,158.36666666666667
EK202310204780,154.2
EK202310191058,148.86666666666667
EK202310173228,145.16666666666666
EK202310197491,151.8
EK202310156720,147.56666666666666
EK202310244219,146.73333333333332
EK202310119128,148.6
EK202310241327,164.63333333333333
EK202310152238,151.76666666666668
EK202310179839,126.43333333333334
EK202310238196,144.2
EK202310153091,155.2
EK202320006753,172.06666666666666
EK202310123570,142.1
EK202310163341,146.4
EK202310162440,151.13333333333333
EK202310151053,140.2
EK202310188188,151.46666666666667
EK202310127289,144.63333333333333
EK202310248374,130.56666666666666
EK202310167393,145.4
EK202310192930,128.4
EK202310113187,160.3
EK202310174516,137.63333333333333
EK202310187588,135.43333333333334
EK202320007750,141.53333333333333
EK202310189741,171.03333333333333
EK202310174859,154.1
EK202310195086,158.9
EK202310183873,173.53333333333333
EK202310171631,137.73333333333332
EK202310123283,130.33333333333334
EK202320006306,169.26666666666668
EK202310139834,138.7
EK202310239785,137.3
EK202310153276,142.86666666666667
EK202310180328,166.83333333333334
EK202310207645,169.03333333333333
EK202310130192,167.6
EK202310154977,142.83333333333334
EK202310139793,135.73333333333332
EK202310243107,143.33333333333334
EK202310209482,147.6
EK202310241115,129.3
EK202310214880,148.16666666666666
EK202310240253,137.9
EK202310226088,141.33333333333334
EK202320006633,171.96666666666667
EK202310245104,171.3
EK202310112870,144.43333333333334
EK202310161734,161.7
EK202310225927,128.83333333333334
EK202310145336,160.6
EK202310137212,103.86666666666666
EK202310190306,131.06666666666666
EK202310172851,146.23333333333332
EK202310231101,144.16666666666666
EK202310212990,124.56666666666666
EK202310122658,128.7
EK202310176278,151.6
EK202310200882,155.8
EK202310152325,141.7
EK202310151272,155.5
EK202310194215,168.0
EK202310185678,141.96666666666667
EK202310243281,147.66666666666666
EK202310120514,131.13333333333333
EK202310126433,135.66666666666666
EK202310122944,124.9
EK202310236394,141.03333333333333
EK202310218087,152.63333333333333
EK202310151593,146.33333333333334
EK202310110201,141.36666666666667
EK202310131708,145.73333333333332
EK202310111333,136.3
EK202310183969,164.73333333333332
EK202310161113,177.1
EK202310184302,155.56666666666666
EK202310152148,132.13333333333333
EK202310236146,135.33333333333334
EK202310229823,139.73333333333332
EK202310133950,174.13333333333333
EK202310176959,147.76666666666668
EK202310003859,154.33333333333334
EK202310185070,134.86666666666667
EK202310004826,146.03333333333333
EK202310192593,140.6
EK202310212457,141.1
EK202310133750,123.56666666666666
EK202320007484,159.7
EK202310190675,152.13333333333333
EK202310129882,154.53333333333333
EK202310216142,129.33333333333334
EK202310197446,156.9
EK202310243332,148.93333333333334
EK202310139113,163.93333333333334
EK202320007314,151.16666666666666
EK202310192244,155.16666666666666
EK202310209792,131.63333333333333
EK202310218921,130.5
EK202310128700,127.36666666666666
EK202310219548,135.26666666666668
EK202310230864,144.53333333333333
EK202310141941,147.96666666666667
EK202310206423,135.5
EK202310188250,140.16666666666666
EK202310180278,127.1
EK202310123620,152.23333333333332
EK202310180928,130.63333333333333
EK202310148298,137.36666666666667
EK202310124265,137.06666666666666
EK202310125883,159.56666666666666
EK202310128123,130.73333333333332
EK202310234185,128.63333333333333
EK202310141809,168.5
EK202310125724,153.86666666666667
EK202320006085,150.2
EK202310232099,149.46666666666667
EK202310193331,136.63333333333333
EK202310205400,146.16666666666666
EK202310160975,131.9
EK202310203863,156.23333333333332
EK202310126413,128.7
EK202310118450,149.86666666666667
EK202310133563,137.4
EK202310239448,132.56666666666666
EK202310114694,147.2
EK202310158288,187.6
EK202310122422,123.46666666666667
EK202310235320,147.13333333333333
EK202310201960,131.76666666666668
EK202310194645,151.76666666666668
EK202310214962,165.33333333333334
EK202310247868,163.6
EK202310126826,141.53333333333333
EK202310120690,162.7
EK202320006557,162.93333333333334
EK202310224482,124.56666666666666
EK202310188666,125.73333333333333
EK202310167967,153.1
EK202310240200,146.36666666666667
EK202310183867,157.06666666666666
EK202310195682,127.23333333333333
EK202310108034,156.13333333333333
EK202310143324,144.96666666666667
EK202310139977,147.03333333333333
EK202310134578,149.43333333333334
EK202310003485,130.56666666666666
EK202310127332,148.83333333333334
EK202310195959,160.96666666666667
EK202310173389,138.13333333333333
EK202310120326,141.16666666666666
EK202310228101,124.23333333333333
EK202310194577,145.33333333333334
EK202310230845,152.06666666666666
EK202310144430,126.8
EK202310155784,132.93333333333334
EK202310160254,143.8
EK202310118458,135.83333333333334
EK202310134107,176.2
EK202310247672,167.4
EK202310233715,140.3
EK202310192802,166.0
EK202310226073,133.36666666666667
EK202310112128,148.86666666666667
EK202310214142,168.9
EK202310205070,168.06666666666666
EK202310191656,138.0
EK202310108700,135.83333333333334
EK202310121333,147.6
EK202310153942,134.56666666666666
EK202310228151,136.76666666666668
EK202310185062,138.96666666666667
EK202310133213,168.8
EK202310242233,140.9
EK202310143796,140.4
EK202310202444,142.56666666666666
EK202310166800,175.86666666666667
EK202310191020,139.93333333333334
EK202310122069,137.03333333333333
EK202310221793,157.26666666666668
EK202310235848,148.83333333333334
EK202310205016,133.86666666666667
EK202310119021,159.73333333333332
EK202310222995,164.23333333333332
EK202310114479,136.33333333333334
EK202310182453,148.03333333333333
EK202310143133,137.26666666666668
EK202310175194,126.36666666666666
EK202310144671,155.3
EK202310245023,139.23333333333332
EK202310144979,140.83333333333334
EK202310235216,121.1
EK202310247586,145.5
EK202310105223,144.86666666666667
EK202310163741,159.73333333333332
EK202310141732,157.96666666666667
EK202310142505,134.56666666666666
EK202310131799,144.8
EK202310209090,146.56666666666666
EK202310159139,148.9
EK202310214093,142.2
EK202310199515,150.1
EK202310228095,137.36666666666667
EK202310173578,144.7
EK202310170010,161.43333333333334
EK202310164861,144.13333333333333
EK202310167580,153.93333333333334
EK202310225936,125.33333333333333
EK202310147008,149.73333333333332
EK202310187537,149.96666666666667
EK202310170479,143.23333333333332
EK202310238268,133.0
EK202310231268,148.33333333333334
EK202310167280,147.96666666666667
EK202310203266,145.93333333333334
EK202310179810,135.03333333333333
EK202310107445,167.76666666666668
EK202310107969,155.76666666666668
EK202310127481,139.23333333333332
EK202310180706,136.0
EK202310125230,143.7
EK202310127751,134.56666666666666
EK202310172588,140.6
EK202310202984,153.2
EK202310104212,133.2
EK202310106923,141.4
EK202310147971,151.53333333333333
EK202310243146,128.1
EK202310171023,147.2
EK202310109775,148.1
EK202310205700,152.6
EK202310143997,151.96666666666667
EK202310132126,130.5
EK202310127316,176.53333333333333
EK202310107147,156.53333333333333
EK202310151185,137.63333333333333
EK202310228200,128.43333333333334
EK202310117856,152.36666666666667
EK202320005717,143.33333333333334
EK202310129616,142.96666666666667
EK202310232791,145.53333333333333
EK202310243834,133.9
EK202310246208,153.53333333333333
EK202310160233,154.23333333333332
EK202310149219,138.56666666666666
EK202310108589,139.23333333333332
EK202310204725,147.93333333333334
EK202310243502,139.26666666666668
EK202310114320,122.76666666666667
EK202310202291,132.96666666666667
EK202310237771,147.66666666666666
EK202310216760,166.4
EK202310244222,130.0
EK202310113733,150.66666666666666
EK202310138119,139.96666666666667
EK202310219085,135.03333333333333
EK202310153944,138.2
EK202310161644,169.3
EK202310204382,146.03333333333333
EK202310229663,130.8
EK202310156198,143.96666666666667
EK202310148211,135.46666666666667
EK202310152274,140.6
EK202310197042,138.03333333333333
EK202310163556,150.1
EK202310197960,155.6
EK202310232731,133.06666666666666
EK202310147947,148.0
EK202310144176,133.7
EK202310237272,149.73333333333332
EK202310195596,156.0
EK202310231682,135.96666666666667
EK202310114178,141.1
EK202310165798,131.1
EK202310177163,139.73333333333332
EK202310161995,162.5
EK202310130803,124.86666666666666
EK202310225601,136.83333333333334
EK202310139718,144.3
EK202310146622,144.03333333333333
EK202310113181,128.9
EK202310179401,157.93333333333334
EK202310202908,166.03333333333333
EK202310171925,149.13333333333333
EK202310136543,125.93333333333334
EK202310119266,140.16666666666666
EK202310144770,143.43333333333334
EK202310217594,158.26666666666668
EK202310224918,159.73333333333332
EK202310116728,142.3
EK202310136368,147.36666666666667
EK202310242872,143.4
EK202310226098,133.53333333333333
EK202310243029,122.4
EK202310234838,136.06666666666666
EK202310103797,153.0
EK202310159666,128.13333333333333
EK202310234494,132.0
EK202310134806,134.5
EK202310191437,148.3
EK202310125110,142.63333333333333
EK202310217366,159.23333333333332
EK202310191101,128.0
EK202310179382,129.7
EK202310137469,140.43333333333334
EK202310137658,149.13333333333333
EK202310134629,129.83333333333334
EK202310104525,133.96666666666667
EK202310151444,179.2
EK202310237636,144.1
EK202310143439,136.66666666666666
EK202310149845,137.46666666666667
EK202310128851,153.26666666666668
EK202310237330,137.16666666666666
EK202310117295,141.46666666666667
EK202310243270,140.26666666666668
EK202310187106,153.83333333333334
EK202310137652,147.0
EK202310217947,140.36666666666667
EK202310215368,146.63333333333333
EK202310113202,141.8
EK202310122109,133.6
EK202310121040,131.83333333333334
EK202310226711,132.8
EK202310132709,151.5
EK202310169984,158.03333333333333
EK202310198212,147.5
EK202310158003,144.8
EK202310214974,152.36666666666667
EK202310134360,146.26666666666668
EK202310178688,160.43333333333334
EK202310171682,143.26666666666668
EK202310103768,149.23333333333332
EK202310209555,147.4
EK202310151086,139.03333333333333
EK202310201836,142.3
EK202310174895,140.03333333333333
EK202310138537,146.1
EK202310111581,142.43333333333334
EK202310219638,140.76666666666668
EK202310154214,148.03333333333333
EK202310200463,139.46666666666667
EK202310172356,142.76666666666668
EK202310164996,151.03333333333333
EK202310140375,166.36666666666667
EK202310216009,121.13333333333334
EK202310113207,131.0
EK202310132100,141.73333333333332
EK202310126863,152.16666666666666
EK202310146868,144.03333333333333
EK202310108177,140.9
EK202310166280,149.93333333333334
EK202310182008,172.53333333333333
EK202310162197,140.4
EK202310147752,140.06666666666666
EK202310003947,129.0
EK202310176472,143.93333333333334
EK202310234387,137.83333333333334
EK202310170022,135.16666666666666
EK202310171056,151.2
EK202310180973,161.4
EK202310166464,136.93333333333334
EK202310123184,132.53333333333333
EK202310192128,148.33333333333334
EK202310207232,128.4
EK202310133397,134.23333333333332
EK202310113037,134.83333333333334
EK202320007617,162.96666666666667
EK202310128691,128.8
EK202310234443,134.13333333333333
EK202310163599,144.03333333333333
EK202310124529,154.63333333333333
EK202310195861,144.03333333333333
EK202310004652,134.0
EK202310128598,145.56666666666666
EK202310219754,145.96666666666667
EK202310153907,146.4
EK202310210564,151.46666666666667
EK202310119285,144.33333333333334
EK202310236273,127.93333333333334
EK202310205597,148.93333333333334
EK202310232930,121.96666666666667
EK202310191886,158.4
EK202310236382,126.7
EK202310174764,147.96666666666667
EK202310105490,141.7
EK202310177012,157.2
EK202310128378,140.96666666666667
EK202310165398,132.26666666666668
EK202310142395,167.43333333333334
EK202310220861,142.4
EK202310209523,150.13333333333333
EK202310122997,140.33333333333334
EK202310205282,147.0
EK202310131435,144.16666666666666
EK202310203906,130.8
EK202310236413,130.7
EK202310156951,167.73333333333332
EK202310106622,139.5
EK202310189975,163.46666666666667
EK202310225784,130.76666666666668
EK202310219294,124.93333333333334
EK202310105442,144.06666666666666
EK202310132208,132.3
EK202310105616,133.73333333333332
EK202310174736,139.03333333333333
EK202310196913,156.1
EK202310137961,133.03333333333333
EK202310176163,162.73333333333332
EK202310110032,124.83333333333333
EK202310157504,141.96666666666667
EK202310233635,138.9
EK202310248436,149.6
EK202310202168,130.2
EK202310155766,136.63333333333333
EK202310139190,135.7
EK202310178893,141.33333333333334
EK202310194060,157.33333333333334
EK202310118567,123.4
EK202310127903,138.26666666666668
EK202310236053,132.83333333333334
EK202310156969,161.33333333333334
EK202310113094,145.56666666666666
EK202310117682,145.76666666666668
EK202310175150,133.83333333333334
EK202310190181,143.2
EK202310144477,123.16666666666667
EK202310167953,155.63333333333333
EK202310123207,142.66666666666666
EK202310211120,133.76666666666668
EK202310158476,153.0
EK202310245986,134.16666666666666
EK202310141979,150.76666666666668
EK202310210627,137.36666666666667
EK202310131358,130.5
EK202310108863,137.13333333333333
EK202310106507,155.1
EK202310219636,134.1
EK202310206075,148.23333333333332
EK202310164374,159.93333333333334
EK202310247640,125.36666666666666
EK202310128033,162.06666666666666
EK202310202213,162.56666666666666
EK202320007199,143.33333333333334
EK202310148351,143.4
EK202310167191,159.4
EK202310191728,137.43333333333334
EK202310200275,129.8
EK202310240207,157.66666666666666
EK202310169132,137.13333333333333
EK202310144609,151.7
EK202310198534,142.9
EK202310117322,150.73333333333332
EK202310111311,135.23333333333332
EK202310132198,123.76666666666667
EK202310123213,137.73333333333332
EK202310175579,155.56666666666666
EK202310179611,152.0
EK202310162505,159.76666666666668
EK202310192578,139.56666666666666
EK202310106746,138.66666666666666
EK202310131965,122.76666666666667
EK202310193615,125.33333333333333
EK202310196394,161.0
EK202310219201,137.16666666666666
EK202310223123,147.83333333333334
EK202310193426,186.46666666666667
EK202310118739,157.2
EK202310106117,143.3
EK202310104981,135.93333333333334
EK202310210450,132.43333333333334
EK202310174407,146.2
EK202310104567,144.6
EK202310127432,143.8
EK202320005737,147.6
EK202310191941,145.86666666666667
EK202310153855,140.9
EK202310207694,148.0
EK202310227244,149.73333333333332
EK202310153520,136.2
EK202310160923,177.6
EK202310105321,138.4
EK202310134289,149.8
EK202310221860,142.0
EK202310127051,134.33333333333334
EK202310004011,172.66666666666666
EK202310106438,133.33333333333334
EK202310223885,126.13333333333334
EK202310147175,147.93333333333334
EK202310172305,131.76666666666668
EK202310233355,138.3
EK202310175639,145.43333333333334
EK202310119187,132.76666666666668
EK202310208266,152.86666666666667
EK202310218780,146.9
EK202310208314,156.36666666666667
EK202310231800,142.56666666666666
EK202310128055,157.4
EK202310239898,131.03333333333333
EK202310216957,132.7
EK202310209441,142.36666666666667
EK202310123208,139.46666666666667
EK202310209923,134.86666666666667
EK202310133751,148.3
EK202310245312,140.8
EK202310115764,149.9
EK202310207764,142.46666666666667
EK202310240599,154.83333333333334
EK202310147315,140.23333333333332
EK202310131500,128.5
EK202310176669,156.16666666666666
EK202310123945,136.23333333333332
EK202310209731,141.26666666666668
EK202310144605,146.93333333333334
EK202310122549,144.6
EK202310145497,140.53333333333333
EK202310140293,136.2
EK202310139650,140.26666666666668
EK202310157829,128.6
EK202310106995,149.53333333333333
EK202310124413,177.33333333333334
EK202310214088,154.63333333333333
EK202310164191,149.96666666666667
EK202310226197,135.06666666666666
EK202310004226,155.8
EK202310108441,134.63333333333333
EK202310135386,132.73333333333332
EK202310129306,144.36666666666667
EK202310235944,146.33333333333334
EK202310247944,140.96666666666667
EK202310165677,134.6
EK202310199534,150.73333333333332
EK202310126380,124.83333333333333
EK202310154011,126.1
EK202310132506,159.26666666666668
EK202310108076,151.8
EK202310160457,139.43333333333334
EK202310208714,147.93333333333334
EK202310154569,145.46666666666667
EK202310144642,144.3
EK202310190051,173.03333333333333
EK202310117172,151.3
EK202310177405,169.4
EK202310213301,138.7
EK202310137198,159.96666666666667
EK202310151042,138.03333333333333
EK202310168461,141.6
EK202310243164,137.9
EK202310179023,123.46666666666667
EK202310160904,176.4
EK202310171189,132.56666666666666
EK202310239158,133.7
EK202310167988,177.6
EK202310226837,155.43333333333334
EK202310135580,132.06666666666666
EK202310246488,139.56666666666666
EK202310003762,135.13333333333333
EK202310134904,141.8
EK202310136330,142.43333333333334
EK202310217816,134.26666666666668
EK202310122041,120.36666666666666
EK202310246474,142.4
EK202310157040,168.33333333333334
EK202310198401,159.5
EK202310117127,142.56666666666666
EK202310105754,153.3
EK202310166261,145.43333333333334
EK202310168044,143.76666666666668
EK202310220538,138.53333333333333
EK202310139280,153.56666666666666
EK202310135523,152.6
EK202310236682,155.6
EK202310244877,140.63333333333333
EK202310107483,137.9
EK202310175451,130.8
EK202310180461,151.43333333333334
EK202310144697,129.46666666666667
EK202310123532,132.33333333333334
EK202310123754,147.23333333333332
EK202310206309,146.4
EK202310239121,146.2
EK202310104310,157.4
EK202310211761,139.86666666666667
EK202310191013,153.53333333333333
EK202310240312,139.4
EK202310217200,143.43333333333334
EK202310114563,149.06666666666666
EK202310161367,138.3
EK202310144122,141.0
EK202310212504,131.13333333333333
EK202310177497,143.36666666666667
EK202310236237,147.13333333333333
EK202310198587,141.46666666666667
EK202310163062,150.16666666666666
EK202310164746,141.46666666666667
EK202310201875,143.26666666666668
EK202310172081,154.53333333333333
EK202310239571,151.9
EK202310135582,137.63333333333333
EK202310168412,159.2
EK202310207958,137.83333333333334
EK202310192851,148.93333333333334
EK202310192868,135.3
EK202310240745,135.5
EK202320007142,139.23333333333332
EK202310242152,144.63333333333333
EK202310158334,152.16666666666666
EK202310202840,142.03333333333333
EK202310135210,146.56666666666666
EK202310140844,158.33333333333334
EK202310231684,134.0
EK202310220876,149.36666666666667
EK202310135369,148.0
EK202310163963,139.63333333333333
EK202310126679,132.7
EK202310162655,156.96666666666667
EK202310154642,141.4
EK202310178024,129.23333333333332
EK202310168498,147.96666666666667
EK202310220365,142.1
EK202310111380,146.9
EK202310152697,168.06666666666666
EK202310246759,146.0
EK202310111419,140.9
EK202310218578,129.23333333333332
EK202310110262,132.36666666666667
EK202310112025,158.93333333333334
EK202310219733,144.16666666666666
EK202310188715,151.1
EK202310120824,143.5
EK202310115460,121.16666666666667
EK202310243920,138.2
EK202310177399,167.23333333333332
EK202310187981,146.5
EK202310245247,131.43333333333334
EK202310121751,145.03333333333333
EK202310157398,142.13333333333333
EK202310146316,151.26666666666668
EK202310147009,147.1
EK202310186969,162.1
EK202310137065,158.2
EK202310121746,129.0
EK202310156291,147.5
EK202310214011,142.66666666666666
EK202310214233,146.36666666666667
EK202310119619,156.56666666666666
EK202310179742,139.23333333333332
EK202310182000,150.33333333333334
EK202310200585,149.56666666666666
EK202310152222,150.26666666666668
EK202310149190,152.13333333333333
EK202310187819,160.4
EK202310124003,178.96666666666667
EK202310201545,144.73333333333332
EK202310171385,151.4
EK202310238751,137.3
EK202310140367,129.76666666666668
EK202310237130,139.83333333333334
EK202310198345,148.9
EK202310247133,145.1
EK202310137734,131.03333333333333
EK202310148474,141.13333333333333
EK202310150325,143.33333333333334
EK202310208250,150.9
EK202310232333,142.96666666666667
EK202310226045,132.63333333333333
EK202310158994,141.4
EK202310198109,142.26666666666668
EK202310193685,185.93333333333334
EK202310178796,178.83333333333334
EK202310168028,151.63333333333333
EK202310106830,134.16666666666666
EK202310181540,133.83333333333334
EK202310182066,141.16666666666666
EK202310206663,142.53333333333333
EK202310219839,156.86666666666667
EK202310201710,148.4
EK202310187487,141.5
EK202310202274,155.0
EK202310137558,141.43333333333334
EK202310190906,146.43333333333334
EK202310223424,147.23333333333332
EK202310178941,126.9
EK202310184440,147.63333333333333
EK202310155782,130.6
EK202310122432,151.46666666666667
EK202310182848,136.26666666666668
EK202310164226,148.83333333333334
EK202310173490,145.23333333333332
EK202310213090,131.63333333333333
EK202310153722,150.56666666666666
EK202310173472,144.7
EK202310167875,130.6
EK202310133234,130.36666666666667
EK202310223308,130.26666666666668
EK202310205100,145.1
EK202310198402,139.1
EK202310110225,159.76666666666668
EK202310171586,138.6
EK202310122356,142.03333333333333
EK202310163392,137.63333333333333
EK202310183719,149.13333333333333
EK202310003951,147.9
EK202310138515,156.06666666666666
EK202310170831,143.46666666666667
EK202310133182,138.23333333333332
EK202310111516,136.46666666666667
EK202310125263,136.63333333333333
EK202310240055,149.06666666666666
EK202310180483,146.0
EK202310204716,132.83333333333334
EK202310187018,151.46666666666667
EK202310158527,152.93333333333334
EK202310122260,147.4
EK202310234650,140.76666666666668
EK202310144474,128.33333333333334
EK202310237894,134.53333333333333
EK202310106091,141.06666666666666
EK202310188317,141.73333333333332
EK202310158850,128.03333333333333
EK202310186426,178.4
EK202310169750,139.6
EK202310206676,161.4
EK202310155928,149.43333333333334
EK202310230978,133.8
EK202310233369,155.66666666666666
EK202310129476,147.43333333333334
EK202310133048,141.46666666666667
EK202310165488,138.2
EK202310143637,151.06666666666666
EK202310214266,151.26666666666668
EK202310126225,135.03333333333333
EK202310152458,149.96666666666667
EK202310223231,136.93333333333334
EK202310120167,148.86666666666667
EK202310143015,136.66666666666666
EK202310158308,152.3
EK202310173081,136.23333333333332
EK202310189028,139.83333333333334
EK202310132273,150.1
EK202310128353,138.73333333333332
EK202310174810,150.16666666666666
EK202310239062,147.56666666666666
EK202310120641,160.0
EK202310244227,143.1
EK202310118757,125.0
EK202310129075,142.2
EK202310224814,137.5
EK202310004731,134.2
EK202310156915,162.8
EK202310115641,146.03333333333333
EK202310118147,163.46666666666667
EK202310248390,180.33333333333334
EK202310218403,123.76666666666667
EK202310155441,143.5
EK202310230283,137.83333333333334
EK202310162794,147.86666666666667
EK202310182211,171.93333333333334
EK202310143073,147.23333333333332
EK202310177848,149.23333333333332
EK202310003966,170.0
EK202310194839,159.63333333333333
EK202310233597,132.26666666666668
EK202310160959,135.2
EK202310225528,147.03333333333333
EK202310108255,140.06666666666666
EK202310166709,139.0
EK202310203616,131.66666666666666
EK202310189898,155.7
EK202310135324,173.3
EK202310183856,161.1
EK202310178334,152.23333333333332
EK202310112277,157.53333333333333
EK202310116332,133.4
EK202310174408,159.36666666666667
EK202310225395,142.2
EK202310179921,137.36666666666667
EK202310136896,127.3
EK202310246946,152.96666666666667
EK202310132878,142.7
EK202310132936,132.6
EK202310117215,156.4
EK202310194744,157.26666666666668
EK202310239667,151.53333333333333
EK202310137081,126.46666666666667
EK202310195120,157.73333333333332
EK202310244943,155.73333333333332
EK202310216463,142.2
EK202310175023,152.86666666666667
EK202310123452,141.73333333333332
EK202310120759,139.73333333333332
EK202310200555,173.06666666666666
EK202310183159,153.53333333333333
EK202310237119,151.3
EK202310241465,130.83333333333334
EK202310185913,144.83333333333334
EK202310207534,148.9
EK202310158605,163.6
EK202310193608,136.06666666666666
EK202310238219,149.13333333333333
EK202310142209,159.73333333333332
EK202310158659,141.43333333333334
EK202310196102,152.13333333333333
EK202310244335,128.43333333333334
EK202310151300,152.06666666666666
EK202310135647,109.96666666666667
EK202310208600,145.86666666666667
EK202320006689,163.8
EK202310208813,148.56666666666666
EK202310154438,146.96666666666667
EK202310165804,136.4
EK202310124724,133.3
EK202320005923,152.2
EK202310193868,134.53333333333333
EK202310243558,124.63333333333334
EK202310213393,139.13333333333333
EK202310142913,153.73333333333332
EK202310168870,144.93333333333334
EK202310246882,157.73333333333332
EK202310123829,150.4
EK202310125993,133.03333333333333
EK202310148678,137.1
EK202310214338,137.26666666666668
EK202310118609,139.03333333333333
EK202310223350,149.43333333333334
EK202310161314,138.53333333333333
EK202310172634,165.4
EK202310218585,136.33333333333334
EK202310004027,140.8
EK202310177913,139.23333333333332
EK202310195749,139.13333333333333
EK202310176453,139.66666666666666
EK202310213885,131.96666666666667
EK202310137118,155.96666666666667
EK202310219450,129.8
EK202310228378,162.46666666666667
EK202310157141,163.6
EK202310131718,150.63333333333333
EK202310165083,139.36666666666667
EK202310004821,141.43333333333334
EK202310115195,140.2
EK202310179460,131.4
EK202310204918,139.86666666666667
EK202310126066,144.26666666666668
EK202310147822,149.36666666666667
EK202310233974,141.96666666666667
EK202310152337,147.6
EK202310121597,157.33333333333334
EK202310113315,130.93333333333334
EK202310172487,167.7
EK202310208865,151.0
EK202310178856,130.46666666666667
EK202310163216,146.13333333333333
EK202310192275,146.96666666666667
EK202310123629,136.3
EK202310118365,145.23333333333332
EK202310205626,151.66666666666666
EK202310197305,131.2
EK202310168104,131.36666666666667
EK202310147731,144.76666666666668
EK202310202905,137.06666666666666
EK202310240860,139.86666666666667
EK202310003646,144.33333333333334
EK202310241992,132.6
EK202310139823,143.03333333333333
EK202310229599,140.0
EK202310183516,168.7
EK202310224914,122.53333333333333
EK202310191077,147.46666666666667
EK202320006964,162.43333333333334
EK202310237895,137.96666666666667
EK202310176057,136.8
EK202310165954,124.73333333333333
EK202310122162,146.36666666666667
EK202310126238,134.53333333333333
EK202310121795,142.8
EK202310161976,163.3
EK202310191508,141.16666666666666
EK202310176644,142.43333333333334
EK202310152467,153.73333333333332
EK202310219240,135.4
EK202310208125,140.2
EK202310159439,165.83333333333334
EK202310112020,142.46666666666667
EK202310131152,156.43333333333334
EK202310231176,142.56666666666666
EK202310119600,144.5
EK202310142740,172.4
EK202310190305,135.46666666666667
EK202310181410,142.66666666666666
EK202310195269,138.63333333333333
EK202310154821,109.96666666666667
EK202310247409,132.83333333333334
EK202310146034,129.86666666666667
EK202310193073,147.4
EK202310184666,178.03333333333333
EK202310107982,149.86666666666667
EK202310118565,122.46666666666667
EK202310189557,140.9
EK202310176523,154.86666666666667
EK202310199098,148.73333333333332
EK202310192444,164.53333333333333
EK202310201510,151.33333333333334
EK202310152404,153.86666666666667
EK202310159084,165.76666666666668
EK202310241360,142.9
EK202310216628,131.93333333333334
EK202310228907,135.53333333333333
EK202310129890,157.53333333333333
EK202310151590,154.6
EK202310145359,135.2
EK202310157050,158.13333333333333
EK202310176488,131.06666666666666
EK202310130834,144.8
EK202310209574,141.86666666666667
EK202310111176,150.6
EK202310147278,144.76666666666668
EK202310208597,166.66666666666666
EK202310196533,140.46666666666667
EK202310195547,161.8
EK202310176613,136.83333333333334
EK202310164726,143.9
EK202310243633,137.83333333333334
EK202310196133,144.56666666666666
EK202310147029,148.3
EK202310218892,150.8
EK202310140920,136.36666666666667
EK202310155482,144.86666666666667
EK202310135200,134.73333333333332
EK202310172820,140.4
EK202310105543,134.86666666666667
EK202310172387,154.1
EK202310176697,128.56666666666666
EK202310218951,151.26666666666668
EK202310103784,133.0
EK202310230023,132.83333333333334
EK202310164692,140.43333333333334
EK202310104542,140.86666666666667
EK202310176068,137.93333333333334
EK202310244683,154.2
EK202310119149,144.63333333333333
EK202310191861,135.36666666666667
EK202310199949,134.33333333333334
EK202310161393,149.7
EK202310125111,142.06666666666666
EK202310199054,149.63333333333333
EK202310004487,134.53333333333333
EK202310183184,129.16666666666666
EK202310201897,154.03333333333333
EK202310210681,136.9
EK202310171699,135.93333333333334
EK202310136344,141.53333333333333
EK202310142799,141.63333333333333
EK202310003358,144.4
EK202310177915,139.4
EK202310233198,151.86666666666667
EK202310180154,128.33333333333334
EK202310174450,138.56666666666666
EK202310136841,141.43333333333334
EK202310121016,143.16666666666666
EK202310165032,141.2
EK202310228963,127.4
EK202310121559,144.46666666666667
EK202310181916,137.83333333333334
EK202310145575,165.73333333333332
EK202310239181,148.96666666666667
EK202310188158,143.43333333333334
EK202310128251,129.4
EK202310132218,144.23333333333332
EK202310171818,133.06666666666666
EK202310104717,153.73333333333332
EK202310166536,147.03333333333333
EK202310165544,172.23333333333332
EK202310106140,137.3
EK202310120542,136.93333333333334
EK202310200432,139.96666666666667
EK202310137688,138.2
EK202310199770,144.9
EK202310151234,147.96666666666667
EK202310239824,158.46666666666667
EK202310109979,145.26666666666668
EK202310222377,118.73333333333333
EK202310129765,146.53333333333333
EK202310004768,131.23333333333332
EK202310161683,150.76666666666668
EK202310111657,147.96666666666667
EK202310233223,137.4
EK202310191113,163.36666666666667
EK202310133283,145.8
EK202310196259,138.43333333333334
EK202310180866,134.53333333333333
EK202310219289,132.3
EK202310195465,166.16666666666666
EK202310163110,153.66666666666666
EK202310236924,127.1
EK202310175544,156.03333333333333
EK202310106368,162.1
EK202310187622,144.7
EK202310204563,152.33333333333334
EK202310169494,141.93333333333334
EK202310151846,153.9
EK202310239299,140.23333333333332
EK202310145012,132.86666666666667
EK202310110945,140.13333333333333
EK202310198659,148.33333333333334
EK202310130369,110.36666666666666
EK202310191235,143.7
EK202310171717,135.56666666666666
EK202310235589,149.6
EK202310114348,145.53333333333333
EK202310232893,149.53333333333333
EK202310164789,139.1
EK202310236042,164.66666666666666
EK202310004445,137.86666666666667
EK202310172245,145.6
EK202310224823,130.7
EK202310136877,131.43333333333334
EK202310123423,153.2
EK202310153225,149.3
EK202310145756,140.43333333333334
EK202310146568,139.5
EK202310163087,139.36666666666667
EK202310245297,151.83333333333334
EK202310209644,134.93333333333334
EK202310140290,135.7
EK202310221072,141.73333333333332
EK202310135414,152.13333333333333
EK202310187378,162.8
EK202310133530,145.66666666666666
EK202310224364,148.73333333333332
EK202310195517,151.13333333333333
EK202310204169,138.63333333333333
EK202310210323,132.93333333333334
EK202310200422,142.9
EK202310151056,133.0
EK202310227277,135.3
EK202310247028,135.33333333333334
EK202310180050,140.26666666666668
EK202310127868,153.16666666666666
EK202310234685,139.93333333333334
EK202310223304,133.7
EK202310222628,143.4
EK202310132162,151.46666666666667
EK202310107313,152.76666666666668
EK202310193034,121.73333333333333
EK202320006263,129.16666666666666
EK202310180508,148.76666666666668
EK202310126699,149.9
EK202310161588,151.4
EK202310230044,130.86666666666667
EK202310131679,133.8
EK202310130402,150.56666666666666
EK202310186216,136.5
EK202310104460,149.06666666666666
EK202310138193,128.63333333333333
EK202310190994,153.6
EK202310235895,145.26666666666668
EK202310129828,154.1
EK202310188700,177.9
EK202310162187,134.66666666666666
EK202310137095,135.3
EK202310142210,139.23333333333332
EK202310197331,153.9
EK202310224439,165.1
EK202310202545,154.13333333333333
EK202310172841,152.23333333333332
EK202310185316,155.0
EK202310193096,142.1
EK202310239366,130.2
EK202310157680,143.63333333333333
EK202310216245,136.86666666666667
EK202310122188,145.8
EK202310229644,136.0
EK202310205871,130.13333333333333
EK202310215556,165.96666666666667
EK202310158679,183.03333333333333
EK202310147755,135.43333333333334
EK202310186194,152.0
EK202310117620,128.56666666666666
EK202310194359,142.86666666666667
EK202310198922,131.7
EK202310116214,139.9
EK202310162259,148.83333333333334
EK202310157059,166.16666666666666
EK202310128924,140.96666666666667
EK202310141619,142.3
EK202310221578,137.66666666666666
EK202310138618,136.83333333333334
EK202310183482,133.56666666666666
EK202310152447,135.46666666666667
EK202310237940,135.06666666666666
EK202310150193,138.26666666666668
EK202310183803,177.03333333333333
EK202310111372,142.7
EK202310201263,147.66666666666666
EK202310124638,154.0
EK202310178960,150.33333333333334
EK202310210327,134.53333333333333
EK202310201273,145.03333333333333
EK202310222624,143.66666666666666
EK202310180840,136.73333333333332
EK202310185078,148.8
EK202310168572,176.73333333333332
EK202310170490,132.76666666666668
EK202310232989,156.86666666666667
EK202310162228,168.43333333333334
EK202310175459,137.13333333333333
EK202310165474,137.26666666666668
EK202310243395,140.33333333333334
EK202310127631,132.4
EK202310186924,136.1
EK202310163431,126.53333333333333
EK202310189463,183.06666666666666
EK202310190842,168.66666666666666
EK202310185696,154.03333333333333
EK202310111713,142.7
EK202310193617,161.0
EK202310125805,129.83333333333334
EK202310151745,137.06666666666666
EK202310175297,137.73333333333332
EK202310196724,138.0
EK202310233146,180.0
EK202310143125,154.66666666666666
EK202310162683,151.1
EK202310105844,141.86666666666667
EK202310137395,135.16666666666666
EK202310234360,146.8
EK202310169711,156.03333333333333
EK202310229840,134.56666666666666
EK202310108815,141.43333333333334
EK202310173350,134.8
EK202310221654,135.93333333333334
EK202310117503,119.93333333333334
EK202310118377,129.06666666666666
EK202310193948,152.8
EK202310157293,149.76666666666668
EK202310229924,153.93333333333334
EK202310207252,128.96666666666667
EK202310112063,148.2
EK202310211575,136.43333333333334
EK202310121865,134.2
EK202310229242,131.93333333333334
EK202310217753,127.33333333333333
EK202310154203,166.73333333333332
EK202310119526,142.43333333333334
EK202310233019,142.46666666666667
EK202310110136,138.3
EK202310136917,150.2
EK202310232125,135.2
EK202310195652,160.13333333333333
EK202310003341,158.83333333333334
EK202310172729,140.1
EK202310106011,142.63333333333333
EK202310226908,138.86666666666667
EK202310160952,171.36666666666667
EK202310123901,146.96666666666667
EK202310219883,148.73333333333332
EK202310239294,141.73333333333332
EK202310191292,141.03333333333333
EK202310242675,140.8
EK202310159365,158.56666666666666
EK202310207357,144.26666666666668
EK202310134219,146.3
EK202310204692,161.2
EK202310145833,138.96666666666667
EK202310232367,130.36666666666667
EK202310133942,160.7
EK202310116957,148.3
EK202310113990,131.6
EK202310110317,134.66666666666666
EK202310183678,134.0
EK202310210475,135.86666666666667
EK202310215753,139.76666666666668
EK202310172041,154.96666666666667
EK202310127368,141.36666666666667
EK202310133141,149.13333333333333
EK202310166184,167.56666666666666
EK202310123460,130.9
EK202310159288,153.83333333333334
EK202310224966,164.26666666666668
EK202310169548,136.23333333333332
EK202310157945,142.06666666666666
EK202310208906,128.53333333333333
EK202320005732,142.73333333333332
EK202310140120,139.06666666666666
EK202310153086,137.86666666666667
EK202310230330,121.73333333333333
EK202310213318,131.53333333333333
EK202310178418,150.8
EK202310155143,140.9
EK202310183350,160.53333333333333
EK202310171243,140.53333333333333
EK202310241995,151.1
EK202310166956,133.1
EK202310239455,160.5
EK202310230110,137.36666666666667
EK202310232654,135.73333333333332
EK202310230579,140.5
EK202310230165,142.53333333333333
EK202310150438,147.13333333333333
EK202310114432,128.76666666666668
EK202310178701,167.3
EK202310193862,166.73333333333332
EK202310133458,132.96666666666667
EK202310126585,141.3
EK202310114949,135.66666666666666
EK202310239835,136.06666666666666
EK202310198418,157.03333333333333
EK202310164005,137.36666666666667
EK202310108538,155.23333333333332
EK202310248296,133.4
EK202310164825,140.3
EK202310202468,135.23333333333332
EK202310179750,138.6
EK202310178078,144.63333333333333
EK202310224170,165.8
EK202310108711,131.5
EK202310107024,139.63333333333333
EK202310229155,132.73333333333332
EK202310109556,132.63333333333333
EK202310202152,139.1
EK202310237189,146.9
EK202310147644,180.06666666666666
EK202310161108,173.56666666666666
EK202310122907,147.7
EK202310108647,137.53333333333333
EK202310116234,139.9
EK202310180820,135.8
EK202310185427,145.33333333333334
EK202310156227,162.36666666666667
EK202310121246,147.06666666666666
EK202310135704,136.4
EK202310225359,146.66666666666666
EK202310205195,149.3
EK202310201515,146.83333333333334
EK202310195070,148.0
EK202310185184,156.43333333333334
EK202310233163,139.3
EK202310169236,151.16666666666666
EK202310113651,154.66666666666666
EK202310105373,132.4
EK202310106115,128.46666666666667
EK202310245413,138.83333333333334
EK202310219987,147.76666666666668
EK202310142576,154.8
EK202310158268,156.16666666666666
EK202310156894,160.36666666666667
EK202310004886,143.1
EK202310154420,125.6
EK202310210832,145.36666666666667
EK202310220049,149.13333333333333
EK202310181921,180.66666666666666
EK202310201324,161.26666666666668
EK202310191459,136.73333333333332
EK202310128368,140.5
EK202310175128,130.13333333333333
EK202310172288,143.7
EK202310216634,137.7
EK202320007004,169.13333333333333
EK202310244935,123.36666666666666
EK202310176831,133.56666666666666
EK202310119255,139.36666666666667
EK202310225916,137.66666666666666
EK202310159227,150.6
EK202310208285,153.86666666666667
EK202310139560,153.33333333333334
EK202310122710,139.5
EK202310121289,142.7
EK202310124642,152.63333333333333
EK202310232850,146.46666666666667
EK202310162749,164.66666666666666
EK202310114861,148.96666666666667
EK202310147672,152.6
EK202310146693,136.8
EK202310229560,143.76666666666668
EK202310153109,151.6
EK202310159133,143.9
EK202310147681,128.8
EK202310154454,151.33333333333334
EK202310215971,137.26666666666668
EK202310176116,142.06666666666666
EK202310108965,144.43333333333334
EK202310117311,137.66666666666666
EK202310205689,139.4
EK202310196959,171.1
EK202310208747,170.5
EK202310220306,140.16666666666666
EK202310229825,133.6
EK202310156765,150.66666666666666
EK202310123916,142.96666666666667
EK202310208563,141.33333333333334
EK202310176612,142.3
EK202310150270,149.86666666666667
EK202310167920,124.56666666666666
EK202310004780,138.76666666666668
EK202310228392,152.83333333333334
EK202310162764,145.26666666666668
EK202310178248,149.83333333333334
EK202310161854,131.13333333333333
EK202310184896,151.2
EK202310196454,139.53333333333333
EK202310166252,167.56666666666666
EK202310224266,139.66666666666666
EK202310228300,145.66666666666666
EK202310228517,135.73333333333332
EK202310119762,143.23333333333332
EK202310197634,142.5
EK202310163433,131.53333333333333
EK202310205791,152.8
EK202310198433,137.76666666666668
EK202310205023,139.76666666666668
EK202310139454,145.2
EK202310201839,145.06666666666666
EK202310197547,153.66666666666666
EK202310233724,151.46666666666667
EK202310153252,160.93333333333334
EK202310190922,125.46666666666667
EK202310142523,143.16666666666666
EK202310219846,144.2
EK202310198901,129.56666666666666
EK202310167227,141.7
EK202310111384,142.13333333333333
EK202310136046,145.23333333333332
EK202310214121,140.43333333333334
EK202310118169,133.0
EK202310183250,150.43333333333334
EK202310188579,141.76666666666668
EK202310131031,144.66666666666666
EK202310104480,144.46666666666667
EK202310239710,149.6
EK202310234691,126.9
EK202310168972,149.6
EK202310120008,132.86666666666667
EK202310212233,142.2
EK202310215929,139.1
EK202310211484,138.36666666666667
EK202310222506,134.16666666666666
EK202310202763,157.13333333333333
EK202310220490,140.23333333333332
EK202310116375,142.7
EK202310175337,158.5
EK202310240580,139.7
EK202310109905,138.36666666666667
EK202310192597,140.7
EK202310114800,132.93333333333334
EK202310132205,128.9
EK202310110193,142.4
EK202310165102,147.36666666666667
EK202310116663,136.7
EK202310218315,141.43333333333334
EK202310113156,140.43333333333334
EK202310231146,130.76666666666668
EK202310180373,134.16666666666666
EK202310232424,129.26666666666668
EK202310224878,133.03333333333333
EK202310103830,127.56666666666666
EK202310240706,142.06666666666666
EK202310120776,144.93333333333334
EK202310160117,141.46666666666667
EK202310132998,133.8
EK202310003968,165.8
EK202310209613,141.73333333333332
EK202310241092,130.7
EK202310123771,137.1
EK202310245280,133.0
EK202310244377,140.86666666666667
EK202310109713,179.2
EK202310228232,143.56666666666666
EK202310148652,142.6
EK202310243472,143.0
EK202310170765,137.23333333333332
EK202310170088,124.23333333333333
EK202310004315,126.96666666666667
EK202310217178,142.26666666666668
EK202310108775,136.86666666666667
EK202310180920,156.76666666666668
EK202310246305,146.96666666666667
EK202310206922,154.33333333333334
EK202310167783,149.53333333333333
EK202310129574,150.2
EK202310174308,135.03333333333333
EK202310161413,170.2
EK202310148150,150.43333333333334
EK202310141044,154.76666666666668
EK202310231588,143.96666666666667
EK202310118970,157.73333333333332
EK202310181033,164.13333333333333
EK202310194383,144.3
EK202310183986,163.7
EK202310150419,142.23333333333332
EK202310194684,153.6
EK202310123982,177.36666666666667
EK202310167254,138.73333333333332
EK202310170710,128.9
EK202310112450,134.46666666666667
EK202310220586,149.56666666666666
EK202310189665,165.26666666666668
EK202310117974,156.1
EK202310131602,148.23333333333332
EK202310162096,140.66666666666666
EK202310243659,154.56666666666666
EK202310187107,131.66666666666666
EK202310188591,134.56666666666666
EK202310130729,147.0
EK202310207612,144.6
EK202310190165,148.2
EK202310240918,136.1
EK202310138933,137.53333333333333
EK202310124424,147.76666666666668
EK202310207452,152.4
EK202310149692,141.73333333333332
EK202310122269,145.03333333333333
EK202310178206,158.06666666666666
EK202310236928,122.9
EK202310108129,152.23333333333332
EK202310242986,140.7
EK202310153555,129.1
EK202310135472,151.26666666666668
EK202310135151,143.33333333333334
EK202310121132,158.56666666666666
EK202310159808,139.76666666666668
EK202310111940,126.26666666666667
EK202310211823,133.53333333333333
EK202310208954,142.96666666666667
EK202310174925,150.26666666666668
EK202310139934,142.66666666666666
EK202310128204,172.83333333333334
EK202310207948,135.66666666666666
EK202310194132,160.23333333333332
EK202310213757,134.46666666666667
EK202310210438,143.1
EK202310144525,149.6
EK202310125105,142.46666666666667
EK202310120299,134.16666666666666
EK202310246727,132.86666666666667
EK202310200847,148.6
EK202310181091,145.86666666666667
EK202310130669,129.33333333333334
EK202310164111,161.2
EK202310141945,146.16666666666666
EK202310238865,143.9
EK202310107320,131.4
EK202310220000,142.6
EK202310180826,143.96666666666667
EK202310117534,130.16666666666666
EK202310148403,152.56666666666666
EK202310235756,145.63333333333333
EK202310215153,133.73333333333332
EK202310215909,128.56666666666666
EK202310232668,133.33333333333334
EK202310169331,179.0
EK202310168151,141.73333333333332
EK202310218890,137.23333333333332
EK202310186779,144.03333333333333
EK202310114858,130.8
EK202310152341,137.43333333333334
EK202310128217,132.16666666666666
EK202310193271,141.2
EK202310180464,146.06666666666666
EK202310205276,120.66666666666667
EK202310125640,129.0
EK202310141600,142.3
EK202310141981,174.33333333333334
EK202310167795,152.9
EK202310192334,156.96666666666667
EK202310241694,131.53333333333333
EK202310196935,130.86666666666667
EK202310180151,132.2
EK202310106774,150.53333333333333
EK202310215027,158.4
EK202310216078,128.8
EK202310163711,161.46666666666667
EK202310109770,150.5
EK202310215501,136.66666666666666
EK202310163977,137.0
EK202320007174,159.96666666666667
EK202310205844,138.1
EK202310139223,135.73333333333332
EK202310244458,131.7
EK202310131387,159.53333333333333
EK202310143831,119.26666666666667
EK202310147793,139.96666666666667
EK202310219748,119.93333333333334
EK202310155389,150.4
EK202310134466,161.43333333333334
EK202310151903,149.36666666666667
EK202310234772,143.46666666666667
EK202310131775,166.2
EK202310134952,153.3
EK202310118242,125.06666666666666
EK202310107035,140.66666666666666
EK202310131515,145.93333333333334
EK202310244132,140.46666666666667
EK202310201654,153.93333333333334
EK202310237041,174.03333333333333
EK202310171334,169.1
EK202310104916,142.03333333333333
EK202310182983,139.86666666666667
EK202310164359,145.93333333333334
EK202310112552,138.5
EK202310201546,148.16666666666666
EK202310202954,130.33333333333334
EK202310134253,143.9
EK202310004718,156.5
EK202310242169,150.63333333333333
EK202310188966,164.56666666666666
EK202310179423,133.2
EK202310218744,161.1
EK202310193025,146.53333333333333
EK202310232272,132.63333333333333
EK202310217104,122.46666666666667
EK202310245973,141.76666666666668
EK202310108124,145.6
EK202310195074,157.33333333333334
EK202310177534,153.63333333333333
EK202310220572,146.0
EK202310176418,146.1
EK202310159967,155.63333333333333
EK202310163800,161.96666666666667
EK202310154402,165.26666666666668
EK202310212424,131.73333333333332
EK202310115194,138.73333333333332
EK202310157002,151.4
EK202310236493,139.36666666666667
EK202310209384,140.5
EK202310153699,133.23333333333332
EK202310140162,143.8
EK202310191690,156.13333333333333
EK202310164321,145.06666666666666
EK202310167679,129.1
EK202310118401,139.2
EK202320006231,141.3
EK202310158105,137.93333333333334
EK202310179352,147.1
EK202310112735,138.1
EK202310144319,130.33333333333334
EK202310173893,150.66666666666666
EK202310160526,139.36666666666667
EK202310147338,138.13333333333333
EK202310164737,146.0
EK202310226429,134.13333333333333
EK202310119510,141.66666666666666
EK202310111353,147.23333333333332
EK202310121601,146.66666666666666
EK202310138216,126.8
EK202310222532,143.9
EK202310138949,140.13333333333333
EK202310214912,149.23333333333332
EK202310121057,139.93333333333334
EK202310231318,129.93333333333334
EK202310137231,134.7
EK202310136824,136.9
EK202310115476,133.13333333333333
EK202310195522,152.4
EK202310130890,122.1
EK202310161838,164.56666666666666
EK202310158188,144.43333333333334
EK202310184190,143.3
EK202310106659,153.43333333333334
EK202310134400,138.46666666666667
EK202310209267,134.6
EK202310241209,147.1
EK202310214760,140.9
EK202310151809,169.33333333333334
EK202310198002,137.4
EK202310228621,132.6
EK202310162885,140.96666666666667
EK202310133298,151.6
EK202310126484,146.36666666666667
EK202310196380,132.93333333333334
EK202310143373,137.86666666666667
EK202310202385,166.1
EK202310131648,140.26666666666668
EK202310116966,139.3
EK202310134410,153.93333333333334
EK202310191544,134.8
EK202310196047,147.26666666666668
EK202310119440,145.5
EK202310132919,150.83333333333334
EK202310156448,158.06666666666666
EK202310198177,136.66666666666666
EK202310148838,147.36666666666667
EK202310171364,134.6
EK202310120500,131.6
EK202310247151,144.43333333333334
EK202310144904,133.63333333333333
EK202310174989,129.66666666666666
EK202310133355,151.36666666666667
EK202310226353,176.96666666666667
EK202310176858,136.3
EK202310227114,133.63333333333333
EK202310187693,137.06666666666666
EK202310109711,177.06666666666666
EK202310181780,150.3
EK202310163147,151.4
EK202310190696,140.1
EK202310165868,162.1
EK202310110400,133.96666666666667
EK202310135537,160.1
EK202310169217,153.63333333333333
EK202310195878,156.0
EK202310189489,138.93333333333334
EK202310205257,131.63333333333333
EK202310239304,151.6
EK202310132417,136.1
EK202310221095,127.03333333333333
EK202310110398,131.13333333333333
EK202310240389,152.73333333333332
EK202310185614,151.4
EK202310213110,135.43333333333334
EK202310154463,146.76666666666668
EK202310177140,163.66666666666666
EK202310175268,146.16666666666666
EK202310199152,124.13333333333334
EK202310128676,143.56666666666666
EK202310168399,159.56666666666666
EK202310201459,145.4
EK202310235106,148.63333333333333
EK202310232368,134.13333333333333
EK202310127908,122.73333333333333
EK202310182464,133.3
EK202310184852,131.36666666666667
EK202310170955,143.56666666666666
EK202310185265,147.86666666666667
EK202310114431,147.2
EK202310124741,160.2
EK202310193561,147.33333333333334
EK202310113830,127.3
EK202310229300,147.53333333333333
EK202310176918,151.4
EK202310222543,147.53333333333333
EK202310240095,140.23333333333332
EK202310208448,152.23333333333332
EK202310201172,186.2
EK202310125525,136.96666666666667
EK202310221529,158.03333333333333
EK202310120352,140.53333333333333
EK202310140711,137.93333333333334
EK202310211389,123.2
EK202310124018,174.56666666666666
EK202310143340,131.46666666666667
EK202310180385,156.7
EK202320006974,140.36666666666667
EK202310159693,153.33333333333334
EK202310181459,139.23333333333332
EK202310182182,123.03333333333333
EK202310141048,139.33333333333334
EK202310211604,139.76666666666668
EK202310141173,145.23333333333332
EK202310151648,148.86666666666667
EK202310243583,150.26666666666668
EK202310133700,128.83333333333334
EK202310152960,162.83333333333334
EK202310192543,143.5
EK202310131141,109.1
EK202310134377,144.56666666666666
EK202310174653,133.16666666666666
EK202310218574,144.7
EK202310191005,140.7
EK202310104855,135.76666666666668
EK202310178218,154.16666666666666
EK202310166318,143.9
EK202310202248,128.36666666666667
EK202310234490,166.36666666666667
EK202310225442,154.26666666666668
EK202310123331,151.36666666666667
EK202310238951,149.73333333333332
EK202310114122,128.3
EK202310202645,156.5
EK202310221624,135.8
EK202310147534,140.53333333333333
EK202310197356,167.53333333333333
EK202310222430,144.46666666666667
EK202310225523,128.26666666666668
EK202310177178,161.53333333333333
EK202310153665,122.1
EK202310196238,139.1
EK202310244577,144.86666666666667
EK202310172448,171.56666666666666
EK202310225799,131.2
EK202310183968,135.66666666666666
EK202310203019,172.03333333333333
EK202310109776,149.1
EK202310111537,144.86666666666667
EK202310124731,165.0
EK202310213643,137.06666666666666
EK202310146267,140.13333333333333
EK202310245701,154.2
EK202310177157,124.63333333333334
EK202310153114,152.06666666666666
EK202310004024,174.76666666666668
EK202310240323,144.56666666666666
EK202310116344,137.93333333333334
EK202310174344,128.06666666666666
EK202310166165,139.03333333333333
EK202310122743,148.76666666666668
EK202310226015,138.43333333333334
EK202310152541,150.2
EK202310189773,141.46666666666667
EK202310232097,150.96666666666667
EK202310155304,128.23333333333332
EK202310200289,146.96666666666667
EK202310208997,134.9
EK202310176430,149.33333333333334
EK202310205504,134.2
EK202310241123,140.26666666666668
EK202310160664,131.6
EK202310235837,141.96666666666667
EK202310190225,137.36666666666667
EK202310218794,119.66666666666667
EK202310244811,139.63333333333333
EK202310144333,134.9
EK202310134916,149.0
EK202310133279,144.93333333333334
EK202310230299,135.86666666666667
EK202310181539,159.0
EK202310137837,133.63333333333333
EK202310142434,166.3
EK202310108559,136.9
EK202310172173,151.53333333333333
EK202310170541,156.3
EK202310106066,134.33333333333334
EK202310242004,135.8
EK202310114374,160.63333333333333
EK202310147018,150.16666666666666
EK202310193730,139.5
EK202310155054,140.8
EK202310211249,133.2
EK202310203058,148.0
EK202310224924,172.96666666666667
EK202310153934,160.86666666666667
EK202310192789,147.83333333333334
EK202310176566,132.6
EK202310215186,131.63333333333333
EK202310159944,135.1
EK202310209677,130.73333333333332
EK202310137062,144.76666666666668
EK202310209003,156.56666666666666
EK202310236143,135.6
EK202310159540,146.8
EK202310141923,137.76666666666668
EK202310214900,136.6
EK202310150311,152.73333333333332
EK202310145121,159.2
EK202310138102,136.26666666666668
EK202310195227,166.93333333333334
EK202310215003,149.66666666666666
EK202310133345,133.13333333333333
EK202310241621,165.0
EK202310232734,139.73333333333332
EK202310192752,154.53333333333333
EK202310155287,136.0
EK202310230367,142.16666666666666
EK202310204826,144.66666666666666
EK202310217569,160.3
EK202310239151,143.23333333333332
EK202310225087,165.7
EK202310142211,168.4
EK202310143872,164.66666666666666
EK202320006692,150.06666666666666
EK202310243470,139.1
EK202310202312,138.5
EK202310172400,154.66666666666666
EK202310175257,159.63333333333333
EK202310156574,148.16666666666666
EK202310195996,165.0
EK202310207174,147.1
EK202310221440,147.16666666666666
EK202310229365,142.46666666666667
EK202310184849,137.53333333333333
EK202310186317,141.73333333333332
EK202310122351,133.86666666666667
EK202310147942,156.53333333333333
EK202310204767,135.36666666666667
EK202310151776,136.46666666666667
EK202310162542,166.23333333333332
EK202310149376,146.1
EK202310188687,134.2
EK202310126040,129.0
EK202310132787,142.93333333333334
EK202320007196,143.4
EK202310194184,156.0
EK202310148035,143.06666666666666
EK202310242086,148.5
EK202310158984,152.23333333333332
EK202310123998,181.2
EK202310143322,160.5
EK202310169220,168.9
EK202310163343,130.0
EK202310195035,145.4
EK202310244095,137.53333333333333
EK202310004865,158.46666666666667
EK202310202516,143.9
EK202310170156,142.0
EK202310217210,142.23333333333332
EK202310139116,161.43333333333334
EK202310181676,176.53333333333333
EK202310117650,135.33333333333334
EK202310126117,127.76666666666667
EK202310145631,126.56666666666666
EK202310194552,162.53333333333333
EK202310231065,137.46666666666667
EK202310243723,148.9
EK202310150462,145.9
EK202310175160,136.16666666666666
EK202310145549,167.83333333333334
EK202310218100,135.06666666666666
EK202310172122,148.66666666666666
EK202310195049,148.0
EK202310179443,148.33333333333334
EK202310149733,143.26666666666668
EK202310115695,135.13333333333333
EK202310149488,146.03333333333333
EK202310154087,160.03333333333333
EK202320006192,150.86666666666667
EK202310125278,126.0
EK202310241332,164.03333333333333
EK202310143810,139.3
EK202310105018,140.43333333333334
EK202310237785,149.03333333333333
EK202310223864,168.4
EK202310226433,171.7
EK202310157972,153.93333333333334
EK202310174015,138.2
EK202310183160,139.73333333333332
EK202310191076,159.86666666666667
EK202310172756,135.3
EK202310104599,128.9
EK202310238264,148.7
EK202310127187,142.8
EK202310165833,171.23333333333332
EK202310195179,150.03333333333333
EK202310153898,162.3
EK202310170585,139.06666666666666
EK202310245910,130.1
EK202310170174,142.0
EK202310115207,138.53333333333333
EK202310120317,139.33333333333334
EK202310236898,156.3
EK202310146305,149.66666666666666
EK202310112140,144.46666666666667
EK202310143217,131.86666666666667
EK202310150540,134.7
EK202310223717,133.7
EK202310219843,133.66666666666666
EK202310198855,142.9
EK202310191446,153.96666666666667
EK202310190334,149.2
EK202310184752,140.63333333333333
EK202310160416,146.03333333333333
EK202310173011,136.86666666666667
EK202310128863,140.53333333333333
EK202310190262,143.6
EK202310110902,135.23333333333332
EK202310193520,155.96666666666667
EK202320006543,137.3
EK202310187711,143.93333333333334
EK202310200254,134.7
EK202310155513,145.36666666666667
EK202310180642,157.53333333333333
EK202310196569,144.56666666666666
EK202320007271,137.86666666666667
EK202310179403,144.36666666666667
EK202310241241,159.13333333333333
EK202310192182,156.13333333333333
EK202310203673,152.93333333333334
EK202310163605,139.23333333333332
EK202310108085,140.56666666666666
EK202310195692,162.76666666666668
EK202310190401,133.1
EK202310192575,146.33333333333334
EK202310227513,160.73333333333332
EK202310130882,149.43333333333334
EK202310104224,135.0
EK202310144297,125.7
EK202310210525,137.93333333333334
EK202320006267,152.83333333333334
EK202310150061,131.8
EK202310189465,179.93333333333334
EK202310239884,136.36666666666667
EK202310137344,168.06666666666666
EK202310212273,137.06666666666666
EK202310205202,177.36666666666667
EK202310147736,134.66666666666666
EK202310138489,155.16666666666666
EK202310169998,157.06666666666666
EK202310123563,133.53333333333333
EK202310162573,157.66666666666666
EK202310122865,162.2
EK202310189811,138.76666666666668
EK202310160895,149.46666666666667
EK202310153256,138.76666666666668
EK202310216969,131.66666666666666
EK202310152260,144.43333333333334
EK202310141709,142.93333333333334
EK202320007373,127.9
EK202310193336,187.7
EK202310164703,158.36666666666667
EK202310103814,146.06666666666666
EK202310200017,134.13333333333333
EK202310218767,127.4
EK202310188858,155.3
EK202310192187,142.83333333333334
EK202310194207,157.16666666666666
EK202310130206,144.0
EK202310110494,134.96666666666667
EK202320006130,149.93333333333334
EK202310211320,130.26666666666668
EK202310224161,148.53333333333333
EK202310240472,144.56666666666666
EK202310209032,154.23333333333332
EK202310167634,123.03333333333333
EK202310180571,137.03333333333333
EK202310229017,138.5
EK202310131345,132.53333333333333
EK202310138019,127.6
EK202310004554,119.93333333333334
EK202310132971,140.9
EK202310141635,142.3
EK202310194247,147.96666666666667
EK202310148311,176.9
EK202310121972,147.0
EK202310142685,139.96666666666667
EK202310106949,149.7
EK202310163326,141.63333333333333
EK202310220547,141.93333333333334
EK202310104514,136.5
EK202310145431,159.83333333333334
EK202310117273,147.23333333333332
EK202310166607,142.56666666666666
EK202310189589,137.53333333333333
EK202310196074,146.4
EK202310153363,138.9
EK202310162392,133.56666666666666
EK202310229624,134.46666666666667
EK202310195898,151.46666666666667
EK202310219784,138.26666666666668
EK202310184116,148.9
EK202310223449,132.9
EK202310163821,141.6
EK202310183192,147.26666666666668
EK202310226918,140.36666666666667
EK202310154785,130.93333333333334
EK202310179367,148.26666666666668
EK202310195531,149.4
EK202310130452,138.83333333333334
EK202310121734,145.43333333333334
EK202310133991,140.76666666666668
EK202310210591,158.33333333333334
EK202310139555,152.03333333333333
EK202310228357,151.96666666666667
EK202310125608,149.56666666666666
EK202310107185,133.96666666666667
EK202310235572,134.4
EK202310230158,140.16666666666666
EK202310145383,129.23333333333332
EK202310143147,141.16666666666666
EK202310164771,146.26666666666668
EK202310144247,144.0
EK202310220979,142.4
EK202310149131,136.73333333333332
EK202310196632,158.7
EK202310131051,168.36666666666667
EK202310134659,147.86666666666667
EK202310200213,131.76666666666668
EK202310146862,140.7
EK202310188949,146.23333333333332
EK202310137016,150.96666666666667
EK202310239591,138.33333333333334
EK202310160714,160.4
EK202310120187,138.33333333333334
EK202310171815,146.1
EK202310197107,141.56666666666666
EK202310135357,146.53333333333333
EK202310139656,136.83333333333334
EK202310210779,145.13333333333333
EK202310238374,138.2
EK202310232468,134.26666666666668
EK202310170608,141.8
EK202310161875,154.73333333333332
EK202310154794,134.63333333333333
EK202310178981,129.06666666666666
EK202310115024,135.73333333333332
EK202310198317,170.2
EK202310176549,148.53333333333333
EK202310125448,135.4
EK202310223899,124.13333333333334
EK202310240237,147.3
EK202310194815,177.96666666666667
EK202310245437,140.23333333333332
EK202310109463,145.9
EK202310126220,143.63333333333333
EK202310162672,143.56666666666666
EK202310106706,104.43333333333334
EK202310230813,147.2
EK202310229853,142.26666666666668
EK202310183987,143.3
EK202310130317,165.06666666666666
EK202310104984,140.5
EK202310174152,127.3
EK202310228308,137.5
EK202310111938,142.86666666666667
EK202310191965,175.56666666666666
EK202310125325,132.13333333333333
EK202310235246,135.7
EK202310108851,147.46666666666667
EK202310139648,146.73333333333332
EK202310116135,130.23333333333332
EK202310195391,140.96666666666667
EK202310139056,168.36666666666667
EK202310201109,135.56666666666666
EK202310247192,172.5
EK202310119623,144.2
EK202310174223,133.9
EK202310150628,150.63333333333333
EK202310166077,166.4
EK202310178835,150.33333333333334
EK202310184672,183.0
EK202310245587,144.2
EK202310211153,151.63333333333333
EK202310148852,164.76666666666668
EK202310237982,134.5
EK202310212607,146.13333333333333
EK202310188439,155.56666666666666
EK202310244428,126.4
EK202310187031,132.23333333333332
EK202310114894,151.43333333333334
EK202310140044,147.63333333333333
EK202310223861,145.83333333333334
EK202310184954,137.56666666666666
EK202310229341,158.33333333333334
EK202310193100,145.16666666666666
EK202310154175,148.9
EK202310103979,137.5
EK202310210100,165.46666666666667
EK202310112422,135.83333333333334
EK202310147941,143.86666666666667
EK202310109450,150.96666666666667
EK202310227736,143.9
EK202310147053,149.13333333333333
EK202310219645,137.76666666666668
EK202310213369,137.3
EK202310154826,155.96666666666667
EK202310119234,151.53333333333333
EK202310210678,133.96666666666667
EK202310106182,141.7
EK202310132534,129.83333333333334
EK202310220157,139.4
EK202310108493,128.86666666666667
EK202310192669,172.1
EK202310172385,148.46666666666667
EK202310133787,124.2
EK202310172222,137.33333333333334
EK202310183649,158.6
EK202310135892,120.4
EK202310129170,157.4
EK202310209741,141.96666666666667
EK202310129427,139.63333333333333
EK202310192393,156.43333333333334
EK202310245714,133.13333333333333
EK202310130517,148.1
EK202310178411,167.76666666666668
EK202310189618,148.4
EK202310143288,182.1
EK202310199193,137.7
EK202310227313,178.0
EK202310213919,157.9
EK202310244481,142.56666666666666
EK202310120478,133.56666666666666
EK202310107634,144.63333333333333
EK202310157691,146.26666666666668
EK202310215874,142.2
EK202310246981,139.9
EK202310153195,151.8
EK202310242256,167.9
EK202310123017,125.1
EK202310205136,148.13333333333333
EK202310170231,163.76666666666668
EK202310168120,126.23333333333333
EK202310003727,132.53333333333333
EK202310217369,177.13333333333333
EK202320006688,174.33333333333334
EK202310230112,145.46666666666667
EK202310177152,145.13333333333333
EK202310106847,106.53333333333333
EK202310228061,147.9
EK202310233311,142.13333333333333
EK202310226138,137.8
EK202310200931,151.6
EK202310219804,148.83333333333334
EK202310141658,144.96666666666667
EK202310207757,133.56666666666666
EK202310147486,154.2
EK202310239005,156.53333333333333
EK202310129712,162.16666666666666
EK202310148369,139.56666666666666
EK202310155404,134.6
EK202310218716,139.96666666666667
EK202310188882,136.63333333333333
EK202310221316,123.96666666666667
EK202310137120,160.86666666666667
EK202310217405,159.56666666666666
EK202310149231,141.86666666666667
EK202310174189,133.06666666666666
EK202310138929,141.63333333333333
EK202310123610,137.4
EK202310200717,138.36666666666667
EK202310190751,149.46666666666667
EK202310146784,136.8
EK202310132879,166.76666666666668
EK202310133709,156.13333333333333
EK202310128722,128.86666666666667
EK202310103790,159.16666666666666
EK202310218931,140.8
EK202310218663,142.16666666666666
EK202310247844,161.16666666666666
EK202310190812,159.26666666666668
EK202310208756,155.36666666666667
EK202310156744,134.5
EK202310228838,149.63333333333333
EK202310136171,150.8
EK202310126151,134.73333333333332
EK202310173890,139.43333333333334
EK202310235680,125.86666666666666
EK202310156616,165.03333333333333
EK202310134563,164.06666666666666
EK202310211003,138.1
EK202310185632,155.66666666666666
EK202310241758,130.0
EK202310148534,147.3
EK202310182316,136.0
EK202310191280,152.93333333333334
EK202310129812,158.13333333333333
EK202310004693,134.86666666666667
EK202310172541,166.86666666666667
EK202310201639,127.16666666666667
EK202310204202,148.46666666666667
EK202310129486,129.13333333333333
EK202310203423,154.06666666666666
EK202310169919,149.13333333333333
EK202310174297,131.0
EK202310172937,145.0
EK202310109427,149.66666666666666
EK202310131119,153.86666666666667
EK202310151810,167.43333333333334
EK202310137213,132.56666666666666
EK202310136572,151.8
EK202310132184,138.46666666666667
EK202310238825,138.93333333333334
EK202310160725,164.03333333333333
EK202310127240,160.2
EK202310115224,136.76666666666668
EK202310127515,131.1
EK202310130232,166.4
EK202310176152,132.03333333333333
EK202310189265,138.33333333333334
EK202310121845,130.1
EK202310248808,133.7
EK202310216603,136.46666666666667
EK202310106462,140.7
EK202310186070,141.53333333333333
EK202310200271,153.53333333333333
EK202310222232,132.86666666666667
EK202310224303,149.63333333333333
EK202310108205,138.9
EK202310213223,139.03333333333333
EK202320007747,138.76666666666668
EK202310195798,148.2
EK202310172690,138.8
EK202310139602,142.5
EK202310124892,130.46666666666667
EK202310136630,141.06666666666666
EK202310133236,136.93333333333334
EK202310109780,142.3
EK202310139773,135.46666666666667
EK202310138601,155.26666666666668
EK202310192309,142.4
EK202310201720,135.13333333333333
EK202310246040,156.63333333333333
EK202320005733,153.16666666666666
EK202310119837,147.66666666666666
EK202310235139,137.73333333333332
EK202310129171,150.23333333333332
EK202310204107,152.5
EK202310206346,183.23333333333332
EK202310126908,135.66666666666666
EK202310201951,139.13333333333333
EK202310185504,137.4
EK202310139015,169.83333333333334
EK202310164756,172.4
EK202310207001,140.13333333333333
EK202310217541,146.83333333333334
EK202310149840,134.26666666666668
EK202310218711,141.96666666666667
EK202310133519,147.1
EK202310168888,149.13333333333333
EK202310209126,153.96666666666667
EK202310189031,137.36666666666667
EK202310217455,147.63333333333333
EK202310155271,149.23333333333332
EK202310215067,151.7
EK202310161595,134.23333333333332
EK202310120502,133.2
EK202310241869,141.9
EK202310103712,146.56666666666666
EK202310150266,169.4
EK202310119972,132.46666666666667
EK202310179290,127.6
EK202310192440,162.86666666666667
EK202310131793,146.73333333333332
EK202310109571,162.03333333333333
EK202310230188,165.0
EK202310119855,171.46666666666667
EK202310138704,157.13333333333333
EK202310118159,128.16666666666666
EK202310166249,142.86666666666667
EK202310187053,146.53333333333333
EK202310165742,159.83333333333334
EK202310183750,148.86666666666667
EK202310205405,140.13333333333333
EK202310131038,143.8
EK202310207627,156.6
EK202310220460,135.6
EK202310239483,133.26666666666668
EK202310141073,155.9
EK202310217239,142.16666666666666
EK202310146989,165.7
EK202310160800,150.86666666666667
EK202310190813,147.93333333333334
EK202320006164,127.06666666666666
EK202310143973,166.46666666666667
EK202310111799,141.03333333333333
EK202310208269,150.83333333333334
EK202310159828,161.16666666666666
EK202310113945,138.3
EK202310168361,133.93333333333334
EK202310176103,148.6
EK202310136310,144.16666666666666
EK202310200326,135.83333333333334
EK202310179044,147.8
EK202310197944,131.8
EK202310183295,173.16666666666666
EK202310240215,159.7
EK202310225695,132.23333333333332
EK202310138029,130.4
EK202310208987,146.96666666666667
EK202310156602,174.06666666666666
EK202310239059,144.23333333333332
EK202310185901,168.1
EK202310200662,127.96666666666667
EK202310109920,107.06666666666666
EK202310188247,138.33333333333334
EK202310183201,164.9
EK202310104073,155.13333333333333
EK202310183040,130.23333333333332
EK202310200329,143.33333333333334
EK202310108982,142.4
EK202310214848,146.5
EK202310194212,134.33333333333334
EK202310155460,151.2
EK202310179825,129.93333333333334
EK202310183614,160.53333333333333
EK202310233580,138.33333333333334
EK202310223060,130.13333333333333
EK202310110018,162.33333333333334
EK202310219086,132.9
EK202310210708,134.0
EK202310206894,144.33333333333334
EK202310176692,154.03333333333333
EK202310211237,129.06666666666666
EK202310216145,136.1
EK202310174790,127.3
EK202310130432,128.96666666666667
EK202310176912,160.23333333333332
EK202310239861,136.23333333333332
EK202310201821,149.26666666666668
EK202310194140,152.16666666666666
EK202310201014,155.26666666666668
EK202310211210,160.3
EK202310210215,138.9
EK202310109048,162.93333333333334
EK202310115364,136.6
EK202310125998,144.03333333333333
EK202310113308,125.9
EK202310166014,156.36666666666667
EK202310240961,134.96666666666667
EK202310192526,160.33333333333334
EK202310118614,143.13333333333333
EK202310208485,144.63333333333333
EK202310113185,139.13333333333333
EK202310123009,141.3
EK202310131866,145.53333333333333
EK202310246596,138.06666666666666
EK202310144786,124.46666666666667
EK202310188069,151.8
EK202310161238,168.06666666666666
EK202310108065,146.6
EK202310176554,169.23333333333332
EK202310172801,164.0
EK202310231997,143.96666666666667
EK202310150544,154.66666666666666
EK202310242116,140.7
EK202310228121,131.33333333333334
EK202310163938,130.83333333333334
EK202310208770,171.33333333333334
EK202310162906,145.0
EK202310171122,134.33333333333334
EK202310136574,123.06666666666666
EK202310168247,137.93333333333334
EK202310116653,142.56666666666666
EK202310225365,139.46666666666667
EK202310154568,133.63333333333333
EK202310144616,128.03333333333333
EK202310123329,162.43333333333334
EK202310184908,141.9
EK202310176975,156.66666666666666
EK202310244230,145.86666666666667
EK202310139801,162.8
EK202310140231,154.73333333333332
EK202310163109,138.06666666666666
EK202310133245,134.56666666666666
EK202310003719,134.4
EK202310128658,129.33333333333334
EK202310196514,154.53333333333333
EK202310136745,133.26666666666668
EK202310135739,133.13333333333333
EK202310167219,146.1
EK202310188340,152.46666666666667
EK202310233341,132.5
EK202310207484,138.26666666666668
EK202310145893,137.1
EK202310137850,154.16666666666666
EK202310228098,156.0
EK202310123631,136.83333333333334
EK202310233006,148.2
EK202310236781,141.5
EK202310184351,149.46666666666667
EK202310197215,155.3
EK202310134606,131.86666666666667
EK202310124613,173.8
EK202310176760,130.2
EK202310181242,161.96666666666667
EK202310146018,132.93333333333334
EK202310118057,142.0
EK202310241929,149.76666666666668
EK202310134625,175.66666666666666
EK202310226675,164.76666666666668
EK202310200650,153.16666666666666
EK202310202459,128.8
EK202310165871,163.53333333333333
EK202310190177,144.13333333333333
EK202310221650,137.33333333333334
EK202310195755,136.23333333333332
EK202310128800,139.4
EK202310103775,141.26666666666668
EK202310117228,148.4
EK202310151800,135.66666666666666
EK202310210424,136.93333333333334
EK202310208507,128.96666666666667
EK202310003803,133.03333333333333
EK202310171322,169.1
EK202310168526,147.0
EK202310197721,144.9
EK202310238027,139.46666666666667
EK202310172276,140.1
EK202310124247,135.63333333333333
EK202310158194,147.36666666666667
EK202310167282,148.73333333333332
EK202310173439,145.23333333333332
EK202310125677,148.5
EK202310210177,142.83333333333334
EK202310238899,142.0
EK202310113985,128.4
EK202310209990,136.2
EK202310228124,142.03333333333333
EK202310104190,133.4
EK202310201389,131.1
EK202310123163,131.76666666666668
EK202310191131,152.0
EK202310203502,155.3
EK202310123878,151.16666666666666
EK202310247275,142.56666666666666
EK202310227023,134.03333333333333
EK202310175135,137.1
EK202310226835,151.86666666666667
EK202310109034,149.83333333333334
EK202310186583,146.1
EK202310107744,137.8
EK202310220042,142.43333333333334
EK202310202298,136.13333333333333
EK202310189344,179.46666666666667
EK202310148801,142.86666666666667
EK202310172716,133.66666666666666
EK202310179116,143.1
EK202310174016,156.33333333333334
EK202310108847,138.93333333333334
EK202310232003,143.83333333333334
EK202310126703,136.96666666666667
EK202310106477,165.76666666666668
EK202310123106,137.93333333333334
EK202310169334,184.46666666666667
EK202310231339,137.56666666666666
EK202310175772,150.93333333333334
EK202310196241,163.6
EK202310143871,139.0
EK202310142265,153.6
EK202310163563,141.8
EK202310244604,134.23333333333332
EK202310247610,156.36666666666667
EK202310116133,131.23333333333332
EK202310144893,134.93333333333334
EK202310138511,162.13333333333333
EK202310178199,149.03333333333333
EK202310238970,160.56666666666666
EK202310137277,145.23333333333332
EK202310195419,130.2
EK202310234603,145.76666666666668
EK202310137485,140.2
EK202310221268,131.33333333333334
EK202310166447,147.6
EK202310163342,136.9
EK202310160258,146.43333333333334
EK202320007173,157.33333333333334
EK202310166608,137.66666666666666
EK202310190777,145.43333333333334
EK202310228415,135.4
EK202310160470,143.16666666666666
EK202310199928,137.53333333333333
EK202310139397,133.96666666666667
EK202310103828,147.76666666666668
EK202310198546,136.23333333333332
EK202310168601,151.5
EK202310199500,152.66666666666666
EK202310130735,127.96666666666667
EK202310203344,146.46666666666667
EK202310149177,141.4
EK202320006908,150.96666666666667
EK202310182119,145.13333333333333
EK202310108526,151.06666666666666
EK202310123316,124.13333333333334
EK202310175509,137.46666666666667
EK202310115166,145.96666666666667
EK202310169504,141.56666666666666
EK202310191512,131.36666666666667
EK202310111425,121.9
EK202310192823,160.06666666666666
EK202310159703,134.93333333333334
EK202310110465,141.8
EK202310217003,142.03333333333333
EK202310187166,140.6
EK202310225739,155.06666666666666
EK202310125501,138.76666666666668
EK202310118486,127.13333333333334
EK202310221279,129.26666666666668
EK202310194956,141.7
EK202310178722,130.7
EK202310182533,158.93333333333334
EK202310138053,145.86666666666667
EK202310231131,147.86666666666667
EK202310212157,131.63333333333333
EK202310125603,138.86666666666667
EK202310136248,144.03333333333333
EK202310115244,130.43333333333334
EK202310132254,128.43333333333334
EK202310178792,178.43333333333334
EK202310191023,124.2
EK202310162415,139.1
EK202310125102,146.96666666666667
EK202310208134,134.6
EK202310105586,135.3
EK202310213166,136.86666666666667
EK202310247801,132.83333333333334
EK202310247262,140.83333333333334
EK202310126467,135.93333333333334
EK202310176266,144.8
EK202310109933,161.13333333333333
EK202310161495,164.33333333333334
EK202310205248,143.9
EK202310224138,139.4
EK202310212586,143.0
EK202310131904,139.8
EK202310120534,158.9
EK202310109184,145.66666666666666
EK202310198723,183.83333333333334
EK202310190770,142.5
EK202310114461,140.03333333333333
EK202310223578,127.9
EK202310133222,147.23333333333332
EK202310136866,134.66666666666666
EK202310176700,148.56666666666666
EK202310126084,147.76666666666668
EK202310196727,159.5
EK202310225009,139.1
EK202310207005,183.06666666666666
EK202310222794,153.5
EK202310171893,153.8
EK202310172296,147.76666666666668
EK202310139698,150.6
EK202310128914,126.4
EK202310235545,134.76666666666668
EK202310109242,127.86666666666666
EK202310177486,136.7
EK202310199539,141.43333333333334
EK202310188301,145.7
EK202310201859,143.6
EK202310170159,142.0
EK202310148167,154.26666666666668
EK202310155933,151.96666666666667
EK202310149269,155.26666666666668
EK202310188885,135.76666666666668
EK202310109274,136.36666666666667
EK202310162745,162.63333333333333
EK202310146260,146.13333333333333
EK202310168090,125.33333333333333
EK202310219761,118.1
EK202310230205,129.4
EK202310114523,139.8
EK202310201162,175.0
EK202310188350,154.26666666666668
EK202310178664,129.86666666666667
EK202310125253,135.1
EK202310194315,149.26666666666668
EK202310178855,146.03333333333333
EK202310114913,157.3
EK202310209479,148.33333333333334
EK202310207800,171.53333333333333
EK202310205487,128.6
EK202310168431,158.8
EK202310235593,138.8
EK202310235602,134.76666666666668
EK202320007124,182.13333333333333
EK202310207771,140.5
EK202310228788,126.3
EK202310227982,130.73333333333332
EK202310194813,184.2
EK202310241087,135.93333333333334
EK202310148405,135.03333333333333
EK202310140778,155.43333333333334
EK202310198551,140.93333333333334
EK202310120216,163.13333333333333
EK202310154323,135.96666666666667
EK202310158123,152.83333333333334
EK202310215528,156.56666666666666
EK202310237307,144.36666666666667
EK202310144499,153.5
EK202310200349,136.66666666666666
EK202310199428,141.73333333333332
EK202310205917,136.7
EK202310123848,140.66666666666666
EK202310171335,169.2
EK202310113026,141.63333333333333
EK202310227460,136.96666666666667
EK202310218273,176.4
EK202310211553,144.03333333333333
EK202310196786,140.6
EK202310237300,129.96666666666667
EK202310125146,139.53333333333333
EK202310118100,129.36666666666667
EK202310186326,143.13333333333333
EK202310128919,128.36666666666667
EK202310198759,125.76666666666667
EK202310236246,147.93333333333334
EK202310149187,144.8
EK202310182726,164.16666666666666
EK202310152601,138.16666666666666
EK202310220436,130.3
EK202310193514,157.8
EK202310246478,134.4
EK202310243128,161.0
EK202310127415,140.5
EK202310213162,151.2
EK202310137235,131.86666666666667
EK202310178654,150.73333333333332
EK202310118153,135.76666666666668
EK202310004571,131.76666666666668
EK202310151403,182.5
EK202310245278,146.93333333333334
EK202310143897,135.16666666666666
EK202310218277,135.8
EK202310162879,144.3
EK202310136599,125.76666666666667
EK202320006442,155.43333333333334
EK202320007344,133.33333333333334
EK202310189969,167.2
EK202310166949,167.16666666666666
EK202310114939,146.06666666666666
EK202310226036,152.9
EK202310166986,137.3
EK202310217723,132.03333333333333
EK202310137499,152.4
EK202310132371,148.16666666666666
EK202310197508,152.46666666666667
EK202320006448,179.6
EK202310217287,128.53333333333333
EK202310210663,131.46666666666667
EK202310104277,164.76666666666668
EK202310200683,153.13333333333333
EK202310225623,168.4
EK202310207191,143.26666666666668
EK202310129539,137.3
EK202310128514,163.2
EK202310140966,138.06666666666666
EK202310129386,142.46666666666667
EK202310179691,135.56666666666666
EK202310188920,140.96666666666667
EK202310247484,135.13333333333333
EK202310193673,153.63333333333333
EK202310170091,127.03333333333333
EK202310172920,150.76666666666668
EK202310223477,150.16666666666666
EK202310171073,148.33333333333334
EK202310194158,149.76666666666668
EK202310207919,147.36666666666667
EK202310120306,147.76666666666668
EK202310207223,135.06666666666666
EK202310244280,135.03333333333333
EK202310106527,133.0
EK202310142859,154.96666666666667
EK202310168389,161.5
EK202310143594,146.8
EK202310167480,165.56666666666666
EK202310156995,139.86666666666667
EK202310119214,150.56666666666666
EK202310148853,137.33333333333334
EK202310217497,140.66666666666666
EK202310120366,140.03333333333333
EK202310217526,166.53333333333333
EK202310195002,132.8
EK202310169241,158.16666666666666
EK202310159114,143.6
EK202310192176,141.8
EK202310159110,159.46666666666667
EK202310158664,140.1
EK202310192338,135.66666666666666
EK202310230524,132.33333333333334
EK202310210362,156.16666666666666
EK202310212895,154.36666666666667
EK202310193440,136.2
EK202320007869,134.66666666666666
EK202310167916,148.03333333333333
EK202310206630,144.93333333333334
EK202310157459,147.36666666666667
EK202310216902,151.73333333333332
EK202310198965,153.53333333333333
EK202310201874,149.4
EK202310117999,130.23333333333332
EK202310204212,147.2
EK202310183852,167.1
EK202310219321,138.96666666666667
EK202310235218,141.86666666666667
EK202310106655,135.63333333333333
EK202310109169,157.53333333333333
EK202310229525,142.33333333333334
EK202310234441,133.63333333333333
EK202310119016,128.53333333333333
EK202310003723,128.76666666666668
EK202310177973,126.1
EK202310143560,152.03333333333333
EK202310245405,173.46666666666667
EK202310123670,132.3
EK202310125143,145.5
EK202310162721,148.93333333333334
EK202310121368,152.9
EK202310207810,160.6
EK202310110877,156.73333333333332
EK202310207642,146.4
EK202310236676,133.46666666666667
EK202310178731,156.23333333333332
EK202310166361,150.16666666666666
EK202310221798,141.9
EK202310177403,168.86666666666667
EK202310134022,126.33333333333333
EK202310167333,137.36666666666667
EK202310166210,122.23333333333333
EK202310110220,147.46666666666667
EK202310145795,134.0
EK202310164123,146.83333333333334
EK202310196621,145.3
EK202310120415,128.76666666666668
EK202310148912,150.63333333333333
EK202310179102,141.93333333333334
EK202310196322,146.76666666666668
EK202310157568,183.2
EK202310146998,149.0
EK202310223698,166.13333333333333
EK202310234532,138.8
EK202310138792,147.76666666666668
EK202310246869,138.16666666666666
EK202310126504,142.86666666666667
EK202310113606,159.03333333333333
EK202310131578,127.76666666666667
EK202310156389,146.53333333333333
EK202310138943,129.53333333333333
EK202310105288,148.5
EK202310188558,177.16666666666666
EK202310234995,145.33333333333334
EK202310181950,173.83333333333334
EK202310157098,138.46666666666667
EK202310132543,147.36666666666667
EK202310174319,142.3
EK202310225811,155.56666666666666
EK202310157066,148.5
EK202310205138,135.8
EK202320007203,144.76666666666668
EK202310227039,132.8
EK202310106033,141.16666666666666
EK202310146183,175.53333333333333
EK202310226180,138.53333333333333
EK202310162385,140.96666666666667
EK202310235946,133.5
EK202310182408,149.7
EK202310155735,140.13333333333333
EK202310190520,161.93333333333334
EK202310146058,131.2
EK202310202633,135.9
EK202310196099,148.1
EK202310129632,129.26666666666668
EK202310138166,124.63333333333334
EK202310148720,144.1
EK202310145781,160.23333333333332
EK202310140364,134.6
EK202310152526,137.63333333333333
EK202310109041,144.4
EK202310239518,169.53333333333333
EK202310187894,131.83333333333334
EK202310140674,156.33333333333334
EK202310133919,139.53333333333333
EK202310183378,133.33333333333334
EK202310232538,149.26666666666668
EK202310203159,152.43333333333334
EK202310114364,154.36666666666667
EK202310165382,153.93333333333334
EK202310212412,129.33333333333334
EK202310106291,136.86666666666667
EK202310136964,138.06666666666666
EK202310114872,128.8
EK202310211044,144.4
EK202310196962,171.76666666666668
EK202310229743,144.3
EK202310180091,132.03333333333333
EK202310113899,147.36666666666667
EK202310238528,154.73333333333332
EK202310167500,158.4
EK202310184018,150.93333333333334
EK202310194972,146.93333333333334
EK202310120304,164.3
EK202310142049,126.73333333333333
EK202310178765,180.9
EK202310182864,131.43333333333334
EK202310192331,140.36666666666667
EK202310164774,152.23333333333332
EK202310156817,154.56666666666666
EK202310237151,135.36666666666667
EK202310234802,139.1
EK202310210106,168.03333333333333
EK202310195014,128.2
EK202310147893,150.8
EK202310113010,131.7
EK202310183485,165.83333333333334
EK202310123549,142.73333333333332
EK202310215820,148.7
EK202310174861,138.13333333333333
EK202310170243,133.86666666666667
EK202310139779,148.13333333333333
EK202310226387,132.16666666666666
EK202310126951,136.6
EK202310122461,128.96666666666667
EK202310137617,154.63333333333333
EK202310232607,149.73333333333332
EK202310188917,157.03333333333333
EK202310230010,126.9
EK202320007620,145.16666666666666
EK202310179514,135.26666666666668
EK202310200726,140.7
EK202310145542,148.36666666666667
EK202310140934,146.63333333333333
EK202310141993,144.46666666666667
EK202310202052,124.53333333333333
EK202310206128,127.26666666666667
EK202310129191,143.4
EK202310132531,153.76666666666668
EK202310145895,143.3
EK202310150717,158.66666666666666
EK202310238478,130.66666666666666
EK202310215961,147.43333333333334
EK202310140355,167.2
EK202310107109,106.13333333333334
EK202310245704,140.43333333333334
EK202310140078,139.2
EK202310201205,169.03333333333333
EK202310105811,129.8
EK202310213056,146.13333333333333
EK202310218710,141.7
EK202310212505,137.43333333333334
EK202310222413,127.96666666666667
EK202310172293,147.9
EK202310109647,135.56666666666666
EK202310188891,132.53333333333333
EK202310137965,139.0
EK202310107117,103.6
EK202310207869,146.36666666666667
EK202310169495,166.46666666666667
EK202310114538,144.06666666666666
EK202310165920,141.7
EK202310130807,149.63333333333333
EK202310170628,149.56666666666666
EK202310117370,136.56666666666666
EK202310239420,154.0
EK202310108908,145.13333333333333
EK202310124380,133.73333333333332
EK202310114384,152.9
EK202310176015,149.53333333333333
EK202310213032,139.46666666666667
EK202310191795,137.4
EK202310203571,138.26666666666668
EK202310138185,123.4
EK202310182667,152.36666666666667
EK202310178540,149.36666666666667
EK202310173419,147.06666666666666
EK202310171759,138.53333333333333
EK202310230057,146.66666666666666
EK202310239289,138.66666666666666
EK202310203690,155.36666666666667
EK202310109021,133.0
EK202310126805,170.6
EK202310213809,131.5
EK202310174863,158.86666666666667
EK202310221636,130.03333333333333
EK202310171548,143.73333333333332
EK202310194319,144.16666666666666
EK202310233853,164.5
EK202310158671,164.73333333333332
EK202310230596,126.9
EK202310221893,121.6
EK202310227172,145.5
EK202310231306,134.43333333333334
EK202310158074,141.26666666666668
EK202310104860,144.33333333333334
EK202310216640,170.23333333333332
EK202310200103,149.93333333333334
EK202310141785,153.4
EK202310145978,134.03333333333333
EK202310004077,163.46666666666667
EK202310133888,157.1
EK202310125723,149.86666666666667
EK202310136090,177.3
EK202310246571,151.13333333333333
EK202310243027,134.56666666666666
EK202310109649,148.36666666666667
EK202310176461,135.26666666666668
EK202310122952,141.8
EK202310243326,142.66666666666666
EK202310135058,171.13333333333333
EK202310200094,133.86666666666667
EK202310146558,132.4
EK202310121295,119.06666666666666
EK202310214783,148.16666666666666
EK202310172681,131.46666666666667
EK202310241971,145.3
EK202310188843,148.83333333333334
EK202310136447,129.2
EK202310231662,132.36666666666667
EK202310157790,133.93333333333334
EK202310120107,140.73333333333332
EK202310225152,166.46666666666667
EK202310200264,148.93333333333334
EK202310134521,141.3
EK202310173584,134.66666666666666
EK202310196666,150.93333333333334
EK202310164106,127.73333333333333
EK202310138379,151.76666666666668
EK202310228204,129.23333333333332
EK202310125152,141.3
EK202310216720,135.8
EK202310228063,145.83333333333334
EK202310169786,145.53333333333333
EK202310176342,151.53333333333333
EK202310163187,153.56666666666666
EK202310124025,144.9
EK202310171872,146.06666666666666
EK202310137265,140.9
EK202310209292,148.5
EK202310137925,133.43333333333334
EK202310199295,136.1
EK202310152826,174.33333333333334
EK202310104368,133.0
EK202310187730,142.23333333333332
EK202310181862,143.96666666666667
EK202310165938,131.3
EK202310183431,136.03333333333333
EK202310236615,136.4
EK202310189593,126.16666666666667
EK202310221069,132.76666666666668
EK202310205373,148.36666666666667
EK202310142031,140.46666666666667
EK202310128716,129.03333333333333
EK202310202961,155.03333333333333
EK202310205295,146.06666666666666
EK202310116568,145.83333333333334
EK202310209928,141.26666666666668
EK202320005639,143.03333333333333
EK202310133603,154.2
EK202310196192,165.66666666666666
EK202310133688,153.96666666666667
EK202310107855,148.26666666666668
EK202310138935,140.6
EK202310204089,142.6
EK202310219313,139.16666666666666
EK202310189726,139.5
EK202310152282,151.03333333333333
EK202310180251,142.7
EK202310165981,147.46666666666667
EK202310137451,147.6
EK202310126122,142.33333333333334
EK202310243998,137.5
EK202310184231,172.83333333333334
EK202310228417,149.33333333333334
EK202310241091,131.96666666666667
EK202310190393,155.13333333333333
EK202310211537,132.4
EK202310147678,145.03333333333333
EK202310242270,150.66666666666666
EK202310149069,158.93333333333334
EK202310163921,177.2
EK202310133083,136.96666666666667
EK202310224140,142.3
EK202310152867,126.13333333333334
EK202310203736,119.86666666666666
EK202310165596,128.6
EK202310214453,136.76666666666668
EK202310164740,157.1
EK202310214137,172.5
EK202310146679,146.63333333333333
EK202310104097,122.16666666666667
EK202310200834,151.9
EK202310163017,156.73333333333332
EK202310165977,145.43333333333334
EK202310243475,125.86666666666666
EK202310241365,151.93333333333334
EK202310244319,134.76666666666668
EK202310120396,144.66666666666666
EK202310241624,143.0
EK202310198761,178.43333333333334
EK202310150943,136.6
EK202310248679,172.56666666666666
EK202310215685,150.9
EK202310104356,135.9
EK202310206239,128.93333333333334
EK202310157180,134.43333333333334
EK202310131514,158.0
EK202310244801,156.2
EK202310116569,154.96666666666667
EK202310123027,126.83333333333333
EK202310223311,149.23333333333332
EK202310174904,139.23333333333332
EK202310133194,145.8
EK202310184130,133.83333333333334
EK202310194455,157.1
EK202310106381,161.53333333333333
EK202310227001,151.6
EK202310153912,157.5
EK202310193865,148.56666666666666
EK202310232459,132.53333333333333
EK202310198400,133.6
EK202310182607,150.36666666666667
EK202310225129,135.3
EK202310197516,149.46666666666667
EK202310131801,151.36666666666667
EK202310212554,145.03333333333333
EK202310227543,146.63333333333333
EK202310130530,131.76666666666668
EK202310193825,186.1
EK202310211045,154.46666666666667
EK202310129373,133.93333333333334
EK202310147392,133.93333333333334
EK202310187904,144.63333333333333
EK202310208503,149.6
EK202310110837,140.3
EK202310229225,129.23333333333332
EK202310164336,125.4
EK202310195313,143.26666666666668
EK202320006926,142.63333333333333
EK202310174594,130.63333333333333
EK202310187599,160.4
EK202310198391,148.76666666666668
EK202310224871,133.0
EK202310128469,146.56666666666666
EK202310108118,140.63333333333333
EK202310164855,153.6
EK202310157619,139.43333333333334
EK202310212148,132.83333333333334
EK202310241888,147.16666666666666
EK202310200720,152.03333333333333
EK202310178703,165.06666666666666
EK202310208199,149.76666666666668
EK202310200707,144.13333333333333
EK202310222186,144.9
EK202310235687,164.43333333333334
EK202310169723,146.66666666666666
EK202310242395,141.3
EK202310202866,157.3
EK202310137258,137.1
EK202310209819,147.8
EK202310111291,149.16666666666666
EK202310210190,139.86666666666667
EK202310181968,138.36666666666667
EK202310173847,144.7
EK202310170341,126.56666666666666
EK202310112839,153.3
EK202310207240,133.66666666666666
EK202310122514,140.5
EK202310190722,139.26666666666668
EK202310186422,137.86666666666667
EK202310154379,168.13333333333333
EK202310245323,137.0
EK202310122299,141.56666666666666
EK202310125100,137.06666666666666
EK202310118253,139.46666666666667
EK202310238969,173.8
EK202310168188,144.2
EK202310160206,154.9
EK202310222871,157.86666666666667
EK202310209611,157.6
EK202310212974,126.43333333333334
EK202310128407,139.46666666666667
EK202310222412,131.5
EK202310200939,137.16666666666666
EK202310003959,138.2
EK202310190302,149.7
EK202310186405,157.6
EK202310138957,131.73333333333332
EK202310105023,136.3
EK202310236632,135.3
EK202310162662,138.16666666666666
EK202310198218,163.23333333333332
EK202310186500,138.76666666666668
EK202310138863,142.3
EK202310241224,157.06666666666666
EK202310171644,130.56666666666666
EK202310239875,135.3
EK202310187156,144.33333333333334
EK202310174507,147.03333333333333
EK202310139245,146.36666666666667
EK202310161355,154.5
EK202310131302,127.83333333333333
EK202310106366,146.16666666666666
EK202310180236,154.9
EK202310146739,140.83333333333334
EK202310122526,143.73333333333332
EK202310171449,134.2
EK202310158382,140.6
EK202310003648,125.36666666666666
EK202310203626,138.6
EK202310105539,134.8
EK202310172856,156.0
EK202310247114,173.53333333333333
EK202310169299,164.33333333333334
EK202310216048,132.36666666666667
EK202320007664,138.03333333333333
EK202310106821,142.86666666666667
EK202310201424,132.36666666666667
EK202310177794,151.9
EK202310225174,144.46666666666667
EK202310236955,142.76666666666668
EK202310216158,128.56666666666666
EK202310176370,136.36666666666667
EK202310139805,132.8
EK202310129688,132.96666666666667
EK202310114179,139.56666666666666
EK202310004734,141.23333333333332
EK202310153706,169.53333333333333
EK202310159985,136.93333333333334
EK202310207436,140.9
EK202310172357,145.46666666666667
EK202310137540,151.9
EK202310246082,141.7
EK202310231504,139.73333333333332
EK202310180342,170.66666666666666
EK202310149538,145.8
EK202310236300,141.2
EK202310184866,155.0
EK202310236107,168.6
EK202310177453,137.5
EK202310171178,140.93333333333334
EK202310146756,140.4
EK202310147896,146.43333333333334
EK202310167599,154.33333333333334
EK202310165277,134.9
EK202310213182,136.66666666666666
EK202310231983,144.66666666666666
EK202310119961,135.23333333333332
EK202310168921,148.83333333333334
EK202310152986,145.83333333333334
EK202310222123,134.4
EK202310165121,138.1
EK202320006143,143.53333333333333
EK202310136406,125.1
EK202310113171,145.03333333333333
EK202310178750,174.53333333333333
EK202310184720,136.0
EK202310135947,138.4
EK202310106555,142.66666666666666
EK202310147773,145.7
EK202310166654,140.13333333333333
EK202310231220,142.1
EK202310179554,152.8
EK202310121805,124.96666666666667
EK202310221539,137.3
EK202310109095,141.26666666666668
EK202310228094,153.46666666666667
EK202310128632,132.2
EK202310168239,141.7
EK202310229923,154.5
EK202310182545,143.86666666666667
EK202310111819,138.2
EK202320007299,158.1
EK202310113423,140.96666666666667
EK202310141017,151.9
EK202310236316,143.96666666666667
EK202310108216,137.83333333333334
EK202310192703,154.2
EK202310123050,146.7
EK202310221659,133.73333333333332
EK202310195354,170.6
EK202310218205,151.93333333333334
EK202310142204,153.33333333333334
EK202310169069,150.26666666666668
EK202310110164,146.53333333333333
EK202310242272,137.56666666666666
EK202310171541,172.06666666666666
EK202310164252,152.86666666666667
EK202310230378,139.03333333333333
EK202310162807,111.76666666666667
EK202310125970,145.23333333333332
EK202310232037,145.76666666666668
EK202310179302,128.0
EK202310113416,145.56666666666666
EK202310120907,157.56666666666666
EK202310131914,129.33333333333334
EK202310246477,142.0
EK202310210578,143.9
EK202310224656,145.86666666666667
EK202310134643,141.83333333333334
EK202310165344,131.73333333333332
EK202310128094,150.76666666666668
EK202310212344,139.16666666666666
EK202310163429,130.16666666666666
EK202310142109,125.83333333333333
EK202310148011,152.63333333333333
EK202310177720,127.03333333333333
EK202310130679,140.86666666666667
EK202310128185,169.56666666666666
EK202310157906,152.03333333333333
EK202310219715,127.23333333333333
EK202310107586,136.2
EK202310236962,145.06666666666666
EK202310133594,153.36666666666667
EK202310124136,132.4
EK202310147276,151.3
EK202310209860,152.13333333333333
EK202310170014,122.6
EK202310125838,144.76666666666668
EK202310176810,135.1
EK202310104451,151.43333333333334
EK202310181648,144.6
EK202310148857,150.73333333333332
EK202310161540,155.1
EK202310109347,143.93333333333334
EK202310143168,123.66666666666667
EK202310182799,141.76666666666668
EK202310183847,145.73333333333332
EK202310231882,133.0
EK202310236483,130.5
EK202320007850,153.13333333333333
EK202310171115,132.1
EK202310138799,155.33333333333334
EK202310229790,138.8
EK202310120135,138.76666666666668
EK202310165362,141.3
EK202310160759,132.1
EK202310128908,145.2
EK202310126950,133.73333333333332
EK202310210878,135.33333333333334
EK202310144127,127.23333333333333
EK202310103769,144.5
EK202310224658,153.76666666666668
EK202310158660,155.6
EK202310115044,126.96666666666667
EK202310225928,136.83333333333334
EK202310131183,161.76666666666668
EK202310191329,140.33333333333334
EK202310247806,146.56666666666666
EK202310128359,139.56666666666666
EK202310158015,144.1
EK202310216742,137.2
EK202310180156,136.83333333333334
EK202310156742,159.2
EK202310206889,130.23333333333332
EK202310141595,142.3
EK202310213331,133.46666666666667
EK202310110177,131.86666666666667
EK202310177752,151.96666666666667
EK202310143528,124.5
EK202310121245,136.93333333333334
EK202310121730,117.63333333333334
EK202310166696,176.7
EK202310139416,130.9
EK202310137350,151.56666666666666
EK202310173056,149.06666666666666
EK202310183242,149.0
EK202310181856,137.86666666666667
EK202310187043,138.96666666666667
EK202310146563,137.66666666666666
EK202310210145,131.4
EK202310149292,160.66666666666666
EK202310219306,133.1
EK202310180670,139.0
EK202310154730,155.8
EK202310220947,130.16666666666666
EK202310202735,139.06666666666666
EK202310123527,136.76666666666668
EK202310120644,155.73333333333332
EK202310129017,155.6
EK202310162431,148.66666666666666
EK202310150024,144.36666666666667
EK202310237610,162.53333333333333
EK202310228863,128.06666666666666
EK202310114239,138.9
EK202310111704,140.83333333333334
EK202310175377,130.03333333333333
EK202310128857,139.7
EK202310141561,140.26666666666668
EK202310133921,140.76666666666668
EK202310143422,126.93333333333334
EK202310222897,132.43333333333334
EK202310127138,150.3
EK202310185976,134.46666666666667
EK202310118702,142.53333333333333
EK202310112998,167.16666666666666
EK202310134460,161.3
EK202310198419,147.96666666666667
EK202310116533,138.76666666666668
EK202310152035,139.86666666666667
EK202310186167,137.93333333333334
EK202310174777,131.26666666666668
EK202310241957,124.43333333333334
EK202310194759,157.9
EK202310209627,134.9
EK202310110386,151.46666666666667
EK202310183168,151.16666666666666
EK202310230042,153.83333333333334
EK202310173070,136.1
EK202310118014,137.2
EK202310201071,128.0
EK202310151104,120.46666666666667
EK202310150451,147.06666666666666
EK202310185662,168.8
EK202310152420,133.6
EK202310004807,136.66666666666666
EK202310123731,155.3
EK202320007290,147.16666666666666
EK202310159273,166.63333333333333
EK202310241776,153.5
EK202310240911,134.66666666666666
EK202310128834,131.9
EK202310128400,145.86666666666667
EK202310233118,147.0
EK202310234404,130.5
EK202310158169,142.73333333333332
EK202310168826,135.16666666666666
EK202310223636,166.3
EK202310228740,176.16666666666666
EK202310115835,139.5
EK202310131407,136.83333333333334
EK202310150935,140.7
EK202310225345,172.6
EK202310146990,153.83333333333334
EK202310227539,145.56666666666666
EK202310145038,126.43333333333334
EK202310134905,124.96666666666667
EK202310176247,160.96666666666667
EK202310238587,159.8
EK202310208338,146.46666666666667
EK202310202600,143.66666666666666
EK202310244941,143.6
EK202310121341,181.1
EK202310142598,173.4
EK202310198678,124.76666666666667
EK202310243034,148.63333333333333
EK202310188200,154.66666666666666
EK202310248513,120.13333333333334
EK202310247587,136.3
EK202310175167,124.13333333333334
EK202310248135,143.36666666666667
EK202310116341,138.13333333333333
EK202310187249,160.16666666666666
EK202310117946,138.9
EK202310120013,129.73333333333332
EK202310168464,133.73333333333332
EK202310188127,133.6
EK202310234954,138.53333333333333
EK202310240694,150.8
EK202310156774,175.63333333333333
EK202310242931,138.0
EK202310120909,134.3
EK202310213600,132.96666666666667
EK202310185790,164.8
EK202310189010,136.9
EK202310198849,135.06666666666666
EK202310110578,148.63333333333333
EK202310197754,140.06666666666666
EK202310224146,136.7
EK202310174258,137.03333333333333
EK202310190295,152.1
EK202310215366,147.63333333333333
EK202310236141,144.36666666666667
EK202310235081,145.9
EK202310113404,136.63333333333333
EK202310147836,136.5
EK202310119847,156.9
EK202320006154,151.26666666666668
EK202310181606,137.76666666666668
EK202310108458,145.03333333333333
EK202310191692,141.3
EK202310137028,150.36666666666667
EK202310186568,124.13333333333334
EK202310193659,186.16666666666666
EK202310201443,144.03333333333333
EK202310171284,160.73333333333332
EK202310162022,136.86666666666667
EK202310124310,131.1
EK202310150577,138.73333333333332
EK202310180293,144.3
EK202310233601,144.93333333333334
EK202310218244,145.4
EK202310147274,137.06666666666666
EK202310144827,143.83333333333334
EK202310188705,131.56666666666666
EK202310171879,138.66666666666666
EK202310004380,149.16666666666666
EK202310124117,130.03333333333333
EK202310139515,150.13333333333333
EK202310223076,129.66666666666666
EK202310189237,140.6
EK202310158900,144.23333333333332
EK202310172965,152.6
EK202310133331,122.6
EK202310139550,140.53333333333333
EK202310182260,135.06666666666666
EK202310240459,145.1
EK202310129723,155.6
EK202310140428,132.83333333333334
EK202310116169,147.36666666666667
EK202310121335,134.46666666666667
EK202310154424,120.7
EK202310171495,147.6
EK202310230777,155.3
EK202310207460,161.06666666666666
EK202310194955,131.7
EK202310233382,143.8
EK202310126476,141.56666666666666
EK202310112541,141.03333333333333
EK202310211941,149.93333333333334
EK202310160649,166.63333333333333
EK202310147152,145.2
EK202310226978,139.46666666666667
EK202310156779,134.86666666666667
EK202310160400,162.0
EK202310113592,157.7
EK202310173652,150.36666666666667
EK202310159519,140.06666666666666
EK202310124262,128.3
EK202310205506,136.26666666666668
EK202310219097,142.23333333333332
EK202310226057,135.8
EK202310153736,144.0
EK202310180775,129.9
EK202310169348,179.9
EK202310131502,146.26666666666668
EK202310121729,127.73333333333333
EK202310159565,141.1
EK202310204448,131.26666666666668
EK202310153462,133.16666666666666
EK202310144316,136.56666666666666
EK202310135075,170.86666666666667
EK202310221375,149.63333333333333
EK202310163745,163.1
EK202310128307,142.63333333333333
EK202310117545,167.43333333333334
EK202310135049,166.3
EK202310168241,141.06666666666666
EK202310212910,138.46666666666667
EK202310201819,138.4
EK202310159317,146.63333333333333
EK202310205644,139.16666666666666
EK202310154083,138.13333333333333
EK202310229522,138.36666666666667
EK202310110884,150.0
EK202310157913,153.26666666666668
EK202310178487,163.26666666666668
EK202310159316,146.13333333333333
EK202310109379,140.6
EK202310188031,141.9
EK202310198040,146.16666666666666
EK202310175083,149.0
EK202310155364,155.83333333333334
EK202310204163,134.63333333333333
EK202310199502,146.83333333333334
EK202310204489,133.1
EK202310179081,146.9
EK202310233796,145.73333333333332
EK202310166659,144.3
EK202310160108,145.9
EK202310189609,147.23333333333332
EK202310104591,141.06666666666666
EK202310241388,141.76666666666668
EK202310141772,139.96666666666667
EK202310193970,147.53333333333333
EK202310115247,133.6
EK202310205518,135.86666666666667
EK202310169284,149.4
EK202310148744,143.96666666666667
EK202310190361,140.53333333333333
EK202310174521,163.83333333333334
EK202320005722,149.6
EK202310223637,147.5
EK202310206779,153.4
EK202310205588,132.93333333333334
EK202310173304,144.33333333333334
EK202310168176,147.3
EK202310213786,157.16666666666666
EK202310193979,137.0
EK202310126924,127.1
EK202310130529,144.33333333333334
EK202310119471,155.36666666666667
EK202310196749,155.0
EK202310113250,141.26666666666668
EK202310155906,130.86666666666667
EK202310105766,130.1
EK202310201584,141.13333333333333
EK202310106175,135.73333333333332
EK202310178826,162.86666666666667
EK202310184322,138.0
EK202310106188,134.03333333333333
EK202310124482,149.2
EK202310186934,131.93333333333334
EK202310190559,128.46666666666667
EK202310247940,127.96666666666667
EK202310161261,150.66666666666666
EK202310167492,120.96666666666667
EK202310117822,127.23333333333333
EK202310185255,139.36666666666667
EK202310209656,131.5
EK202310161945,162.03333333333333
EK202310214665,162.96666666666667
EK202310146073,128.06666666666666
EK202310160721,151.8
EK202310245095,152.26666666666668
EK202310239697,137.56666666666666
EK202310196401,141.16666666666666
EK202310245200,152.63333333333333
EK202310151874,161.83333333333334
EK202310127590,147.1
EK202310172784,137.73333333333332
EK202310217741,147.6
EK202310118696,141.7
EK202310175680,149.9
EK202310248407,131.53333333333333
EK202310116779,141.23333333333332
EK202310230914,146.46666666666667
EK202310121682,131.96666666666667
EK202310124137,127.56666666666666
EK202310138758,133.83333333333334
EK202310115217,160.46666666666667
EK202310165227,142.66666666666666
EK202310198606,126.46666666666667
EK202310139887,143.63333333333333
EK202310235696,140.33333333333334
EK202310140862,139.66666666666666
EK202310245296,146.4
EK202310178643,148.06666666666666
EK202310109769,106.9
EK202310168383,137.13333333333333
EK202310173293,144.7
EK202310199278,142.63333333333333
EK202310188364,171.5
EK202310226539,130.53333333333333
EK202310104626,158.3
EK202310113611,160.7
EK202310155381,142.86666666666667
EK202310207381,150.73333333333332
EK202310232919,151.83333333333334
EK202310239683,141.4
EK202310131225,125.43333333333334
EK202310173001,146.76666666666668
EK202310194749,129.2
EK202310103766,147.43333333333334
EK202310173848,148.33333333333334
EK202310134143,126.73333333333333
EK202310233093,139.5
EK202310184337,155.93333333333334
EK202310129410,149.13333333333333
EK202310118391,138.1
EK202310222008,139.83333333333334
EK202310172498,153.66666666666666
EK202310187928,134.63333333333333
EK202310159483,132.26666666666668
EK202310110871,146.86666666666667
EK202310146779,137.56666666666666
EK202310155616,142.53333333333333
EK202310137460,148.16666666666666
EK202310209877,144.1
EK202310140666,156.6
EK202310122918,136.2
EK202310170046,137.33333333333334
EK202310143434,150.3
EK202310140495,124.46666666666667
EK202310174705,162.4
EK202310228168,144.56666666666666
EK202310127824,118.36666666666666
EK202310235975,139.46666666666667
EK202310190602,143.63333333333333
EK202310106408,148.56666666666666
EK202310233717,139.86666666666667
EK202310203927,144.06666666666666
EK202310106512,141.6
EK202310208972,140.7
EK202310156588,168.86666666666667
EK202310242168,140.76666666666668
EK202310123091,142.4
EK202310199389,140.8
EK202310154978,139.63333333333333
EK202310158716,130.0
EK202310159396,160.0
EK202320005678,178.6
EK202310110183,129.63333333333333
EK202310225959,130.53333333333333
EK202310225303,142.16666666666666
EK202310108877,134.06666666666666
EK202310237629,149.06666666666666
EK202310211593,121.86666666666666
EK202310151540,176.93333333333334
EK202310149041,157.1
EK202310147417,138.56666666666666
EK202310229267,146.66666666666666
EK202310194169,131.8
EK202310130855,143.16666666666666
EK202310218381,147.46666666666667
EK202310131759,164.76666666666668
EK202310159130,144.16666666666666
EK202310181380,136.0
EK202310154840,158.3
EK202310155113,141.66666666666666
EK202310190213,134.9
EK202310125761,153.86666666666667
EK202310228436,137.13333333333333
EK202310245583,138.9
EK202310138440,141.2
EK202310153292,140.73333333333332
EK202310114994,122.5
EK202310172366,144.43333333333334
EK202310124479,138.2
EK202310184003,162.63333333333333
EK202310179734,136.06666666666666
EK202310185315,157.43333333333334
EK202310247954,170.0
EK202310146620,143.03333333333333
EK202310171244,146.63333333333333
EK202310134666,146.93333333333334
EK202310220005,140.0
EK202310156110,143.13333333333333
EK202310207825,167.1
EK202310168883,140.26666666666668
EK202310136483,128.1
EK202310196952,168.43333333333334
EK202310196373,137.6
EK202310118816,141.46666666666667
EK202310165110,151.76666666666668
EK202310142607,146.43333333333334
EK202310168946,144.46666666666667
EK202310105295,151.43333333333334
EK202310106334,134.86666666666667
EK202310105612,137.4
EK202310119938,149.83333333333334
EK202310192361,136.26666666666668
EK202310195020,143.83333333333334
EK202310129686,138.03333333333333
EK202320005926,160.9
EK202310210500,133.7
EK202310139090,141.2
EK202310138528,158.7
EK202310201466,138.53333333333333
EK202310230750,147.6
EK202310148719,161.43333333333334
EK202310150803,138.46666666666667
EK202310216988,158.4
EK202310111431,136.16666666666666
EK202310185972,124.53333333333333
EK202310195667,166.06666666666666
EK202310140854,143.86666666666667
EK202310210882,136.36666666666667
EK202310233837,138.16666666666666
EK202320006073,147.4
EK202310196309,167.73333333333332
EK202310206916,156.93333333333334
EK202310226122,134.9
EK202320006289,151.06666666666666
EK202310226436,167.76666666666668
EK202310169442,162.06666666666666
EK202310241543,140.3
EK202310217591,135.53333333333333
EK202310140276,140.8
EK202320007784,139.0
EK202310149529,147.7
EK202320007633,155.96666666666667
EK202310119859,152.13333333333333
EK202310230599,121.3
EK202310140256,132.73333333333332
EK202310155491,134.6
EK202310132167,152.4
EK202310224240,164.7
EK202310110704,149.76666666666668
EK202310140659,134.16666666666666
EK202310209654,141.46666666666667
EK202310210751,129.53333333333333
EK202310114252,135.8
EK202310131050,123.36666666666666
EK202310176400,120.73333333333333
EK202310225146,143.66666666666666
EK202310218218,145.86666666666667
EK202310199879,147.63333333333333
EK202310233661,136.4
EK202310225646,136.26666666666668
EK202310141379,133.76666666666668
EK202320006182,138.2
EK202310173692,131.73333333333332
EK202310177607,153.0
EK202310233946,134.43333333333334
EK202310126324,134.53333333333333
EK202310191584,148.73333333333332
EK202310162051,149.33333333333334
EK202310217086,140.43333333333334
EK202310175283,135.13333333333333
EK202310161464,154.83333333333334
EK202310175429,151.7
EK202310162548,158.4
EK202310124184,135.36666666666667
EK202310175929,148.8
EK202310162414,142.26666666666668
EK202310243129,130.8
EK202310157428,177.86666666666667
EK202310155573,142.33333333333334
EK202310163052,147.73333333333332
EK202310206064,144.5
EK202310248323,142.93333333333334
EK202310168056,159.9
EK202310128927,137.33333333333334
EK202310139485,169.76666666666668
EK202310242735,132.6
EK202310134082,131.23333333333332
EK202310104455,140.13333333333333
EK202310159631,139.5
EK202310212803,147.16666666666666
EK202310104486,154.13333333333333
EK202310194508,142.53333333333333
EK202310147608,157.53333333333333
EK202310150343,135.7
EK202310231361,137.26666666666668
EK202310170149,142.0
EK202320005932,155.6
EK202310211081,134.86666666666667
EK202310164819,166.3
EK202310182415,158.0
EK202310129406,145.93333333333334
EK202310186466,134.66666666666666
EK202310116340,136.93333333333334
EK202310177218,147.86666666666667
EK202310207532,145.73333333333332
EK202310222391,133.56666666666666
EK202310176449,156.7
EK202310245955,142.4
EK202310193130,134.56666666666666
EK202310158757,139.76666666666668
EK202310227627,128.2
EK202310136426,132.26666666666668
EK202310130279,160.26666666666668
EK202310140320,139.83333333333334
EK202310208976,135.66666666666666
EK202310140233,167.4
EK202310111236,141.3
EK202310106947,150.03333333333333
EK202310225392,138.96666666666667
EK202310156828,134.6
EK202310169518,128.93333333333334
EK202310112332,148.8
EK202310157079,170.33333333333334
EK202310113908,144.76666666666668
EK202310228518,133.2
EK202310162931,146.0
EK202310209191,131.7
EK202310170787,145.03333333333333
EK202310123235,136.56666666666666
EK202310155678,136.7
EK202310164712,139.06666666666666
EK202310124306,130.4
EK202310209118,151.8
EK202310198258,133.53333333333333
EK202310234831,140.3
EK202310226914,159.4
EK202310202181,137.5
EK202310181074,134.53333333333333
EK202310231524,130.23333333333332
EK202310159999,182.33333333333334
EK202310214159,160.86666666666667
EK202310104655,137.06666666666666
EK202310191665,144.8
EK202310226912,145.23333333333332
EK202310229568,135.43333333333334
EK202320006366,142.0
EK202310158803,146.93333333333334
EK202310218310,138.56666666666666
EK202310204232,140.76666666666668
EK202310186641,137.53333333333333
EK202310145275,158.73333333333332
EK202310215048,155.96666666666667
EK202310155714,135.4
EK202310154842,154.43333333333334
EK202310131202,145.56666666666666
EK202310166844,161.3
EK202310209974,132.13333333333333
EK202310111411,139.63333333333333
EK202310208383,138.63333333333333
EK202310228239,137.7
EK202310220185,144.3
EK202310177863,125.73333333333333
EK202310191386,144.63333333333333
EK202310176540,142.33333333333334
EK202310128361,173.63333333333333
EK202310127737,135.16666666666666
EK202310205567,169.76666666666668
EK202310110038,139.56666666666666
EK202310135018,169.36666666666667
EK202310152829,171.16666666666666
EK202310106061,147.03333333333333
EK202310234328,168.8
EK202310179105,166.46666666666667
EK202310106635,138.56666666666666
EK202310133437,120.3
EK202310163497,149.66666666666666
EK202310170389,131.73333333333332
EK202310176900,155.93333333333334
EK202310218778,142.1
EK202310188856,156.76666666666668
EK202310195987,167.53333333333333
EK202310139386,147.16666666666666
EK202310220080,151.0
EK202310132718,149.06666666666666
EK202310184630,178.7
EK202310175811,132.7
EK202310109074,139.63333333333333
EK202310237543,135.96666666666667
EK202310229949,138.53333333333333
EK202310174243,131.7
EK202310185313,145.33333333333334
EK202310150933,156.43333333333334
EK202310114721,147.9
EK202310168635,141.43333333333334
EK202310188341,167.1
EK202310213705,138.83333333333334
EK202310239073,141.63333333333333
EK202310163500,146.76666666666668
EK202310208351,142.86666666666667
EK202310106450,148.9
EK202310115408,126.86666666666666
EK202310223788,139.46666666666667
EK202310243905,134.8
EK202310173232,146.0
EK202310147240,141.3
EK202310170514,146.5
EK202310150951,137.06666666666666
EK202310116493,141.93333333333334
EK202310195983,158.63333333333333
EK202310152131,134.33333333333334
EK202310104754,151.76666666666668
EK202310205406,143.43333333333334
EK202310160153,138.9
EK202310221221,128.9
EK202310160257,157.76666666666668
EK202310137708,139.13333333333333
EK202310115489,131.86666666666667
EK202310137151,127.03333333333333
EK202310227780,135.03333333333333
EK202310214472,164.73333333333332
EK202310133088,153.16666666666666
EK202310239663,159.33333333333334
EK202310215474,141.73333333333332
EK202310183236,133.7
EK202310214837,135.23333333333332
EK202310187923,129.63333333333333
EK202310197935,165.1
EK202310140273,143.2
EK202310117788,127.86666666666666
EK202310170592,136.9
EK202310156315,142.46666666666667
EK202310166296,144.86666666666667
EK202310156678,148.86666666666667
EK202310197364,158.23333333333332
EK202310004739,139.73333333333332
EK202310133626,147.6
EK202310199623,133.93333333333334
EK202310159296,159.36666666666667
EK202310192767,144.93333333333334
EK202310148778,146.16666666666666
EK202310156041,144.03333333333333
EK202310186950,139.03333333333333
EK202310236558,136.7
EK202310213585,128.36666666666667
EK202310184418,138.5
EK202310140115,151.06666666666666
EK202310163224,133.7
EK202310228835,127.83333333333333
EK202310162030,148.56666666666666
EK202310168987,135.4
EK202310221729,147.0
EK202310181909,121.76666666666667
EK202310149566,161.26666666666668
EK202310149852,144.56666666666666
EK202310246189,137.7
EK202310173822,145.93333333333334
EK202320006684,155.4
EK202310151342,153.0
EK202310004964,135.7
EK202310167966,152.66666666666666
EK202310184397,136.2
EK202310200638,142.9
EK202310181195,147.03333333333333
EK202310149384,148.3
EK202310192111,155.2
EK202310119248,154.16666666666666
EK202310150757,140.8
EK202310105899,132.23333333333332
EK202310109147,139.43333333333334
EK202310003890,144.66666666666666
EK202310136861,144.53333333333333
EK202310209403,154.76666666666668
EK202310143496,127.56666666666666
EK202310171668,143.23333333333332
EK202310168536,149.46666666666667
EK202310216195,150.13333333333333
EK202310117347,153.46666666666667
EK202310208923,141.5
EK202310239643,136.13333333333333
EK202310206445,138.46666666666667
EK202310104049,133.23333333333332
EK202310228180,136.2
EK202310116347,142.93333333333334
EK202310205059,154.96666666666667
EK202310248120,122.43333333333334
EK202310171398,150.83333333333334
EK202310161887,135.3
EK202310208795,157.46666666666667
EK202310211198,141.76666666666668
EK202310175547,156.9
EK202310168520,150.7
EK202310212595,141.16666666666666
EK202310116251,137.23333333333332
EK202320007851,147.2
EK202310106764,108.46666666666667
EK202310187318,129.23333333333332
EK202310158705,149.16666666666666
EK202310185110,139.56666666666666
EK202310170152,142.0
EK202310195607,149.13333333333333
EK202310111449,131.56666666666666
EK202310153841,145.4
EK202310167617,153.93333333333334
EK202310114265,143.63333333333333
EK202310133143,147.96666666666667
EK202310158293,151.5
EK202310181702,139.7
EK202310212416,133.46666666666667
EK202310231600,136.3
EK202310230507,135.56666666666666
EK202310223031,122.1
EK202310180391,121.93333333333334
EK202310177543,158.6
EK202310218831,149.23333333333332
EK202310223265,153.06666666666666
EK202310109405,135.43333333333334
EK202310138084,136.93333333333334
EK202310144834,144.7
EK202310119130,151.73333333333332
EK202310241445,145.5
EK202310187813,140.46666666666667
EK202310233825,157.36666666666667
EK202310163582,149.96666666666667
EK202310152391,130.46666666666667
EK202310236241,149.43333333333334
EK202310179557,135.76666666666668
EK202310004239,165.73333333333332
EK202310218905,136.06666666666666
EK202310132305,135.43333333333334
EK202310230005,143.3
EK202310210560,141.0
EK202310216882,151.8
EK202310176911,137.56666666666666
EK202310136229,136.46666666666667
EK202310106054,144.33333333333334
EK202310195370,142.3
EK202310173198,132.7
EK202310173224,134.96666666666667
EK202310192049,148.26666666666668
EK202310119480,130.73333333333332
EK202310173031,133.86666666666667
EK202310141972,153.33333333333334
EK202310146369,135.76666666666668
EK202310242801,132.36666666666667
EK202310206809,140.5
EK202310185734,125.73333333333333
EK202310139207,161.8
EK202310210887,132.93333333333334
EK202310105956,140.36666666666667
EK202310163503,154.36666666666667
EK202310123765,147.23333333333332
EK202310232619,150.76666666666668
EK202310205867,144.93333333333334
EK202310158665,149.63333333333333
EK202310236631,136.13333333333333
EK202310190792,148.63333333333333
EK202310210386,139.96666666666667
EK202310200450,139.06666666666666
EK202310174140,147.3
EK202310138770,140.36666666666667
EK202310237110,138.36666666666667
EK202310164459,141.53333333333333
EK202310132579,134.2
EK202310196378,141.23333333333332
EK202310193320,159.73333333333332
EK202310232595,175.76666666666668
EK202310130509,142.03333333333333
EK202310109357,139.66666666666666
EK202310231395,146.1
EK202310193035,159.43333333333334
EK202310213027,141.86666666666667
EK202310138622,141.23333333333332
EK202310193234,163.5
EK202310185497,129.5
EK202310228201,133.86666666666667
EK202310230916,154.0
EK202310219136,135.8
EK202310229694,131.9
EK202310242998,138.83333333333334
EK202310118461,149.2
EK202310147273,138.1
EK202310112383,136.2
EK202310161078,175.03333333333333
EK202310164392,176.13333333333333
EK202310111127,136.0
EK202310169688,139.9
EK202310111033,153.66666666666666
EK202310118526,144.16666666666666
EK202310190143,154.8
EK202310232739,146.53333333333333
EK202310199403,147.46666666666667
EK202310168879,151.56666666666666
EK202310140593,140.0
EK202310003734,155.23333333333332
EK202310234646,133.53333333333333
EK202310133170,143.36666666666667
EK202310181389,136.53333333333333
EK202310173177,153.76666666666668
EK202310164882,135.93333333333334
EK202310191760,158.1
EK202310234933,150.73333333333332
EK202310164012,142.9
EK202310207434,154.76666666666668
EK202310198243,136.2
EK202310162062,149.4
EK202310124086,129.6
EK202310159310,141.7
EK202310241058,143.5
EK202310179083,150.06666666666666
EK202310175051,129.63333333333333
EK202310149452,156.26666666666668
EK202310230416,139.3
EK202310187500,147.33333333333334
EK202310183313,140.6
EK202310237296,134.5
EK202310214789,146.93333333333334
EK202310180222,154.23333333333332
EK202310122939,165.83333333333334
EK202310181965,137.36666666666667
EK202310228380,151.43333333333334
EK202310159058,136.2
EK202310188976,145.2
EK202310172452,147.8
EK202310215052,137.4
EK202310247517,160.83333333333334
EK202310156349,147.63333333333333
EK202310242723,139.6
EK202310107972,133.93333333333334
EK202310153284,142.83333333333334
EK202310142419,136.06666666666666
EK202310202260,133.56666666666666
EK202310169840,156.2
EK202310229959,135.4
EK202310112101,141.1
EK202310170405,133.63333333333333
EK202310187604,138.4
EK202310226938,122.83333333333333
EK202310170407,135.23333333333332
EK202310188787,154.93333333333334
EK202310157751,138.5
EK202310110049,148.63333333333333
EK202310171605,135.86666666666667
EK202310225647,138.26666666666668
EK202310160034,141.23333333333332
EK202310104086,146.96666666666667
EK202310133846,132.0
EK202310149687,153.46666666666667
EK202310237643,148.43333333333334
EK202310240693,151.7
EK202310209107,158.06666666666666
EK202310152954,146.56666666666666
EK202310107042,138.9
EK202310147766,130.43333333333334
EK202310157864,138.66666666666666
EK202310132609,141.06666666666666
EK202310198224,163.36666666666667
EK202310181372,158.83333333333334
EK202310107536,159.83333333333334
EK202310107339,121.86666666666666
EK202310231880,144.36666666666667
EK202310121562,127.1
EK202310219911,137.73333333333332
EK202310111456,139.8
EK202310230174,129.93333333333334
EK202310123273,146.76666666666668
EK202310130394,144.9
EK202310125858,144.46666666666667
EK202310148270,154.73333333333332
EK202310158632,135.36666666666667
EK202310131026,128.73333333333332
EK202310204177,149.46666666666667
EK202310116255,144.9
EK202310149497,151.7
EK202310105304,149.73333333333332
EK202310188432,140.9
EK202310153241,141.56666666666666
EK202310143739,152.86666666666667
EK202310157045,141.36666666666667
EK202310221281,140.6
EK202310183812,164.7
EK202310237731,163.16666666666666
EK202310157369,141.5
EK202310162985,151.96666666666667
EK202310120645,155.76666666666668
EK202310222168,129.76666666666668
EK202310185855,136.56666666666666
EK202310208538,145.83333333333334
EK202310176660,132.1
EK202310004357,149.96666666666667
EK202310131180,151.06666666666666
EK202310239429,158.63333333333333
EK202310143219,138.0
EK202310117261,142.9
EK202310185385,142.1
EK202320006967,151.63333333333333
EK202310133649,124.23333333333333
EK202310124686,139.96666666666667
EK202310158040,139.13333333333333
EK202310196688,131.36666666666667
EK202310191616,139.33333333333334
EK202310115678,133.73333333333332
EK202310147246,142.93333333333334
EK202310143506,140.56666666666666
EK202310151678,134.9
EK202310154413,155.43333333333334
EK202310140205,138.4
EK202310220100,143.03333333333333
EK202310125163,143.03333333333333
EK202310220961,140.3
EK202310230382,135.93333333333334
EK202310235095,131.03333333333333
EK202310161057,156.43333333333334
EK202310118114,136.46666666666667
EK202310170808,127.36666666666666
EK202310134456,143.06666666666666
EK202310200301,131.7
EK202310159200,174.0
EK202310238472,139.2
EK202310128987,133.06666666666666
EK202310108858,132.73333333333332
EK202310226102,147.16666666666666
EK202310113124,128.63333333333333
EK202310225235,139.5
EK202310179343,125.33333333333333
EK202310178389,153.3
EK202310119599,131.46666666666667
EK202310244023,134.9
EK202310156102,140.76666666666668
EK202310130216,161.36666666666667
EK202310234897,136.76666666666668
EK202310187102,126.53333333333333
EK202310239290,141.2
EK202310136586,136.56666666666666
EK202310108466,135.13333333333333
EK202310230613,139.06666666666666
EK202310152593,143.46666666666667
EK202310196010,158.53333333333333
EK202310226253,137.7
EK202310203216,165.2
EK202310166883,143.7
EK202310129487,138.36666666666667
EK202310105043,156.13333333333333
EK202310138902,132.66666666666666
EK202310202724,150.23333333333332
EK202310201811,153.63333333333333
EK202310175242,140.6
EK202310114269,125.0
EK202310231260,136.53333333333333
EK202310104135,149.6
EK202310157818,138.63333333333333
EK202310182339,152.13333333333333
EK202310147937,139.53333333333333
EK202310200292,142.23333333333332
EK202310230177,126.8
EK202310162469,135.86666666666667
EK202310204330,155.03333333333333
EK202310139204,124.1
EK202310130100,133.6
EK202310155710,142.96666666666667
EK202310233995,140.1
EK202310184497,147.33333333333334
EK202310164378,133.26666666666668
EK202310219862,133.9
EK202310125493,132.73333333333332
EK202310154947,138.73333333333332
EK202310177743,137.43333333333334
EK202310183365,127.66666666666667
EK202310195017,151.53333333333333
EK202310111369,137.16666666666666
EK202310225082,155.56666666666666
EK202310155429,134.26666666666668
EK202310226852,136.4
EK202310180504,147.66666666666666
EK202310181743,163.3
EK202310003997,151.0
EK202310205645,135.86666666666667
EK202310115820,139.23333333333332
EK202310162941,128.8
EK202310180586,132.0
EK202310220916,134.4
EK202310202555,158.73333333333332
EK202310149995,143.96666666666667
EK202310119295,152.53333333333333
EK202310187858,134.46666666666667
EK202310237992,142.06666666666666
EK202310213952,148.2
EK202310123029,125.53333333333333
EK202310147096,150.5
EK202310223097,136.83333333333334
EK202310166215,145.13333333333333
EK202310004720,153.23333333333332
EK202310163572,136.0
EK202310162607,151.06666666666666
EK202310126965,164.86666666666667
EK202310140141,140.93333333333334
EK202310177046,147.43333333333334
EK202310197851,156.36666666666667
EK202310117189,141.86666666666667
EK202310210540,137.73333333333332
EK202310177596,150.53333333333333
EK202310155696,141.43333333333334
EK202310175690,142.53333333333333
EK202310219739,139.66666666666666
EK202310003649,124.86666666666666
EK202310175576,156.33333333333334
EK202310178878,141.33333333333334
EK202310211266,141.6
EK202310141670,147.8
EK202310159615,154.06666666666666
EK202310234233,143.5
EK202310229461,137.2
EK202310205036,152.7
EK202310225181,131.6
EK202310191452,155.73333333333332
EK202310146939,139.83333333333334
EK202310182164,155.1
EK202310170225,149.56666666666666
EK202310194220,152.03333333333333
EK202310197061,153.43333333333334
EK202310173373,137.43333333333334
EK202310209119,153.9
EK202320006628,152.53333333333333
EK202310136886,126.3
EK202310159668,128.93333333333334
EK202310204891,164.03333333333333
EK202310246209,159.0
EK202310198151,150.13333333333333
EK202310111528,140.3
EK202310181657,134.66666666666666
EK202310110692,135.66666666666666
EK202310187777,160.96666666666667
EK202310180038,132.9
EK202310107931,135.2
EK202310186808,140.56666666666666
EK202310229289,135.36666666666667
EK202310223469,132.0
EK202310124329,130.6
EK202310181534,147.23333333333332
EK202310132729,148.56666666666666
EK202310121382,143.43333333333334
EK202320006815,166.4
EK202310199820,140.93333333333334
EK202310148775,147.9
EK202310160487,140.53333333333333
EK202310225148,164.5
EK202310144291,138.2
EK202310177549,150.43333333333334
EK202310195485,159.8
EK202310183864,142.26666666666668
EK202310120532,130.9
EK202310170076,122.4
EK202310195740,154.33333333333334
EK202310179595,130.86666666666667
EK202320007837,142.8
EK202310184046,137.66666666666666
EK202310171869,149.43333333333334
EK202310223256,144.2
EK202310233904,144.63333333333333
EK202310247327,170.2
EK202310127761,132.86666666666667
EK202310131174,140.63333333333333
EK202310112799,135.43333333333334
EK202310121242,151.83333333333334
EK202310220124,158.86666666666667
EK202310118386,165.83333333333334
EK202310111074,136.86666666666667
EK202310182197,140.9
EK202310138009,137.2
EK202310205273,154.16666666666666
EK202310118039,144.5
EK202310126134,143.9
EK202310130337,137.33333333333334
EK202310106788,135.93333333333334
EK202310167682,156.9
EK202310146264,139.06666666666666
EK202310138461,140.23333333333332
EK202310218689,131.0
EK202310176319,154.7
EK202310118958,161.0
EK202310167604,140.56666666666666
EK202310205793,138.13333333333333
EK202310104740,140.4
EK202310166561,123.46666666666667
EK202310110675,128.7
EK202310201775,147.3
EK202310188302,168.53333333333333
EK202310167994,140.2
EK202310135487,150.33333333333334
EK202310168143,136.9
EK202310204808,136.0
EK202310151944,168.03333333333333
EK202310224341,132.6
EK202310111538,150.6
EK202310122316,136.33333333333334
EK202310178272,160.9
EK202310174655,159.3
EK202320006786,167.56666666666666
EK202310170761,161.36666666666667
EK202310117836,128.9
EK202310197808,173.5
EK202310236038,169.16666666666666
EK202310147177,146.66666666666666
EK202310226210,136.26666666666668
EK202310128001,149.7
EK202310150524,172.53333333333333
EK202310128526,161.13333333333333
EK202310126204,143.4
EK202310117271,137.73333333333332
EK202310176809,134.66666666666666
EK202310169896,168.53333333333333
EK202310241503,139.4
EK202310159411,158.33333333333334
EK202310168543,172.16666666666666
EK202310196558,139.63333333333333
EK202310163150,142.13333333333333
EK202310235581,135.7
EK202310233161,136.13333333333333
EK202310190473,143.66666666666666
EK202310196173,141.5
EK202310208613,136.86666666666667
EK202310177724,144.1
EK202310175056,146.53333333333333
EK202310111228,177.96666666666667
EK202310234828,136.03333333333333
EK202310121915,151.0
EK202310220373,144.36666666666667
EK202310145989,147.7
EK202310246664,153.23333333333332
EK202310239676,138.96666666666667
EK202310223963,147.46666666666667
EK202310210083,162.66666666666666
EK202310165601,136.66666666666666
EK202310211271,147.3
EK202310179038,149.43333333333334
EK202310112961,146.73333333333332
EK202310141004,142.43333333333334
EK202310150784,158.2
EK202310174865,158.33333333333334
EK202310123688,129.36666666666667
EK202310190962,141.93333333333334
EK202310192255,154.96666666666667
EK202310192265,153.2
EK202310193019,129.1
EK202310114602,150.06666666666666
EK202310110286,135.06666666666666
EK202310163569,139.0
EK202310174927,158.0
EK202310204027,152.73333333333332
EK202310197637,135.23333333333332
EK202310190376,133.16666666666666
EK202310146945,142.1
EK202310149841,136.23333333333332
EK202310170965,166.93333333333334
EK202310107183,169.6
EK202310163517,144.3
EK202310203286,150.73333333333332
EK202310146022,119.9
EK202310111432,137.56666666666666
EK202310202147,140.83333333333334
EK202310139521,171.83333333333334
EK202310214439,153.1
EK202310178903,156.63333333333333
EK202310123729,154.7
EK202310199058,144.4
EK202310136770,125.7
EK202310226727,133.26666666666668
EK202310223073,131.06666666666666
EK202310200813,144.6
EK202310123891,147.33333333333334
EK202310122410,153.56666666666666
EK202310213591,132.03333333333333
EK202310247671,177.63333333333333
EK202310168753,135.0
EK202310227492,140.66666666666666
EK202310121230,139.6
EK202310162300,152.03333333333333
EK202310138673,141.3
EK202310177419,137.93333333333334
EK202310221047,133.16666666666666
EK202310199069,141.76666666666668
EK202310124433,143.4
EK202310152193,161.86666666666667
EK202310221750,138.06666666666666
EK202310111508,135.36666666666667
EK202310225858,140.2
EK202310244419,148.5
EK202310139413,147.36666666666667
EK202310156930,140.53333333333333
EK202310160323,148.53333333333333
EK202310140167,137.73333333333332
EK202310106834,140.3
EK202310116024,132.7
EK202310221867,130.73333333333332
EK202310158833,160.13333333333333
EK202310123702,144.23333333333332
EK202310192686,130.9
EK202310210956,148.0
EK202310142282,146.83333333333334
EK202310138282,142.83333333333334
EK202310224531,139.6
EK202310165971,126.96666666666667
EK202310161662,166.23333333333332
EK202310109830,136.63333333333333
EK202310149086,157.66666666666666
EK202310128457,146.16666666666666
EK202310146894,146.26666666666668
EK202310153536,134.73333333333332
EK202310137317,124.3
EK202310109096,129.83333333333334
EK202310188535,152.63333333333333
EK202310193279,131.93333333333334
EK202310229951,139.46666666666667
EK202310110507,138.96666666666667
EK202310158912,124.83333333333333
EK202310121939,151.06666666666666
EK202310133006,145.23333333333332
EK202310123534,136.23333333333332
EK202310116590,160.16666666666666
EK202310225727,139.76666666666668
EK202310121585,119.0
EK202310204778,134.43333333333334
EK202310185473,157.7
EK202310210130,150.86666666666667
EK202310148836,142.1
EK202310119653,154.23333333333332
EK202310198898,134.46666666666667
EK202310248089,142.36666666666667
EK202310139296,140.33333333333334
EK202310179982,161.33333333333334
EK202310237915,142.4
EK202310158701,148.16666666666666
EK202310200383,140.03333333333333
EK202310123263,149.56666666666666
EK202310120640,153.8
EK202310164686,162.13333333333333
EK202310172560,147.73333333333332
EK202310112120,145.56666666666666
EK202310111450,133.73333333333332
EK202310127176,168.13333333333333
EK202310155228,138.03333333333333
EK202310122785,151.16666666666666
EK202310129726,156.33333333333334
EK202310202138,147.33333333333334
EK202310174059,131.53333333333333
EK202310241322,164.73333333333332
EK202310240201,151.66666666666666
EK202310152861,170.3
EK202310190128,147.33333333333334
EK202310142222,157.1
EK202310239282,143.56666666666666
EK202310123815,132.06666666666666
EK202310135342,146.9
EK202310165056,141.23333333333332
EK202310197918,155.6
EK202310152287,159.76666666666668
EK202310118776,139.5
EK202310204594,149.4
EK202310207755,143.0
EK202310202942,141.0
EK202310115468,129.96666666666667
EK202310196078,135.13333333333333
EK202310208592,162.4
EK202310138579,132.0
EK202310221870,127.86666666666666
EK202310104365,135.46666666666667
EK202310240461,142.0
EK202310189760,134.5
EK202310190187,135.06666666666666
EK202310221590,181.86666666666667
EK202310195095,135.23333333333332
EK202310209962,128.93333333333334
EK202310236666,138.36666666666667
EK202310163532,143.66666666666666
EK202310200231,133.6
EK202310166801,132.26666666666668
EK202310137829,132.23333333333332
EK202310178645,151.26666666666668
EK202310132257,131.03333333333333
EK202310116109,134.06666666666666
EK202310170340,135.43333333333334
EK202320005685,132.76666666666668
EK202310110254,133.9
EK202310142286,135.56666666666666
EK202310113972,134.9
EK202310173627,160.03333333333333
EK202310161526,154.96666666666667
EK202310199255,133.6
EK202310127635,147.33333333333334
EK202310230652,154.1
EK202310162047,141.86666666666667
EK202310187427,162.93333333333334
EK202310183777,157.6
EK202310209587,140.23333333333332
EK202310206498,139.13333333333333
EK202310212354,124.23333333333333
EK202310124840,135.5
EK202310120474,153.63333333333333
EK202310145470,137.2
EK202310193235,146.53333333333333
EK202310173946,146.06666666666666
EK202310139407,131.13333333333333
EK202310172298,133.5
EK202310172477,171.93333333333334
EK202310136836,132.13333333333333
EK202310153000,130.8
EK202310227011,144.5
EK202310116524,140.63333333333333
EK202310182080,142.3
EK202310172447,144.23333333333332
EK202310202778,139.83333333333334
EK202310173634,140.96666666666667
EK202310233498,154.26666666666668
EK202310147033,144.83333333333334
EK202310229276,140.66666666666666
EK202310149539,154.33333333333334
EK202310169898,170.73333333333332
EK202310140444,141.23333333333332
EK202310148794,142.53333333333333
EK202310168225,139.33333333333334
EK202310122509,140.0
EK202310200433,137.8
EK202310147275,140.93333333333334
EK202310173524,146.3
EK202310172383,144.3
EK202310162443,146.86666666666667
EK202310136680,163.8
EK202310145392,109.4
EK202310128822,152.13333333333333
EK202310178947,126.6
EK202310161017,147.7
EK202310117154,155.03333333333333
EK202310191847,146.5
EK202310235861,139.06666666666666
EK202310144219,136.76666666666668
EK202310163279,144.53333333333333
EK202310123158,124.1
EK202310130523,160.86666666666667
EK202310149646,141.9
EK202310135587,142.43333333333334
EK202310206712,172.83333333333334
EK202310114144,153.5
EK202310143984,131.33333333333334
EK202310247715,139.3
EK202310166729,154.36666666666667
EK202310166588,167.6
EK202310104103,153.93333333333334
EK202310180245,151.0
EK202310147372,148.3
EK202310153045,139.13333333333333
EK202310218342,128.53333333333333
EK202310178452,135.73333333333332
EK202310215610,150.53333333333333
EK202310125820,136.7
EK202310145000,144.76666666666668
EK202310123565,147.63333333333333
EK202310119232,152.56666666666666
EK202310121655,129.33333333333334
EK202310220009,141.86666666666667
EK202310108478,158.03333333333333
EK202320006810,154.06666666666666
EK202310164302,123.53333333333333
EK202310127527,136.5
EK202310158421,131.1
EK202310130473,127.46666666666667
EK202310191209,144.1
EK202310151031,145.33333333333334
EK202310242418,127.23333333333333
EK202310117038,143.66666666666666
EK202310169468,160.0
EK202310155518,133.53333333333333
EK202310160439,143.06666666666666
EK202310137675,141.33333333333334
EK202310129243,152.36666666666667
EK202310161476,167.0
EK202310117393,138.6
EK202310183468,133.4
EK202310136137,134.66666666666666
EK202310186954,160.83333333333334
EK202310149506,148.5
EK202310138751,149.76666666666668
EK202310210563,155.63333333333333
EK202310153823,155.3
EK202310109991,137.96666666666667
EK202310163957,152.46666666666667
EK202310213655,135.03333333333333
EK202310200962,182.9
EK202310161409,172.33333333333334
EK202310153656,151.06666666666666
EK202310135461,130.4
EK202310192428,144.36666666666667
EK202310125512,142.66666666666666
EK202310217273,156.56666666666666
EK202310154096,158.73333333333332
EK202310230788,149.6
EK202310178884,137.0
EK202310172461,172.83333333333334
EK202320007592,135.86666666666667
EK202310199895,133.63333333333333
EK202310239443,136.83333333333334
EK202310123294,130.03333333333333
EK202310177951,139.83333333333334
EK202310203901,155.96666666666667
EK202310133270,145.36666666666667
EK202310150003,147.73333333333332
EK202310173535,151.43333333333334
EK202310177996,145.7
EK202310177998,137.0
EK202310105111,137.93333333333334
EK202310132782,145.23333333333332
EK202310147465,147.1
EK202310189373,144.1
EK202310212915,151.56666666666666
EK202310192950,137.06666666666666
EK202310116860,144.73333333333332
EK202310219235,135.36666666666667
EK202310159602,162.36666666666667
EK202310004247,140.83333333333334
EK202310108971,153.56666666666666
EK202310188852,151.8
EK202310139403,150.8
EK202310234630,138.9
EK202310003419,138.6
EK202310240718,137.73333333333332
EK202310139149,162.86666666666667
EK202310191432,139.2
EK202310150654,183.4
EK202310106818,136.66666666666666
EK202310238168,143.2
EK202310164496,158.93333333333334
EK202310187495,154.56666666666666
EK202310103974,159.6
EK202310109251,171.83333333333334
EK202310120857,129.9
EK202310170330,148.13333333333333
EK202310173297,148.86666666666667
EK202310140255,134.86666666666667
EK202310139229,133.7
EK202310174339,145.6
EK202310241642,152.26666666666668
EK202310124888,139.36666666666667
EK202310182131,144.8
EK202310204239,139.8
EK202310168111,135.2
EK202310121789,149.9
EK202310140719,128.26666666666668
EK202310192995,145.63333333333333
EK202310117846,128.7
EK202310116879,137.5
EK202310146348,147.33333333333334
EK202310161368,171.7
EK202310176187,158.1
EK202310003798,136.46666666666667
EK202310147169,145.7
EK202310130622,123.66666666666667
EK202310246544,177.2
EK202310153051,149.46666666666667
EK202310185995,150.26666666666668
EK202310110814,155.96666666666667
EK202310151121,144.9
EK202310219095,127.4
EK202310110404,103.73333333333333
EK202310144409,136.0
EK202310187391,134.2
EK202310149764,152.0
EK202310201310,144.76666666666668
EK202310236862,140.46666666666667
EK202310137394,140.26666666666668
EK202310141967,143.3
EK202310116050,130.5
EK202310207103,145.1
EK202310004907,148.7
EK202310151090,139.63333333333333
EK202310172058,151.7
EK202310115937,134.4
EK202310200500,137.0
EK202310197265,154.7
EK202310156808,144.26666666666668
EK202310210778,162.13333333333333
EK202310178848,128.43333333333334
EK202310189222,155.86666666666667
EK202310245286,154.03333333333333
EK202310201625,154.7
EK202310245649,137.6
EK202310149643,126.63333333333334
EK202310136510,143.23333333333332
EK202310122753,125.76666666666667
EK202310246817,139.43333333333334
EK202310210226,141.53333333333333
EK202310172695,139.46666666666667
EK202310170665,166.43333333333334
EK202310142911,146.0
EK202310169874,152.06666666666666
EK202310198233,153.73333333333332
EK202310207245,131.36666666666667
EK202310123010,133.2
EK202310237178,138.46666666666667
EK202310199794,143.03333333333333
EK202310150744,141.8
EK202310230791,145.13333333333333
EK202310219009,134.23333333333332
EK202310156827,151.36666666666667
EK202310128134,149.36666666666667
EK202310106985,146.63333333333333
EK202310169339,183.06666666666666
EK202310235910,138.03333333333333
EK202310234586,137.2
EK202310225660,127.76666666666667
EK202310004833,149.03333333333333
EK202310197506,152.9
EK202310165175,155.03333333333333
EK202310133623,146.63333333333333
EK202310188944,129.86666666666667
EK202310195388,159.5
EK202310136775,160.83333333333334
EK202310123115,137.36666666666667
EK202310236860,138.36666666666667
EK202310144494,124.13333333333334
EK202310229026,141.9
EK202310135882,145.2
EK202310212362,141.76666666666668
EK202310159458,144.8
EK202310208432,147.03333333333333
EK202310157240,130.53333333333333
EK202310209343,150.03333333333333
EK202310214206,152.7
EK202310178372,150.76666666666668
EK202310243735,127.6
EK202310148264,134.33333333333334
EK202310137796,132.93333333333334
EK202310124924,157.93333333333334
EK202310236432,142.06666666666666
EK202310175676,153.53333333333333
EK202310235955,134.6
EK202310198947,152.66666666666666
EK202310134055,135.1
EK202310174001,139.93333333333334
EK202310115167,136.46666666666667
EK202310127593,148.06666666666666
EK202310158302,145.33333333333334
EK202310212755,145.8
EK202310240947,134.86666666666667
EK202310149996,128.56666666666666
EK202310150238,125.66666666666667
EK202310235315,138.46666666666667
EK202310112303,139.8
EK202310162832,166.5
EK202310168734,147.2
EK202310144612,126.96666666666667
EK202310141463,160.46666666666667
EK202310186157,157.73333333333332
EK202310196629,145.0
EK202310177781,143.66666666666666
EK202310214576,143.96666666666667
EK202310213457,130.5
EK202310109319,134.93333333333334
EK202310140409,167.76666666666668
EK202310159595,140.83333333333334
EK202310221635,134.53333333333333
EK202310156425,147.13333333333333
EK202310151139,135.26666666666668
EK202310122849,129.4
EK202310149074,127.9
EK202310242259,135.56666666666666
EK202310164229,151.73333333333332
EK202310193843,156.8
EK202310206163,144.63333333333333
EK202310226035,131.8
EK202310152221,154.76666666666668
EK202310105803,146.53333333333333
EK202310226363,138.4
EK202310154688,160.06666666666666
EK202310176650,125.6
EK202310145747,141.13333333333333
EK202310211584,131.56666666666666
EK202310220442,151.83333333333334
EK202310205364,130.16666666666666
EK202310247943,154.7
EK202310211494,139.16666666666666
EK202310223193,150.8
EK202310192188,165.96666666666667
EK202310182827,140.33333333333334
EK202310232562,150.6
EK202310133290,143.1
EK202310158696,147.9
EK202310217289,128.03333333333333
EK202310160255,149.5
EK202310153931,134.96666666666667
EK202310152474,136.53333333333333
EK202310202098,159.06666666666666
EK202310222372,170.93333333333334
EK202310122551,143.0
EK202310189977,168.4
EK202310235124,152.2
EK202310230811,146.3
EK202310139101,150.16666666666666
EK202310172491,136.66666666666666
EK202310217910,124.13333333333334
EK202310111343,136.2
EK202310003655,142.7
EK202310143114,143.36666666666667
EK202310199189,132.06666666666666
EK202310216615,131.66666666666666
EK202310191841,139.66666666666666
EK202310125751,129.4
EK202310138803,148.06666666666666
EK202310164581,140.03333333333333
EK202310208664,145.66666666666666
EK202310110520,141.33333333333334
EK202310121702,146.06666666666666
EK202310217544,126.3
EK202310230128,146.7
EK202310143116,140.53333333333333
EK202310240904,135.33333333333334
EK202310119417,151.83333333333334
EK202310140166,131.7
EK202310173685,151.46666666666667
EK202310183555,144.9
EK202310184119,138.5
EK202310107937,151.8
EK202310212966,141.56666666666666
EK202310161552,144.36666666666667
EK202310176844,133.73333333333332
EK202310106215,134.9
EK202310114075,147.5
EK202310130063,152.66666666666666
EK202310205703,135.3
EK202310197515,150.56666666666666
EK202310211815,135.83333333333334
EK202310201003,141.1
EK202310230991,140.6
EK202310117518,170.86666666666667
EK202310197246,166.06666666666666
EK202310172663,142.03333333333333
EK202310139483,169.4
EK202310129316,172.6
EK202310152009,143.96666666666667
EK202310202611,141.86666666666667
EK202310226354,155.83333333333334
EK202310117193,156.16666666666666
EK202310118713,138.96666666666667
EK202310172411,167.0
EK202310219644,138.86666666666667
EK202310213531,136.43333333333334
EK202310242803,131.73333333333332
EK202310152661,151.36666666666667
EK202310152241,134.4
EK202310229787,141.5
EK202310242437,122.46666666666667
EK202310108706,158.36666666666667
EK202310185541,155.43333333333334
EK202310164254,156.73333333333332
EK202310169434,121.86666666666666
EK202310140161,133.8
EK202310140926,158.13333333333333
EK202310144378,148.63333333333333
EK202310207675,139.7
EK202310176041,124.16666666666667
EK202310179507,139.86666666666667
EK202310217262,143.46666666666667
EK202310212384,133.33333333333334
EK202310236809,136.06666666666666
EK202310210937,130.1
EK202310146509,142.96666666666667
EK202310208359,144.4
EK202310196964,168.86666666666667
EK202310121297,144.23333333333332
EK202310125054,143.06666666666666
EK202310150801,143.9
EK202310124068,143.73333333333332
EK202310217152,139.7
EK202310213127,143.2
EK202310138002,124.0
EK202310137999,140.66666666666666
EK202310120368,153.16666666666666
EK202310139442,140.96666666666667
EK202310130726,133.56666666666666
EK202310227013,134.2
EK202310120427,130.63333333333333
EK202310178312,143.63333333333333
EK202310174421,152.13333333333333
EK202310152720,166.63333333333333
EK202310244641,144.8
EK202310207759,140.86666666666667
EK202310150664,132.36666666666667
EK202310130175,161.43333333333334
EK202310218396,144.5
EK202310200848,153.96666666666667
EK202310169858,137.4
EK202310167529,160.3
EK202310105681,137.7
EK202310120146,133.0
EK202310119589,169.13333333333333
EK202310116721,139.03333333333333
EK202310167292,151.86666666666667
EK202310184949,151.63333333333333
EK202310114495,137.8
EK202310196817,146.7
EK202310247795,129.16666666666666
EK202310182295,145.53333333333333
EK202310104403,139.5
EK202310145319,133.53333333333333
EK202310180791,142.5
EK202320006323,146.56666666666666
EK202310240533,148.7
EK202310127909,140.66666666666666
EK202310127901,140.63333333333333
EK202310152050,138.66666666666666
EK202310129455,132.6
EK202310109106,139.0
EK202310131756,144.26666666666668
EK202310237136,134.3
EK202310120314,135.46666666666667
EK202310148251,152.26666666666668
EK202310138226,150.06666666666666
EK202310109018,154.93333333333334
EK202310208749,150.9
EK202310003722,144.1
EK202310231839,133.26666666666668
EK202310221232,135.8
EK202310216059,122.6
EK202310225575,150.83333333333334
EK202310106813,136.2
EK202310165461,152.4
EK202310233667,145.63333333333333
EK202310155049,139.1
EK202310114377,152.9
EK202310231905,145.06666666666666
EK202310205554,149.23333333333332
EK202310158652,129.26666666666668
EK202310178116,139.9
EK202310206509,155.13333333333333
EK202310203355,156.23333333333332
EK202310242205,148.5
EK202310133154,136.5
EK202310227076,146.7
EK202310138977,145.26666666666668
EK202310227762,133.5
EK202310176853,135.06666666666666
EK202310162306,152.13333333333333
EK202310210652,139.93333333333334
EK202310231471,135.23333333333332
EK202310198811,145.56666666666666
EK202310194755,144.93333333333334
EK202310213637,132.1
EK202310216935,158.3
EK202310148553,153.56666666666666
EK202310118079,142.36666666666667
EK202320006148,161.56666666666666
EK202310169315,134.33333333333334
EK202310215478,141.2
EK202310193163,169.33333333333334
EK202310166480,164.73333333333332
EK202310121860,125.76666666666667
EK202310229325,143.5
EK202310178140,148.36666666666667
EK202310217881,158.5
EK202310172603,136.46666666666667
EK202310172232,139.4
EK202310215413,174.53333333333333
EK202310200194,134.86666666666667
EK202310212870,121.8
EK202310152587,133.1
EK202310138105,142.03333333333333
EK202310184620,160.23333333333332
EK202310120222,164.5
EK202310181510,141.6
EK202310209297,140.0
EK202310114316,144.06666666666666
EK202310122992,139.63333333333333
EK202310169594,127.56666666666666
EK202310130080,135.46666666666667
EK202310133522,140.73333333333332
EK202310248335,134.46666666666667
EK202310146609,144.93333333333334
EK202310125379,142.36666666666667
EK202310138254,159.13333333333333
EK202310148644,149.06666666666666
EK202310142229,143.7
EK202310179390,166.8
EK202310122502,141.93333333333334
EK202310132067,144.96666666666667
EK202310139033,137.06666666666666
EK202310174868,165.4
EK202310135426,144.1
EK202310159611,136.06666666666666
EK202310201750,145.13333333333333
EK202310182771,148.0
EK202310168375,140.63333333333333
EK202310238925,135.16666666666666
EK202310220283,128.46666666666667
EK202310141586,148.83333333333334
EK202310121160,142.36666666666667
EK202310231913,139.36666666666667
EK202310180283,134.96666666666667
EK202310131842,155.46666666666667
EK202310188406,153.03333333333333
EK202310154032,156.03333333333333
EK202310108823,145.2
EK202310120117,134.56666666666666
EK202310247965,158.23333333333332
EK202310229128,145.7
EK202310150441,146.63333333333333
EK202310211128,136.76666666666668
EK202310185601,137.0
EK202310160008,149.53333333333333
EK202310229066,149.2
EK202310180392,128.16666666666666
EK202310119754,147.5
EK202310156284,135.56666666666666
EK202310202853,156.0
EK202310122376,154.03333333333333
EK202310233034,143.76666666666668
EK202310201718,139.9
EK202310195404,150.96666666666667
EK202320006623,153.4
EK202310172346,135.96666666666667
EK202310220369,136.83333333333334
EK202310133576,143.53333333333333
EK202310203386,166.73333333333332
EK202310125524,147.03333333333333
EK202310183338,136.36666666666667
EK202310199400,150.56666666666666
EK202310232929,127.16666666666667
EK202310144777,142.46666666666667
EK202310206148,128.33333333333334
EK202310163892,124.26666666666667
EK202310226194,148.0
EK202310229083,127.66666666666667
EK202310242355,145.13333333333333
EK202310153019,144.66666666666666
EK202310133725,160.1
EK202310237397,137.93333333333334
EK202310108761,136.66666666666666
EK202310202125,151.8
EK202310223149,150.2
EK202310211064,135.96666666666667
EK202310206726,162.63333333333333
EK202310239457,126.23333333333333
EK202310131359,127.6
EK202310225966,163.66666666666666
EK202310162670,139.13333333333333
EK202310112377,142.3
EK202310161138,125.46666666666667
EK202310143575,120.46666666666667
EK202310140582,139.3
EK202310106691,135.66666666666666
EK202310106388,136.43333333333334
EK202310132651,135.06666666666666
EK202310235986,151.33333333333334
EK202310116284,143.6
EK202310243775,155.63333333333333
EK202310129332,146.5
EK202310004513,129.73333333333332
EK202310148366,120.23333333333333
EK202310127277,141.06666666666666
EK202310197024,135.43333333333334
EK202310132043,126.53333333333333
EK202310109603,137.36666666666667
EK202310119816,150.93333333333334
EK202310183299,156.3
EK202310157782,138.06666666666666
EK202310240073,153.4
EK202310124263,134.2
EK202310118878,140.36666666666667
EK202310159933,142.66666666666666
EK202310235851,142.36666666666667
EK202310199705,161.8
EK202310121857,149.0
EK202310135337,164.1
EK202310116218,139.06666666666666
EK202310247152,144.0
EK202310213364,171.3
EK202310117331,143.2
EK202310220060,141.9
EK202310113433,146.96666666666667
EK202310200316,147.3
EK202310204117,135.1
EK202310142962,142.8
EK202310149474,152.0
EK202310156319,139.5
EK202310111297,135.7
EK202310149401,141.26666666666668
EK202310141738,150.96666666666667
EK202310219293,136.56666666666666
EK202310228805,139.83333333333334
EK202310232975,127.0
EK202310238431,140.03333333333333
EK202310191477,143.0
EK202310107521,172.33333333333334
EK202310126862,158.06666666666666
EK202310116842,146.3
EK202310220332,150.03333333333333
EK202310191222,127.16666666666667
EK202310142584,152.63333333333333
EK202310181821,133.86666666666667
EK202310193376,144.03333333333333
EK202310220744,127.03333333333333
EK202310146397,135.4
EK202310168910,140.66666666666666
EK202310230593,140.16666666666666
EK202310228617,130.66666666666666
EK202310155826,132.73333333333332
EK202310211936,158.36666666666667
EK202310210374,144.93333333333334
EK202310143369,119.63333333333334
EK202310226681,139.46666666666667
EK202310222110,142.56666666666666
EK202310237461,147.23333333333332
EK202310004906,119.96666666666667
EK202310242700,144.03333333333333
EK202310205947,136.56666666666666
EK202310178378,146.8
EK202310165711,144.33333333333334
EK202310169499,143.3
EK202310146580,133.5
EK202310213522,128.03333333333333
EK202310236119,165.2
EK202310223991,153.66666666666666
EK202310121767,150.23333333333332
EK202310188210,139.73333333333332
EK202310160523,154.5
EK202310109762,154.8
EK202310171055,154.4
EK202320006726,149.23333333333332
EK202310210705,127.46666666666667
EK202310152215,146.56666666666666
EK202310125726,144.16666666666666
EK202310172100,136.4
EK202310003880,147.1
EK202310128330,129.36666666666667
EK202310112999,155.86666666666667
EK202310201791,148.33333333333334
EK202310124897,137.63333333333333
EK202310218886,160.16666666666666
EK202310166286,150.7
EK202310214269,149.03333333333333
EK202310131160,153.5
EK202310189137,131.9
EK202310118145,144.3
EK202310182255,135.83333333333334
EK202310177007,146.3
EK202310205755,142.1
EK202310135629,130.56666666666666
EK202310232047,141.4
EK202310171967,144.66666666666666
EK202310184827,178.56666666666666
EK202310131897,158.76666666666668
EK202310152600,167.76666666666668
EK202310184315,165.46666666666667
EK202310106757,145.53333333333333
EK202310145774,138.33333333333334
EK202310134477,132.6
EK202310221434,137.06666666666666
EK202310183603,143.76666666666668
EK202310191157,129.0
EK202310182657,133.06666666666666
EK202310174889,172.23333333333332
EK202310118138,137.76666666666668
EK202310157349,134.76666666666668
EK202310143539,153.66666666666666
EK202310106752,141.93333333333334
EK202310163158,157.83333333333334
EK202310132302,141.63333333333333
EK202310198764,169.73333333333332
EK202310237390,135.16666666666666
EK202320006875,162.63333333333333
EK202310144420,134.03333333333333
EK202310238324,130.8
EK202310199756,155.26666666666668
EK202310226741,133.56666666666666
EK202310207205,180.36666666666667
EK202310180418,130.46666666666667
EK202310110312,134.0
EK202310119768,144.66666666666666
EK202310225430,137.23333333333332
EK202310217204,142.96666666666667
EK202320005824,142.3
EK202310199269,144.53333333333333
EK202310199501,132.46666666666667
EK202310158676,172.3
EK202310224293,140.53333333333333
EK202310232892,153.76666666666668
EK202310225252,160.06666666666666
EK202310113567,151.76666666666668
EK202310224840,127.53333333333333
EK202310109292,150.3
EK202310226200,139.7
EK202310239680,136.23333333333332
EK202310173548,152.3
EK202310235032,141.66666666666666
EK202310153501,139.26666666666668
EK202310124943,136.3
EK202310164539,131.93333333333334
EK202310230792,150.63333333333333
EK202310218099,142.33333333333334
EK202310229998,144.56666666666666
EK202310157394,142.66666666666666
EK202310226677,145.53333333333333
EK202310165785,153.03333333333333
EK202310148800,147.33333333333334
EK202310140528,167.8
EK202310110007,150.8
EK202310218212,132.96666666666667
EK202310237319,136.26666666666668
EK202310113425,136.56666666666666
EK202310193343,137.9
EK202310111647,154.66666666666666
EK202310219959,131.4
EK202310171010,153.16666666666666
EK202310113418,148.2
EK202310220109,152.23333333333332
EK202310231986,145.53333333333333
EK202310163423,134.9
EK202310155174,135.76666666666668
EK202310184525,135.83333333333334
EK202310229347,143.13333333333333
EK202310142923,134.8
EK202310210269,126.6
EK202310196636,136.23333333333332
EK202310158355,132.2
EK202310150025,162.53333333333333
EK202310208520,156.66666666666666
EK202310144006,133.06666666666666
EK202310142308,141.03333333333333
EK202310205760,155.36666666666667
EK202310237299,137.96666666666667
EK202310163552,145.4
EK202310221189,142.93333333333334
EK202310129583,147.73333333333332
EK202320007854,139.23333333333332
EK202310177946,140.46666666666667
EK202310184968,152.23333333333332
EK202310146300,154.5
EK202310104019,137.06666666666666
EK202310197813,139.7
EK202310175869,133.8
EK202310179266,124.46666666666667
EK202310167362,137.9
EK202310104210,143.86666666666667
EK202310202549,148.96666666666667
EK202310191743,145.53333333333333
EK202310166413,127.8
EK202310203749,135.46666666666667
EK202310165306,150.5
EK202310216846,146.2
EK202310198888,135.2
EK202310229697,129.4
EK202310105578,139.33333333333334
EK202310214588,165.13333333333333
EK202310201136,177.6
EK202310228123,139.83333333333334
EK202310110127,135.7
EK202310247206,164.5
EK202310121901,144.06666666666666
EK202310166880,172.5
EK202310118097,143.26666666666668
EK202310142606,148.5
EK202310181131,148.2
EK202310211240,132.0
EK202310240803,160.83333333333334
EK202310188331,140.83333333333334
EK202310190398,141.96666666666667
EK202310192965,141.93333333333334
EK202310238010,148.66666666666666
EK202310184509,161.86666666666667
EK202310156014,129.66666666666666
EK202310175583,144.43333333333334
EK202310155000,132.3
EK202310243443,143.4
EK202310218044,156.36666666666667
EK202310170653,140.63333333333333
EK202310182360,150.5
EK202310170068,130.9
EK202310217301,134.9
EK202310227388,140.66666666666666
EK202310168221,139.7
EK202310182297,135.66666666666666
EK202310222399,128.13333333333333
EK202310231989,145.6
EK202310170400,128.2
EK202310192873,147.0
EK202310227069,135.5
EK202310167053,118.56666666666666
EK202310127994,143.86666666666667
EK202310158796,161.26666666666668
EK202310185789,169.0
EK202310111478,140.63333333333333
EK202310175233,152.43333333333334
EK202310129973,135.43333333333334
EK202310172495,136.23333333333332
EK202310107866,149.66666666666666
EK202310124298,128.7
EK202310225001,129.4
EK202310124145,127.26666666666667
EK202310127463,133.63333333333333
EK202310136106,169.96666666666667
EK202310105453,137.66666666666666
EK202310175015,155.5
EK202310230922,156.93333333333334
EK202310238898,172.16666666666666
EK202310208522,153.33333333333334
EK202310178681,174.06666666666666
EK202310141116,143.13333333333333
EK202310004001,155.8
EK202310191798,128.6
EK202310201918,159.5
EK202310108606,151.56666666666666
EK202310220064,137.53333333333333
EK202310120614,141.13333333333333
EK202310131340,127.83333333333333
EK202310151419,181.9
EK202310221165,139.73333333333332
EK202310192641,134.2
EK202310191435,142.1
EK202310232224,135.3
EK202310224387,121.5
EK202310145906,131.6
EK202310230764,140.36666666666667
EK202310236583,136.8
EK202310157601,129.7
EK202310166668,162.73333333333332
EK202310244790,144.8
EK202310127133,141.76666666666668
EK202310004413,171.16666666666666
EK202310238475,127.6
EK202310136559,129.23333333333332
EK202310152026,148.36666666666667
EK202310180741,138.63333333333333
EK202310221752,139.4
EK202310228294,132.7
EK202310231601,138.43333333333334
EK202310238106,137.06666666666666
EK202310175909,141.03333333333333
EK202310165153,133.1
EK202310105565,134.96666666666667
EK202310185347,150.96666666666667
EK202310184004,173.76666666666668
EK202310183138,145.1
EK202310113152,130.23333333333332
EK202310199569,159.16666666666666
EK202310151037,137.36666666666667
EK202310106219,134.96666666666667
EK202310106185,138.3
EK202310164530,142.7
EK202310166239,138.9
EK202310108760,151.53333333333333
EK202310108861,141.3
EK202310177413,173.73333333333332
EK202310211129,132.33333333333334
EK202310229184,135.5
EK202310209428,146.96666666666667
EK202310228583,139.23333333333332
EK202310120692,154.86666666666667
EK202310137642,134.03333333333333
EK202310245435,160.46666666666667
EK202310159599,152.2
EK202310148010,147.7
EK202310129728,160.8
EK202310114201,158.83333333333334
EK202310207474,162.43333333333334
EK202310158602,173.86666666666667
EK202310197691,163.7
EK202310235040,142.46666666666667
EK202310129119,139.76666666666668
EK202310142174,135.7
EK202310191253,141.06666666666666
EK202310241141,145.96666666666667
EK202310144017,134.73333333333332
EK202310182852,141.96666666666667
EK202310243301,135.63333333333333
EK202310176307,154.43333333333334
EK202310209283,139.9
EK202310216003,140.4
EK202310246200,143.9
EK202310173196,126.73333333333333
EK202310122833,127.13333333333334
EK202310118540,143.46666666666667
EK202310168622,150.06666666666666
EK202310174271,137.06666666666666
EK202310201560,147.8
EK202310113325,123.06666666666666
EK202310172664,140.56666666666666
EK202310192162,158.46666666666667
EK202310134544,134.56666666666666
EK202310222337,143.0
EK202310199226,141.86666666666667
EK202310214101,163.33333333333334
EK202310188611,143.3
EK202310220799,133.93333333333334
EK202310184861,141.36666666666667
EK202310106782,138.1
EK202310232084,145.76666666666668
EK202310178435,145.96666666666667
EK202310165952,147.36666666666667
EK202310141382,141.36666666666667
EK202310163439,146.76666666666668
EK202310205428,130.46666666666667
EK202310178086,139.7
EK202310004022,152.5
EK202310114303,134.23333333333332
EK202310104436,140.23333333333332
EK202310240015,153.86666666666667
EK202310202741,160.73333333333332
EK202310226747,134.73333333333332
EK202310148639,144.03333333333333
EK202310117683,132.0
EK202310232945,124.4
EK202310220108,154.3
EK202310172683,146.36666666666667
EK202310104609,125.1
EK202310182165,132.66666666666666
EK202310112029,139.86666666666667
EK202310157969,154.06666666666666
EK202310120703,137.26666666666668
EK202310191410,140.43333333333334
EK202310156166,141.06666666666666
EK202310248074,159.93333333333334
EK202310175176,128.06666666666666
EK202310194239,147.8
EK202310162582,146.93333333333334
EK202310218787,127.9
EK202310228638,126.26666666666667
EK202310139489,155.43333333333334
EK202310210571,139.56666666666666
EK202310143902,135.86666666666667
EK202310198163,149.03333333333333
EK202310166041,175.43333333333334
EK202310242789,154.33333333333334
EK202310202040,149.73333333333332
EK202310194102,159.43333333333334
EK202310210845,141.36666666666667
EK202310193409,184.7
EK202310241561,154.83333333333334
EK202310129327,138.9
EK202310145599,164.2
EK202310155246,154.36666666666667
EK202310204706,137.43333333333334
EK202310218784,154.3
EK202310243990,152.9
EK202310137899,122.16666666666667
EK202310175650,133.3
EK202310234991,133.63333333333333
EK202310221501,135.53333333333333
EK202310117760,127.5
EK202310209924,129.83333333333334
EK202310158508,137.93333333333334
EK202310188607,150.86666666666667
EK202310176707,155.26666666666668
EK202310241804,161.03333333333333
EK202310130229,154.3
EK202310196748,139.36666666666667
EK202310226961,140.23333333333332
EK202310126275,144.23333333333332
EK202310182346,157.8
EK202310215287,142.16666666666666
EK202310186469,180.8
EK202310147351,138.36666666666667
EK202310227063,134.53333333333333
EK202310239630,140.4
EK202310202315,136.9
EK202310151573,148.2
EK202310229182,135.43333333333334
EK202310197801,148.96666666666667
EK202310247336,172.23333333333332
EK202310183064,130.2
EK202310200957,167.3
EK202310112953,137.13333333333333
EK202310185221,150.2
EK202310176129,141.26666666666668
EK202310171777,138.83333333333334
EK202310186071,138.93333333333334
EK202310206123,129.93333333333334
EK202310217431,151.03333333333333
EK202310171470,122.56666666666666
EK202310246028,142.3
EK202310145970,141.73333333333332
EK202310234938,135.76666666666668
EK202310156116,138.6
EK202310116714,142.73333333333332
EK202310212797,144.6
EK202310138938,152.43333333333334
EK202310148128,145.66666666666666
EK202310175673,128.5
EK202310238664,144.96666666666667
EK202310190836,168.0
EK202310196156,139.8
EK202310132459,136.7
EK202310159062,137.36666666666667
EK202310147832,153.83333333333334
EK202310116029,140.1
EK202310203822,133.16666666666666
EK202310223388,140.13333333333333
EK202310208656,138.66666666666666
EK202310003650,124.63333333333334
EK202310163159,140.16666666666666
EK202310188703,160.1
EK202310144864,137.96666666666667
EK202310156884,157.36666666666667
EK202310216506,149.06666666666666
EK202310220197,137.6
EK202310234667,130.7
EK202310203255,152.46666666666667
EK202310105960,135.3
EK202310115804,135.1
EK202310246112,150.16666666666666
EK202310168025,144.1
EK202310178472,152.16666666666666
EK202310181975,144.46666666666667
EK202310132905,139.26666666666668
EK202310113841,134.06666666666666
EK202320007828,162.1
EK202310192867,149.5
EK202310109054,133.63333333333333
EK202310236216,164.36666666666667
EK202310170777,138.83333333333334
EK202310166144,138.5
EK202310201844,129.6
EK202310123470,143.06666666666666
EK202310224526,139.03333333333333
EK202310151158,132.6
EK202310184295,151.03333333333333
EK202310124272,138.46666666666667
EK202310162944,148.33333333333334
EK202310224817,130.9
EK202310172859,146.26666666666668
EK202310137191,120.83333333333333
EK202310140281,169.1
EK202310114907,142.33333333333334
EK202310122165,143.83333333333334
EK202310215454,146.06666666666666
EK202310243142,133.9
EK202310164187,144.63333333333333
EK202310225253,126.03333333333333
EK202310174458,159.56666666666666
EK202310176969,157.66666666666666
EK202310219479,134.4
EK202310119494,141.3
EK202310123405,153.4
EK202310231534,126.56666666666666
EK202310222489,137.5
EK202310111149,182.13333333333333
EK202310184714,153.56666666666666
EK202310196844,169.9
EK202310232521,139.9
EK202310184622,181.96666666666667
EK202310118852,140.6
EK202310168516,150.43333333333334
EK202310178071,138.1
EK202310149839,140.5
EK202310184305,168.36666666666667
EK202310222961,137.23333333333332
EK202310197108,145.83333333333334
EK202310244680,131.16666666666666
EK202310164685,165.73333333333332
EK202310153568,154.86666666666667
EK202310204533,144.1
EK202310243304,153.13333333333333
EK202310122606,132.96666666666667
EK202310107843,144.73333333333332
EK202310195481,138.23333333333332
EK202310195622,130.93333333333334
EK202310185200,137.1
EK202310127597,146.8
EK202310145627,122.16666666666667
EK202310157400,132.63333333333333
EK202310226857,137.23333333333332
EK202310127964,136.26666666666668
EK202310179573,152.93333333333334
EK202310212013,136.46666666666667
EK202310226545,133.26666666666668
EK202310166825,120.43333333333334
EK202310163867,176.73333333333332
EK202310196745,142.5
EK202310109208,131.03333333333333
EK202310205143,150.9
EK202310136525,142.93333333333334
EK202310159137,137.26666666666668
EK202310238980,132.2
EK202310121185,144.83333333333334
EK202310142061,158.26666666666668
EK202310198507,140.53333333333333
EK202310184870,139.23333333333332
EK202310155208,136.13333333333333
EK202310124725,127.43333333333334
EK202310103880,158.96666666666667
EK202310246880,156.16666666666666
EK202310190191,135.66666666666666
EK202310241383,130.73333333333332
EK202310109761,135.33333333333334
EK202310218045,158.3
EK202310208985,157.16666666666666
EK202310126092,128.3
EK202310247678,181.1
EK202310137747,134.3
EK202310201825,130.6
EK202310130845,141.7
EK202310239295,145.03333333333333
EK202310166294,148.16666666666666
EK202310211671,136.46666666666667
EK202310248376,144.96666666666667
EK202310188903,147.96666666666667
EK202320006661,161.76666666666668
EK202310157204,153.03333333333333
EK202310222542,138.46666666666667
EK202310182598,133.93333333333334
EK202310128634,166.06666666666666
EK202310137926,143.03333333333333
EK202310197018,131.73333333333332
EK202310184643,179.8
EK202310217014,141.5
EK202310200280,137.06666666666666
EK202310183028,142.76666666666668
EK202310106142,132.73333333333332
EK202310103822,146.9
EK202310157052,134.13333333333333
EK202310122614,137.23333333333332
EK202310155664,140.33333333333334
EK202310165913,141.4
EK202310191203,142.23333333333332
EK202310119226,133.3
EK202310234080,150.3
EK202310196735,139.63333333333333
EK202310149314,148.1
EK202310155188,134.73333333333332
EK202310114860,142.66666666666666
EK202310118865,164.23333333333332
EK202310160832,153.5
EK202320006619,165.6
EK202310127739,141.9
EK202310115501,142.56666666666666
EK202310166491,174.83333333333334
EK202310197828,156.03333333333333
EK202310242137,139.43333333333334
EK202310235787,142.8
EK202310220464,142.7
EK202310112649,151.76666666666668
EK202310110214,131.13333333333333
EK202310164835,150.5
EK202310204462,128.76666666666668
EK202310187862,153.33333333333334
EK202310131273,139.26666666666668
EK202310128020,129.83333333333334
EK202310204211,160.13333333333333
EK202310208246,143.36666666666667
EK202310166450,142.86666666666667
EK202310171141,140.0
EK202310159355,135.53333333333333
EK202310194303,149.3
EK202310214928,134.4
EK202310122215,147.16666666666666
EK202310175732,149.66666666666666
EK202310195150,144.4
EK202310160826,152.43333333333334
EK202310159966,158.4
EK202310158608,141.56666666666666
EK202310243112,153.66666666666666
EK202310109607,148.7
EK202310149652,155.83333333333334
EK202310110860,149.8
EK202310232156,133.73333333333332
EK202310178087,139.43333333333334
EK202310196125,152.53333333333333
EK202310178589,155.8
EK202310146655,149.16666666666666
EK202310176638,150.63333333333333
EK202310183451,142.53333333333333
EK202310238783,143.5
EK202310180591,126.9
EK202310180161,144.33333333333334
EK202310160060,133.96666666666667
EK202310234699,134.43333333333334
EK202310113916,161.4
EK202310227268,137.6
EK202310237635,141.9
EK202310182258,136.43333333333334
EK202310193859,177.06666666666666
EK202310153659,157.8
EK202310203955,135.33333333333334
EK202310236094,144.73333333333332
EK202310187734,164.23333333333332
EK202310216149,138.7
EK202310168413,160.3
EK202310116401,128.16666666666666
EK202310201191,180.53333333333333
EK202310190480,136.46666666666667
EK202310161074,177.1
EK202310140353,124.53333333333333
EK202310173633,139.83333333333334
EK202310158068,134.66666666666666
EK202310154103,146.16666666666666
EK202310113546,158.2
EK202310204238,141.16666666666666
EK202310104944,129.96666666666667
EK202310234535,136.66666666666666
EK202310126859,149.93333333333334
EK202310117542,151.66666666666666
EK202310210903,132.33333333333334
EK202310157130,139.73333333333332
EK202310145116,140.43333333333334
EK202310208124,137.13333333333333
EK202310245982,136.63333333333333
EK202310133043,154.66666666666666
EK202310149054,155.56666666666666
EK202310190190,144.5
EK202320006047,135.73333333333332
EK202310134850,134.23333333333332
EK202310202384,126.73333333333333
EK202310154117,134.5
EK202310133365,140.66666666666666
EK202310108193,138.1
EK202310203056,147.83333333333334
EK202310149046,155.2
EK202310165578,172.66666666666666
EK202310186659,152.66666666666666
EK202310196955,168.2
EK202310197552,166.8
EK202310212202,144.2
EK202310224513,132.46666666666667
EK202310004468,167.8
EK202310216094,131.2
EK202310230966,132.23333333333332
EK202310118412,136.13333333333333
EK202310247101,145.5
EK202310178117,144.03333333333333
EK202310219876,145.1
EK202310215307,171.33333333333334
EK202310218134,144.1
EK202310221530,145.56666666666666
EK202310154982,135.33333333333334
EK202310182970,126.8
EK202310214235,178.43333333333334
EK202310220158,146.36666666666667
EK202310104394,140.83333333333334
EK202310111159,134.3
EK202310158577,136.63333333333333
EK202310110382,134.5
EK202310133639,139.5
EK202310246509,162.56666666666666
EK202310149660,157.76666666666668
EK202310168884,139.33333333333334
EK202310243940,135.63333333333333
EK202310191906,135.56666666666666
EK202310127477,133.93333333333334
EK202310225432,152.66666666666666
EK202310233319,133.3
EK202310162668,163.26666666666668
EK202310148695,160.66666666666666
EK202310178807,167.46666666666667
EK202310106771,137.33333333333334
EK202310155396,144.53333333333333
EK202310189899,164.6
EK202310106717,162.4
EK202310232588,143.4
EK202310226348,155.63333333333333
EK202310109931,140.03333333333333
EK202310226884,151.36666666666667
EK202310213466,134.4
EK202310121691,131.43333333333334
EK202310198701,165.36666666666667
EK202310131737,142.06666666666666
EK202310166136,160.13333333333333
EK202310116855,143.6
EK202310138351,143.1
EK202310191381,141.16666666666666
EK202310003663,127.73333333333333
EK202310172884,155.4
EK202310185550,147.76666666666668
EK202310148380,159.13333333333333
EK202310149387,173.33333333333334
EK202310236333,140.16666666666666
EK202310199352,148.76666666666668
EK202310137894,137.46666666666667
EK202310133727,157.5
EK202310178526,158.53333333333333
EK202310189610,142.43333333333334
EK202310109350,133.2
EK202310218617,145.96666666666667
EK202310109125,172.06666666666666
EK202310163826,132.36666666666667
EK202310130248,169.5
EK202310221541,141.5
EK202320006518,148.63333333333333
EK202310229391,132.1
EK202310211450,144.13333333333333
EK202310193482,144.9
EK202310198828,156.6
EK202310183006,147.5
EK202310003501,149.26666666666668
EK202310121041,139.86666666666667
EK202310211350,129.53333333333333
EK202310246075,151.4
EK202310127204,159.26666666666668
EK202310234563,133.76666666666668
EK202310139042,124.93333333333334
EK202310171256,147.8
EK202310139647,149.63333333333333
EK202310122462,131.06666666666666
EK202310144293,136.5
EK202310168436,151.56666666666666
EK202310120536,157.23333333333332
EK202310166379,142.8
EK202310180256,130.8
EK202310246761,143.33333333333334
EK202310219864,137.23333333333332
EK202310190068,176.06666666666666
EK202310181556,143.46666666666667
EK202310230597,126.3
EK202310130866,164.4
EK202310205037,157.2
EK202310209585,163.06666666666666
EK202310185564,147.56666666666666
EK202310176944,142.7
EK202310176381,135.0
EK202310141448,134.3
EK202310148056,152.1
EK202310182965,129.16666666666666
EK202310135422,156.6
EK202310122191,146.03333333333333
EK202310145667,149.06666666666666
EK202310202035,149.83333333333334
EK202310136887,134.56666666666666
EK202310200020,135.16666666666666
EK202310184127,150.13333333333333
EK202310107122,129.73333333333332
EK202310134379,136.76666666666668
EK202310211319,136.86666666666667
EK202310212855,147.3
EK202310242461,147.56666666666666
EK202310200853,143.1
EK202310200401,150.83333333333334
EK202310189295,173.36666666666667
EK202310105500,140.5
EK202310128584,137.5
EK202310209825,138.76666666666668
EK202310204586,144.33333333333334
EK202310179426,155.83333333333334
EK202310180912,140.93333333333334
EK202310173571,157.83333333333334
EK202310112070,148.9
EK202310199038,150.26666666666668
EK202310126021,136.13333333333333
EK202310155509,130.36666666666667
EK202310197401,132.16666666666666
EK202310107626,169.76666666666668
EK202310105142,143.43333333333334
EK202310243059,146.53333333333333
EK202310174039,144.66666666666666
EK202310201047,153.93333333333334
EK202310204579,134.6
EK202310187739,143.76666666666668
EK202310181773,147.03333333333333
EK202310128097,141.43333333333334
EK202310222975,163.33333333333334
EK202310132503,142.7
EK202310188182,157.1
EK202310133046,155.93333333333334
EK202310176947,150.63333333333333
EK202310167628,136.16666666666666
EK202310134899,133.23333333333332
EK202310115714,132.46666666666667
EK202310225258,141.73333333333332
EK202310181522,151.46666666666667
EK202310190839,171.76666666666668
EK202310217264,138.0
EK202310123146,150.76666666666668
EK202310142906,153.73333333333332
EK202310165063,143.3
EK202310004149,161.76666666666668
EK202310222025,134.43333333333334
EK202310201396,140.33333333333334
EK202310140521,166.43333333333334
EK202310190410,147.46666666666667
EK202310237623,156.36666666666667
EK202310207648,136.33333333333334
EK202310150068,159.83333333333334
EK202310199516,156.16666666666666
EK202310214499,170.73333333333332
EK202310193968,141.83333333333334
EK202310199178,133.1
EK202310226312,144.26666666666668
EK202310171202,150.46666666666667
EK202310136385,173.83333333333334
EK202310240675,144.9
EK202310131075,122.76666666666667
EK202310213481,125.3
EK202310212831,154.73333333333332
EK202310163142,150.13333333333333
EK202310107446,134.3
EK202310157890,143.66666666666666
EK202310214663,151.36666666666667
EK202310163666,130.16666666666666
EK202310117353,149.73333333333332
EK202310209794,137.73333333333332
EK202310123734,161.63333333333333
EK202310224602,133.36666666666667
EK202310218073,150.16666666666666
EK202310247816,175.9
EK202310234711,145.8
EK202310145443,156.9
EK202310246298,174.9
EK202310110010,162.86666666666667
EK202310159895,175.76666666666668
EK202310111143,132.96666666666667
EK202310209834,132.66666666666666
EK202310209444,141.46666666666667
EK202310192938,139.16666666666666
EK202310132559,138.33333333333334
EK202310152101,156.33333333333334
EK202310180196,130.63333333333333
EK202310194423,133.23333333333332
EK202310200390,152.26666666666668
EK202310180474,135.46666666666667
EK202310116603,152.03333333333333
EK202310171924,133.8
EK202310212746,147.86666666666667
EK202310146529,137.16666666666666
EK202310215859,147.7
EK202310141533,137.7
EK202310233067,140.73333333333332
EK202310214675,140.56666666666666
EK202310148386,148.9
EK202310168758,153.96666666666667
EK202310222971,142.93333333333334
EK202310109333,155.3
EK202310243241,142.3
EK202310146985,153.36666666666667
EK202310232878,181.46666666666667
EK202310234120,137.9
EK202310162882,146.46666666666667
EK202310190206,137.93333333333334
EK202310159348,175.9
EK202310201231,139.8
EK202310178530,159.0
EK202310189794,142.2
EK202310236784,139.6
EK202310175553,133.13333333333333
EK202310241797,140.0
EK202310114344,138.66666666666666
EK202310239590,154.66666666666666
EK202310227224,157.5
EK202310121744,140.23333333333332
EK202310003715,166.7
EK202310116073,131.23333333333332
EK202310197067,141.53333333333333
EK202310115532,142.1
EK202310217365,182.93333333333334
EK202310148754,144.0
EK202310109024,143.73333333333332
EK202310004073,148.3
EK202310198767,147.1
EK202310125904,153.03333333333333
EK202310189747,138.06666666666666
EK202310121824,153.56666666666666
EK202310183939,176.06666666666666
EK202310207963,143.36666666666667
EK202310004477,143.36666666666667
EK202310184855,145.9
EK202310121710,130.8
EK202310155103,127.3
EK202310127606,142.2
EK202310237460,138.6
EK202310189005,133.2
EK202310163144,175.7
EK202310195358,169.93333333333334
EK202310114203,130.06666666666666
EK202310200907,150.4
EK202310149290,159.8
EK202310186674,145.63333333333333
EK202310219434,138.63333333333333
EK202310113939,157.5
EK202310144604,126.8
EK202310202520,138.1
EK202310199251,141.26666666666668
EK202310171909,147.16666666666666
EK202310197493,149.1
EK202310200738,157.13333333333333
EK202310242193,151.36666666666667
EK202310166469,142.7
EK202310179577,148.73333333333332
EK202310199333,147.13333333333333
EK202310208438,146.76666666666668
EK202310243666,134.76666666666668
EK202310113305,135.46666666666667
EK202310189666,172.43333333333334
EK202310233041,143.13333333333333
EK202310127498,137.63333333333333
EK202310208207,142.3
EK202310161596,141.26666666666668
EK202310175979,148.83333333333334
EK202310222437,144.93333333333334
EK202310139352,140.2
EK202310120360,150.36666666666667
EK202310183484,156.1
EK202310206451,131.36666666666667
EK202310163448,157.33333333333334
EK202310113067,141.83333333333334
EK202310217739,131.6
EK202310120891,131.0
EK202310144456,126.23333333333333
EK202310243976,137.86666666666667
EK202310126697,148.46666666666667
EK202310221562,152.36666666666667
EK202310245501,133.7
EK202310227085,129.86666666666667
EK202310124539,149.83333333333334
EK202310113359,143.36666666666667
EK202310127238,139.73333333333332
EK202310186281,160.16666666666666
EK202310231780,138.2
EK202310218693,125.4
EK202310166062,151.03333333333333
EK202310194807,183.06666666666666
EK202310145164,152.1
EK202310139520,144.93333333333334
EK202310202232,141.36666666666667
EK202310106234,137.23333333333332
EK202310150099,123.8
EK202310148854,149.73333333333332
EK202310207751,158.06666666666666
EK202310119385,151.9
EK202310247407,132.6
EK202310187815,152.76666666666668
EK202310180649,125.36666666666666
EK202310169614,129.2
EK202320007494,152.83333333333334
EK202310123604,139.66666666666666
EK202310115115,139.0
EK202310247203,128.4
EK202310128939,135.33333333333334
EK202310151766,170.53333333333333
EK202310154684,144.63333333333333
EK202310147564,156.13333333333333
EK202310217040,149.36666666666667
EK202310219269,128.56666666666666
EK202310177587,144.43333333333334
EK202310172628,134.13333333333333
EK202310193264,171.26666666666668
EK202310204129,144.86666666666667
EK202310227714,136.0
EK202310174368,158.9
EK202310115514,138.63333333333333
EK202310114314,119.7
EK202320007053,149.6
EK202310196358,153.9
EK202310223590,127.86666666666666
EK202310186191,140.53333333333333
EK202310169460,156.9
EK202310206652,160.3
EK202310176776,163.86666666666667
EK202310112945,137.93333333333334
EK202310243798,130.1
EK202310173522,135.66666666666666
EK202310147691,166.93333333333334
EK202310221131,127.63333333333334
EK202310193542,145.36666666666667
EK202310110806,156.4
EK202310140872,140.86666666666667
EK202310115723,132.5
EK202310227673,144.96666666666667
EK202310104188,157.93333333333334
EK202310176128,135.63333333333333
EK202310179757,152.53333333333333
EK202310217690,130.33333333333334
EK202310114918,155.7
EK202310160022,139.76666666666668
EK202310117222,158.33333333333334
EK202310181651,147.3
EK202310202302,146.43333333333334
EK202310141935,138.53333333333333
EK202310166006,156.36666666666667
EK202310141835,171.4
EK202310113039,141.63333333333333
EK202310171526,136.66666666666666
EK202310231390,143.13333333333333
EK202310111326,139.9
EK202310104950,139.13333333333333
EK202310234139,140.7
EK202310207302,151.5
EK202310202018,134.26666666666668
EK202310205260,148.73333333333332
EK202310221441,158.5
EK202310174816,123.4
EK202310138649,141.06666666666666
EK202310208013,149.83333333333334
EK202310181493,144.53333333333333
EK202310243648,122.56666666666666
EK202310113262,156.3
EK202310171352,160.3
EK202310189555,143.96666666666667
EK202310154506,142.36666666666667
EK202310227922,141.0
EK202310243180,160.33333333333334
EK202310145403,131.06666666666666
EK202310229261,135.53333333333333
EK202310125086,143.2
EK202310188059,135.6
EK202310175935,158.56666666666666
EK202310104930,152.96666666666667
EK202310207696,152.2
EK202310176769,135.06666666666666
EK202310241580,131.63333333333333
EK202310128189,126.3
EK202310116358,137.9
EK202310203206,143.9
EK202310224617,122.7
EK202310216139,127.66666666666667
EK202310175157,133.76666666666668
EK202310148792,146.96666666666667
EK202310127748,122.16666666666667
EK202310183427,166.1
EK202310151784,137.7
EK202310202141,167.46666666666667
EK202310211204,156.36666666666667
EK202310230323,124.13333333333334
EK202310109892,146.13333333333333
EK202310187574,143.13333333333333
EK202310174395,150.5
EK202310205384,147.13333333333333
EK202310139355,134.3
EK202310161479,160.43333333333334
EK202310135561,125.93333333333334
EK202310165218,156.0
EK202310183022,168.53333333333333
EK202310125772,125.7
EK202310105325,128.1
EK202310205291,147.93333333333334
EK202310183115,137.03333333333333
EK202310142673,135.76666666666668
EK202310144959,133.36666666666667
EK202310156704,135.33333333333334
EK202310132122,132.46666666666667
EK202310174428,150.73333333333332
EK202310238510,148.73333333333332
EK202310004299,152.23333333333332
EK202310225687,133.86666666666667
EK202310152553,145.96666666666667
EK202310180231,154.76666666666668
EK202310189895,158.53333333333333
EK202310115789,132.96666666666667
EK202310107016,142.5
EK202310174702,131.23333333333332
EK202310184083,131.96666666666667
EK202310193580,146.5
EK202310217608,166.4
EK202310143791,148.43333333333334
EK202310171379,149.43333333333334
EK202310151018,162.4
EK202310167547,128.33333333333334
EK202310113875,140.5
EK202310242027,138.8
EK202310236948,140.13333333333333
EK202310241638,147.46666666666667
EK202320006399,130.56666666666666
EK202310155475,138.6
EK202310183498,140.93333333333334
EK202310175183,133.56666666666666
EK202310212112,138.26666666666668
EK202310219895,145.33333333333334
EK202310136160,172.93333333333334
EK202310237484,140.23333333333332
EK202310165481,132.9
EK202310240928,139.36666666666667
EK202310103807,129.13333333333333
EK202310138400,145.1
EK202310206371,138.8
EK202310194193,150.36666666666667
EK202310148048,154.73333333333332
EK202310215728,138.36666666666667
EK202310131760,143.83333333333334
EK202310123574,143.73333333333332
EK202310141515,137.73333333333332
EK202310237561,161.3
EK202310217955,136.06666666666666
EK202310208062,139.56666666666666
EK202310163578,138.16666666666666
EK202310116460,132.63333333333333
EK202310181932,175.53333333333333
EK202310190411,139.0
EK202310229861,143.63333333333333
EK202310246656,135.1
EK202310118260,141.06666666666666
EK202310115843,138.36666666666667
EK202310170542,155.7
EK202310189836,147.76666666666668
EK202310176951,147.8
EK202310116213,143.26666666666668
EK202310128876,139.0
EK202310210854,139.26666666666668
EK202310217897,148.63333333333333
EK202310213279,145.6
EK202310203346,143.03333333333333
EK202310111168,132.76666666666668
EK202310205607,140.76666666666668
EK202310181632,181.06666666666666
EK202310163875,140.33333333333334
EK202310106796,144.63333333333333
EK202310172056,172.9
EK202310195599,134.23333333333332
EK202310140727,156.9
EK202310208341,152.56666666666666
EK202310129380,133.43333333333334
EK202310140408,152.33333333333334
EK202310196671,165.3
EK202310164630,138.7
EK202310147505,136.56666666666666
EK202310110408,107.66666666666667
EK202310189343,181.93333333333334
EK202310232277,134.96666666666667
EK202310113134,141.06666666666666
EK202310154457,150.7
EK202310192875,145.1
EK202310116376,139.16666666666666
EK202310198131,135.76666666666668
EK202310200171,138.86666666666667
EK202310200642,152.36666666666667
EK202310123172,153.16666666666666
EK202310182386,140.33333333333334
EK202310148751,144.2
EK202310109301,137.86666666666667
EK202320007005,154.96666666666667
EK202310118442,150.16666666666666
EK202310132586,139.16666666666666
EK202310137853,137.03333333333333
EK202310175957,149.53333333333333
EK202310137878,144.33333333333334
EK202310141392,144.03333333333333
EK202310150895,134.7
EK202310234943,125.46666666666667
EK202310180019,148.76666666666668
EK202310118936,139.6
EK202310140493,141.63333333333333
EK202310175748,153.53333333333333
EK202310139140,147.33333333333334
EK202310194407,134.46666666666667
EK202310174235,137.53333333333333
EK202310171740,151.0
EK202310135496,155.66666666666666
EK202310219315,135.16666666666666
EK202310209481,150.83333333333334
EK202310142378,161.1
EK202310213131,142.4
EK202310126847,159.0
EK202310139757,144.26666666666668
EK202310166582,158.16666666666666
EK202310177776,144.76666666666668
EK202310179499,153.3
EK202310243445,138.5
EK202310176421,123.43333333333334
EK202310219058,131.76666666666668
EK202310108023,131.03333333333333
EK202310140417,169.2
EK202310130436,136.13333333333333
EK202320006321,145.53333333333333
EK202310220044,135.06666666666666
EK202310131037,127.76666666666667
EK202310248111,131.46666666666667
EK202310106861,143.23333333333332
EK202310110253,140.2
EK202310201245,144.53333333333333
EK202310138402,134.16666666666666
EK202310233866,168.73333333333332
EK202310003560,143.96666666666667
EK202310120345,136.3
EK202310201242,111.0
EK202310190427,159.56666666666666
EK202310148725,123.26666666666667
EK202320006763,142.03333333333333
EK202310196906,159.46666666666667
EK202310241763,136.03333333333333
EK202310204305,149.23333333333332
EK202310190705,141.73333333333332
EK202310107647,139.46666666666667
EK202310178205,156.7
EK202310226329,155.16666666666666
EK202310155075,149.66666666666666
EK202310161375,154.8
EK202310184194,147.36666666666667
EK202310146287,144.5
EK202310151428,184.5
EK202310169581,138.16666666666666
EK202310159986,143.93333333333334
EK202310235054,143.73333333333332
EK202310232794,146.76666666666668
EK202310237245,135.53333333333333
EK202310159951,180.8
EK202310137689,149.56666666666666
EK202310104122,132.2
EK202310237215,145.26666666666668
EK202310224167,144.03333333333333
EK202310165353,138.96666666666667
EK202310003464,127.83333333333333
EK202310146423,145.93333333333334
EK202310175125,134.43333333333334
EK202310229556,160.03333333333333
EK202310227408,141.8
EK202310243062,148.16666666666666
EK202310213464,131.3
EK202310111472,134.2
EK202310108233,134.93333333333334
EK202310223065,129.6
EK202310230558,134.76666666666668
EK202320006897,126.23333333333333
EK202310200032,143.16666666666666
EK202310187191,144.9
EK202310161900,152.26666666666668
EK202310121241,138.33333333333334
EK202310225448,134.73333333333332
EK202310227739,142.56666666666666
EK202310216508,152.03333333333333
EK202310233619,145.2
EK202310233918,148.76666666666668
EK202310202411,133.73333333333332
EK202310186765,146.26666666666668
EK202310241519,130.0
EK202310203547,147.5
EK202310186570,181.3
EK202310146153,131.4
EK202310226412,136.33333333333334
EK202310214773,146.03333333333333
EK202310141684,138.13333333333333
EK202310149333,150.5
EK202310144706,148.36666666666667
EK202310104027,146.0
EK202310109413,138.43333333333334
EK202310193755,135.5
EK202310166019,142.96666666666667
EK202310203410,172.6
EK202310211531,135.03333333333333
EK202310196157,148.2
EK202310244349,152.1
EK202310145494,141.03333333333333
EK202310212588,143.33333333333334
EK202310139780,129.1
EK202310240088,169.86666666666667
EK202310111166,140.1
EK202310188435,140.73333333333332
EK202310177633,136.86666666666667
EK202310112926,143.73333333333332
EK202310234867,141.9
EK202310185802,137.06666666666666
EK202310162594,168.03333333333333
EK202310180089,146.63333333333333
EK202310217336,136.3
EK202310192546,133.73333333333332
EK202310214169,143.73333333333332
EK202310140770,151.13333333333333
EK202310133498,135.56666666666666
EK202310118801,149.33333333333334
EK202310142404,139.73333333333332
EK202310147891,154.46666666666667
EK202310210538,135.6
EK202320007456,141.03333333333333
EK202310144587,128.16666666666666
EK202310124235,136.8
EK202310158438,129.36666666666667
EK202310215490,141.73333333333332
EK202310174451,150.4
EK202310212066,134.46666666666667
EK202310222526,128.26666666666668
EK202310188934,135.03333333333333
EK202310227893,139.36666666666667
EK202310181260,153.9
EK202310202577,137.26666666666668
EK202310120212,161.66666666666666
EK202310149119,159.13333333333333
EK202310154393,163.26666666666668
EK202310152225,131.63333333333333
EK202310105646,134.46666666666667
EK202310119351,126.23333333333333
EK202310148657,137.76666666666668
EK202310196509,160.13333333333333
EK202310194902,138.96666666666667
EK202310148288,131.3
EK202310215542,160.03333333333333
EK202310167939,147.83333333333334
EK202310167455,143.63333333333333
EK202310117792,129.43333333333334
EK202310173362,153.23333333333332
EK202310124739,166.56666666666666
EK202310175587,157.63333333333333
EK202310213185,136.36666666666667
EK202310152468,140.0
EK202310131120,159.36666666666667
EK202310124976,144.93333333333334
EK202310112499,139.33333333333334
EK202310195528,144.26666666666668
EK202310239210,131.33333333333334
EK202310142674,147.36666666666667
EK202310243104,140.03333333333333
EK202310237267,150.8
EK202310169374,138.86666666666667
EK202310234090,136.8
EK202310233816,153.3
EK202310196376,148.8
EK202310148225,147.83333333333334
EK202310228837,148.9
EK202310181830,143.93333333333334
EK202310191899,139.16666666666666
EK202310229263,138.3
EK202310141990,127.36666666666666
EK202310169654,176.4
EK202310123584,148.5
EK202310109674,142.5
EK202310106658,139.0
EK202310237324,139.36666666666667
EK202310133847,172.26666666666668
EK202310177544,132.46666666666667
EK202310123823,153.06666666666666
EK202310240866,134.0
EK202310200799,131.5
EK202310004956,132.73333333333332
EK202310109116,160.13333333333333
EK202310181159,162.26666666666668
EK202310128546,148.9
EK202310206764,147.66666666666666
EK202310203787,136.16666666666666
EK202310193227,155.93333333333334
EK202310157337,180.46666666666667
EK202310190691,156.3
EK202310126193,145.73333333333332
EK202310223219,128.03333333333333
EK202310161546,152.36666666666667
EK202310220676,155.76666666666668
EK202310142344,136.16666666666666
EK202310182666,132.83333333333334
EK202310217828,136.8
EK202310240257,141.1
EK202310125068,134.06666666666666
EK202310166358,150.13333333333333
EK202310177216,164.1
EK202310146952,141.4
EK202310199886,159.86666666666667
EK202310147741,140.73333333333332
EK202310143091,152.8
EK202310199575,144.06666666666666
EK202310187305,156.3
EK202310222496,138.63333333333333
EK202310216424,137.0
EK202310104377,139.23333333333332
EK202310227219,137.8
EK202310140922,133.2
EK202310165008,180.33333333333334
EK202310135583,144.3
EK202310171535,137.0
EK202310219272,132.8
EK202310120647,153.86666666666667
EK202310140490,136.16666666666666
EK202310173840,137.43333333333334
EK202310208109,142.56666666666666
EK202310175605,151.63333333333333
EK202310194297,136.06666666666666
EK202310116012,125.63333333333334
EK202310133738,149.13333333333333
EK202310003422,140.03333333333333
EK202310186980,143.83333333333334
EK202310157421,142.1
EK202310145922,134.2
EK202310203349,147.3
EK202310230457,162.66666666666666
EK202310230009,139.63333333333333
EK202310144393,158.0
EK202310155684,136.5
EK202310243499,138.4
EK202310148155,155.66666666666666
EK202310162141,149.73333333333332
EK202310202043,146.66666666666666
EK202310165608,142.1
EK202310193544,130.43333333333334
EK202310164222,140.4
EK202310154530,145.43333333333334
EK202310185022,139.83333333333334
EK202310167516,161.53333333333333
EK202310165006,134.5
EK202310138314,151.8
EK202310213702,139.06666666666666
EK202310223111,148.53333333333333
EK202310183009,135.03333333333333
EK202310175427,139.96666666666667
EK202310198303,125.06666666666666
EK202310142355,171.56666666666666
EK202310190847,165.93333333333334
EK202310165750,157.43333333333334
EK202310163376,146.2
EK202310146237,132.03333333333333
EK202310228171,137.9
EK202310222340,174.43333333333334
EK202310119317,131.66666666666666
EK202310209759,144.5
EK202310188992,143.43333333333334
EK202310236787,142.5
EK202310235111,140.66666666666666
EK202310192259,144.2
EK202320005738,148.23333333333332
EK202310143173,169.93333333333334
EK202310188740,138.0
EK202310106354,138.16666666666666
EK202310235348,139.46666666666667
EK202310234038,168.1
EK202310172622,156.1
EK202310172486,148.1
EK202310121194,130.6
EK202310221290,140.23333333333332
EK202310207879,151.66666666666666
EK202310114510,139.56666666666666
EK202310179068,149.96666666666667
EK202310163368,136.9
EK202310232807,145.03333333333333
EK202310120523,135.33333333333334
EK202310103969,156.2
EK202310004188,152.7
EK202310170648,154.33333333333334
EK202310139767,125.96666666666667
EK202310138473,162.36666666666667
EK202310235505,132.26666666666668
EK202310178729,128.73333333333332
EK202310246801,133.73333333333332
EK202310120603,134.06666666666666
EK202310114895,145.93333333333334
EK202310223798,141.23333333333332
EK202310128963,129.86666666666667
EK202310133013,130.96666666666667
EK202310180731,164.46666666666667
EK202310113860,126.3
EK202310201583,126.3
EK202310137449,139.33333333333334
EK202310149678,167.33333333333334
EK202310199061,144.26666666666668
EK202310206139,127.5
EK202310178048,141.1
EK202310206902,140.76666666666668
EK202310135879,149.46666666666667
EK202310118974,161.36666666666667
EK202310240661,156.2
EK202310247702,121.03333333333333
EK202310108959,139.53333333333333
EK202310139148,137.06666666666666
EK202310213608,135.53333333333333
EK202310200833,143.7
EK202310205491,154.03333333333333
EK202310151833,165.16666666666666
EK202310170507,139.8
EK202310204695,159.53333333333333
EK202310190993,152.5
EK202310181846,149.93333333333334
EK202310191614,140.53333333333333
EK202310146281,134.63333333333333
EK202310239715,147.8
EK202310224583,134.76666666666668
EK202310225752,134.5
EK202310004050,150.96666666666667
EK202310112334,123.4
EK202310178782,125.46666666666667
EK202310162090,145.0
EK202310221447,155.9
EK202310219812,151.8
EK202310161855,136.43333333333334
EK202310127861,147.03333333333333
EK202310114282,162.16666666666666
EK202310105617,131.8
EK202310209302,138.66666666666666
EK202310115118,154.9
EK202310003916,141.7
EK202310153698,142.23333333333332
EK202310229027,142.5
EK202310125705,150.33333333333334
EK202310123526,133.73333333333332
EK202310226530,141.86666666666667
EK202310136267,128.56666666666666
EK202310126875,153.53333333333333
EK202310219223,128.16666666666666
EK202310169669,148.13333333333333
EK202310136907,122.83333333333333
EK202310167168,120.96666666666667
EK202310225793,128.56666666666666
EK202310178640,141.5
EK202310130165,152.03333333333333
EK202310154261,142.96666666666667
EK202310220444,152.2
EK202310237028,142.46666666666667
EK202310165818,130.7
EK202310122598,140.4
EK202310220372,151.83333333333334
EK202310137417,141.5
EK202310143378,162.7
EK202310175009,151.93333333333334
EK202310211432,124.33333333333333
EK202310207842,138.86666666666667
EK202310180149,138.4
EK202310190554,145.3
EK202310223988,136.7
EK202310130954,132.03333333333333
EK202310116904,139.3
EK202310161528,156.76666666666668
EK202310148911,132.13333333333333
EK202310153873,139.83333333333334
EK202310144622,136.63333333333333
EK202320007179,157.06666666666666
EK202310213291,136.8
EK202310248459,147.06666666666666
EK202310129665,129.0
EK202310105584,131.66666666666666
EK202310223037,123.2
EK202310173189,139.56666666666666
EK202310174998,146.0
EK202310128550,134.2
EK202310192354,134.2
EK202310118760,129.43333333333334
EK202310131373,127.33333333333333
EK202310168865,142.86666666666667
EK202310105103,138.56666666666666
EK202310242757,132.6
EK202310164146,156.46666666666667
EK202310165707,148.1
EK202310157341,154.23333333333332
EK202310161673,166.46666666666667
EK202310203730,131.66666666666666
EK202310165334,137.63333333333333
EK202310149964,165.3
EK202310109435,135.3
EK202310105784,140.96666666666667
EK202310004512,125.66666666666667
EK202310129345,144.9
EK202310168741,134.46666666666667
EK202310225441,143.26666666666668
EK202310189863,141.7
EK202310181790,144.73333333333332
EK202310223107,131.86666666666667
EK202310117337,140.86666666666667
EK202310247125,152.06666666666666
EK202310146172,122.8
EK202310229871,134.13333333333333
EK202310167352,146.2
EK202310197659,170.36666666666667
EK202310237148,143.6
EK202310204685,134.16666666666666
EK202310241003,123.8
EK202310148969,144.5
EK202310217817,167.56666666666666
EK202310154285,138.53333333333333
EK202310241422,144.26666666666668
EK202310238083,141.93333333333334
EK202310177368,171.13333333333333
EK202310161506,150.86666666666667
EK202310159694,143.03333333333333
EK202310233873,136.26666666666668
EK202310159627,127.5
EK202310204809,145.7
EK202310221148,142.8
EK202310203840,134.4
EK202310175485,139.23333333333332
EK202310157943,139.56666666666666
EK202310166246,141.5
EK202310104784,145.1
EK202310123376,169.73333333333332
EK202310204029,141.73333333333332
EK202310185358,154.8
EK202310108669,136.23333333333332
EK202310236018,149.56666666666666
EK202310238742,144.23333333333332
EK202310111453,143.43333333333334
EK202310113005,132.86666666666667
EK202310234668,142.13333333333333
EK202310231883,134.3
EK202310170221,164.93333333333334
EK202310004896,135.5
EK202310161173,134.7
EK202310145172,148.33333333333334
EK202310173181,139.63333333333333
EK202310188825,124.8
EK202310179888,142.16666666666666
EK202310232212,131.7
EK202310162487,142.16666666666666
EK202310136794,151.96666666666667
EK202310169969,147.83333333333334
EK202310165477,131.86666666666667
EK202310177712,131.66666666666666
EK202310129186,134.53333333333333
EK202310127134,152.2
EK202310228641,130.56666666666666
EK202310195004,138.76666666666668
EK202310196656,135.0
EK202310129468,139.53333333333333
EK202320007200,138.2
EK202310153589,141.26666666666668
EK202310212764,154.96666666666667
EK202310205885,170.86666666666667
EK202310198505,122.83333333333333
EK202310222811,143.16666666666666
EK202310168127,143.8
EK202310143599,123.76666666666667
EK202310227359,143.26666666666668
EK202310135358,146.96666666666667
EK202310171217,143.06666666666666
EK202310191424,146.46666666666667
EK202310149689,165.43333333333334
EK202310195376,162.7
EK202310178299,153.3
EK202310210228,144.23333333333332
EK202310107326,131.66666666666666
EK202310152535,147.6
EK202310154473,147.66666666666666
EK202310174554,156.93333333333334
EK202310163286,141.73333333333332
EK202310111638,151.23333333333332
EK202310196108,152.03333333333333
EK202310212686,137.2
EK202310231718,145.3
EK202310137776,147.7
EK202310178405,167.16666666666666
EK202310117455,133.2
EK202310118568,135.96666666666667
EK202310222315,137.46666666666667
EK202310160822,157.16666666666666
EK202310118020,143.23333333333332
EK202310194677,167.43333333333334
EK202320006977,145.4
EK202310214502,170.03333333333333
EK202310146297,133.46666666666667
EK202320005953,151.16666666666666
EK202310200023,128.33333333333334
EK202310147399,143.5
EK202310110181,122.33333333333333
EK202310225409,151.33333333333334
EK202310107374,146.2
EK202310235775,138.8
EK202310154935,139.33333333333334
EK202310160129,145.63333333333333
EK202310136819,154.43333333333334
EK202310212339,136.66666666666666
EK202310186377,145.76666666666668
EK202310149686,148.5
EK202310137146,151.76666666666668
EK202310219413,122.16666666666667
EK202310224119,142.0
EK202310124397,132.4
EK202310118844,144.03333333333333
EK202310178888,129.1
EK202310203695,138.53333333333333
EK202310215102,129.7
EK202310116309,148.63333333333333
EK202310177340,177.1
EK202310155692,142.16666666666666
EK202310209761,133.26666666666668
EK202310192459,156.16666666666666
EK202310166094,137.96666666666667
EK202310106639,143.46666666666667
EK202310122597,134.33333333333334
EK202310176641,141.16666666666666
EK202310128106,164.4
EK202310164373,150.5
EK202310172650,142.3
EK202310161760,145.16666666666666
EK202310175173,128.96666666666667
EK202310220355,137.9
EK202310134340,131.46666666666667
EK202310200856,156.7
EK202310198775,178.1
EK202310237814,151.83333333333334
EK202310144745,137.76666666666668
EK202310116937,130.7
EK202310180183,133.6
EK202310123116,138.6
EK202310111360,133.4
EK202310218124,149.23333333333332
EK202310146929,152.4
EK202310144079,174.56666666666666
EK202310212540,166.53333333333333
EK202310206504,159.86666666666667
EK202310126991,135.76666666666668
EK202310159652,128.13333333333333
EK202310132965,147.73333333333332
EK202310203675,134.56666666666666
EK202310003467,137.8
EK202310178560,135.46666666666667
EK202310115094,140.5
EK202310127215,143.8
EK202310116379,140.9
EK202310121118,146.8
EK202310196670,136.26666666666668
EK202310159655,127.33333333333333
EK202310201991,141.2
EK202310173068,160.0
EK202310117260,150.9
EK202310130209,155.1
EK202310183122,127.6
EK202310216257,137.73333333333332
EK202310176511,153.1
EK202310187962,148.2
EK202310245277,166.66666666666666
EK202310181710,140.43333333333334
EK202310227487,141.2
EK202310210107,169.8
EK202310175757,137.4
EK202310229135,145.56666666666666
EK202310150766,140.5
EK202310164086,146.46666666666667
EK202310121488,142.96666666666667
EK202310122656,137.6
EK202310176310,141.16666666666666
EK202310207786,140.1
EK202310116196,138.9
EK202310166658,123.13333333333334
EK202320007269,151.93333333333334
EK202310240222,159.5
EK202310233074,124.43333333333334
EK202310003785,141.56666666666666
EK202310218333,128.86666666666667
EK202310199829,142.56666666666666
EK202310141201,137.6
EK202310152509,147.2
EK202310213008,137.83333333333334
EK202310234244,145.8
EK202310185496,144.43333333333334
EK202310123939,142.9
EK202310245118,141.76666666666668
EK202310126945,142.3
EK202310192940,143.3
EK202310154479,140.6
EK202310238968,136.2
EK202310220804,140.9
EK202310121547,140.66666666666666
EK202310156977,137.43333333333334
EK202310220913,125.83333333333333
EK202310153791,150.36666666666667
EK202310231371,142.63333333333333
EK202310155012,135.16666666666666
EK202310106729,109.23333333333333
EK202310121458,135.43333333333334
EK202310129298,146.43333333333334
EK202310185168,147.96666666666667
EK202310171342,170.03333333333333
EK202310182043,150.3
EK202310159692,143.9
EK202310198219,143.0
EK202310186486,151.5
EK202310194185,141.36666666666667
EK202310135060,179.4
EK202310151875,156.83333333333334
EK202310148212,140.03333333333333
EK202310158337,157.63333333333333
EK202310160093,156.56666666666666
EK202310176986,150.8
EK202310142751,168.23333333333332
EK202310186987,139.1
EK202310213398,133.33333333333334
EK202310227507,152.86666666666667
EK202310230539,138.0
EK202310233022,137.76666666666668
EK202310112067,142.63333333333333
EK202310191571,154.03333333333333
EK202310128575,137.43333333333334
EK202310116429,151.13333333333333
EK202310222260,138.56666666666666
EK202310167112,139.36666666666667
EK202310197671,138.3
EK202310133983,142.5
EK202310125081,141.7
EK202310165303,133.36666666666667
EK202310245022,138.76666666666668
EK202310168737,146.4
EK202310224066,142.1
EK202310112653,143.93333333333334
EK202310163794,131.4
EK202310177672,139.5
EK202310113138,168.23333333333332
EK202310198082,138.1
EK202310186324,150.6
EK202310245063,137.06666666666666
EK202310162008,143.26666666666668
EK202310187033,136.46666666666667
EK202310165002,138.5
EK202310179112,140.83333333333334
EK202310136261,144.36666666666667
EK202310107886,145.26666666666668
EK202310178081,159.3
EK202310107978,162.2
EK202310186291,169.33333333333334
EK202320006194,145.3
EK202310162147,137.76666666666668
EK202310145820,134.6
EK202310208270,153.2
EK202310244610,143.66666666666666
EK202310115965,137.9
EK202310173325,146.46666666666667
EK202310200487,149.26666666666668
EK202310151600,150.7
EK202310174873,129.56666666666666
EK202310154656,151.73333333333332
EK202310186158,168.46666666666667
EK202310159695,150.7
EK202310153171,151.43333333333334
EK202310116138,144.53333333333333
EK202310241920,122.63333333333334
EK202310172803,140.06666666666666
EK202310003408,140.86666666666667
EK202310113293,134.56666666666666
EK202310199063,146.06666666666666
EK202310151401,180.03333333333333
EK202310154601,148.6
EK202310111616,137.3
EK202310135809,128.53333333333333
EK202310123689,125.0
EK202310125344,128.03333333333333
EK202310204834,136.93333333333334
EK202310154600,150.73333333333332
EK202310171105,130.66666666666666
EK202310192374,141.23333333333332
EK202310137424,137.86666666666667
EK202310004414,137.36666666666667
EK202310157406,142.9
EK202310194870,153.66666666666666
EK202310184853,136.43333333333334
EK202310176587,151.16666666666666
EK202310211243,137.9
EK202310116843,144.23333333333332
EK202310167978,135.96666666666667
EK202310199028,145.6
EK202310178842,129.93333333333334
EK202310003563,153.33333333333334
EK202310113491,137.43333333333334
EK202310202425,140.9
EK202310156026,138.8
EK202310235868,130.6
EK202310129923,134.9
EK202310115347,137.86666666666667
EK202310136092,173.66666666666666
EK202310212411,132.83333333333334
EK202310198783,173.96666666666667
EK202310154295,138.93333333333334
EK202310132080,139.2
EK202310115510,136.8
EK202310186713,140.83333333333334
EK202310246486,134.63333333333333
EK202310220909,146.36666666666667
EK202310133930,139.2
EK202310230327,144.83333333333334
EK202310227578,154.86666666666667
EK202310147328,181.13333333333333
EK202310174500,148.23333333333332
EK202310121141,146.26666666666668
EK202310218136,145.06666666666666
EK202310187497,167.16666666666666
EK202310219497,141.66666666666666
EK202310158430,180.43333333333334
EK202310232072,151.43333333333334
EK202310161910,160.9
EK202310232257,141.5
EK202310109324,136.76666666666668
EK202310117586,136.33333333333334
EK202310145201,152.56666666666666
EK202310191458,155.0
EK202310163905,148.2
EK202310200681,147.93333333333334
EK202310190561,142.03333333333333
EK202310144363,146.16666666666666
EK202310196397,130.6
EK202310168831,132.03333333333333
EK202320007357,149.3
EK202310125955,138.93333333333334
EK202310210692,143.16666666666666
EK202310202677,149.33333333333334
EK202310212296,140.0
EK202310228282,126.36666666666666
EK202310198392,148.16666666666666
EK202310189017,143.76666666666668
EK202310184070,157.06666666666666
EK202320006398,142.83333333333334
EK202310221409,152.66666666666666
EK202310229971,146.16666666666666
EK202310202941,145.86666666666667
EK202310131905,130.1
EK202310112775,135.9
EK202310209245,152.16666666666666
EK202310185710,151.56666666666666
EK202310155827,138.8
EK202310158156,157.56666666666666
EK202310143080,141.53333333333333
EK202310217821,133.83333333333334
EK202310205060,147.53333333333333
EK202310152230,146.53333333333333
EK202310215647,146.3
EK202310216568,126.73333333333333
EK202310173496,142.5
EK202310132220,132.1
EK202310229606,130.13333333333333
EK202310197847,162.56666666666666
EK202310114444,143.06666666666666
EK202310212587,137.13333333333333
EK202310128678,132.96666666666667
EK202310129009,145.3
EK202310135868,141.83333333333334
EK202310004655,132.0
EK202310004666,132.96666666666667
EK202310172312,137.1
EK202310212324,133.8
EK202310234071,140.6
EK202310237714,137.63333333333333
EK202310227143,132.63333333333333
EK202310106080,142.23333333333332
EK202310115972,139.26666666666668
EK202310223416,144.13333333333333
EK202310185745,127.46666666666667
EK202310108584,153.03333333333333
EK202310244398,137.1
EK202310104476,142.43333333333334
EK202310243111,159.0
EK202310182118,153.13333333333333
EK202310231776,131.76666666666668
EK202310114793,134.63333333333333
EK202310107506,137.36666666666667
EK202310203271,141.46666666666667
EK202310206441,144.06666666666666
EK202310197006,137.96666666666667
EK202310213977,148.46666666666667
EK202310174608,153.56666666666666
EK202310126126,139.0
EK202310230545,138.73333333333332
EK202310103903,154.5
EK202310234105,153.4
EK202310165010,144.93333333333334
EK202310181940,129.9
EK202310118673,142.56666666666666
EK202310188868,174.66666666666666
EK202310170989,157.06666666666666
EK202310213961,153.1
EK202310236748,140.86666666666667
EK202310128144,160.7
EK202310131032,144.66666666666666
EK202310199927,130.36666666666667
EK202310228569,138.56666666666666
EK202310137099,155.6
EK202310216503,148.33333333333334
EK202310225348,134.4
EK202310188082,131.96666666666667
EK202310107466,171.13333333333333
EK202310119468,154.43333333333334
EK202310177435,127.83333333333333
EK202310226065,160.03333333333333
EK202310238474,143.83333333333334
EK202310178935,126.33333333333333
EK202310111288,137.96666666666667
EK202310231278,144.73333333333332
EK202310195743,167.03333333333333
EK202310177642,144.2
EK202310159731,150.23333333333332
EK202310233199,150.4
EK202310164963,152.73333333333332
EK202310108728,134.3
EK202310241516,134.4
EK202310114502,141.66666666666666
EK202310163597,144.66666666666666
EK202310194099,134.96666666666667
EK202310191390,141.73333333333332
EK202310136653,150.66666666666666
EK202310132780,134.03333333333333
EK202310192296,138.46666666666667
EK202310210820,139.1
EK202310157545,142.86666666666667
EK202310117978,140.46666666666667
EK202310128805,140.0
EK202310239206,144.16666666666666
EK202310184728,146.93333333333334
EK202310188346,154.36666666666667
EK202310115220,137.13333333333333
EK202310136091,180.73333333333332
EK202310187000,141.16666666666666
EK202310004481,149.33333333333334
EK202310142481,133.73333333333332
EK202310241665,127.1
EK202310172530,154.6
EK202310242247,142.33333333333334
EK202310201108,122.3
EK202310157151,153.9
EK202310248777,162.3
EK202310234150,141.53333333333333
EK202310245991,148.23333333333332
EK202310196183,139.43333333333334
EK202310112151,139.7
EK202310240040,151.46666666666667
EK202310122111,130.93333333333334
EK202310237646,148.86666666666667
EK202310236751,136.23333333333332
EK202310110678,126.6
EK202310175472,141.23333333333332
EK202310104032,150.7
EK202310130367,131.26666666666668
EK202310218178,151.13333333333333
EK202310190059,172.06666666666666
EK202310154040,132.2
EK202310104704,147.1
EK202310234675,140.0
EK202320007076,148.23333333333332
EK202310117416,149.13333333333333
EK202310106592,137.9
EK202310218855,159.46666666666667
EK202310112951,137.23333333333332
EK202310198510,133.9
EK202310170591,138.06666666666666
EK202310171607,145.76666666666668
EK202310188047,166.83333333333334
EK202310106176,131.73333333333332
EK202310139729,150.8
EK202310188177,146.3
EK202310216551,136.6
EK202310190746,147.53333333333333
EK202310198445,158.16666666666666
EK202310167557,141.2
EK202310232345,137.63333333333333
EK202310205089,143.6
EK202310200704,147.46666666666667
EK202310168328,169.4
EK202310117660,132.2
EK202310241204,152.86666666666667
EK202310219555,146.43333333333334
EK202310108822,140.96666666666667
EK202310178261,151.63333333333333
EK202310170803,130.56666666666666
EK202310180578,138.63333333333333
EK202310183233,155.66666666666666
EK202310214067,153.83333333333334
EK202310177910,139.6
EK202310184628,176.63333333333333
EK202310236640,130.9
EK202310189443,179.06666666666666
EK202310219770,132.63333333333333
EK202310188035,159.16666666666666
EK202310110194,159.06666666666666
EK202310244334,153.8
EK202310196346,148.3
EK202310239240,136.56666666666666
EK202310190697,157.33333333333334
EK202310183845,161.06666666666666
EK202310173568,142.13333333333333
EK202310122648,146.43333333333334
EK202310138573,154.26666666666668
EK202310107238,132.83333333333334
EK202310123716,143.93333333333334
EK202310222719,144.63333333333333
EK202310119574,139.7
EK202310106379,146.8
EK202310179487,160.33333333333334
EK202310204316,153.23333333333332
EK202310112072,137.8
EK202310103891,151.3
EK202310121527,151.23333333333332
EK202310147901,137.33333333333334
EK202310129747,155.13333333333333
EK202310216313,132.93333333333334
EK202310138904,159.43333333333334
EK202310148441,140.1
EK202310153870,125.8
EK202310108732,146.16666666666666
EK202310180949,148.56666666666666
EK202310108710,133.86666666666667
EK202310198670,125.53333333333333
EK202310150197,162.1
EK202310213492,126.36666666666666
EK202310136448,127.43333333333334
EK202310131230,152.63333333333333
EK202310231399,144.56666666666666
EK202310121599,164.03333333333333
EK202310179738,154.23333333333332
EK202310167476,168.23333333333332
EK202310131623,139.5
EK202310140730,154.6
EK202310144389,151.76666666666668
EK202310245102,126.06666666666666
EK202310132691,131.23333333333332
EK202310106449,137.83333333333334
EK202310167353,123.83333333333333
EK202310236989,125.46666666666667
EK202310111119,143.76666666666668
EK202310186689,173.5
EK202310209031,156.7
EK202310139037,160.76666666666668
EK202310158574,140.96666666666667
EK202310235776,135.6
EK202310149594,149.6
EK202310106989,157.8
EK202310207828,148.5
EK202310129283,145.33333333333334
EK202310103761,137.06666666666666
EK202310117820,127.5
EK202310170386,131.06666666666666
EK202310200918,152.43333333333334
EK202310104618,135.6
EK202310211311,142.4
EK202310217151,164.63333333333333
EK202310197688,159.06666666666666
EK202310141161,136.6
EK202310200723,144.56666666666666
EK202310192613,123.06666666666666
EK202310231385,143.73333333333332
EK202310161421,132.46666666666667
EK202310185090,153.76666666666668
EK202310118323,131.96666666666667
EK202310179435,140.9
EK202310246748,165.7
EK202310203308,124.83333333333333
EK202310166549,145.26666666666668
EK202310231043,151.9
EK202310144171,131.36666666666667
EK202310171076,154.56666666666666
EK202310234671,138.1
EK202310178258,155.06666666666666
EK202310123111,138.73333333333332
EK202310105273,163.33333333333334
EK202310232779,130.46666666666667
EK202310245923,130.93333333333334
EK202310232934,125.63333333333334
EK202310206444,141.53333333333333
EK202310199292,150.36666666666667
EK202310172407,158.63333333333333
EK202310110982,141.06666666666666
EK202310136670,145.83333333333334
EK202310196416,162.2
EK202310147370,152.56666666666666
EK202310203187,132.33333333333334
EK202310127574,142.76666666666668
EK202310223109,134.56666666666666
EK202310210815,150.3
EK202310132728,161.66666666666666
EK202310195728,165.0
EK202310162562,152.76666666666668
EK202310122166,145.96666666666667
EK202310133502,138.26666666666668
EK202310176748,134.16666666666666
EK202310149681,155.3
EK202310133367,150.0
EK202310233308,138.23333333333332
EK202310111956,140.63333333333333
EK202310213087,132.93333333333334
EK202310163861,135.03333333333333
EK202310183017,131.53333333333333
EK202310148049,170.96666666666667
EK202310159587,132.93333333333334
EK202310120104,146.4
EK202310173791,132.9
EK202310120609,136.33333333333334
EK202310120220,165.13333333333333
EK202310164643,142.9
EK202310242480,139.4
EK202310237393,137.8
EK202310110258,132.13333333333333
EK202310203310,150.13333333333333
EK202310244388,132.4
EK202310142420,146.76666666666668
EK202310127247,150.63333333333333
EK202310245410,143.46666666666667
EK202310198231,149.83333333333334
EK202310224714,134.03333333333333
EK202310112152,134.16666666666666
EK202310219634,150.0
EK202310120507,162.4
EK202310121024,134.56666666666666
EK202310162609,153.03333333333333
EK202310198139,144.33333333333334
EK202310115733,158.66666666666666
EK202310197648,165.56666666666666
EK202310152061,166.83333333333334
EK202310246184,135.76666666666668
EK202310175646,154.43333333333334
EK202310195357,171.36666666666667
EK202310180995,160.16666666666666
EK202320007602,146.66666666666666
EK202310125780,132.4
EK202310141209,143.53333333333333
EK202310241145,138.53333333333333
EK202310214473,167.4
EK202310104412,134.66666666666666
EK202310145300,161.5
EK202310178546,141.93333333333334
EK202310222192,141.66666666666666
EK202310003791,133.3
EK202310164084,167.76666666666668
EK202310247625,148.46666666666667
EK202310179777,130.96666666666667
EK202310204086,137.03333333333333
EK202310199051,153.2
EK202310199503,138.53333333333333
EK202310124201,136.86666666666667
EK202310111462,142.33333333333334
EK202310149507,149.46666666666667
EK202310149626,153.53333333333333
EK202310196221,128.56666666666666
EK202310241259,157.43333333333334
EK202310110599,132.33333333333334
EK202310234816,140.16666666666666
EK202310179926,153.26666666666668
EK202310158821,164.73333333333332
EK202310203000,145.56666666666666
EK202310162317,142.8
EK202310125499,140.06666666666666
EK202310171521,144.43333333333334
EK202310155121,148.4
EK202310246662,137.0
EK202310222404,129.96666666666667
EK202310119271,136.06666666666666
EK202310179293,134.33333333333334
EK202310162370,144.23333333333332
EK202310185317,141.26666666666668
EK202310192836,154.83333333333334
EK202310197187,153.6
EK202310119438,171.76666666666668
EK202310154800,134.76666666666668
EK202310162887,145.96666666666667
EK202310114407,156.8
EK202310107541,163.4
EK202310165391,138.3
EK202310114222,136.06666666666666
EK202310108463,145.0
EK202310160505,162.63333333333333
EK202310175819,132.93333333333334
EK202310224211,133.36666666666667
EK202310181094,145.3
EK202310209683,144.2
EK202310144068,168.6
EK202310185016,174.03333333333333
EK202310242866,133.76666666666668
EK202310136700,127.0
EK202310129667,148.2
EK202310185490,140.76666666666668
EK202310180615,129.86666666666667
EK202310106120,139.33333333333334
EK202310139529,121.86666666666666
EK202310208712,147.9
EK202310202493,139.53333333333333
EK202310127493,144.56666666666666
EK202310185646,143.7
EK202310236048,124.8
EK202310215422,133.13333333333333
EK202310154768,138.06666666666666
EK202310156660,148.96666666666667
EK202310215522,135.36666666666667
EK202310191431,147.06666666666666
EK202310219661,135.9
EK202310111217,127.53333333333333
EK202310142283,149.86666666666667
EK202310152451,164.33333333333334
EK202310131900,146.86666666666667
EK202310118813,147.63333333333333
EK202310158474,127.36666666666666
EK202310206038,182.6
EK202310140824,141.2
EK202310193053,141.83333333333334
EK202310239738,140.2
EK202310183514,173.4
EK202310228473,131.96666666666667
EK202310187727,154.7
EK202310208678,146.43333333333334
EK202310151445,140.66666666666666
EK202310129744,141.8
EK202310242221,153.03333333333333
EK202310140908,141.4
EK202310213034,139.26666666666668
EK202310162066,133.23333333333332
EK202310166091,133.7
EK202310168349,137.86666666666667
EK202310204830,153.03333333333333
EK202310119237,149.06666666666666
EK202310177687,134.1
EK202310194046,140.66666666666666
EK202310120099,125.5
EK202310139982,150.8
EK202310172126,152.3
EK202310225892,132.4
EK202310204605,149.26666666666668
EK202310166382,148.2
EK202310164816,164.8
EK202310118373,132.06666666666666
EK202310141696,152.3
EK202310229964,143.76666666666668
EK202310127949,143.2
EK202310239375,184.3
EK202310173625,145.16666666666666
EK202310141849,168.16666666666666
EK202310115485,131.1
EK202310129234,151.86666666666667
EK202310105793,141.3
EK202310158046,137.56666666666666
EK202310192078,138.76666666666668
EK202310211785,132.2
EK202310194018,145.53333333333333
EK202310223067,130.36666666666667
EK202310131851,148.06666666666666
EK202310146819,138.06666666666666
EK202310240643,154.6
EK202310156305,140.1
EK202310207011,135.7
EK202310225288,139.73333333333332
EK202310246090,160.16666666666666
EK202310159743,150.2
EK202310160951,173.13333333333333
EK202310164394,137.8
EK202310172687,146.33333333333334
EK202310157664,151.2
EK202310186799,145.56666666666666
EK202310177813,163.9
EK202310135564,141.03333333333333
EK202310109869,135.53333333333333
EK202310232529,140.7
EK202310190796,144.6
EK202310157371,143.7
EK202310248440,142.6
EK202310236433,134.3
EK202310155362,141.7
EK202310178291,147.06666666666666
EK202310236912,159.83333333333334
EK202310104076,149.9
EK202310192380,132.4
EK202310138804,136.43333333333334
EK202310151241,151.03333333333333
EK202310199540,128.73333333333332
EK202310173988,123.03333333333333
EK202310173002,145.16666666666666
EK202310243625,172.0
EK202310193531,141.23333333333332
EK202310114242,141.7
EK202310138736,151.2
EK202310190347,145.06666666666666
EK202310236408,145.36666666666667
EK202310120734,152.46666666666667
EK202310199091,149.93333333333334
EK202310163422,138.16666666666666
EK202310204728,133.3
EK202310130979,134.33333333333334
EK202310183928,162.8
EK202310149172,155.46666666666667
EK202310112222,140.6
EK202310135593,176.06666666666666
EK202310116248,131.26666666666668
EK202310139060,142.06666666666666
EK202310119677,149.83333333333334
EK202310158107,142.66666666666666
EK202310132346,163.96666666666667
EK202310134894,158.93333333333334
EK202310136486,128.1
EK202310129929,152.7
EK202310105561,132.46666666666667
EK202310154663,142.96666666666667
EK202310170691,164.2
EK202310129385,145.6
EK202310201900,153.16666666666666
EK202310167771,141.16666666666666
EK202310157806,137.93333333333334
EK202310149813,170.66666666666666
EK202310176321,155.3
EK202310114996,159.2
EK202310190897,153.76666666666668
EK202310166461,139.73333333333332
EK202310137821,136.66666666666666
EK202310112150,146.43333333333334
EK202310192173,145.16666666666666
EK202310173654,145.66666666666666
EK202310220329,151.33333333333334
EK202310202774,164.26666666666668
EK202310150939,141.0
EK202310155941,131.53333333333333
EK202310185382,139.13333333333333
EK202310237219,135.66666666666666
EK202310244185,127.16666666666667
EK202310221987,132.46666666666667
EK202310193216,133.93333333333334
EK202310145019,136.96666666666667
EK202310193312,162.86666666666667
EK202310121038,135.46666666666667
EK202310210609,158.16666666666666
EK202310198874,143.0
EK202310144516,152.53333333333333
EK202310110453,132.63333333333333
EK202310135805,140.26666666666668
EK202310128896,141.43333333333334
EK202310183544,146.2
EK202310181264,153.03333333333333
EK202310204958,140.86666666666667
EK202310168271,139.16666666666666
EK202310219179,140.1
EK202310224962,160.6
EK202310210604,143.5
EK202310159739,150.9
EK202310132707,153.43333333333334
EK202310105567,143.7
EK202310226814,144.43333333333334
EK202310217907,124.5
EK202310199396,135.33333333333334
EK202310105066,137.73333333333332
EK202310200675,152.4
EK202310237294,148.56666666666666
EK202310157377,146.7
EK202310229136,130.96666666666667
EK202310186430,129.66666666666666
EK202310163802,128.8
EK202310142202,167.0
EK202310195256,146.3
EK202310004248,149.3
EK202310195944,132.83333333333334
EK202310152129,143.9
EK202310235567,155.93333333333334
EK202310239108,162.66666666666666
EK202320007089,141.46666666666667
EK202310188372,153.1
EK202310177026,141.83333333333334
EK202310130893,145.5
EK202310145973,171.03333333333333
EK202310168876,136.2
EK202320005981,154.26666666666668
EK202310158643,140.66666666666666
EK202310186188,150.9
EK202310134495,139.1
EK202310247686,133.76666666666668
EK202310150624,145.03333333333333
EK202310205684,132.6
EK202310130971,144.63333333333333
EK202310109938,139.3
EK202310157726,140.36666666666667
EK202310217250,148.83333333333334
EK202310232228,135.93333333333334
EK202310212931,150.8
EK202310224251,144.73333333333332
EK202310177088,132.13333333333333
EK202310178114,137.7
EK202310133902,139.96666666666667
EK202310243447,133.3
EK202310203833,136.83333333333334
EK202310205106,151.03333333333333
EK202310244839,157.0
EK202310153612,164.73333333333332
EK202310168129,131.1
EK202310210315,137.23333333333332
EK202310221450,140.33333333333334
EK202310229011,142.56666666666666
EK202310109445,137.33333333333334
EK202310172449,139.43333333333334
EK202310173624,137.5
EK202320007778,144.2
EK202310191821,138.4
EK202310163402,154.83333333333334
EK202310198726,179.96666666666667
EK202310235035,135.76666666666668
EK202310190400,132.03333333333333
EK202310223143,137.43333333333334
EK202310134393,164.1
EK202310190107,141.1
EK202310199104,151.93333333333334
EK202310198171,137.2
EK202310126236,134.3
EK202310110975,143.3
EK202310163529,140.86666666666667
EK202310208517,134.93333333333334
EK202310229161,127.23333333333333
EK202310224145,143.56666666666666
EK202310245526,134.2
EK202310105925,136.9
EK202310241775,138.3
EK202310131256,136.6
EK202310167720,140.26666666666668
EK202310128585,137.86666666666667
EK202310171250,141.66666666666666
EK202310136309,135.06666666666666
EK202310159794,149.36666666666667
EK202310147802,139.16666666666666
EK202310217371,140.26666666666668
EK202310142272,143.43333333333334
EK202310192020,159.13333333333333
EK202310121935,155.2
EK202320007881,149.76666666666668
EK202310144741,139.23333333333332
EK202310237080,149.06666666666666
EK202310121787,140.63333333333333
EK202310157606,141.63333333333333
EK202310171437,170.3
EK202310108122,143.8
EK202310151362,129.56666666666666
EK202310115777,125.3
EK202310239193,139.0
EK202310233042,128.4
EK202310202833,179.56666666666666
EK202310113174,162.13333333333333
EK202310167499,142.26666666666668
EK202310126289,138.26666666666668
EK202310129491,139.63333333333333
EK202320005784,148.0
EK202310170372,133.16666666666666
EK202310213906,146.5
EK202310199476,124.8
EK202310247011,150.96666666666667
EK202310195117,139.0
EK202310120294,127.36666666666666
EK202320007259,143.46666666666667
EK202310188597,146.83333333333334
EK202310165978,138.26666666666668
EK202310115867,140.76666666666668
EK202310193317,170.96666666666667
EK202310203873,145.56666666666666
EK202310205284,132.76666666666668
EK202310111575,128.46666666666667
EK202310225817,130.7
EK202310231254,138.46666666666667
EK202310183664,166.66666666666666
EK202310104179,132.33333333333334
EK202310230497,141.5
EK202310193284,150.13333333333333
EK202310147738,167.26666666666668
EK202310241264,157.93333333333334
EK202310199094,149.5
EK202310128153,161.76666666666668
EK202310177426,150.56666666666666
EK202310106407,156.86666666666667
EK202310224168,170.26666666666668
EK202310182894,144.23333333333332
EK202310196624,146.9
EK202310174799,145.23333333333332
EK202310244287,160.13333333333333
EK202310158225,137.76666666666668
EK202310158700,172.4
EK202310194647,135.73333333333332
EK202310176945,144.76666666666668
EK202310242585,135.93333333333334
EK202310168424,161.46666666666667
EK202310155163,148.3
EK202310124200,134.2
EK202310167074,148.56666666666666
EK202310227610,162.56666666666666
EK202310172440,182.03333333333333
EK202310224828,127.6
EK202310125087,138.83333333333334
EK202310172624,136.76666666666668
EK202310212981,124.66666666666667
EK202310212038,134.33333333333334
EK202310181888,142.0
EK202310151373,146.1
EK202310151400,177.7
EK202310129480,144.06666666666666
EK202310105531,141.63333333333333
EK202310168802,142.46666666666667
EK202310143364,138.86666666666667
EK202310124872,132.33333333333334
EK202310204355,133.86666666666667
EK202310151111,156.96666666666667
EK202310208992,134.1
EK202310214546,153.6
EK202310149411,140.0
EK202310142260,121.6
EK202310164059,134.93333333333334
EK202310109215,141.36666666666667
EK202310199582,145.2
EK202310127468,133.16666666666666
EK202310142858,145.1
EK202310203332,148.76666666666668
EK202310158565,169.63333333333333
EK202310172619,144.7
EK202310107206,107.06666666666666
EK202310211213,132.96666666666667
EK202310172337,140.2
EK202310220668,141.43333333333334
EK202310153800,134.93333333333334
EK202310211090,126.83333333333333
EK202310189907,143.26666666666668
EK202310187277,124.93333333333334
EK202310196375,135.13333333333333
EK202310133091,131.83333333333334
EK202310126566,134.8
EK202310157696,131.6
EK202310170462,130.26666666666668
EK202310187255,147.93333333333334
EK202310123459,139.26666666666668
EK202310145959,134.8
EK202310220363,157.3
EK202310139815,142.36666666666667
EK202310181913,133.33333333333334
EK202310109098,145.83333333333334
EK202310132727,151.53333333333333
EK202310122252,147.7
EK202310167093,170.53333333333333
EK202310139661,154.23333333333332
EK202310174818,149.2
EK202310166691,134.16666666666666
EK202310003691,169.06666666666666
EK202310237525,136.33333333333334
EK202310117373,151.13333333333333
EK202310179546,145.66666666666666
EK202310126077,134.46666666666667
EK202310184499,184.0
EK202310186109,149.03333333333333
EK202310106103,145.26666666666668
EK202310112500,135.63333333333333
EK202310133741,146.9
EK202310109783,138.7
EK202310117249,139.13333333333333
EK202310203878,138.33333333333334
EK202310196452,138.93333333333334
EK202310181760,156.83333333333334
EK202310112276,154.6
EK202310190428,154.33333333333334
EK202310217583,174.13333333333333
EK202320005844,133.06666666666666
EK202310206265,156.13333333333333
EK202310221855,131.2
EK202310152502,139.36666666666667
EK202310119997,135.36666666666667
EK202310234516,135.96666666666667
EK202310109706,161.33333333333334
EK202310148105,147.56666666666666
EK202310154560,135.86666666666667
EK202310236829,138.83333333333334
EK202310167010,139.13333333333333
EK202310240372,143.9
EK202310129679,155.83333333333334
EK202310213367,137.13333333333333
EK202310198361,158.46666666666667
EK202310154494,133.06666666666666
EK202310247393,153.06666666666666
EK202310233217,131.93333333333334
EK202310147827,148.86666666666667
EK202310115117,149.33333333333334
EK202310148420,149.8
EK202310190832,168.96666666666667
EK202310134924,133.06666666666666
EK202310188986,155.53333333333333
EK202310129065,153.8
EK202310191867,135.66666666666666
EK202310134983,134.33333333333334
EK202310113731,156.4
EK202310201726,142.0
EK202310230201,160.6
EK202310168525,158.73333333333332
EK202310244486,148.46666666666667
EK202310189155,165.16666666666666
EK202310140440,129.16666666666666
EK202310106749,139.03333333333333
EK202310179762,149.63333333333333
EK202310129836,141.26666666666668
EK202310220701,147.63333333333333
EK202310186360,135.06666666666666
EK202310109349,158.26666666666668
EK202310201338,146.3
EK202310212253,137.86666666666667
EK202310155921,132.96666666666667
EK202310205532,164.83333333333334
EK202310128471,152.0
EK202310201094,145.06666666666666
EK202310190383,152.23333333333332
EK202310110189,103.16666666666667
EK202310147602,139.43333333333334
EK202310198097,137.56666666666666
EK202310216064,123.6
EK202310211013,143.63333333333333
EK202310160719,158.23333333333332
EK202310176494,137.56666666666666
EK202310145249,132.36666666666667
EK202310235596,140.13333333333333
EK202310110412,134.96666666666667
EK202310200832,127.16666666666667
EK202310204509,148.4
EK202310149049,157.06666666666666
EK202310183661,147.8
EK202310216447,140.1
EK202310200320,140.46666666666667
EK202310161067,140.23333333333332
EK202310207130,139.53333333333333
EK202310145591,162.96666666666667
EK202310127977,146.3
EK202310161518,170.06666666666666
EK202310138156,123.16666666666667
EK202310244709,135.43333333333334
EK202310142566,152.46666666666667
EK202310124071,133.36666666666667
EK202310152858,167.8
EK202310190782,131.5
EK202310167544,134.96666666666667
EK202310192845,142.56666666666666
EK202310160817,134.33333333333334
EK202310196420,153.53333333333333
EK202310004827,138.06666666666666
EK202310227825,155.86666666666667
EK202310194467,145.66666666666666
EK202310113608,155.63333333333333
EK202310103781,126.66666666666667
EK202310221275,155.33333333333334
EK202310169673,129.5
EK202310190005,145.9
EK202310188898,151.16666666666666
EK202310183079,146.83333333333334
EK202310166912,132.56666666666666
EK202310142437,156.6
EK202310212298,136.83333333333334
EK202310109551,140.36666666666667
EK202310222094,147.23333333333332
EK202310202049,143.06666666666666
EK202310212471,140.76666666666668
EK202310187583,161.16666666666666
EK202310188837,134.23333333333332
EK202310220895,138.86666666666667
EK202310108270,138.73333333333332
EK202310186872,154.16666666666666
EK202310156937,132.23333333333332
EK202310242846,151.6
EK202310186481,141.66666666666666
EK202310221455,140.46666666666667
EK202310180574,135.6
EK202310168049,140.96666666666667
EK202310133898,161.76666666666668
EK202310168746,137.23333333333332
EK202310212474,139.73333333333332
EK202310161742,156.2
EK202310181202,157.86666666666667
EK202310200036,139.86666666666667
EK202310184172,153.0
EK202310239220,154.83333333333334
EK202310165958,139.03333333333333
EK202310212102,142.8
EK202310218823,149.23333333333332
EK202310151307,140.16666666666666
EK202310204250,147.73333333333332
EK202310183865,152.1
EK202310149510,146.13333333333333
EK202320006769,145.66666666666666
EK202310227796,132.93333333333334
EK202310248710,142.9
EK202310198205,141.6
EK202310135989,130.13333333333333
EK202310124456,127.1
EK202310221007,136.1
EK202310126207,156.16666666666666
EK202310181795,142.2
EK202310168767,134.7
EK202310119332,129.53333333333333
EK202310135427,134.6
EK202310206685,143.96666666666667
EK202310241653,129.3
EK202310196379,141.36666666666667
EK202310120248,163.7
EK202310172212,148.93333333333334
EK202310181585,136.13333333333333
EK202320006780,165.83333333333334
EK202310133161,129.06666666666666
EK202310109841,142.73333333333332
EK202310152371,161.96666666666667
EK202310125316,134.13333333333333
EK202310127854,151.33333333333334
EK202310208551,143.6
EK202310172019,137.73333333333332
EK202320005655,159.16666666666666
EK202310117833,126.83333333333333
EK202310110950,137.93333333333334
EK202310244018,126.76666666666667
EK202310234592,145.66666666666666
EK202310136966,139.1
EK202310185914,148.73333333333332
EK202310236175,132.66666666666666
EK202310187917,152.43333333333334
EK202310004461,144.7
EK202310131974,138.33333333333334
EK202310184967,145.03333333333333
EK202310185067,145.5
EK202310236069,135.33333333333334
EK202310186869,138.33333333333334
EK202310149914,138.9
EK202310154439,138.9
EK202310117130,169.5
EK202310192819,139.93333333333334
EK202310158666,157.66666666666666
EK202310197005,149.0
EK202310203581,135.53333333333333
EK202310178102,140.53333333333333
EK202310224457,141.46666666666667
EK202310118618,130.1
EK202310185500,156.36666666666667
EK202310213431,134.03333333333333
EK202310201151,174.6
EK202310228224,146.93333333333334
EK202310148041,149.0
EK202310178742,162.46666666666667
EK202310227550,133.43333333333334
EK202310119869,164.53333333333333
EK202310146474,146.03333333333333
EK202310123299,130.36666666666667
EK202310187842,142.06666666666666
EK202310155425,132.03333333333333
EK202310210739,138.46666666666667
EK202310177302,161.33333333333334
EK202310202123,166.03333333333333
EK202310104749,138.7
EK202310185079,124.8
EK202310132781,138.23333333333332
EK202310193932,132.9
EK202310189612,125.03333333333333
EK202310201902,155.13333333333333
EK202310208534,147.53333333333333
EK202310189130,139.03333333333333
EK202310215684,138.06666666666666
EK202310160446,141.9
EK202310133958,172.13333333333333
EK202310176688,159.1
EK202310211793,136.53333333333333
EK202310210111,126.1
EK202310232666,129.56666666666666
EK202310128743,147.56666666666666
EK202310130719,133.36666666666667
EK202310004334,142.03333333333333
EK202310126855,144.56666666666666
EK202310152426,134.33333333333334
EK202310188746,140.06666666666666
EK202310236429,138.1
EK202310170500,136.36666666666667
EK202310124582,142.03333333333333
EK202310181729,172.06666666666666
EK202310224787,128.5
EK202310108930,152.13333333333333
EK202310104434,136.2
EK202310115530,133.46666666666667
EK202310184629,176.06666666666666
EK202310217615,135.06666666666666
EK202310228010,130.36666666666667
EK202310199351,148.83333333333334
EK202310231067,155.93333333333334
EK202310215633,139.2
EK202310142323,168.6
EK202310244740,147.86666666666667
EK202310173913,152.6
EK202310218786,142.1
EK202310215448,150.1
EK202310114357,154.6
EK202310197601,138.5
EK202310247322,164.73333333333332
EK202310231270,144.23333333333332
EK202310142374,121.16666666666667
EK202310117138,146.06666666666666
EK202310176849,134.23333333333332
EK202310109114,142.7
EK202310182696,144.63333333333333
EK202310135900,141.03333333333333
EK202310123905,149.43333333333334
EK202310130761,128.96666666666667
EK202310122276,145.0
EK202310121513,163.43333333333334
EK202310168032,149.5
EK202310213827,131.93333333333334
EK202310115189,136.96666666666667
EK202310138716,140.36666666666667
EK202310246376,142.3
EK202310227795,140.1
EK202310138696,142.56666666666666
EK202310194234,140.1
EK202310184761,153.23333333333332
EK202310162543,159.4
EK202310236480,138.3
EK202310209507,128.3
EK202310136499,130.86666666666667
EK202310204660,134.03333333333333
EK202310111522,142.76666666666668
EK202310105606,134.03333333333333
EK202320007453,140.56666666666666
EK202310232384,133.06666666666666
EK202310206748,141.6
EK202310241912,157.0
EK202310124064,131.8
EK202310122759,111.33333333333333
EK202310190369,155.83333333333334
EK202310186879,154.4
EK202310149694,127.06666666666666
EK202310223534,145.2
EK202310159550,147.36666666666667
EK202310221243,138.83333333333334
EK202310244635,143.9
EK202310198162,132.86666666666667
EK202310125552,137.43333333333334
EK202310132850,132.23333333333332
EK202320005964,160.16666666666666
EK202310126781,156.03333333333333
EK202310147128,148.33333333333334
EK202310226818,146.73333333333332
EK202310124338,136.06666666666666
EK202310225790,137.03333333333333
EK202310144382,142.03333333333333
EK202310160141,149.6
EK202310177663,141.6
EK202310231419,133.26666666666668
EK202310141307,142.06666666666666
EK202310119017,146.06666666666666
EK202310219691,130.4
EK202310114034,136.33333333333334
EK202310207177,156.1
EK202310120353,139.8
EK202310003709,125.96666666666667
EK202310208102,151.46666666666667
EK202310117194,152.06666666666666
EK202310160414,144.93333333333334
EK202310128750,129.03333333333333
EK202310236926,157.46666666666667
EK202310230067,153.4
EK202310209445,138.3
EK202310237314,156.26666666666668
EK202310232234,135.2
EK202310150354,158.6
EK202310196951,168.5
EK202310194465,147.46666666666667
EK202310193016,146.6
EK202310151083,136.23333333333332
EK202310184367,145.93333333333334
EK202310112469,155.53333333333333
EK202310192489,133.6
EK202310224546,131.23333333333332
EK202310247421,155.46666666666667
EK202310194417,145.73333333333332
EK202310121339,118.0
EK202310190360,134.96666666666667
EK202310226836,163.4
EK202310168945,133.03333333333333
EK202310227078,133.86666666666667
EK202310232895,128.1
EK202310230495,147.46666666666667
EK202310246097,143.26666666666668
EK202310202842,134.13333333333333
EK202310220262,136.23333333333332
EK202310134200,146.16666666666666
EK202310203601,147.43333333333334
EK202310190558,141.16666666666666
EK202310232949,125.4
EK202310195423,150.96666666666667
EK202310164136,153.26666666666668
EK202310111473,136.8
EK202310194752,149.5
EK202310139201,171.76666666666668
EK202310215712,152.0
EK202310126580,158.83333333333334
EK202310143206,148.7
EK202310222539,131.16666666666666
EK202310239797,131.76666666666668
EK202310157767,134.23333333333332
EK202310237925,150.2
EK202310227346,152.76666666666668
EK202310222227,137.36666666666667
EK202310231460,134.06666666666666
EK202310105762,165.23333333333332
EK202310149701,146.93333333333334
EK202310231185,134.0
EK202310187011,151.66666666666666
EK202310188048,143.33333333333334
EK202310147979,153.96666666666667
EK202310136963,151.3
EK202310223233,147.06666666666666
EK202310147717,129.46666666666667
EK202310235875,129.43333333333334
EK202310146872,141.4
EK202310114622,143.43333333333334
EK202310127235,144.16666666666666
EK202310170129,129.83333333333334
EK202310174462,156.06666666666666
EK202310239145,149.23333333333332
EK202310103947,166.1
EK202310118725,148.03333333333333
EK202310181241,143.53333333333333
EK202310215016,158.56666666666666
EK202310197863,140.1
EK202310162387,141.73333333333332
EK202310108126,140.3
EK202310207445,156.86666666666667
EK202310003781,147.5
EK202310153594,150.6
EK202310234731,145.7
EK202310112047,148.43333333333334
EK202310246932,142.3
EK202310218014,143.73333333333332
EK202310159032,146.5
EK202310108938,151.56666666666666
EK202310126068,145.56666666666666
EK202310146294,139.33333333333334
EK202310197490,153.1
EK202310235805,147.6
EK202310244213,134.13333333333333
EK202310169974,144.13333333333333
EK202310180762,142.0
EK202310117588,131.2
EK202310146489,139.43333333333334
EK202310242008,142.5
EK202310175256,150.93333333333334
EK202310183438,149.7
EK202310216482,160.93333333333334
EK202310150432,136.13333333333333
EK202310224664,131.43333333333334
EK202310182573,144.1
EK202310227828,144.3
EK202310183759,142.3
EK202310168521,150.3
EK202310183715,154.76666666666668
EK202310142868,131.66666666666666
EK202310202199,148.46666666666667
EK202310167759,137.76666666666668
EK202310229275,137.93333333333334
EK202310229628,155.2
EK202310190352,153.13333333333333
EK202310234142,123.7
EK202310141693,129.73333333333332
EK202310133997,136.66666666666666
EK202310180676,141.13333333333333
EK202310127990,143.0
EK202310194053,186.33333333333334
EK202310240865,147.93333333333334
EK202310238191,142.36666666666667
EK202310218152,147.86666666666667
EK202310192642,143.9
EK202310113518,144.7
EK202310177048,148.33333333333334
EK202310003870,126.8
EK202310184101,139.26666666666668
EK202310123625,153.5
EK202310105534,136.3
EK202310130598,138.36666666666667
EK202310183150,150.1
EK202310223939,148.6
EK202310151237,147.93333333333334
EK202310150186,138.06666666666666
EK202310119286,179.1
EK202310147962,149.83333333333334
EK202310195618,125.4
EK202310146717,132.2
EK202310226225,122.6
EK202310108305,147.2
EK202310132381,127.6
EK202310130474,131.8
EK202310123530,136.83333333333334
EK202310207610,168.46666666666667
EK202310142942,161.23333333333332
EK202310181486,139.16666666666666
EK202310227391,146.23333333333332
EK202310219674,138.33333333333334
EK202310231118,139.6
EK202310156122,140.8
EK202310168356,143.33333333333334
EK202310152965,140.73333333333332
EK202310240478,160.66666666666666
EK202310220260,131.73333333333332
EK202310166323,149.56666666666666
EK202310130108,153.13333333333333
EK202310139786,138.2
EK202310163761,132.16666666666666
EK202310221197,140.2
EK202310194216,181.06666666666666
EK202310209659,130.7
EK202310214603,162.9
EK202310108794,167.26666666666668
EK202310152434,155.33333333333334
EK202310134754,130.56666666666666
EK202310236812,143.5
EK202310167567,143.26666666666668
EK202310203493,150.93333333333334
EK202310175040,132.66666666666666
EK202310205734,153.73333333333332
EK202310104881,139.73333333333332
EK202310188034,144.5
EK202320007581,142.36666666666667
EK202310004300,133.43333333333334
EK202310126491,133.53333333333333
EK202310236882,138.1
EK202310151164,142.5
EK202310106280,159.9
EK202310163693,148.33333333333334
EK202310168683,139.36666666666667
EK202310189719,164.66666666666666
EK202310233687,142.26666666666668
EK202310201579,141.16666666666666
EK202310202351,133.9
EK202310180846,138.23333333333332
EK202310170131,144.1
EK202310113992,122.83333333333333
EK202310225909,153.53333333333333
EK202310118201,142.76666666666668
EK202310184100,145.53333333333333
EK202310169994,144.93333333333334
EK202310186322,144.4
EK202310187689,141.9
EK202310241609,121.33333333333333
EK202310112492,132.96666666666667
EK202310216335,138.0
EK202310207022,159.86666666666667
EK202310125948,136.3
EK202310127865,151.3
EK202310174681,149.93333333333334
EK202310233071,142.16666666666666
EK202310193133,137.7
EK202310132000,135.66666666666666
EK202310103983,152.2
EK202310191233,140.6
EK202310231154,134.93333333333334
EK202310116716,139.96666666666667
EK202310179545,148.16666666666666
EK202310206643,132.83333333333334
EK202310134367,151.8
EK202310176122,142.76666666666668
EK202310214013,142.36666666666667
EK202310134741,141.06666666666666
EK202310174213,134.0
EK202310141096,169.13333333333333
EK202310206920,153.43333333333334
EK202310194809,177.43333333333334
EK202310202514,142.1
EK202310110026,151.23333333333332
EK202310104374,125.63333333333334
EK202310120332,135.23333333333332
EK202310157554,138.9
EK202310204383,131.36666666666667
EK202310208398,142.36666666666667
EK202310118265,122.46666666666667
EK202310231010,130.16666666666666
EK202310213437,131.43333333333334
EK202310146583,128.93333333333334
EK202310195386,155.33333333333334
EK202310228443,155.16666666666666
EK202310123135,146.9
EK202310142556,154.83333333333334
EK202310245462,143.6
EK202310234824,137.73333333333332
EK202310197141,160.76666666666668
EK202310229145,142.56666666666666
EK202310209147,150.2
EK202310214152,163.86666666666667
EK202310164947,131.3
EK202310222842,134.86666666666667
EK202310211770,132.13333333333333
EK202310004960,135.7
EK202310239260,132.06666666666666
EK202310115431,145.6
EK202310202893,132.36666666666667
EK202310205187,155.46666666666667
EK202310202065,135.0
EK202310127001,138.63333333333333
EK202310181721,159.46666666666667
EK202310161325,151.83333333333334
EK202310140540,145.53333333333333
EK202310167097,141.33333333333334
EK202310140718,134.16666666666666
EK202310149480,137.33333333333334
EK202310183531,150.46666666666667
EK202310148864,152.96666666666667
EK202310003701,133.0
EK202310144900,131.8
EK202310144750,142.0
EK202310162709,148.86666666666667
EK202310186895,137.93333333333334
EK202310226408,151.43333333333334
EK202320007110,146.36666666666667
EK202310162496,166.63333333333333
EK202310212196,144.96666666666667
EK202310239361,129.2
EK202310125997,128.63333333333333
EK202310246168,140.13333333333333
EK202310193381,146.13333333333333
EK202310190604,149.73333333333332
EK202310111954,130.7
EK202310176791,140.06666666666666
EK202310141476,134.56666666666666
EK202310221421,153.4
EK202310129409,148.33333333333334
EK202310122129,143.6
EK202310149924,164.9
EK202310179998,127.23333333333333
EK202310195558,146.86666666666667
EK202310112050,132.13333333333333
EK202310136298,134.66666666666666
EK202310146636,133.0
EK202310239762,138.13333333333333
EK202310200996,142.83333333333334
EK202310223066,135.23333333333332
EK202310167187,145.46666666666667
EK202310124533,166.7
EK202310143956,175.1
EK202310178323,143.26666666666668
EK202310224950,168.06666666666666
EK202310179276,129.33333333333334
EK202310246017,140.56666666666666
EK202320006428,170.13333333333333
EK202310241114,134.6
EK202310217472,144.83333333333334
EK202310162260,147.76666666666668
EK202310240436,140.56666666666666
EK202310198123,146.76666666666668
EK202310156200,147.3
EK202310141977,156.56666666666666
EK202310223019,130.13333333333333
EK202310193508,158.1
EK202310222293,135.83333333333334
EK202310156492,163.06666666666666
EK202310180531,127.33333333333333
EK202310225433,141.13333333333333
EK202310127891,139.93333333333334
EK202310228056,137.86666666666667
EK202310106710,144.03333333333333
EK202310183113,129.26666666666668
EK202310180843,137.63333333333333
EK202310204705,140.96666666666667
EK202310140212,157.66666666666666
EK202310179669,117.63333333333334
EK202310212869,131.66666666666666
EK202310203115,141.56666666666666
EK202310131490,144.4
EK202310109872,145.53333333333333
EK202310150034,180.13333333333333
EK202310174047,145.63333333333333
EK202310247649,136.4
EK202310217502,176.96666666666667
EK202310133755,141.83333333333334
EK202310169961,145.4
EK202310188670,153.2
EK202310238912,140.83333333333334
EK202310113770,160.13333333333333
EK202310146729,136.2
EK202310185503,155.6
EK202310245764,153.73333333333332
EK202310242449,141.1
EK202310206998,140.46666666666667
EK202310215872,144.8
EK202310130322,160.06666666666666
EK202310107786,151.43333333333334
EK202310201622,141.56666666666666
EK202310125291,138.06666666666666
EK202320007483,152.8
EK202310232956,152.33333333333334
EK202310134707,150.7
EK202320007480,153.86666666666667
EK202310203884,145.63333333333333
EK202310209390,142.8
EK202310105328,135.86666666666667
EK202310144128,124.03333333333333
EK202310115260,152.56666666666666
EK202310136404,135.5
EK202310200686,158.96666666666667
EK202310149205,135.96666666666667
EK202310224673,130.66666666666666
EK202310233927,137.4
EK202310231452,134.4
EK202310147484,156.4
EK202310227688,141.96666666666667
EK202310119870,155.7
EK202310230862,139.96666666666667
EK202310124325,129.2
EK202310174689,146.1
EK202310241097,126.13333333333334
EK202310201197,159.13333333333333
EK202310133296,140.6
EK202310233451,163.83333333333334
EK202310135940,132.3
EK202310107985,148.2
EK202310157602,140.53333333333333
EK202310139763,139.1
EK202310238145,153.73333333333332
EK202310168639,179.03333333333333
EK202310219394,157.5
EK202310216358,136.16666666666666
EK202310127032,132.73333333333332
EK202310148206,141.03333333333333
EK202310227757,167.3
EK202310112688,139.0
EK202310214245,141.96666666666667
EK202310124215,132.3
EK202310132325,146.53333333333333
EK202310245630,125.96666666666667
EK202310159135,124.16666666666667
EK202310153895,137.0
EK202310211988,132.16666666666666
EK202310185598,158.3
EK202310192392,130.6
EK202310242881,146.1
EK202310153163,152.86666666666667
EK202310179601,134.36666666666667
EK202310241826,159.8
EK202310125720,133.73333333333332
EK202310106591,150.1
EK202310162420,151.26666666666668
EK202310133893,142.96666666666667
EK202310168619,159.93333333333334
EK202310142512,137.56666666666666
EK202310197943,139.03333333333333
EK202310176141,152.96666666666667
EK202310149618,147.43333333333334
EK202310226109,134.0
EK202310122228,140.13333333333333
EK202310176047,155.53333333333333
EK202310198997,157.1
EK202310232656,145.53333333333333
EK202310182446,137.36666666666667
EK202310139943,149.83333333333334
EK202310165615,138.56666666666666
EK202310142885,129.56666666666666
EK202310193296,148.76666666666668
EK202310121667,128.23333333333332
EK202310223883,132.4
EK202310143204,138.3
EK202310205226,143.53333333333333
EK202310119065,149.5
EK202310213461,129.96666666666667
EK202310120362,132.03333333333333
EK202310194154,181.53333333333333
EK202310107601,156.7
EK202310204833,141.56666666666666
EK202310176205,146.63333333333333
EK202310154960,144.23333333333332
EK202310130425,162.83333333333334
EK202310126003,133.66666666666666
EK202310192656,143.73333333333332
EK202310213037,149.56666666666666
EK202310243222,143.33333333333334
EK202310132202,127.8
EK202310235252,138.53333333333333
EK202310160890,143.1
EK202310198189,129.63333333333333
EK202310119695,150.8
EK202310172550,149.5
EK202310229494,136.1
EK202310004450,137.43333333333334
EK202310146462,140.26666666666668
EK202310113248,150.93333333333334
EK202310221078,137.66666666666666
EK202310124198,135.86666666666667
EK202310212260,135.2
EK202310134794,142.73333333333332
EK202310221523,140.36666666666667
EK202310219960,143.3
EK202310121234,148.73333333333332
EK202310233970,138.5
EK202310188001,147.83333333333334
EK202310163334,142.26666666666668
EK202310208205,147.13333333333333
EK202310130304,153.13333333333333
EK202310154503,135.63333333333333
EK202310170798,138.13333333333333
EK202310152846,144.2
EK202310130702,136.03333333333333
EK202310203151,133.2
EK202310217313,130.83333333333334
EK202310233757,143.6
EK202310138726,149.2
EK202310156939,128.96666666666667
EK202310129985,125.13333333333334
EK202310190426,134.3
EK202310171121,131.83333333333334
EK202310214542,143.4
EK202310168552,141.26666666666668
EK202310183003,128.33333333333334
EK202310123726,145.83333333333334
EK202310181506,159.96666666666667
EK202310237990,127.86666666666666
EK202310162825,166.26666666666668
EK202310224013,129.3
EK202310158873,128.46666666666667
EK202310137354,158.76666666666668
EK202310123420,149.33333333333334
EK202310225576,133.93333333333334
EK202310229941,135.36666666666667
EK202310229623,142.23333333333332
EK202310107612,147.7
EK202310246113,139.93333333333334
EK202310144693,136.23333333333332
EK202310116502,137.16666666666666
EK202310139421,128.66666666666666
EK202310112631,137.0
EK202310106168,134.73333333333332
EK202310207682,146.43333333333334
EK202310157085,172.53333333333333
EK202310245691,133.06666666666666
EK202310200879,135.0
EK202310131443,142.93333333333334
EK202310196154,150.13333333333333
EK202310231226,140.8
EK202310210056,135.63333333333333
EK202310114898,138.06666666666666
EK202310203643,137.66666666666666
EK202310160283,153.46666666666667
EK202320005966,139.5
EK202310167009,149.13333333333333
EK202310191878,136.66666666666666
EK202310152713,157.26666666666668
EK202310179861,149.63333333333333
EK202310153872,149.56666666666666
EK202310106053,135.93333333333334
EK202310189085,135.56666666666666
EK202310212320,131.13333333333333
EK202310147327,152.3
EK202320006343,154.33333333333334
EK202310178068,141.1
EK202310216051,132.4
EK202310120390,138.53333333333333
EK202310150611,156.96666666666667
EK202310170657,151.2
EK202310132614,139.6
EK202310130044,152.6
EK202310230130,135.9
EK202310142200,141.9
EK202310142024,178.0
EK202310199015,138.96666666666667
EK202310129011,138.43333333333334
EK202310162645,151.43333333333334
EK202310165075,148.46666666666667
EK202310242200,149.66666666666666
EK202310216319,153.73333333333332
EK202310168191,121.7
EK202310173505,134.0
EK202310197116,166.33333333333334
EK202310196993,170.8
EK202310190097,155.63333333333333
EK202310243824,136.1
EK202310185884,176.36666666666667
EK202310115378,124.16666666666667
EK202310203204,156.23333333333332
EK202310118547,149.13333333333333
EK202310228351,138.0
EK202310243844,145.83333333333334
EK202310169224,125.2
EK202310173833,153.73333333333332
EK202310182027,138.3
EK202310128404,141.23333333333332
EK202310221581,173.8
EK202310202028,130.1
EK202310140548,136.13333333333333
EK202310134135,132.06666666666666
EK202310192158,143.0
EK202310112502,136.43333333333334
EK202310113790,158.23333333333332
EK202310218316,133.5
EK202310188343,141.43333333333334
EK202310176251,158.23333333333332
EK202310201210,169.86666666666667
EK202310231157,142.8
EK202310195345,169.76666666666668
EK202310151257,145.1
EK202310156988,134.06666666666666
EK202310225915,170.13333333333333
EK202310239080,139.63333333333333
EK202310210523,129.63333333333333
EK202310130378,145.0
EK202310152365,140.26666666666668
EK202320005984,142.16666666666666
EK202310228471,134.0
EK202310121673,130.23333333333332
EK202310239395,148.33333333333334
EK202310198842,140.2
EK202310241420,136.13333333333333
EK202310231742,148.03333333333333
EK202310131099,146.96666666666667
EK202310188446,124.0
EK202310190252,141.73333333333332
EK202310236866,136.13333333333333
EK202310207108,142.96666666666667
EK202310184757,168.43333333333334
EK202310104389,134.5
EK202310217076,140.96666666666667
EK202310106797,147.46666666666667
EK202310216511,147.43333333333334
EK202310209342,141.23333333333332
EK202310183200,157.06666666666666
EK202310145433,166.0
EK202310140014,138.63333333333333
EK202310125223,135.73333333333332
EK202310140119,156.76666666666668
EK202320005700,147.46666666666667
EK202310194061,168.26666666666668
EK202310195873,151.6
EK202310220232,146.86666666666667
EK202310216119,131.56666666666666
EK202310134968,155.13333333333333
EK202310174540,133.96666666666667
EK202310185424,139.33333333333334
EK202310125685,143.8
EK202310234710,131.63333333333333
EK202310214117,168.3
EK202320006910,139.2
EK202310231049,141.83333333333334
EK202310195331,170.1
EK202310194304,143.33333333333334
EK202310171159,140.0
EK202310138049,139.0
EK202310198003,147.53333333333333
EK202310159099,150.46666666666667
EK202310216629,134.23333333333332
EK202310191293,140.76666666666668
EK202310174065,158.8
EK202310191081,166.1
EK202310122728,132.23333333333332
EK202310244744,131.76666666666668
EK202310226033,141.0
EK202310232759,153.53333333333333
EK202310196945,163.76666666666668
EK202310223385,148.93333333333334
EK202310219176,132.03333333333333
EK202310131076,147.06666666666666
EK202310204889,136.63333333333333
EK202310125633,166.33333333333334
EK202310153304,167.4
EK202310138923,145.3
EK202310110215,137.2
EK202310212666,134.53333333333333
EK202310219342,130.73333333333332
EK202310161803,139.83333333333334
EK202310120553,136.86666666666667
EK202310230584,153.7
EK202310224579,137.0
EK202310171422,146.76666666666668
EK202310106867,132.63333333333333
EK202310121769,147.33333333333334
EK202310215792,131.86666666666667
EK202310138205,132.26666666666668
EK202310189070,161.3
EK202310151230,142.9
EK202310108779,137.6
EK202310167488,158.06666666666666
EK202310243336,131.8
EK202310124223,126.06666666666666
EK202310240547,145.5
EK202310191562,157.23333333333332
EK202310140508,123.2
EK202310119457,144.5
EK202310179610,123.1
EK202310146453,140.9
EK202310163261,161.56666666666666
EK202310214487,170.0
EK202310195013,135.23333333333332
EK202310129643,133.0
EK202310106761,139.56666666666666
EK202310132636,147.0
EK202310205792,131.73333333333332
EK202310176096,131.83333333333334
EK202310132675,146.4
EK202310203792,125.16666666666667
EK202310188904,144.73333333333332
EK202310233751,134.13333333333333
EK202310105923,130.53333333333333
EK202310176082,141.63333333333333
EK202310231901,146.76666666666668
EK202310117263,147.23333333333332
EK202310189853,150.96666666666667
EK202310161443,143.4
EK202310245106,159.2
EK202310203080,147.83333333333334
EK202310229771,140.66666666666666
EK202310178345,144.06666666666666
EK202310212555,144.93333333333334
EK202310183797,144.83333333333334
EK202310247956,130.8
EK202310137158,143.06666666666666
EK202310121175,148.56666666666666
EK202310142530,152.1
EK202310145622,136.36666666666667
EK202310110044,140.2
EK202310141565,139.06666666666666
EK202310203553,150.86666666666667
EK202310186294,155.73333333333332
EK202310232455,132.73333333333332
EK202310234707,134.66666666666666
EK202310190127,150.53333333333333
EK202310116984,122.1
EK202310113225,140.9
EK202310153087,152.8
EK202310162145,140.3
EK202310241242,157.73333333333332
EK202310199480,142.4
EK202310133097,142.2
EK202310148951,146.4
EK202310164526,160.93333333333334
EK202310157028,133.9
EK202310174361,142.93333333333334
EK202310186033,126.0
EK202310218703,144.06666666666666
EK202310179140,137.33333333333334
EK202310185393,150.56666666666666
EK202310109267,143.4
EK202310188479,131.5
EK202310132207,151.53333333333333
EK202320007399,154.93333333333334
EK202310118229,144.43333333333334
EK202310125154,139.23333333333332
EK202310140377,139.33333333333334
EK202310198868,127.93333333333334
EK202310209658,136.8
EK202310241949,157.26666666666668
EK202310179752,151.13333333333333
EK202310117086,138.36666666666667
EK202310166263,151.86666666666667
EK202310203482,155.46666666666667
EK202310164665,142.1
EK202310168393,160.63333333333333
EK202310131582,147.3
EK202310150017,134.56666666666666
EK202310150912,145.33333333333334
EK202310117341,152.86666666666667
EK202310181073,127.4
EK202310172053,156.03333333333333
EK202310239963,147.4
EK202310132072,142.73333333333332
EK202310192876,146.06666666666666
EK202310152121,145.4
EK202310213403,132.43333333333334
EK202310239334,135.6
EK202310148570,162.36666666666667
EK202310155053,135.93333333333334
EK202310132986,128.96666666666667
EK202310110729,164.5
EK202310174910,155.9
EK202310187690,143.63333333333333
EK202310127998,161.66666666666666
EK202310137683,139.66666666666666
EK202310108081,138.76666666666668
EK202310239262,161.2
EK202310182783,131.56666666666666
EK202310204488,156.86666666666667
EK202310199126,179.83333333333334
EK202310107243,148.1
EK202310105267,158.4
EK202310152097,171.0
EK202310125739,148.56666666666666
EK202310170277,144.76666666666668
EK202310237606,146.3
EK202310234522,137.86666666666667
EK202310161698,128.53333333333333
EK202310165822,137.2
EK202310248288,146.33333333333334
EK202310136063,174.13333333333333
EK202310117203,158.3
EK202310154981,144.66666666666666
EK202310232175,137.3
EK202310144896,127.56666666666666
EK202310142768,147.2
EK202310160960,129.23333333333332
EK202310163131,132.33333333333334
EK202310239813,126.9
EK202310144375,163.96666666666667
EK202310175307,158.6
EK202310227665,143.56666666666666
EK202310132201,138.03333333333333
EK202310143654,151.76666666666668
EK202310197398,128.13333333333333
EK202310247650,124.0
EK202310218583,140.63333333333333
EK202310185132,130.96666666666667
EK202310166220,149.66666666666666
EK202310183470,127.06666666666666
EK202310193070,149.96666666666667
EK202310127467,129.13333333333333
EK202310208200,135.53333333333333
EK202310230712,144.86666666666667
EK202310137427,145.06666666666666
EK202310140112,133.76666666666668
EK202310223686,133.1
EK202310176982,149.26666666666668
EK202310118244,131.13333333333333
EK202310151713,135.5
EK202310212261,130.06666666666666
EK202310134611,137.6
EK202310120945,147.16666666666666
EK202310151019,163.63333333333333
EK202310141095,145.5
EK202310137745,128.0
EK202310225567,150.03333333333333
EK202310216872,161.33333333333334
EK202310212300,135.23333333333332
EK202310225881,148.06666666666666
EK202310151821,128.86666666666667
EK202310129868,149.6
EK202310156170,166.93333333333334
EK202320006992,139.4
EK202310173073,137.06666666666666
EK202310240592,142.5
EK202310128981,131.93333333333334
EK202310225347,169.7
EK202310107505,153.76666666666668
EK202310004769,133.86666666666667
EK202310192529,131.7
EK202310205344,151.5
EK202310241518,136.53333333333333
EK202310188554,151.1
EK202310185562,145.63333333333333
EK202310154855,160.13333333333333
EK202310175481,170.4
EK202310157901,135.26666666666668
EK202310221152,140.2
EK202310200465,139.0
EK202310183211,131.86666666666667
EK202310194651,150.73333333333332
EK202310116691,140.13333333333333
EK202310219488,136.5
EK202310155631,158.5
EK202310168504,144.5
EK202310199253,150.96666666666667
EK202310221668,138.46666666666667
EK202310212285,133.43333333333334
EK202310172945,144.7
EK202310186658,144.33333333333334
EK202310222256,140.2
EK202310224152,142.96666666666667
EK202310128793,139.5
EK202310120896,129.76666666666668
EK202310120399,149.16666666666666
EK202310169743,136.1
EK202310248477,141.16666666666666
EK202310116273,148.5
EK202310247694,144.83333333333334
EK202310215708,142.33333333333334
EK202310236946,134.53333333333333
EK202310200762,158.3
EK202310178415,144.7
EK202310144132,158.13333333333333
EK202310225926,131.6
EK202310148881,148.6
EK202310177347,168.6
EK202310213539,135.13333333333333
EK202310208401,146.5
EK202310238371,140.73333333333332
EK202310234534,144.46666666666667
EK202310136323,136.73333333333332
EK202310135243,133.8
EK202310202317,143.33333333333334
EK202310226279,146.73333333333332
EK202310203743,133.3
EK202310205749,163.63333333333333
EK202310004277,163.03333333333333
EK202310113847,123.56666666666666
EK202310194210,144.7
EK202310183278,145.7
EK202310145260,134.43333333333334
EK202310239730,140.26666666666668
EK202310228304,132.4
EK202310152088,157.8
EK202310154058,134.8
EK202310136681,134.23333333333332
EK202310117313,150.73333333333332
EK202310233274,136.66666666666666
EK202310179794,136.13333333333333
EK202310135084,174.43333333333334
EK202310206633,147.8
EK202310234183,127.46666666666667
EK202310143964,131.46666666666667
EK202310158947,157.16666666666666
EK202310137263,138.26666666666668
EK202310203360,147.2
EK202310004905,142.73333333333332
EK202310140955,147.4
EK202310214327,173.36666666666667
EK202310222556,138.26666666666668
EK202310128510,165.26666666666668
EK202310119821,152.6
EK202310120108,141.5
EK202310212000,129.5
EK202310105271,152.36666666666667
EK202310229500,142.63333333333333
EK202310110970,143.3
EK202310105364,142.36666666666667
EK202310108637,147.16666666666666
EK202310164376,177.9
EK202310230032,153.63333333333333
EK202310236376,135.56666666666666
EK202310181052,122.3
EK202310203281,147.23333333333332
EK202310181885,142.56666666666666
EK202310138885,128.66666666666666
EK202310121415,141.56666666666666
EK202310186231,143.13333333333333
EK202310212814,155.9
EK202310233197,130.83333333333334
EK202310184928,135.26666666666668
EK202310109218,144.2
EK202310189923,158.83333333333334
EK202310212951,141.7
EK202310166071,170.46666666666667
EK202310151335,124.86666666666666
EK202310106930,130.76666666666668
EK202310146184,175.16666666666666
EK202310178125,141.86666666666667
EK202310167170,119.1
EK202310144047,173.7
EK202310161545,150.83333333333334
EK202310110114,139.93333333333334
EK202310197034,157.0
EK202310125522,131.76666666666668
EK202310239777,136.73333333333332
EK202310183013,138.43333333333334
EK202310201498,149.53333333333333
EK202310233357,138.33333333333334
EK202310193361,128.7
EK202310160811,153.0
EK202310167037,155.36666666666667
EK202310209597,136.53333333333333
EK202310196969,169.93333333333334
EK202310123103,130.93333333333334
EK202310122187,142.83333333333334
EK202310197780,170.83333333333334
EK202310217861,131.2
EK202310239177,153.36666666666667
EK202310184410,155.23333333333332
EK202310198476,122.56666666666666
EK202310145712,133.23333333333332
EK202310125391,143.13333333333333
EK202310162973,154.36666666666667
EK202320007481,143.06666666666666
EK202310211032,139.16666666666666
EK202310184725,145.56666666666666
EK202310121942,159.26666666666668
EK202310146503,131.13333333333333
EK202310186497,165.66666666666666
EK202310141946,142.2
EK202310188222,155.46666666666667
EK202310237766,142.33333333333334
EK202310224087,151.43333333333334
EK202310245643,140.86666666666667
EK202310153868,139.1
EK202310117630,137.33333333333334
EK202310150168,135.1
EK202310104804,139.66666666666666
EK202310227586,126.83333333333333
EK202310226962,154.43333333333334
EK202310204684,128.46666666666667
EK202310106991,148.93333333333334
EK202310219834,151.96666666666667
EK202310240450,141.93333333333334
EK202310214713,146.4
EK202310153479,139.96666666666667
EK202320006589,153.4
EK202310151125,174.53333333333333
EK202310170205,139.96666666666667
EK202310174684,141.56666666666666
EK202310145286,160.36666666666667
EK202310174584,139.5
EK202310183058,146.66666666666666
EK202310233099,137.63333333333333
EK202310144550,165.06666666666666
EK202310207112,145.46666666666667
EK202310232978,136.53333333333333
EK202310115348,138.66666666666666
EK202310183741,153.6
EK202310144742,130.96666666666667
EK202310178484,156.26666666666668
EK202310151424,182.33333333333334
EK202310223346,137.5
EK202310138234,148.56666666666666
EK202310190044,141.53333333333333
EK202310210164,161.9
EK202310175594,145.16666666666666
EK202310139802,138.5
EK202310133593,162.6
EK202310236059,130.7
EK202310247892,137.46666666666667
EK202310228841,136.63333333333333
EK202310142116,136.66666666666666
EK202310139752,127.66666666666667
EK202310247535,166.33333333333334
EK202310204858,137.0
EK202310127198,168.76666666666668
EK202310212663,137.46666666666667
EK202310133054,134.1
EK202310116254,148.16666666666666
EK202310140288,143.13333333333333
EK202310242550,139.53333333333333
EK202310208841,152.93333333333334
EK202310167295,155.56666666666666
EK202310109419,139.36666666666667
EK202310233386,150.13333333333333
EK202310214181,144.6
EK202310180240,147.46666666666667
EK202310181535,143.26666666666668
EK202310191715,160.53333333333333
EK202310157953,170.1
EK202310234893,141.86666666666667
EK202310160253,154.8
EK202310141553,139.13333333333333
EK202310207337,159.86666666666667
EK202310131278,130.16666666666666
EK202310178817,178.3
EK202310106002,139.43333333333334
EK202310166631,125.73333333333333
EK202310107493,126.43333333333334
EK202310194394,147.13333333333333
EK202310222252,153.1
EK202310247371,127.2
EK202310160792,142.1
EK202310225122,171.73333333333332
EK202310214184,155.3
EK202310191751,138.73333333333332
EK202310237163,171.4
EK202310225188,141.66666666666666
EK202310202616,153.8
EK202310143696,137.96666666666667
EK202310132352,139.1
EK202310214086,137.03333333333333
EK202310137011,177.46666666666667
EK202310248717,141.33333333333334
EK202310200235,131.36666666666667
EK202310144103,138.3
EK202310111910,140.9
EK202310225339,136.13333333333333
EK202310246108,145.2
EK202310180876,141.96666666666667
EK202310237122,139.13333333333333
EK202310112441,132.6
EK202310179395,127.7
EK202310157137,136.0
EK202310136914,170.93333333333334
EK202310127925,121.76666666666667
EK202310210485,142.96666666666667
EK202310215065,133.6
EK202310113641,154.2
EK202310204283,132.03333333333333
EK202310150194,139.53333333333333
EK202310118749,131.66666666666666
EK202310186678,147.2
EK202310110316,137.5
EK202310190151,137.3
EK202310119041,132.73333333333332
EK202310140703,153.26666666666668
EK202310236754,141.66666666666666
EK202310200936,137.93333333333334
EK202310200923,153.63333333333333
EK202320005983,146.36666666666667
EK202310173120,148.63333333333333
EK202310131266,125.73333333333333
EK202310182913,145.13333333333333
EK202310126468,134.8
EK202310240681,151.7
EK202310163541,150.13333333333333
EK202310133063,146.46666666666667
EK202310187205,152.16666666666666
EK202310176435,150.73333333333332
EK202310113625,153.46666666666667
EK202310153932,123.63333333333334
EK202310216429,145.93333333333334
EK202310124022,144.63333333333333
EK202310187335,162.06666666666666
EK202310227041,164.6
EK202310173817,136.73333333333332
EK202310131798,157.26666666666668
EK202310225142,141.33333333333334
EK202310180166,142.13333333333333
EK202310119416,145.1
EK202310200200,130.43333333333334
EK202310150439,139.7
EK202310130027,151.1
EK202310179043,148.36666666666667
EK202310183695,160.3
EK202310175077,145.96666666666667
EK202310112086,136.0
EK202310225730,138.96666666666667
EK202310215244,163.8
EK202310191753,148.0
EK202310174965,135.36666666666667
EK202310157557,149.1
EK202310159970,149.0
EK202310129081,155.66666666666666
EK202310107248,135.06666666666666
EK202310180853,139.83333333333334
EK202310181698,173.33333333333334
EK202310222641,145.23333333333332
EK202310189633,143.26666666666668
EK202310105178,144.7
EK202310109844,135.33333333333334
EK202310239039,169.56666666666666
EK202310114472,139.46666666666667
EK202310179622,141.73333333333332
EK202310115407,154.53333333333333
EK202310106728,146.9
EK202310206467,130.13333333333333
EK202310169318,138.83333333333334
EK202310113553,155.96666666666667
EK202310148432,150.46666666666667
EK202310224899,158.43333333333334
EK202310218411,135.46666666666667
EK202310108919,152.13333333333333
EK202310175334,137.06666666666666
EK202310225062,154.53333333333333
EK202310158879,181.9
EK202310226440,144.76666666666668
EK202310224115,136.93333333333334
EK202310148638,143.16666666666666
EK202310233064,173.83333333333334
EK202310158419,155.1
EK202310241484,137.76666666666668
EK202310163712,150.56666666666666
EK202310186217,162.13333333333333
EK202310142453,161.2
EK202310137405,138.86666666666667
EK202310185670,154.16666666666666
EK202310150583,131.2
EK202310227556,143.06666666666666
EK202310234889,136.23333333333332
EK202310111783,146.2
EK202310127384,142.86666666666667
EK202310113072,151.1
EK202310160328,140.16666666666666
EK202310188693,177.16666666666666
EK202310104466,148.33333333333334
EK202310143296,159.86666666666667
EK202310212529,160.96666666666667
EK202310207081,152.63333333333333
EK202310239036,156.3
EK202310114317,140.86666666666667
EK202310004599,151.0
EK202310165205,138.4
EK202310162068,165.96666666666667
EK202310109742,150.8
EK202310151519,181.73333333333332
EK202310164727,137.23333333333332
EK202310193975,145.5
EK202310176843,133.66666666666666
EK202310238118,142.0
EK202310231683,136.43333333333334
EK202310170288,149.53333333333333
EK202310233487,126.86666666666666
EK202310144532,124.3
EK202310118690,148.2
EK202310236135,159.63333333333333
EK202310220057,142.4
EK202310136020,158.33333333333334
EK202310120718,132.96666666666667
EK202310205363,144.16666666666666
EK202310110765,150.73333333333332
EK202310130164,159.9
EK202310170195,136.63333333333333
EK202310131195,136.0
EK202310197794,170.66666666666666
EK202310189698,149.76666666666668
EK202310180559,135.7
EK202310193333,187.4
EK202310164974,141.2
EK202310126083,138.66666666666666
EK202310189770,135.5
EK202310123085,143.4
EK202310130001,144.4
EK202310141464,136.3
EK202310116699,145.23333333333332
EK202310126001,127.7
EK202310153591,143.46666666666667
EK202310110843,150.23333333333332
EK202310234696,144.5
EK202310218654,140.53333333333333
EK202310160361,144.93333333333334
EK202310232799,154.2
EK202310172223,141.5
EK202310107432,127.36666666666666
EK202310115124,151.3
EK202310240700,143.86666666666667
EK202310166544,138.56666666666666
EK202310116517,138.86666666666667
EK202310209466,133.13333333333333
EK202310115034,142.9
EK202320007112,144.53333333333333
EK202310155572,127.06666666666666
EK202310184647,186.23333333333332
EK202310237715,136.93333333333334
EK202310140880,135.26666666666668
EK202310171935,144.53333333333333
EK202310110649,153.3
EK202310235243,136.76666666666668
EK202310222984,165.7
EK202310103848,141.66666666666666
EK202310200981,139.23333333333332
EK202310138670,140.73333333333332
EK202310116342,132.2
EK202310148866,154.96666666666667
EK202310136555,123.1
EK202310155446,162.76666666666668
EK202310147661,180.0
EK202310168674,139.16666666666666
EK202310142524,155.33333333333334
EK202310248385,152.2
EK202310165956,135.73333333333332
EK202310120604,130.96666666666667
EK202310158534,149.2
EK202310138524,153.46666666666667
EK202310231297,146.96666666666667
EK202310231319,139.46666666666667
EK202310133278,136.56666666666666
EK202310142657,152.0
EK202310114071,127.1
EK202310116075,128.76666666666668
EK202310139321,130.6
EK202310232658,137.16666666666666
EK202310185531,150.5
EK202310231623,134.83333333333334
EK202310183491,144.06666666666666
EK202310171783,154.8
EK202310116076,123.6
EK202310200347,154.4
EK202310189649,146.86666666666667
EK202310135957,126.2
EK202310245361,132.8
EK202310138713,146.46666666666667
EK202310169366,181.3
EK202310246917,163.03333333333333
EK202310183943,170.26666666666668
EK202310110540,145.06666666666666
EK202310170711,135.73333333333332
EK202310246548,160.46666666666667
EK202310174376,143.33333333333334
EK202310180261,135.86666666666667
EK202310232346,131.26666666666668
EK202310237154,143.5
EK202310171359,150.76666666666668
EK202310136595,136.86666666666667
EK202310144015,137.76666666666668
EK202310209121,150.1
EK202310222216,127.56666666666666
EK202310107905,144.53333333333333
EK202310188461,122.56666666666666
EK202310222800,136.73333333333332
EK202310217737,143.83333333333334
EK202310218371,143.66666666666666
EK202310208739,128.36666666666667
EK202310219741,149.96666666666667
EK202310211457,146.23333333333332
EK202310182740,160.33333333333334
EK202310163470,132.43333333333334
EK202310245687,151.73333333333332
EK202310168480,133.06666666666666
EK202310185027,173.46666666666667
EK202310194951,140.73333333333332
EK202310190588,136.06666666666666
EK202310177991,135.7
EK202310162069,138.33333333333334
EK202310125865,130.8
EK202310220126,142.26666666666668
EK202310158441,136.3
EK202310145659,131.66666666666666
EK202310129542,149.5
EK202310151845,147.5
EK202310230263,138.8
EK202310111108,141.8
EK202310171363,164.86666666666667
EK202310127866,155.46666666666667
EK202310129063,144.06666666666666
EK202310144099,133.03333333333333
EK202310140594,150.7
EK202310154125,158.03333333333333
EK202310131342,125.03333333333333
EK202310203912,153.66666666666666
EK202310118762,121.3
EK202310131877,152.86666666666667
EK202310106187,144.6
EK202310120319,140.16666666666666
EK202310209664,133.13333333333333
EK202320007072,147.93333333333334
EK202310121959,145.86666666666667
EK202310153089,144.56666666666666
EK202310151971,152.6
EK202310151896,157.03333333333333
EK202310135751,136.56666666666666
EK202320005711,148.6
EK202310134604,157.46666666666667
EK202310130128,146.23333333333332
EK202310241667,152.93333333333334
EK202310140220,158.33333333333334
EK202310190478,156.96666666666667
EK202310162552,148.83333333333334
EK202310169398,132.63333333333333
EK202310110027,141.0
EK202310242977,132.46666666666667
EK202310182314,130.46666666666667
EK202310147967,171.06666666666666
EK202310107549,168.96666666666667
EK202310209315,156.93333333333334
EK202310216226,143.23333333333332
EK202310172171,160.86666666666667
EK202310198531,136.83333333333334
EK202310108550,147.56666666666666
EK202310201297,159.93333333333334
EK202310168808,150.9
EK202310212662,132.2
EK202310244470,144.96666666666667
EK202310111112,152.2
EK202310212061,134.76666666666668
EK202310131027,127.23333333333333
EK202310168347,147.56666666666666
EK202310138779,175.76666666666668
EK202310228854,127.06666666666666
EK202310156047,151.13333333333333
EK202310209290,102.3
EK202310121347,125.33333333333333
EK202310171158,140.06666666666666
EK202310233104,152.86666666666667
EK202310155615,140.5
EK202310179680,129.63333333333333
EK202310125362,142.2
EK202310107378,143.53333333333333
EK202310206995,159.86666666666667
EK202310205548,137.7
EK202310181487,144.96666666666667
EK202310165214,133.9
EK202310243818,139.86666666666667
EK202310139297,119.53333333333333
EK202310176765,147.9
EK202320006044,144.26666666666668
EK202310226154,143.23333333333332
EK202310246712,146.36666666666667
EK202310190930,138.83333333333334
EK202310216412,135.56666666666666
EK202310123615,142.6
EK202310155164,130.5
EK202310193422,186.1
EK202310183961,139.56666666666666
EK202310181902,145.7
EK202310123760,149.76666666666668
EK202310147302,137.1
EK202310210787,148.2
EK202310132847,127.03333333333333
EK202310126696,145.9
EK202310232230,134.13333333333333
EK202310223850,160.23333333333332
EK202310237551,140.4
EK202310188279,128.33333333333334
EK202310152561,148.0
EK202310197741,134.73333333333332
EK202310241557,146.66666666666666
EK202320005587,148.96666666666667
EK202310173993,131.73333333333332
EK202310139298,144.63333333333333
EK202310226418,140.73333333333332
EK202310120554,161.73333333333332
EK202310210326,130.9
EK202310124646,135.5
EK202310243187,135.6
EK202310111546,141.2
EK202310225889,136.16666666666666
EK202310239244,135.06666666666666
EK202310226952,136.16666666666666
EK202310154546,121.66666666666667
EK202310209747,135.4
EK202310208437,147.66666666666666
EK202310217996,131.3
EK202310154333,149.33333333333334
EK202310199044,150.5
EK202310193652,156.5
EK202310199108,149.63333333333333
EK202310138541,136.26666666666668
EK202310109275,171.9
EK202310241877,160.36666666666667
EK202310247060,145.63333333333333
EK202310233675,141.6
EK202310127980,141.7
EK202310216345,127.63333333333334
EK202310124692,128.63333333333333
EK202310214703,145.23333333333332
EK202310125176,151.93333333333334
EK202310230402,139.5
EK202310204376,134.4
EK202310003738,137.0
EK202310177361,172.53333333333333
EK202310142175,134.6
EK202310121737,123.56666666666666
EK202310231332,142.7
EK202310126428,147.9
EK202310208151,155.0
EK202310160932,173.0
EK202310201461,155.66666666666666
EK202310190429,132.53333333333333
EK202310180683,151.7
EK202310216976,157.06666666666666
EK202310125226,141.13333333333333
EK202310201559,153.56666666666666
EK202310201026,155.76666666666668
EK202310241612,137.83333333333334
EK202310159055,171.53333333333333
EK202310128633,170.4
EK202310241584,133.16666666666666
EK202310124066,133.86666666666667
EK202310143999,138.96666666666667
EK202310127055,134.8
EK202310109477,134.63333333333333
EK202310142422,141.06666666666666
EK202310170493,148.53333333333333
EK202310245660,138.5
EK202310174604,137.13333333333333
EK202310145956,142.83333333333334
EK202310170744,136.83333333333334
EK202310137459,152.76666666666668
EK202310205343,140.46666666666667
EK202310113624,160.7
EK202310230917,147.2
EK202310131938,131.9
EK202310192653,149.43333333333334
EK202310233709,140.76666666666668
EK202310125722,143.0
EK202310167315,141.26666666666668
EK202310155548,147.63333333333333
EK202310143279,132.43333333333334
EK202310150075,156.26666666666668
EK202310122318,141.53333333333333
EK202310126189,145.23333333333332
EK202310226757,153.5
EK202310243030,142.23333333333332
EK202310130445,154.73333333333332
EK202310243191,135.16666666666666
EK202310203273,152.56666666666666
EK202310188485,143.46666666666667
EK202310230409,137.63333333333333
EK202310183553,152.63333333333333
EK202310220994,135.2
EK202310207037,139.5
EK202310165758,137.73333333333332
EK202310106826,136.73333333333332
EK202310120683,156.2
EK202310134934,151.5
EK202310165051,139.4
EK202310189221,142.53333333333333
EK202310157513,141.03333333333333
EK202310190280,145.06666666666666
EK202310123034,126.86666666666666
EK202310206344,186.33333333333334
EK202310135546,148.83333333333334
EK202310246417,122.36666666666666
EK202310220955,141.76666666666668
EK202310109848,137.53333333333333
EK202310154849,139.86666666666667
EK202310110348,160.16666666666666
EK202310167034,154.36666666666667
EK202310113223,140.0
EK202310165666,133.5
EK202310235856,145.56666666666666
EK202320005842,125.2
EK202310154000,148.86666666666667
EK202310142071,150.86666666666667
EK202310209033,158.36666666666667
EK202310196340,136.53333333333333
EK202310216529,155.23333333333332
EK202310164553,150.16666666666666
EK202310104021,149.83333333333334
EK202310239632,142.8
EK202310225277,172.0
EK202310175861,134.1
EK202310129169,132.6
EK202310122145,141.83333333333334
EK202310227448,126.83333333333333
EK202310177969,160.8
EK202310193062,146.13333333333333
EK202310182763,145.03333333333333
EK202310235087,141.6
EK202310121651,138.5
EK202310212604,139.73333333333332
EK202310226694,129.6
EK202310004579,151.9
EK202310159373,138.46666666666667
EK202310177799,138.26666666666668
EK202310119324,132.2
EK202310129405,144.63333333333333
EK202310237885,137.86666666666667
EK202310135421,130.03333333333333
EK202310175226,142.16666666666666
EK202310173605,149.0
EK202310111658,134.6
EK202310185671,163.1
EK202310196715,130.3
EK202310196589,129.13333333333333
EK202310199584,134.6
EK202310143146,137.83333333333334
EK202310121051,145.56666666666666
EK202310231042,127.06666666666666
EK202310194606,144.66666666666666
EK202310212236,134.66666666666666
EK202310153083,134.93333333333334
EK202310141649,144.76666666666668
EK202310192808,128.7
EK202310169365,177.9
EK202310189768,150.63333333333333
EK202310233720,142.86666666666667
EK202310247878,157.66666666666666
EK202310178488,144.36666666666667
EK202310151955,164.4
EK202310104506,145.03333333333333
EK202310205228,153.13333333333333
EK202310116841,129.83333333333334
EK202310105208,178.03333333333333
EK202310168242,140.13333333333333
EK202310172150,163.43333333333334
EK202310199656,160.86666666666667
EK202310202819,139.5
EK202310118069,138.0
EK202310226761,148.76666666666668
EK202310158901,123.46666666666667
EK202310221031,142.9
EK202310204076,132.13333333333333
EK202310146995,154.2
EK202310126768,134.6
EK202310167991,127.16666666666667
EK202310142215,146.73333333333332
EK202310128249,133.7
EK202310168392,159.6
EK202310241392,136.36666666666667
EK202310167654,143.06666666666666
EK202310124170,129.5
EK202310211894,148.43333333333334
EK202310213128,150.36666666666667
EK202310223813,142.36666666666667
EK202310106169,160.33333333333334
EK202310110167,158.86666666666667
EK202310237365,157.86666666666667
EK202310153054,144.73333333333332
EK202310138889,162.5
EK202310136676,126.53333333333333
EK202310177777,141.76666666666668
EK202310183311,179.76666666666668
EK202310192034,140.73333333333332
EK202310161294,131.33333333333334
EK202310215386,122.06666666666666
EK202310237862,142.1
EK202310124110,126.93333333333334
EK202310105757,139.16666666666666
EK202310131681,130.8
EK202310122852,138.0
EK202310106485,134.93333333333334
EK202310182695,134.63333333333333
EK202310238540,137.0
EK202310104101,171.4
EK202310121381,136.9
EK202310200186,132.93333333333334
EK202310190609,126.03333333333333
EK202310230288,143.63333333333333
EK202310166620,160.0
EK202310147442,132.16666666666666
EK202310137943,129.2
EK202310208851,133.9
EK202310128623,126.56666666666666
EK202310179932,129.4
EK202310191123,126.2
EK202310222467,141.23333333333332
EK202310120128,141.8
EK202310143211,132.23333333333332
EK202310158431,165.03333333333333
EK202310200191,134.23333333333332
EK202310121797,127.1
EK202310246836,140.13333333333333
EK202310122588,134.9
EK202310212376,130.16666666666666
EK202310202020,135.6
EK202310003990,155.9
EK202310195950,141.9
EK202310215709,170.63333333333333
EK202310140933,125.76666666666667
EK202310135948,131.43333333333334
EK202310156397,163.1
EK202310160468,137.6
EK202310181061,176.43333333333334
EK202310165217,152.66666666666666
EK202310221056,126.86666666666666
EK202310168493,129.56666666666666
EK202310136547,132.53333333333333
EK202310247972,156.66666666666666
EK202310167486,138.0
EK202310240744,153.26666666666668
EK202310148632,140.36666666666667
EK202310199792,149.4
EK202310200958,149.86666666666667
EK202310171502,134.03333333333333
EK202310164924,143.86666666666667
EK202310175724,142.0
EK202310139433,141.13333333333333
EK202310217068,155.83333333333334
EK202310110561,148.7
EK202310248008,154.13333333333333
EK202310157048,156.9
EK202310141117,143.3
EK202310195935,155.56666666666666
EK202310168643,131.33333333333334
EK202310004252,125.46666666666667
EK202310151231,147.6
EK202310221120,129.76666666666668
EK202310115802,138.4
EK202310217669,125.33333333333333
EK202310179308,149.5
EK202310190511,148.26666666666668
EK202310189661,132.66666666666666
EK202310218561,135.7
EK202310216544,169.5
EK202310130093,148.53333333333333
EK202310227470,156.1
EK202310149720,139.7
EK202310123936,136.36666666666667
EK202310185139,154.5
EK202310164969,138.83333333333334
EK202310159566,145.53333333333333
EK202310153493,135.03333333333333
EK202320007009,169.0
EK202310149916,146.9
EK202310195613,134.13333333333333
EK202310234039,156.0
EK202310109288,147.7
EK202310212808,136.23333333333332
EK202310234197,131.7
EK202310157802,140.0
EK202310207417,138.83333333333334
EK202310245686,144.6
EK202310159054,157.63333333333333
EK202310183850,124.73333333333333
EK202310118502,140.1
EK202310128627,167.46666666666667
EK202310220287,132.73333333333332
EK202310199273,136.23333333333332
EK202310142033,154.16666666666666
EK202310229082,133.23333333333332
EK202310143807,149.5
EK202310206645,138.1
EK202310211819,139.53333333333333
EK202310197690,162.1
EK202310197678,137.26666666666668
EK202310234454,128.9
EK202310120882,141.93333333333334
EK202310169899,183.76666666666668
EK202310202826,142.26666666666668
EK202310161402,163.4
EK202310121220,136.56666666666666
EK202310125862,127.76666666666667
EK202310197968,132.56666666666666
EK202310237174,143.5
EK202310134475,148.43333333333334
EK202310247308,157.03333333333333
EK202320007435,137.76666666666668
EK202310164160,128.2
EK202310122449,150.8
EK202310139591,138.23333333333332
EK202310141624,142.3
EK202310138255,146.8
EK202310193958,157.76666666666668
EK202310222645,133.03333333333333
EK202310105689,146.63333333333333
EK202310219882,155.36666666666667
EK202310178757,177.83333333333334
EK202310241650,144.96666666666667
EK202310246447,120.96666666666667
EK202310217078,162.16666666666666
EK202310139978,147.26666666666668
EK202310241716,151.56666666666666
EK202310133093,138.63333333333333
EK202310243929,145.0
EK202310140929,155.6
EK202310191115,149.9
EK202310207003,129.73333333333332
EK202310145248,149.6
EK202310239401,153.0
EK202310155225,161.93333333333334
EK202310151560,143.3
EK202310177641,140.53333333333333
EK202310222696,133.33333333333334
EK202310150293,145.43333333333334
EK202310195144,136.53333333333333
EK202310243924,140.66666666666666
EK202310178439,142.43333333333334
EK202310195750,160.03333333333333
EK202310166551,139.9
EK202310217145,155.9
EK202310240066,153.53333333333333
EK202310199715,164.96666666666667
EK202310132904,138.43333333333334
EK202310154841,151.66666666666666
EK202310234469,142.53333333333333
EK202310114515,140.33333333333334
EK202310117966,152.2
EK202310137867,133.43333333333334
EK202310205349,150.33333333333334
EK202310112816,131.2
EK202310168065,141.9
EK202310169737,141.5
EK202310148917,153.0
EK202310196463,124.56666666666666
EK202310231207,132.23333333333332
EK202310128533,129.73333333333332
EK202310197226,139.53333333333333
EK202310154933,140.0
EK202310117103,152.33333333333334
EK202310165309,138.5
EK202310104246,162.0
EK202310105130,137.26666666666668
EK202310216979,138.26666666666668
EK202310193989,133.96666666666667
EK202310147207,142.83333333333334
EK202310135301,170.73333333333332
EK202310180058,136.06666666666666
EK202310150495,154.06666666666666
EK202310184503,168.36666666666667
EK202310107823,129.6
EK202310241936,146.3
EK202310186182,134.5
EK202310003976,138.0
EK202310156046,135.0
EK202310129628,164.43333333333334
EK202310142854,139.26666666666668
EK202310241326,163.9
EK202310160722,155.66666666666666
EK202310143237,133.6
EK202310107245,154.8
EK202310114305,141.1
EK202310134035,159.66666666666666
EK202310199912,136.33333333333334
EK202310140410,136.13333333333333
EK202310183615,165.06666666666666
EK202310147371,152.36666666666667
EK202310111631,135.26666666666668
EK202310139777,141.16666666666666
EK202310176357,156.33333333333334
EK202310105349,137.63333333333333
EK202310238051,139.7
EK202310123087,138.6
EK202310199824,130.1
EK202310225713,144.06666666666666
EK202310156653,148.46666666666667
EK202310238527,145.8
EK202310148824,148.06666666666666
EK202310186203,158.96666666666667
EK202310105194,139.26666666666668
EK202310141266,143.3
EK202310126789,167.93333333333334
EK202310135067,174.4
EK202310222780,130.36666666666667
EK202310191104,149.36666666666667
EK202310244171,177.73333333333332
EK202310166225,156.26666666666668
EK202310217237,151.3
EK202310225459,154.36666666666667
EK202310109489,148.06666666666666
EK202310167581,146.4
EK202310127053,136.26666666666668
EK202310158488,138.66666666666666
EK202310134328,158.0
EK202310155326,142.53333333333333
EK202310181981,136.6
EK202310237066,143.93333333333334
EK202310123955,144.73333333333332
EK202310228593,134.23333333333332
EK202310190125,148.13333333333333
EK202310115548,151.4
EK202310111782,141.9
EK202310243482,164.96666666666667
EK202310163452,147.73333333333332
EK202310123894,148.2
EK202310154308,127.66666666666667
EK202310125766,136.83333333333334
EK202310176942,135.2
EK202310127476,153.43333333333334
EK202310158246,149.7
EK202310194016,159.7
EK202310227342,157.3
EK202310134667,151.0
EK202310123740,137.36666666666667
EK202310105769,166.46666666666667
EK202310228947,147.83333333333334
EK202310169454,156.16666666666666
EK202310104666,148.16666666666666
EK202310151168,141.6
EK202310233283,135.7
EK202310172969,145.26666666666668
EK202310209511,132.76666666666668
EK202310185148,148.3
EK202310181055,155.93333333333334
EK202310153153,152.5
EK202310187550,160.16666666666666
EK202310107176,148.46666666666667
EK202310144598,138.26666666666668
EK202310139318,129.26666666666668
EK202310160272,175.53333333333333
EK202310195091,141.23333333333332
EK202310186267,142.73333333333332
EK202310204034,143.5
EK202310128110,134.63333333333333
EK202310119313,128.43333333333334
EK202310157152,134.7
EK202310189194,151.5
EK202310115332,131.43333333333334
EK202310213972,132.96666666666667
EK202310174634,156.16666666666666
EK202310141976,141.3
EK202310217725,136.93333333333334
EK202310240779,144.66666666666666
EK202310133212,166.43333333333334
EK202310198208,159.26666666666668
EK202310185889,143.8
EK202310189206,144.1
EK202310177011,153.66666666666666
EK202310179732,159.53333333333333
EK202310224354,135.13333333333333
EK202310163111,138.06666666666666
EK202310194747,142.33333333333334
EK202310166854,162.8
EK202310242694,136.0
EK202310141362,138.43333333333334
EK202310183977,155.6
EK202310179207,126.13333333333334
EK202310247546,163.53333333333333
EK202310140989,132.93333333333334
EK202310196104,142.0
EK202310004793,154.1
EK202310185123,149.06666666666666
EK202310160604,141.9
EK202320005906,183.86666666666667
EK202310216868,138.7
EK202310164383,175.3
EK202310135531,146.26666666666668
EK202310225232,133.5
EK202310152968,136.76666666666668
EK202310193329,186.13333333333333
EK202310208494,130.53333333333333
EK202310120865,130.23333333333332
EK202310160731,147.63333333333333
EK202310143803,142.2
EK202310216607,131.76666666666668
EK202310183415,144.63333333333333
EK202310200013,135.2
EK202310104115,154.46666666666667
EK202310133379,154.1
EK202310131060,163.5
EK202310149753,152.6
EK202310148087,147.63333333333333
EK202310172156,168.8
EK202310118569,124.5
EK202310204670,134.03333333333333
EK202310234858,140.46666666666667
EK202310203722,124.1
EK202310232168,156.1
EK202310213536,132.83333333333334
EK202310113341,134.7
EK202310134517,154.33333333333334
EK202310175096,147.86666666666667
EK202310118503,134.1
EK202310206791,143.63333333333333
EK202310133225,140.5
EK202310139427,132.16666666666666
EK202310242973,136.1
EK202310230311,136.23333333333332
EK202310192098,148.63333333333333
EK202310139654,142.5
EK202310104039,166.86666666666667
EK202310218808,146.86666666666667
EK202310112932,141.13333333333333
EK202310139942,153.13333333333333
EK202310155659,143.06666666666666
EK202310225247,170.03333333333333
EK202310126309,136.13333333333333
EK202310132111,151.53333333333333
EK202310242286,162.1
EK202310123840,125.1
EK202310210407,145.93333333333334
EK202310144692,157.6
EK202310132665,169.8
EK202310142951,159.73333333333332
EK202310239672,142.03333333333333
EK202310228540,134.93333333333334
EK202310134450,125.53333333333333
EK202310202201,151.53333333333333
EK202310237145,132.7
EK202310248506,134.9
EK202310181213,143.26666666666668
EK202310197495,150.46666666666667
EK202320006060,161.7
EK202310240535,159.36666666666667
EK202310238367,154.63333333333333
EK202310105848,129.73333333333332
EK202310153010,125.43333333333334
EK202310245093,134.9
EK202310133381,132.3
EK202310132940,132.66666666666666
EK202320007659,150.03333333333333
EK202310125644,134.86666666666667
EK202310141453,135.13333333333333
EK202310217985,136.13333333333333
EK202310105477,140.53333333333333
EK202320005870,153.03333333333333
EK202310148401,152.26666666666668
EK202310218056,152.16666666666666
EK202310104777,136.33333333333334
EK202310136506,129.46666666666667
EK202310243986,137.9
EK202310217742,151.0
EK202310149440,152.36666666666667
EK202310176195,128.33333333333334
EK202310147405,137.9
EK202310210916,130.3
EK202310136871,150.13333333333333
EK202310204028,139.56666666666666
EK202310236173,137.56666666666666
EK202310144792,123.4
EK202310199783,144.13333333333333
EK202310115630,140.26666666666668
EK202310171734,136.5
EK202310219359,139.03333333333333
EK202310136081,177.4
EK202310238195,142.0
EK202310168013,154.2
EK202310171083,145.66666666666666
EK202310211010,139.93333333333334
EK202310212579,144.7
EK202310129157,159.1
EK202310123465,137.1
EK202310192944,145.73333333333332
EK202310104057,153.66666666666666
EK202310140551,152.76666666666668
EK202310243448,124.7
EK202310238701,146.36666666666667
EK202310243934,140.36666666666667
EK202310225403,139.06666666666666
EK202310194134,145.73333333333332
EK202310223407,144.9
EK202310164382,147.33333333333334
EK202310136103,175.16666666666666
EK202310208188,143.36666666666667
EK202310145816,162.86666666666667
EK202310214812,134.36666666666667
EK202310202835,149.0
EK202310125645,139.5
EK202310121206,140.86666666666667
EK202320006076,134.3
EK202310184640,173.56666666666666
EK202310141217,143.86666666666667
EK202310150527,128.6
EK202310125769,138.53333333333333
EK202310197697,158.9
EK202310206446,153.03333333333333
EK202310151327,126.73333333333333
EK202310175105,137.93333333333334
EK202310139134,163.8
EK202310119006,130.06666666666666
EK202310109789,158.4
EK202310205096,137.06666666666666
EK202310118587,136.23333333333332
EK202310171349,164.83333333333334
EK202310212106,132.1
EK202310191242,141.56666666666666
EK202310200352,144.6
EK202310128949,129.53333333333333
EK202310122161,143.23333333333332
EK202310201553,145.66666666666666
EK202310139788,138.4
EK202310244144,143.7
EK202310003717,180.43333333333334
EK202310130693,138.53333333333333
EK202310183999,170.5
EK202310172800,143.8
EK202310161242,164.53333333333333
EK202310146441,139.1
EK202310117631,126.1
EK202310212373,135.53333333333333
EK202310113819,128.56666666666666
EK202310210848,138.1
EK202310158047,139.86666666666667
EK202310144950,147.5
EK202310229677,142.5
EK202310128529,140.1
EK202310224957,168.9
EK202310111880,136.33333333333334
EK202310104750,131.73333333333332
EK202310230949,136.16666666666666
EK202310123557,162.56666666666666
EK202310235606,142.06666666666666
EK202310198394,137.16666666666666
EK202310161777,137.33333333333334
EK202310134912,152.9
EK202310118238,128.53333333333333
EK202310154314,135.86666666666667
EK202310195062,134.73333333333332
EK202310144785,143.63333333333333
EK202310225938,126.93333333333334
EK202310145864,133.83333333333334
EK202310219409,133.6
EK202310140726,157.6
EK202310132055,127.5
EK202310176826,133.8
EK202310136603,151.46666666666667
EK202310131597,144.46666666666667
EK202310246396,153.86666666666667
EK202310238453,143.0
EK202310210356,140.43333333333334
EK202310238874,162.0
EK202310243980,168.93333333333334
EK202310130204,166.8
EK202310232972,152.56666666666666
EK202310132480,147.93333333333334
EK202310123064,162.23333333333332
EK202310116125,133.53333333333333
EK202310216605,135.26666666666668
EK202310135031,180.13333333333333
EK202310119678,155.5
EK202310156982,161.73333333333332
EK202310181434,141.0
EK202310160699,155.13333333333333
EK202310206737,151.86666666666667
EK202310179993,124.66666666666667
EK202310141387,143.2
EK202310210766,135.53333333333333
EK202310109069,145.93333333333334
EK202310183082,157.56666666666666
EK202310184893,139.66666666666666
EK202310246516,123.7
EK202310229143,145.23333333333332
EK202310131062,166.96666666666667
EK202310185681,150.7
EK202310185540,153.4
EK202310114449,150.03333333333333
EK202310165928,145.06666666666666
EK202310107191,173.36666666666667
EK202310228437,145.43333333333334
EK202310143843,146.46666666666667
EK202310180377,162.9
EK202310241530,130.96666666666667
EK202310162708,160.16666666666666
EK202310138305,149.36666666666667
EK202310103875,137.3
EK202310125471,141.56666666666666
EK202310152377,131.86666666666667
EK202310113683,159.46666666666667
EK202310181927,175.86666666666667
EK202310176699,154.4
EK202310179246,119.4
EK202310218837,149.16666666666666
EK202310156548,161.06666666666666
EK202310169871,151.46666666666667
EK202310183587,174.1
EK202310223255,140.53333333333333
EK202310174418,146.86666666666667
EK202320007116,149.93333333333334
EK202310224284,147.4
EK202310174549,145.0
EK202310161579,152.66666666666666
EK202310147194,146.86666666666667
EK202310112625,131.26666666666668
EK202310142795,139.16666666666666
EK202310187355,132.4
EK202310166085,163.33333333333334
EK202310173662,151.1
EK202310179128,141.23333333333332
EK202310178324,145.4
EK202310141982,130.33333333333334
EK202310200610,159.43333333333334
EK202310116989,147.46666666666667
EK202310148385,157.0
EK202310003411,132.26666666666668
EK202310247578,132.3
EK202310244685,165.96666666666667
EK202310129901,166.53333333333333
EK202310200914,148.66666666666666
EK202310129257,133.16666666666666
EK202310240699,146.06666666666666
EK202310216215,139.73333333333332
EK202310156174,143.3
EK202310221194,142.26666666666668
EK202310103999,156.03333333333333
EK202310192191,136.2
EK202310140596,134.46666666666667
EK202310143276,138.13333333333333
EK202310234844,142.8
EK202310187581,152.06666666666666
EK202310140028,171.1
EK202310246026,138.73333333333332
EK202310227430,158.36666666666667
EK202310132042,144.93333333333334
EK202310177593,155.56666666666666
EK202310141118,139.9
EK202310247138,153.03333333333333
EK202310130201,151.66666666666666
EK202310131399,133.66666666666666
EK202310175507,132.03333333333333
EK202310216063,136.26666666666668
EK202310247001,140.4
EK202310003515,125.33333333333333
EK202310174264,137.96666666666667
EK202310169815,143.66666666666666
EK202310110931,132.5
EK202310116115,144.0
EK202310124245,130.1
EK202310201777,145.3
EK202310166287,147.5
EK202310212681,145.66666666666666
EK202320006340,148.6
EK202310155270,141.0
EK202310115765,134.73333333333332
EK202310179416,138.4
EK202310115011,132.93333333333334
EK202310159851,155.36666666666667
EK202310185875,144.53333333333333
EK202310195751,158.16666666666666
EK202310212496,146.23333333333332
EK202310134077,134.0
EK202310125764,132.0
EK202310219281,127.03333333333333
EK202310138192,125.76666666666667
EK202310227717,129.43333333333334
EK202310178143,140.6
EK202310137761,150.86666666666667
EK202310239906,138.33333333333334
EK202310190459,145.5
EK202310115727,136.36666666666667
EK202310244833,128.8
EK202310107229,107.66666666666667
EK202310224274,168.43333333333334
EK202310194396,145.13333333333333
EK202310134831,148.13333333333333
EK202320007479,157.43333333333334
EK202310170018,143.3
EK202310177337,177.03333333333333
EK202310119476,138.4
EK202310213475,130.53333333333333
EK202310206650,140.0
EK202310231785,134.36666666666667
EK202310222833,156.23333333333332
EK202310187301,134.33333333333334
EK202310111784,144.06666666666666
EK202310227788,138.96666666666667
EK202310150141,148.23333333333332
EK202310161536,150.7
EK202310137661,147.03333333333333
EK202310226163,125.9
EK202310223040,141.33333333333334
EK202310111512,147.76666666666668
EK202310211220,142.76666666666668
EK202310122194,140.6
EK202310182104,140.26666666666668
EK202310179334,177.1
EK202310179331,171.16666666666666
EK202310145350,141.43333333333334
EK202310201986,129.9
EK202310196946,131.7
EK202310217855,133.53333333333333
EK202310236350,136.73333333333332
EK202310229165,132.23333333333332
EK202310171617,145.0
EK202310115459,121.86666666666666
EK202310196848,137.83333333333334
EK202310127398,142.26666666666668
EK202310205390,147.46666666666667
EK202310142325,151.2
EK202310196201,156.86666666666667
EK202310238646,143.73333333333332
EK202310230272,159.76666666666668
EK202310241132,156.1
EK202310212259,137.33333333333334
EK202310228514,138.33333333333334
EK202310238485,141.2
EK202310158861,142.2
EK202310227360,128.63333333333333
EK202310136436,130.9
EK202310231528,138.9
EK202310221158,138.93333333333334
EK202310211507,145.23333333333332
EK202310190845,168.76666666666668
EK202310157714,146.3
EK202310135990,141.63333333333333
EK202310164365,134.33333333333334
EK202310153926,170.53333333333333
EK202310150008,148.0
EK202310141032,151.46666666666667
EK202310193812,188.33333333333334
EK202310137931,138.2
EK202310156495,168.26666666666668
EK202310122480,144.93333333333334
EK202310216486,146.2
EK202310222820,155.53333333333333
EK202310111196,140.53333333333333
EK202310150248,135.9
EK202310136916,140.76666666666668
EK202310107139,105.56666666666666
EK202310181412,148.46666666666667
EK202310206211,136.46666666666667
EK202310109768,142.5
EK202310206447,175.83333333333334
EK202310211977,137.23333333333332
EK202310235013,135.73333333333332
EK202320007348,144.83333333333334
EK202310128131,140.46666666666667
EK202310107501,149.46666666666667
EK202310247682,136.36666666666667
EK202310227429,151.5
EK202310204611,145.26666666666668
EK202310133183,145.4
EK202310218119,121.16666666666667
EK202310183206,146.86666666666667
EK202310232942,122.43333333333334
EK202310205411,142.56666666666666
EK202310166033,171.03333333333333
EK202310134596,161.36666666666667
EK202310136873,178.06666666666666
EK202310203514,140.4
EK202310126038,135.53333333333333
EK202310191150,150.53333333333333
EK202310129389,149.46666666666667
EK202310222819,161.43333333333334
EK202310152891,152.8
EK202310157272,137.76666666666668
EK202310135873,150.5
EK202310197559,167.9
EK202310169845,148.83333333333334
EK202310165585,151.73333333333332
EK202310159036,135.06666666666666
EK202320007295,160.56666666666666
EK202310133662,148.96666666666667
EK202310189827,150.93333333333334
EK202310148841,144.93333333333334
EK202310146896,140.1
EK202310235090,136.6
EK202310119567,140.86666666666667
EK202310172433,175.1
EK202310247849,166.46666666666667
EK202310207306,140.53333333333333
EK202310183094,130.8
EK202310216955,152.63333333333333
EK202310192760,159.8
EK202310164280,137.7
EK202310203989,171.3
EK202310239786,139.86666666666667
EK202310105979,147.53333333333333
EK202310003640,164.56666666666666
EK202310240750,136.93333333333334
EK202310179109,139.9
EK202310150944,139.83333333333334
EK202310201413,146.4
EK202320007436,146.23333333333332
EK202310113726,156.5
EK202310122262,136.6
EK202310224480,136.9
EK202310194020,136.06666666666666
EK202310183018,153.93333333333334
EK202310181414,145.53333333333333
EK202310113303,131.43333333333334
EK202310108976,148.8
EK202310160184,138.33333333333334
EK202310210774,149.56666666666666
EK202310161905,151.4
EK202310142271,143.2
EK202310172860,148.6
EK202310145464,131.53333333333333
EK202310004728,142.13333333333333
EK202310166310,143.36666666666667
EK202310105822,127.43333333333334
EK202310147953,151.3
EK202310108291,144.63333333333333
EK202310240186,156.1
EK202310136365,138.23333333333332
EK202310221390,149.6
EK202310229925,120.8
EK202310141278,141.6
EK202310246624,155.23333333333332
EK202310220360,144.5
EK202310224653,145.06666666666666
EK202310160368,132.5
EK202310126911,139.43333333333334
EK202310222925,152.6
EK202310200594,139.4
EK202310150819,152.33333333333334
EK202310129913,154.56666666666666
EK202310187155,167.26666666666668
EK202310221177,149.06666666666666
EK202310117855,142.93333333333334
EK202310114109,138.43333333333334
EK202310212056,134.76666666666668
EK202310235416,130.7
EK202310119909,155.26666666666668
EK202310234670,138.56666666666666
EK202310191663,150.3
EK202310157791,130.8
EK202310232045,146.86666666666667
EK202310177127,140.16666666666666
EK202310175989,150.53333333333333
EK202310127307,150.9
EK202310105741,160.73333333333332
EK202310174633,141.26666666666668
EK202310114332,142.56666666666666
EK202310176623,142.83333333333334
EK202310157384,138.1
EK202310230266,140.5
EK202310178822,176.5
EK202310174964,132.63333333333333
EK202310149670,138.13333333333333
EK202310189731,139.73333333333332
EK202310134729,160.8
EK202310198042,139.1
EK202310231499,133.2
EK202310155095,141.6
EK202310180485,146.06666666666666
EK202310198871,126.06666666666666
EK202310004386,143.03333333333333
EK202310165308,132.2
EK202310131429,129.6
EK202310141545,156.16666666666666
EK202310184517,137.06666666666666
EK202310199293,129.43333333333334
EK202310152428,147.36666666666667
EK202310148889,171.96666666666667
EK202310187273,135.03333333333333
EK202310179239,164.83333333333334
EK202310235514,149.9
EK202310169287,149.66666666666666
EK202310240454,155.8
EK202310206328,179.56666666666666
EK202310108495,158.7
EK202310213966,140.13333333333333
EK202310196327,138.9
EK202310167665,158.06666666666666
EK202310171391,150.96666666666667
EK202310183683,134.13333333333333
EK202310157793,144.7
EK202310156197,145.66666666666666
EK202310198098,141.5
EK202310146704,137.36666666666667
EK202310218935,139.86666666666667
EK202320007401,155.46666666666667
EK202310137190,136.23333333333332
EK202310154815,147.26666666666668
EK202310126612,137.0
EK202310120357,151.26666666666668
EK202310165826,152.16666666666666
EK202310214388,149.0
EK202310204549,149.43333333333334
EK202310209491,143.1
EK202310208295,149.46666666666667
EK202310196248,139.93333333333334
EK202310242787,147.63333333333333
EK202310225423,166.46666666666667
EK202310110863,135.33333333333334
EK202310117182,149.66666666666666
EK202310217191,146.9
EK202310193055,142.8
EK202310212058,137.13333333333333
EK202310103911,135.86666666666667
EK202310213355,133.23333333333332
EK202310175342,164.73333333333332
EK202310237346,124.66666666666667
EK202310186492,148.06666666666666
EK202310147951,148.3
EK202310191447,146.63333333333333
EK202310215972,139.76666666666668
EK202310199031,138.66666666666666
EK202310152507,139.6
EK202310143892,126.26666666666667
EK202310129112,149.16666666666666
EK202310152184,147.66666666666666
EK202310227166,144.16666666666666
EK202310182576,152.83333333333334
EK202310004383,137.4
EK202320005865,173.66666666666666
EK202310199455,150.2
EK202310230815,151.5
EK202310209305,141.56666666666666
EK202310138624,139.13333333333333
EK202310126039,138.86666666666667
EK202310131814,138.4
EK202310184163,147.46666666666667
EK202310118608,122.63333333333334
EK202310227117,132.86666666666667
EK202310152007,143.63333333333333
EK202310229187,123.1
EK202310139035,164.5
EK202310175328,150.53333333333333
EK202310159155,136.2
EK202310239122,124.4
EK202310167140,139.23333333333332
EK202310186155,156.0
EK202310193982,147.86666666666667
EK202310138270,146.43333333333334
EK202310117049,142.6
EK202310142284,139.06666666666666
EK202310164426,149.53333333333333
EK202310176396,151.6
EK202310201189,176.33333333333334
EK202310004591,132.13333333333333
EK202320005991,151.2
EK202310231608,138.36666666666667
EK202310136139,147.06666666666666
EK202310113238,130.46666666666667
EK202310158141,157.66666666666666
EK202310126316,137.13333333333333
EK202310123281,146.4
EK202310167569,155.56666666666666
EK202310174151,144.8
EK202310116527,140.13333333333333
EK202310193916,138.66666666666666
EK202310227923,137.26666666666668
EK202310240783,144.93333333333334
EK202310143752,132.13333333333333
EK202310106162,144.6
EK202310107199,144.3
EK202310213671,132.4
EK202310208384,145.16666666666666
EK202310196006,154.46666666666667
EK202310134465,154.3
EK202310151047,139.8
EK202310124565,146.4
EK202310183135,145.4
EK202310213685,139.3
EK202310143407,157.56666666666666
EK202310210115,171.9
EK202310110851,153.8
EK202310229392,130.53333333333333
EK202310204386,139.16666666666666
EK202310235968,143.7
EK202310199913,142.96666666666667
EK202310138545,140.8
EK202310116537,140.03333333333333
EK202310134658,153.06666666666666
EK202310224022,149.0
EK202310234186,127.1
EK202310163888,141.26666666666668
EK202310212249,138.76666666666668
EK202310140225,167.8
EK202310140896,149.0
EK202310186538,139.73333333333332
EK202310136216,145.13333333333333
EK202310108888,141.9
EK202310182062,151.23333333333332
EK202310163277,157.0
EK202310107567,123.8
EK202310120960,167.66666666666666
EK202310180719,143.23333333333332
EK202310131600,153.9
EK202310177372,167.5
EK202310126121,169.83333333333334
EK202310162878,137.0
EK202310201167,172.06666666666666
EK202310160968,147.13333333333333
EK202310197271,134.83333333333334
EK202310181868,146.1
EK202310151314,138.5
EK202310164572,145.16666666666666
EK202310205777,141.26666666666668
EK202310138104,132.3
EK202310167840,125.76666666666667
EK202310226831,154.8
EK202310147830,160.0
EK202310197709,126.7
EK202310213022,141.2
EK202310193283,139.46666666666667
EK202310205081,145.33333333333334
EK202310122178,146.36666666666667
EK202320006555,155.06666666666666
EK202310237774,145.8
EK202310124965,143.36666666666667
EK202310186156,144.93333333333334
EK202310117980,138.63333333333333
EK202310125951,143.96666666666667
EK202310151873,135.93333333333334
EK202310207092,124.26666666666667
EK202310117489,155.23333333333332
EK202310216348,143.9
EK202310220010,143.5
EK202310214618,168.7
EK202310206863,150.13333333333333
EK202310109000,170.73333333333332
EK202310188574,177.36666666666667
EK202310165717,145.5
EK202310128017,141.56666666666666
EK202310165060,142.26666666666668
EK202310200674,160.0
EK202310221350,133.3
EK202310235065,143.63333333333333
EK202310163335,158.4
EK202310120881,141.86666666666667
EK202310137678,147.16666666666666
EK202310128015,134.16666666666666
EK202310234830,143.7
EK202310167377,147.33333333333334
EK202310164502,162.8
EK202310127391,145.4
EK202310179523,157.86666666666667
EK202310223246,147.76666666666668
EK202310108837,135.73333333333332
EK202310200232,131.7
EK202310204659,157.56666666666666
EK202310189046,162.86666666666667
EK202310137247,146.13333333333333
EK202310132734,147.1
EK202310136878,157.56666666666666
EK202310236360,136.23333333333332
EK202310228358,143.66666666666666
EK202310134060,143.3
EK202310165565,127.53333333333333
EK202310226873,156.1
EK202310189864,144.5
EK202310119822,157.93333333333334
EK202310139438,141.46666666666667
EK202310190768,144.43333333333334
EK202310165094,145.63333333333333
EK202310138047,131.3
EK202310166258,139.7
EK202310229510,155.23333333333332
EK202310226767,154.66666666666666
EK202310141133,146.56666666666666
EK202310109811,154.16666666666666
EK202310150474,186.0
EK202310179190,128.03333333333333
EK202310196236,139.3
EK202310209246,147.6
EK202310197990,140.66666666666666
EK202310207124,134.63333333333333
EK202310212257,133.66666666666666
EK202310108488,136.96666666666667
EK202310103709,135.26666666666668
EK202310232504,135.83333333333334
EK202310134238,137.4
EK202310123117,136.8
EK202310121605,147.5
EK202310173315,145.96666666666667
EK202310121739,129.6
EK202310208354,152.83333333333334
EK202310161392,157.2
EK202310234724,145.86666666666667
EK202310111484,135.06666666666666
EK202310187014,152.7
EK202310104426,137.0
EK202310145898,140.73333333333332
EK202320006067,155.8
EK202310188463,157.6
EK202310140762,152.9
EK202310218714,144.06666666666666
EK202310243661,144.1
EK202310177326,142.7
EK202310234236,134.23333333333332
EK202310227958,137.03333333333333
EK202310118900,134.13333333333333
EK202310165267,152.36666666666667
EK202310230827,149.76666666666668
EK202310171222,137.4
EK202310162860,146.2
EK202310235544,152.1
EK202310161220,168.63333333333333
EK202310121708,159.66666666666666
EK202310179835,141.83333333333334
EK202310239604,130.1
EK202310219818,143.43333333333334
EK202310161568,143.53333333333333
EK202310160061,155.63333333333333
EK202310110380,152.03333333333333
EK202310246413,121.23333333333333
EK202310235850,140.76666666666668
EK202310165684,135.73333333333332
EK202310104090,139.33333333333334
EK202310243966,131.23333333333332
EK202310228270,152.3
EK202310110387,159.03333333333333
EK202310152984,142.53333333333333
EK202310223888,139.46666666666667
EK202310204934,138.86666666666667
EK202310162381,155.36666666666667
EK202310197868,138.83333333333334
EK202310107186,103.7
EK202310163263,137.06666666666666
EK202310198200,147.06666666666666
EK202310211345,133.96666666666667
EK202310226051,153.13333333333333
EK202310123297,149.2
EK202310140795,146.4
EK202310207289,135.03333333333333
EK202310225168,141.93333333333334
EK202310183349,133.56666666666666
EK202310105114,135.03333333333333
EK202310176080,140.43333333333334
EK202310179405,151.1
EK202310190274,140.96666666666667
EK202310132186,149.6
EK202310146444,133.13333333333333
EK202310225702,137.3
EK202310218239,140.16666666666666
EK202310147577,119.36666666666666
EK202310183811,161.23333333333332
EK202310162937,156.2
EK202310157881,152.83333333333334
EK202310207952,139.6
EK202310141225,142.76666666666668
EK202310193030,147.63333333333333
EK202310122847,134.46666666666667
EK202310165669,131.9
EK202310114924,148.5
EK202310218309,159.93333333333334
EK202310208489,151.1
EK202310179997,135.86666666666667
EK202310147027,151.8
EK202310004319,122.5
EK202310175632,125.6
EK202310189340,177.26666666666668
EK202310177526,161.03333333333333
EK202310207611,154.2
EK202310194660,154.93333333333334
EK202310229979,172.1
EK202310240147,156.4
EK202310211637,138.06666666666666
EK202310149224,134.03333333333333
EK202310177662,141.76666666666668
EK202310179984,154.86666666666667
EK202310228864,160.63333333333333
EK202310180524,154.3
EK202310229356,168.33333333333334
EK202310149225,139.23333333333332
EK202310188850,157.33333333333334
EK202310237876,154.83333333333334
EK202310219004,136.6
EK202310125299,134.5
EK202310156188,141.93333333333334
EK202310238230,137.26666666666668
EK202310187694,145.13333333333333
EK202310158043,150.53333333333333
EK202310214647,152.7
EK202310221207,133.46666666666667
EK202310173575,162.33333333333334
EK202310113008,137.53333333333333
EK202310239053,138.63333333333333
EK202310104640,147.06666666666666
EK202310241514,141.83333333333334
EK202310004700,164.1
EK202310162482,144.5
EK202310119906,141.83333333333334
EK202310153205,162.16666666666666
EK202310114919,131.6
EK202310235152,130.8
EK202310203791,132.4
EK202310123842,153.8
EK202310141447,139.53333333333333
EK202310192629,145.76666666666668
EK202310244491,175.0
EK202310216050,120.7
EK202320007061,134.03333333333333
EK202310217253,147.53333333333333
EK202310187351,174.5
EK202310247064,135.7
EK202310215396,136.5
EK202310109791,162.56666666666666
EK202310238972,155.93333333333334
EK202310210241,135.46666666666667
EK202310138585,160.36666666666667
EK202310215255,138.4
EK202310181801,166.13333333333333
EK202310124314,129.7
EK202310175289,156.56666666666666
EK202310198498,126.63333333333334
EK202310154216,163.73333333333332
EK202310226242,145.33333333333334
EK202310127354,146.1
EK202310179264,145.06666666666666
EK202310139507,172.5
EK202310129883,147.16666666666666
EK202310232951,135.63333333333333
EK202310233288,144.43333333333334
EK202310121403,157.13333333333333
EK202310158908,154.1
EK202310147431,136.7
EK202310138917,153.46666666666667
EK202310149611,147.4
EK202310221612,178.66666666666666
EK202310143554,123.3
EK202310172722,134.46666666666667
EK202310199773,143.83333333333334
EK202310127375,141.93333333333334
EK202310225978,140.13333333333333
EK202310227248,152.96666666666667
EK202310116384,148.73333333333332
EK202310180690,165.83333333333334
EK202310122858,130.23333333333332
EK202310226310,139.33333333333334
EK202310195569,154.56666666666666
EK202310198823,149.23333333333332
EK202310121439,153.53333333333333
EK202310161947,156.83333333333334
EK202310232604,158.46666666666667
EK202310149617,151.1
EK202310146783,144.26666666666668
EK202310176164,154.03333333333333
EK202310135912,125.56666666666666
EK202310229257,165.36666666666667
EK202310235094,136.46666666666667
EK202310118246,161.5
EK202310185828,150.53333333333333
EK202310106494,146.23333333333332
EK202310146544,135.53333333333333
EK202310227579,137.3
EK202310248311,142.83333333333334
EK202310204884,142.43333333333334
EK202310117059,142.56666666666666
EK202310231772,134.03333333333333
EK202310139447,108.1
EK202310189968,162.7
EK202310185749,152.4
EK202310110703,129.8
EK202310237233,133.26666666666668
EK202310240881,139.13333333333333
EK202310125013,154.03333333333333
EK202310128536,129.96666666666667
EK202310153537,160.16666666666666
EK202310190471,141.63333333333333
EK202310151841,149.16666666666666
EK202310202685,126.23333333333333
EK202310105765,150.96666666666667
EK202310136470,131.7
EK202310202012,134.2
EK202310125711,152.16666666666666
EK202310157673,151.1
EK202310164027,151.93333333333334
EK202310151517,179.43333333333334
EK202310180147,133.4
EK202310198373,154.96666666666667
EK202310204349,156.16666666666666
EK202310219251,139.53333333333333
EK202310172594,145.86666666666667
EK202310179118,135.7
EK202310150133,147.0
EK202310165331,138.66666666666666
EK202310163772,129.63333333333333
EK202310126377,146.13333333333333
EK202310145984,146.8
EK202310246976,144.73333333333332
EK202310113703,158.36666666666667
EK202310232392,141.66666666666666
EK202310236403,128.03333333333333
EK202310139475,169.53333333333333
EK202310192609,141.2
EK202310224294,171.53333333333333
EK202310152213,150.1
EK202310108540,155.3
EK202310210085,140.4
EK202310226804,143.93333333333334
EK202310137397,153.03333333333333
EK202310117951,129.96666666666667
EK202310193300,153.13333333333333
EK202310106304,133.56666666666666
EK202310129954,152.7
EK202310215057,165.66666666666666
EK202310139115,143.83333333333334
EK202310212736,156.06666666666666
EK202310135023,170.03333333333333
EK202310139581,172.6
EK202310199274,144.66666666666666
EK202310211965,136.66666666666666
EK202310246061,136.9
EK202310203442,142.6
EK202310181526,140.36666666666667
EK202310193412,148.53333333333333
EK202310139031,119.16666666666667
EK202310221231,145.13333333333333
EK202310134998,178.73333333333332
EK202310141687,169.3
EK202310197304,144.93333333333334
EK202310201782,144.1
EK202310135431,162.46666666666667
EK202310208259,128.6
EK202310161380,126.16666666666667
EK202310186230,159.0
EK202310152403,134.63333333333333
EK202310116913,138.16666666666666
EK202310244061,125.7
EK202310135475,160.53333333333333
EK202310165270,142.63333333333333
EK202310138939,144.1
EK202310141892,133.03333333333333
EK202310124993,147.7
EK202310170388,132.86666666666667
EK202310157255,131.26666666666668
EK202310133503,144.93333333333334
EK202310175284,124.63333333333334
EK202310241462,145.7
EK202310154232,139.16666666666666
EK202310163615,154.7
EK202310197907,152.26666666666668
EK202310186389,133.9
EK202310245749,132.86666666666667
EK202310219676,144.2
EK202310190121,156.86666666666667
EK202310209264,145.9
EK202310210983,134.76666666666668
EK202310187936,147.26666666666668
EK202310133895,126.76666666666667
EK202310186472,155.5
EK202310206380,139.53333333333333
EK202310193643,149.13333333333333
EK202310225084,171.73333333333332
EK202310220518,136.36666666666667
EK202310169406,139.6
EK202310237549,142.26666666666668
EK202310109909,174.83333333333334
EK202310212592,134.76666666666668
EK202310179751,138.06666666666666
EK202310112820,138.9
EK202310195293,135.66666666666666
EK202310236702,131.76666666666668
EK202310145993,148.6
EK202310222902,134.9
EK202310189301,173.36666666666667
EK202310205807,142.26666666666668
EK202310163101,140.86666666666667
EK202310203688,141.5
EK202310174439,173.0
EK202310156353,149.3
EK202310162723,161.13333333333333
EK202310212065,128.03333333333333
EK202310004255,135.16666666666666
EK202310222006,138.2
EK202310194790,137.33333333333334
EK202310106043,146.73333333333332
EK202310242730,151.3
EK202310242586,139.83333333333334
EK202310176604,145.9
EK202310109635,142.46666666666667
EK202310216117,129.46666666666667
EK202310116981,156.76666666666668
EK202310221657,130.63333333333333
EK202310144341,128.6
EK202310228428,140.56666666666666
EK202310146265,137.63333333333333
EK202310209443,149.16666666666666
EK202310218588,142.13333333333333
EK202310108618,148.93333333333334
EK202310121760,128.83333333333334
EK202310107369,143.53333333333333
EK202310115437,144.33333333333334
EK202310187394,154.83333333333334
EK202310165757,138.2
EK202310195111,148.0
EK202310188262,167.76666666666668
EK202310124663,132.3
EK202310143110,131.36666666666667
EK202310211384,142.46666666666667
EK202310118553,164.33333333333334
EK202310149358,149.06666666666666
EK202310164859,149.06666666666666
EK202310207799,143.13333333333333
EK202310172115,145.23333333333332
EK202310215359,137.73333333333332
EK202310161036,142.2
EK202310223447,129.7
EK202310181639,140.26666666666668
EK202310204435,155.93333333333334
EK202310104184,158.0
EK202310160295,146.73333333333332
EK202310192033,167.53333333333333
EK202310168110,149.36666666666667
EK202310189097,148.16666666666666
EK202310167385,129.93333333333334
EK202310109968,159.36666666666667
EK202310198949,155.66666666666666
EK202310197617,164.6
EK202310108360,132.5
EK202310159270,147.2
EK202310145269,160.9
EK202310188812,141.43333333333334
EK202310125988,139.13333333333333
EK202310112939,137.43333333333334
EK202310247895,133.76666666666668
EK202310131311,128.1
EK202310183854,143.5
EK202310219712,171.86666666666667
EK202310160911,178.06666666666666
EK202310231162,143.83333333333334
EK202310135041,180.46666666666667
EK202310212037,140.0
EK202310226698,138.8
EK202310134750,137.53333333333333
EK202310148234,146.83333333333334
EK202310174532,152.9
EK202310109167,135.7
EK202310197750,163.23333333333332
EK202310164476,150.96666666666667
EK202310233270,162.63333333333333
EK202310135322,168.1
EK202310209231,144.53333333333333
EK202310202820,146.2
EK202310174302,142.86666666666667
EK202310125602,138.03333333333333
EK202310158386,134.7
EK202310242062,143.56666666666666
EK202310141111,135.6
EK202310136233,149.7
EK202310236818,139.4
EK202310184555,136.6
EK202310198830,141.46666666666667
EK202310151478,184.06666666666666
EK202310231437,134.06666666666666
EK202310150468,140.33333333333334
EK202310241943,139.96666666666667
EK202310231053,140.53333333333333
EK202310154428,153.33333333333334
EK202310192603,147.53333333333333
EK202310161912,176.4
EK202310130902,144.1
EK202310183672,165.9
EK202310227046,164.93333333333334
EK202310166255,142.9
EK202310137864,124.73333333333333
EK202310116959,135.4
EK202310238412,141.23333333333332
EK202310171649,151.43333333333334
EK202310193766,137.23333333333332
EK202310123847,168.26666666666668
EK202310146498,125.4
EK202310239626,141.5
EK202310195302,140.43333333333334
EK202310212103,134.46666666666667
EK202310192877,131.23333333333332
EK202310111009,138.83333333333334
EK202310136743,139.26666666666668
EK202310195641,138.3
EK202310227516,146.93333333333334
EK202310115577,150.3
EK202310215165,152.26666666666668
EK202310138284,160.93333333333334
EK202310126665,135.06666666666666
EK202310239150,136.63333333333333
EK202310203149,166.23333333333332
EK202310193960,129.46666666666667
EK202310171451,133.6
EK202310121337,131.33333333333334
EK202310117375,145.73333333333332
EK202310220920,139.03333333333333
EK202310115368,146.86666666666667
EK202310156865,166.7
EK202310185189,158.96666666666667
EK202310122055,136.33333333333334
EK202310215356,164.4
EK202310147958,148.5
EK202310121750,139.9
EK202310173060,144.7
EK202310163776,138.7
EK202310220192,140.56666666666666
EK202310218549,139.23333333333332
EK202310157001,169.9
EK202310225119,141.5
EK202310204051,152.53333333333333
EK202310122949,132.36666666666667
EK202310121503,130.26666666666668
EK202310131147,145.7
EK202310108909,152.13333333333333
EK202310151114,136.4
EK202310233392,141.6
EK202320007141,143.8
EK202310164522,151.56666666666666
EK202310177297,147.0
EK202310210546,142.6
EK202310184589,146.66666666666666
EK202310212117,137.36666666666667
EK202310133272,139.43333333333334
EK202310205158,148.7
EK202310174636,154.16666666666666
EK202310140946,142.1
EK202310117042,143.6
EK202310134320,147.6
EK202310229429,144.06666666666666
EK202310106153,140.66666666666666
EK202310247761,173.46666666666667
EK202310227271,137.53333333333333
EK202310239428,126.36666666666666
EK202310215784,141.1
EK202310210318,126.83333333333333
EK202310141900,130.73333333333332
EK202310184802,182.8
EK202310165235,144.43333333333334
EK202310171404,144.63333333333333
EK202310210573,168.16666666666666
EK202310210122,147.83333333333334
EK202310150189,131.5
EK202310156048,140.9
EK202310172500,160.13333333333333
EK202310132244,130.1
EK202310245342,145.33333333333334
EK202310139313,140.6
EK202310207856,143.23333333333332
EK202310116311,142.0
EK202310208589,162.5
EK202310136325,138.33333333333334
EK202310248759,142.06666666666666
EK202310198653,125.23333333333333
EK202310195491,162.03333333333333
EK202310103816,140.53333333333333
EK202310207373,156.1
EK202310227064,138.7
EK202310138546,154.8
EK202310205952,131.76666666666668
EK202310212677,160.16666666666666
EK202310228148,137.6
EK202310107729,166.43333333333334
EK202310211277,138.36666666666667
EK202310195545,147.73333333333332
EK202310116564,163.06666666666666
EK202310184823,144.63333333333333
EK202310170543,155.73333333333332
EK202310193619,127.16666666666667
EK202310239035,169.43333333333334
EK202310133171,136.93333333333334
EK202310227136,146.8
EK202310142625,139.03333333333333
EK202310244169,128.43333333333334
EK202310246581,102.46666666666667
EK202310165380,139.73333333333332
EK202310193395,136.83333333333334
EK202310109332,146.36666666666667
EK202310163291,156.76666666666668
EK202310124290,139.26666666666668
EK202310215739,141.3
EK202310241146,153.6
EK202310124580,134.43333333333334
EK202310211475,143.96666666666667
EK202310004503,149.4
EK202310143151,136.03333333333333
EK202310136531,153.23333333333332
EK202310119568,144.03333333333333
EK202310107515,154.73333333333332
EK202310189886,148.16666666666666
EK202310124398,135.66666666666666
EK202310125848,147.76666666666668
EK202310211088,140.3
EK202310156421,155.76666666666668
EK202310157177,153.2
EK202310211323,140.86666666666667
EK202310202592,130.83333333333334
EK202310194894,132.8
EK202310215071,134.36666666666667
EK202310202956,144.16666666666666
EK202310234488,138.46666666666667
EK202310187089,144.26666666666668
EK202310227517,148.23333333333332
EK202310170551,157.13333333333333
EK202310189993,151.26666666666668
EK202310149202,138.4
EK202310229780,131.33333333333334
EK202310245465,140.16666666666666
EK202310218891,139.76666666666668
EK202310124812,170.03333333333333
EK202310208935,141.1
EK202310140658,133.63333333333333
EK202310183874,143.5
EK202310107413,131.76666666666668
EK202310194042,146.16666666666666
EK202310157446,152.23333333333332
EK202310199004,126.46666666666667
EK202310135601,139.9
EK202310201970,139.5
EK202310139356,135.7
EK202310134175,148.36666666666667
EK202310108539,152.13333333333333
EK202310177643,139.36666666666667
EK202310103821,139.1
EK202310206740,170.66666666666666
EK202310131433,141.96666666666667
EK202310204350,137.7
EK202310225071,141.33333333333334
EK202310211718,140.86666666666667
EK202310131849,135.7
EK202310153172,153.9
EK202310132642,143.53333333333333
EK202310112845,139.56666666666666
EK202310177008,149.3
EK202310130444,145.96666666666667
EK202310147078,150.73333333333332
EK202310208564,147.5
EK202310194298,144.56666666666666
EK202310228548,141.4
EK202310187217,141.9
EK202310171794,137.66666666666666
EK202310174423,131.43333333333334
EK202310186521,141.66666666666666
EK202310189274,175.93333333333334
EK202310128594,127.3
EK202310213657,126.46666666666667
EK202310136140,112.86666666666666
EK202310144986,139.53333333333333
EK202310117312,154.46666666666667
EK202310165610,172.76666666666668
EK202310130595,147.0
EK202310004575,132.03333333333333
EK202310119145,150.03333333333333
EK202310179788,146.63333333333333
EK202310247106,141.83333333333334
EK202310118131,137.56666666666666
EK202310144354,133.63333333333333
EK202310192108,135.4
EK202310169582,134.3
EK202310227386,141.06666666666666
EK202310174182,140.36666666666667
EK202310222783,130.73333333333332
EK202310178639,158.53333333333333
EK202310245259,142.96666666666667
EK202310167257,143.4
EK202310162914,135.13333333333333
EK202310004463,149.2
EK202310207893,157.66666666666666
EK202310148230,135.66666666666666
EK202310116055,131.0
EK202310224157,161.03333333333333
EK202310114888,146.7
EK202310195337,170.66666666666666
EK202310216934,173.3
EK202310216677,169.06666666666666
EK202310188580,141.0
EK202310219727,148.63333333333333
EK202310166001,137.33333333333334
EK202310229705,138.3
EK202310209871,151.13333333333333
EK202310196361,127.8
EK202310234245,139.13333333333333
EK202310138920,137.9
EK202310122618,142.9
EK202310175727,137.9
EK202310155478,138.36666666666667
EK202320005560,140.83333333333334
EK202310110719,154.36666666666667
EK202310136240,139.56666666666666
EK202310186251,164.3
EK202310216248,139.66666666666666
EK202310205301,146.33333333333334
EK202310211409,142.06666666666666
EK202310154889,129.6
EK202310133167,149.03333333333333
EK202310190742,139.23333333333332
EK202310181049,143.36666666666667
EK202310190345,153.73333333333332
EK202310223134,161.93333333333334
EK202310248510,145.3
EK202310177287,160.93333333333334
EK202310127550,144.43333333333334
EK202310118313,146.93333333333334
EK202310222760,134.9
EK202310112189,149.0
EK202310141089,159.13333333333333
EK202310132200,158.9
EK202310221040,138.4
EK202310111716,145.26666666666668
EK202310206062,141.2
EK202310209855,147.86666666666667
EK202310104428,140.76666666666668
EK202310177723,149.63333333333333
EK202310003367,134.73333333333332
EK202310182125,147.7
EK202310194084,132.63333333333333
EK202310211789,131.3
EK202310132488,161.9
EK202310142803,145.26666666666668
EK202310181723,163.43333333333334
EK202310103735,145.56666666666666
EK202310219083,157.7
EK202310215988,143.83333333333334
EK202310234414,127.96666666666667
EK202310203900,138.9
EK202310137717,133.1
EK202310112769,138.1
EK202310160354,134.73333333333332
EK202310105028,144.46666666666667
EK202310128626,161.86666666666667
EK202310206626,138.4
EK202310247911,121.93333333333334
EK202310156966,139.8
EK202310111774,148.6
EK202310141388,138.9
EK202310105367,132.43333333333334
EK202310138470,144.3
EK202310238177,149.9
EK202310169946,154.9
EK202310189158,139.46666666666667
EK202310231981,143.5
EK202310174508,136.2
EK202310110650,139.3
EK202310195172,151.53333333333333
EK202310188961,140.6
EK202310219185,148.1
EK202310208623,134.0
EK202310128662,134.23333333333332
EK202310185661,153.9
EK202310157894,144.9
EK202310200928,151.1
EK202310004224,134.5
EK202310150214,135.8
EK202310111969,150.56666666666666
EK202310129506,139.56666666666666
EK202310127186,165.4
EK202310173377,131.06666666666666
EK202310163570,151.9
EK202310196742,139.26666666666668
EK202310167664,146.2
EK202310148814,150.8
EK202310200567,177.43333333333334
EK202310168414,159.66666666666666
EK202310203613,149.63333333333333
EK202310247919,144.73333333333332
EK202310200083,160.6
EK202310148844,137.73333333333332
EK202310159721,149.86666666666667
EK202310131910,144.46666666666667
EK202310153522,133.13333333333333
EK202310212250,128.66666666666666
EK202310111147,158.2
EK202310170237,139.8
EK202310166954,144.2
EK202310193804,141.96666666666667
EK202310180730,161.83333333333334
EK202310004363,161.96666666666667
EK202310123533,134.6
EK202310235018,146.03333333333333
EK202310176008,145.73333333333332
EK202310151334,126.06666666666666
EK202320007865,156.43333333333334
EK202310236423,139.46666666666667
EK202310130270,162.76666666666668
EK202310220333,138.26666666666668
EK202310196344,146.36666666666667
EK202310218805,161.86666666666667
EK202310116838,141.46666666666667
EK202310185359,140.96666666666667
EK202310150318,144.33333333333334
EK202310121733,118.66666666666667
EK202310242000,155.0
EK202310193114,137.96666666666667
EK202310171559,141.43333333333334
EK202310122635,144.86666666666667
EK202310167040,176.53333333333333
EK202310166470,135.26666666666668
EK202310195612,137.93333333333334
EK202310233457,142.8
EK202310185055,145.43333333333334
EK202310177519,158.76666666666668
EK202310247329,176.6
EK202310195549,156.66666666666666
EK202310144213,131.46666666666667
EK202310135438,149.6
EK202310226468,135.1
EK202310105289,159.63333333333333
EK202310120252,162.56666666666666
EK202310176662,131.6
EK202310114289,157.8
EK202310126976,144.36666666666667
EK202310207593,167.03333333333333
EK202310114272,148.23333333333332
EK202310199080,145.83333333333334
EK202310122669,138.16666666666666
EK202310180804,140.86666666666667
EK202310204732,164.53333333333333
EK202310200464,139.03333333333333
EK202310203808,133.8
EK202310212010,135.23333333333332
EK202310245942,146.33333333333334
EK202310004694,140.23333333333332
EK202310155200,138.96666666666667
EK202310164369,137.33333333333334
EK202310126268,144.83333333333334
EK202310170105,158.36666666666667
EK202310225963,140.5
EK202310114547,151.13333333333333
EK202310236239,130.4
EK202310112862,139.13333333333333
EK202310109972,144.33333333333334
EK202310132643,131.83333333333334
EK202310132419,149.86666666666667
EK202310161002,143.53333333333333
EK202310189189,132.1
EK202310148790,143.9
EK202310169154,161.56666666666666
EK202310196747,148.63333333333333
EK202310122266,139.43333333333334
EK202310115421,121.26666666666667
EK202310180521,154.36666666666667
EK202310167786,145.3
EK202310167076,156.73333333333332
EK202310168839,134.2
EK202310110674,129.93333333333334
EK202310236684,130.5
EK202310128770,139.0
EK202310244917,157.63333333333333
EK202310128367,147.6
EK202310129004,137.16666666666666
EK202310231478,136.36666666666667
EK202310178172,140.83333333333334
EK202310180564,135.36666666666667
EK202310112326,136.53333333333333
EK202310200330,132.5
EK202310138725,136.96666666666667
EK202310177009,148.2
EK202310220598,146.63333333333333
EK202310200436,138.83333333333334
EK202310242674,138.0
EK202310222668,169.1
EK202310118184,143.63333333333333
EK202310138203,130.76666666666668
EK202310118829,144.63333333333333
EK202310185969,152.86666666666667
EK202310216351,175.93333333333334
EK202310187284,143.03333333333333
EK202310218216,142.8
EK202310219259,135.96666666666667
EK202310120929,141.23333333333332
EK202310108093,140.46666666666667
EK202310142267,133.86666666666667
EK202310174980,145.9
EK202310114009,149.46666666666667
EK202310242966,146.63333333333333
EK202310147064,148.46666666666667
EK202310223815,136.93333333333334
EK202310185149,137.23333333333332
EK202310173756,134.03333333333333
EK202310212549,148.1
EK202310122123,133.03333333333333
EK202310148593,132.03333333333333
EK202310203858,135.8
EK202310194323,142.36666666666667
EK202310210067,134.5
EK202310247362,145.33333333333334
EK202310179728,170.9
EK202310135263,136.23333333333332
EK202310228041,150.93333333333334
EK202310198439,138.86666666666667
EK202310224121,135.43333333333334
EK202310176263,157.5
EK202310210520,130.23333333333332
EK202310153558,134.93333333333334
EK202310201528,141.8
EK202310204700,143.16666666666666
EK202310199855,156.36666666666667
EK202310133334,137.46666666666667
EK202310125891,153.96666666666667
EK202310149237,139.2
EK202310207352,133.43333333333334
EK202310143244,165.93333333333334
EK202310173902,166.3
EK202310204441,137.7
EK202310154510,150.93333333333334
EK202310197593,155.06666666666666
EK202310139918,137.46666666666667
EK202310143944,131.8
EK202310182605,135.06666666666666
EK202310113041,136.66666666666666
EK202310108339,134.6
EK202310177699,139.0
EK202310158001,151.53333333333333
EK202310243619,127.16666666666667
EK202310225367,141.06666666666666
EK202310148561,138.86666666666667
EK202310242689,143.66666666666666
EK202310146006,144.76666666666668
EK202310200037,132.96666666666667
EK202310186473,130.4
EK202310105390,130.2
EK202310150556,142.66666666666666
EK202310180347,172.0
EK202310203230,169.96666666666667
EK202310200016,135.86666666666667
EK202310154269,146.46666666666667
EK202310128087,146.56666666666666
EK202310122816,154.2
EK202310134877,145.3
EK202310195490,134.66666666666666
EK202310209715,133.83333333333334
EK202310236837,133.96666666666667
EK202310196435,138.43333333333334
EK202310139068,157.16666666666666
EK202310171012,158.53333333333333
EK202310150360,159.16666666666666
EK202310222353,166.33333333333334
EK202310197842,153.13333333333333
EK202310188412,177.36666666666667
EK202310153874,151.13333333333333
EK202310213199,141.66666666666666
EK202310127730,158.2
EK202310215194,134.66666666666666
EK202310126576,146.6
EK202310248182,129.2
EK202310198801,177.1
EK202310198160,146.9
EK202310198294,147.26666666666668
EK202310167705,131.06666666666666
EK202310217704,149.23333333333332
EK202310145831,132.76666666666668
EK202310105308,130.63333333333333
EK202310230902,143.66666666666666
EK202310202412,140.4
EK202310130126,149.83333333333334
EK202310193563,158.46666666666667
EK202310130811,132.23333333333332
EK202310169126,159.9
EK202310107052,151.3
EK202310134315,130.9
EK202310230590,134.53333333333333
EK202310212377,137.63333333333333
EK202310227080,156.16666666666666
EK202310124256,176.43333333333334
EK202310219252,135.0
EK202310230033,136.3
EK202310117668,165.6
EK202310228344,129.4
EK202310233855,137.46666666666667
EK202310147814,151.7
EK202310107881,148.26666666666668
EK202310230203,165.23333333333332
EK202310177383,171.8
EK202310122567,142.26666666666668
EK202310207619,153.2
EK202310202333,143.66666666666666
EK202310189380,137.4
EK202310180057,137.46666666666667
EK202310202234,140.3
EK202310233426,162.0
EK202310175207,125.16666666666667
EK202310204631,155.33333333333334
EK202310194398,140.36666666666667
EK202310139820,145.56666666666666
EK202310116562,157.56666666666666
EK202310229058,127.46666666666667
EK202310247161,143.9
EK202310189860,143.33333333333334
EK202310104099,149.56666666666666
EK202310244738,149.7
EK202310247933,139.73333333333332
EK202310149446,151.23333333333332
EK202310161930,146.73333333333332
EK202310116286,132.53333333333333
EK202310109850,134.9
EK202310204890,137.2
EK202310124176,129.26666666666668
EK202310231512,137.7
EK202310157031,167.36666666666667
EK202310219683,137.66666666666666
EK202310105922,132.26666666666668
EK202310003444,132.96666666666667
EK202310128205,123.6
EK202310136781,165.2
EK202310195373,159.33333333333334
EK202310140338,141.63333333333333
EK202310178676,155.06666666666666
EK202310234329,147.26666666666668
EK202310115125,156.96666666666667
EK202310219503,136.36666666666667
EK202310201769,147.0
EK202310139458,141.16666666666666
EK202310194338,163.3
EK202310223572,147.06666666666666
EK202310125065,155.8
EK202310227016,146.86666666666667
EK202310176702,156.56666666666666
EK202310155243,161.4
EK202310192723,152.86666666666667
EK202310198191,151.3
EK202310105422,147.06666666666666
EK202310105777,144.7
EK202310187970,133.3
EK202310236294,152.86666666666667
EK202310210632,136.0
EK202310122661,143.0
EK202310132816,165.76666666666668
EK202310221993,141.4
EK202310235308,138.46666666666667
EK202310232426,137.66666666666666
EK202310225207,140.36666666666667
EK202310120329,151.96666666666667
EK202310174955,141.1
EK202310233002,145.16666666666666
EK202310226820,147.3
EK202310231561,135.9
EK202310178128,140.2
EK202310231088,136.0
EK202310147614,165.56666666666666
EK202310192044,145.2
EK202310207423,125.2
EK202310144998,141.5
EK202310160433,138.9
EK202310182388,147.3
EK202310004163,154.26666666666668
EK202310178635,140.86666666666667
EK202310147316,174.43333333333334
EK202310137625,139.3
EK202310234674,139.53333333333333
EK202310206395,148.6
EK202310198108,163.9
EK202310230135,130.46666666666667
EK202310124667,135.3
EK202310197608,169.0
EK202310239140,151.13333333333333
EK202320006708,137.9
EK202310141682,137.8
EK202310173078,132.96666666666667
EK202310180684,153.66666666666666
EK202310168825,142.43333333333334
EK202310196603,143.6
EK202310143301,160.5
EK202310198024,154.36666666666667
EK202310238866,154.66666666666666
EK202310174309,126.93333333333334
EK202310169127,126.2
EK202310118888,137.96666666666667
EK202310219211,130.46666666666667
EK202310117888,123.46666666666667
EK202310203714,127.2
EK202310212227,135.76666666666668
EK202310224375,130.36666666666667
EK202310169753,136.86666666666667
EK202310218369,151.83333333333334
EK202310229422,136.1
EK202310114027,130.7
EK202310191499,139.73333333333332
EK202310123832,150.16666666666666
EK202310117550,145.06666666666666
EK202310153034,154.16666666666666
EK202310147526,133.16666666666666
EK202310240029,135.9
EK202310208321,148.46666666666667
EK202310110615,137.33333333333334
EK202310172001,152.76666666666668
EK202310245514,147.96666666666667
EK202310113405,145.93333333333334
EK202310133712,159.2
EK202310220573,134.43333333333334
EK202310127361,142.2
EK202310203296,119.56666666666666
EK202310205467,122.63333333333334
EK202310182859,150.4
EK202310116644,140.76666666666668
EK202310143055,134.26666666666668
EK202310137541,150.03333333333333
EK202310240346,130.06666666666666
EK202310231920,141.03333333333333
EK202310003793,137.33333333333334
EK202310179099,149.76666666666668
EK202310182101,139.66666666666666
EK202310180654,140.6
EK202310203568,140.5
EK202310201589,160.16666666666666
EK202310185227,145.23333333333332
EK202310204045,132.03333333333333
EK202310231962,140.03333333333333
EK202310206237,144.56666666666666
EK202310129023,150.9
EK202320005658,138.86666666666667
EK202310155013,167.86666666666667
EK202310207955,135.2
EK202310175039,125.33333333333333
EK202310189095,141.9
EK202310222588,152.06666666666666
EK202310194826,137.96666666666667
EK202310116127,138.6
EK202310186036,130.3
EK202310228425,131.86666666666667
EK202310142709,132.83333333333334
EK202310212132,123.7
EK202310106890,136.56666666666666
EK202310244866,131.43333333333334
EK202310185150,137.93333333333334
EK202310137324,132.06666666666666
EK202310171191,125.73333333333333
EK202310113505,143.0
EK202320007023,146.86666666666667
EK202310119257,159.26666666666668
EK202310149918,161.56666666666666
EK202310223014,134.73333333333332
EK202310201000,148.6
EK202310172203,144.1
EK202310203943,170.0
EK202310120010,135.9
EK202310108002,142.63333333333333
EK202310241637,152.46666666666667
EK202310174800,145.43333333333334
EK202310127377,166.26666666666668
EK202310122799,166.33333333333334
EK202310229843,134.46666666666667
EK202310226129,143.0
EK202310140081,146.76666666666668
EK202310229999,131.86666666666667
EK202310203546,149.9
EK202310209757,135.7
EK202310116016,137.93333333333334
EK202310165012,171.56666666666666
EK202310122837,133.86666666666667
EK202310146822,170.43333333333334
EK202310112044,133.6
EK202310166309,143.26666666666668
EK202310172353,139.4
EK202310111013,164.86666666666667
EK202310134532,136.73333333333332
EK202310201623,148.4
EK202310207833,146.46666666666667
EK202310153627,136.33333333333334
EK202310173741,152.53333333333333
EK202310233377,157.76666666666668
EK202310108336,136.63333333333333
EK202310144097,135.3
EK202310242026,158.76666666666668
EK202310123987,177.7
EK202310201556,145.3
EK202310141802,140.5
EK202310160116,141.06666666666666
EK202310208420,149.8
EK202310201286,157.46666666666667
EK202310242784,145.26666666666668
EK202310207678,126.03333333333333
EK202310235367,148.5
EK202310138835,141.23333333333332
EK202310126496,143.13333333333333
EK202310210203,142.36666666666667
EK202310160698,154.66666666666666
EK202310131627,144.73333333333332
EK202310192509,125.53333333333333
EK202310237182,155.13333333333333
EK202310195225,140.6
EK202310209548,132.16666666666666
EK202310170414,132.1
EK202310178511,145.73333333333332
EK202310169436,153.16666666666666
EK202310163299,144.66666666666666
EK202310197411,129.73333333333332
EK202310208679,145.93333333333334
EK202310178121,137.1
EK202310126051,138.1
EK202310158375,139.63333333333333
EK202310190778,142.43333333333334
EK202310154851,111.13333333333334
EK202310179709,133.96666666666667
EK202310114702,133.0
EK202310167850,130.6
EK202310004729,137.93333333333334
EK202310183539,144.53333333333333
EK202310196615,146.6
EK202310162856,136.83333333333334
EK202310133076,141.8
EK202310230396,147.03333333333333
EK202310158633,145.76666666666668
EK202310161117,175.13333333333333
EK202310004351,151.4
EK202310174767,145.3
EK202310183707,159.4
EK202310201085,149.03333333333333
EK202310117365,145.26666666666668
EK202310211525,145.1
EK202310174033,153.6
EK202310133029,164.9
EK202310109257,140.93333333333334
EK202310208465,147.03333333333333
EK202310003437,145.8
EK202310147849,139.16666666666666
EK202310172875,155.13333333333333
EK202310195261,137.26666666666668
EK202310124700,133.0
EK202310209462,136.9
EK202310190370,160.33333333333334
EK202310166689,140.76666666666668
EK202310125440,141.6
EK202310242447,169.86666666666667
EK202310208224,148.93333333333334
EK202310164938,135.43333333333334
EK202310171017,139.6
EK202310221295,131.46666666666667
EK202310116789,136.86666666666667
EK202310245230,140.03333333333333
EK202310196239,147.6
EK202310217020,147.46666666666667
EK202310149091,135.33333333333334
EK202310188633,136.4
EK202310145175,152.3
EK202310184944,145.86666666666667
EK202310116881,153.5
EK202310133865,127.76666666666667
EK202310170575,148.3
EK202310217837,131.53333333333333
EK202310142127,135.53333333333333
EK202310220280,137.76666666666668
EK202310220011,145.56666666666666
EK202310136446,130.46666666666667
EK202310167400,152.3
EK202310136757,145.2
EK202310219947,136.33333333333334
EK202310215446,165.3
EK202310113390,165.76666666666668
EK202310231430,133.2
EK202310190750,128.6
EK202310218203,129.53333333333333
EK202310232673,166.46666666666667
EK202310172719,139.1
EK202310238088,158.96666666666667
EK202310122490,141.8
EK202310141767,140.63333333333333
EK202310164189,140.63333333333333
EK202310131789,172.1
EK202310131787,136.9
EK202310111463,140.33333333333334
EK202310189888,141.73333333333332
EK202310123502,141.2
EK202310248489,143.26666666666668
EK202310104974,137.23333333333332
EK202310133434,144.43333333333334
EK202310122152,138.7
EK202310223645,147.13333333333333
EK202310218467,132.56666666666666
EK202310200984,122.16666666666667
EK202310246962,154.6
EK202310138658,141.3
EK202310135971,127.7
EK202310145071,145.96666666666667
EK202310236227,160.23333333333332
EK202310161820,132.23333333333332
EK202310116560,150.66666666666666
EK202310147855,137.6
EK202310198848,122.7
EK202310126318,139.8
EK202310168761,145.8
EK202310236060,144.43333333333334
EK202310194911,148.06666666666666
EK202310232213,135.3
EK202310123619,122.66666666666667
EK202310129238,136.96666666666667
EK202310239622,130.26666666666668
EK202310130274,154.63333333333333
EK202310136862,133.96666666666667
EK202310144925,144.93333333333334
EK202310117994,134.06666666666666
EK202310145721,155.56666666666666
EK202310166110,136.06666666666666
EK202310153689,131.3
EK202310167524,134.93333333333334
EK202310171110,151.8
EK202310194242,134.26666666666668
EK202310128824,146.4
EK202310217802,145.86666666666667
EK202310174759,137.63333333333333
EK202310163258,145.06666666666666
EK202320007136,133.33333333333334
EK202310223074,136.23333333333332
EK202310127999,145.03333333333333
EK202310210697,144.03333333333333
EK202310187479,163.43333333333334
EK202310229648,160.5
EK202310223615,150.9
EK202310205259,150.16666666666666
EK202310207915,136.03333333333333
EK202310161035,159.7
EK202310211684,143.93333333333334
EK202310217627,136.86666666666667
EK202310188184,151.5
EK202310179703,121.76666666666667
EK202310191167,127.8
EK202310206412,143.26666666666668
EK202310138851,163.9
EK202320007328,141.23333333333332
EK202310211346,143.96666666666667
EK202310169209,155.0
EK202310145302,163.9
EK202310203140,144.23333333333332
EK202310209732,135.86666666666667
EK202310117958,133.36666666666667
EK202310155922,151.9
EK202310184930,144.43333333333334
EK202310150832,138.46666666666667
EK202310208806,161.53333333333333
EK202310172410,169.8
EK202310230235,148.13333333333333
EK202310203566,152.16666666666666
EK202310123801,142.36666666666667
EK202310141762,173.73333333333332
EK202310245120,133.43333333333334
EK202310183959,145.73333333333332
EK202310128037,142.2
EK202310004669,140.03333333333333
EK202310217022,141.23333333333332
EK202310110060,150.46666666666667
EK202310231754,142.3
EK202310132866,142.93333333333334
EK202310246978,132.46666666666667
EK202310111800,144.36666666666667
EK202310141316,144.6
EK202310225078,136.3
EK202310224113,136.0
EK202310229156,129.83333333333334
EK202310158924,161.9
EK202310193952,141.43333333333334
EK202310134851,133.7
EK202310107778,144.63333333333333
EK202310201914,161.2
EK202310226477,154.53333333333333
EK202310200818,158.16666666666666
EK202310178725,130.23333333333332
EK202310136843,134.7
EK202310188878,175.26666666666668
EK202310192998,143.93333333333334
EK202310123605,149.93333333333334
EK202310109206,133.93333333333334
EK202310110309,134.96666666666667
EK202310201669,160.56666666666666
EK202310228267,159.33333333333334
EK202310120920,142.16666666666666
EK202310239638,157.66666666666666
EK202310138789,145.76666666666668
EK202310187947,171.36666666666667
EK202310143793,141.1
EK202310231992,145.9
EK202310243082,133.8
EK202310174903,129.6
EK202310004153,176.76666666666668
EK202310211574,139.3
EK202310133648,136.3
EK202310145095,138.13333333333333
EK202310180354,151.03333333333333
EK202310111206,138.73333333333332
EK202310182140,141.5
EK202310202202,139.03333333333333
EK202310158892,150.53333333333333
EK202310193967,133.2
EK202310222297,135.5
EK202310121931,148.36666666666667
EK202310170526,155.56666666666666
EK202310119454,158.73333333333332
EK202310235204,143.23333333333332
EK202310123917,143.36666666666667
EK202310157703,140.26666666666668
EK202310149315,148.5
EK202310146815,137.16666666666666
EK202310126049,143.6
EK202310232396,138.13333333333333
EK202310199056,155.13333333333333
EK202310141228,137.66666666666666
EK202310196032,143.33333333333334
EK202310107291,134.93333333333334
EK202310122690,139.53333333333333
EK202310236528,140.23333333333332
EK202320007677,149.7
EK202310210488,138.46666666666667
EK202310207172,146.76666666666668
EK202310182902,135.26666666666668
EK202310139806,178.7
EK202310148583,160.8
EK202310220644,140.26666666666668
EK202310112733,139.43333333333334
EK202310204401,142.9
EK202310160356,139.16666666666666
EK202310225435,140.4
EK202310196076,148.16666666666666
EK202310203598,134.33333333333334
EK202310140544,142.66666666666666
EK202310212327,135.23333333333332
EK202310235705,147.13333333333333
EK202310202376,130.73333333333332
EK202310196089,151.9
EK202310139122,139.96666666666667
EK202310176023,144.03333333333333
EK202310117387,128.83333333333334
EK202310192216,132.26666666666668
EK202310122067,139.33333333333334
EK202310224886,126.5
EK202310234937,142.5
EK202310196488,136.23333333333332
EK202310140986,144.9
EK202310104819,146.0
EK202310192016,155.03333333333333
EK202310230705,143.73333333333332
EK202310191079,159.1
EK202310224030,135.13333333333333
EK202310116108,133.16666666666666
EK202310216944,152.3
EK202310239270,141.73333333333332
EK202310179674,132.83333333333334
EK202310135614,136.9
EK202310196625,138.46666666666667
EK202310244109,142.33333333333334
EK202310211711,140.36666666666667
EK202310175336,158.93333333333334
EK202310155402,125.3
EK202310110776,158.16666666666666
EK202310246416,122.6
EK202310180852,131.13333333333333
EK202310173163,143.03333333333333
EK202310146639,137.16666666666666
EK202320007618,147.03333333333333
EK202310245395,170.06666666666666
EK202310175505,139.7
EK202310196444,157.76666666666668
EK202310172044,135.56666666666666
EK202310140972,169.23333333333332
EK202310236512,127.73333333333333
EK202310141653,136.5
EK202310236235,147.83333333333334
EK202310111947,129.9
EK202310129970,130.06666666666666
EK202310156921,164.3
EK202310111882,140.56666666666666
EK202310142671,156.7
EK202310225816,134.86666666666667
EK202310129016,148.1
EK202310216107,135.93333333333334
EK202310192345,133.03333333333333
EK202310115608,147.23333333333332
EK202310218293,135.3
EK202310105946,137.2
EK202310194919,143.43333333333334
EK202310138207,126.16666666666667
EK202310199908,142.9
EK202320006707,154.46666666666667
EK202310162516,156.93333333333334
EK202310121312,123.36666666666666
EK202310240696,141.73333333333332
EK202310124904,154.76666666666668
EK202310238291,149.1
EK202310127974,154.26666666666668
EK202310136024,168.9
EK202310187265,148.06666666666666
EK202310108072,134.56666666666666
EK202310240013,153.86666666666667
EK202310212042,136.4
EK202310237376,139.4
EK202310220612,134.06666666666666
EK202310194509,142.5
EK202310209569,139.33333333333334
EK202310114438,143.06666666666666
EK202310132881,159.26666666666668
EK202310175705,146.4
EK202310004055,139.8
EK202310175229,131.1
EK202310174345,154.3
EK202310212490,139.1
EK202310136810,123.66666666666667
EK202310157304,152.36666666666667
EK202310169599,127.4
EK202310107717,153.83333333333334
EK202310105279,157.16666666666666
EK202310110848,144.23333333333332
EK202310178772,182.46666666666667
EK202310245828,125.33333333333333
EK202310219817,141.73333333333332
EK202310200575,152.06666666666666
EK202310105122,133.26666666666668
EK202310162052,124.2
EK202310150697,144.5
EK202310158553,135.1
EK202310210487,136.13333333333333
EK202310219594,139.4
EK202310234064,154.03333333333333
EK202310147076,150.36666666666667
EK202310168891,161.1
EK202310230477,159.33333333333334
EK202310151700,136.86666666666667
EK202310105830,167.03333333333333
EK202310150350,158.7
EK202310221753,153.8
EK202310117832,128.16666666666666
EK202310192005,149.43333333333334
EK202310236133,147.6
EK202310128003,136.46666666666667
EK202310192879,146.13333333333333
EK202310127978,136.83333333333334
EK202310145508,146.9
EK202310112586,137.8
EK202310241863,150.66666666666666
EK202310221932,147.56666666666666
EK202310132949,138.6
EK202310223688,174.56666666666666
EK202310143982,142.16666666666666
EK202320006378,148.2
EK202310104123,143.16666666666666
EK202310185565,137.76666666666668
EK202310229086,140.76666666666668
EK202310133226,145.5
EK202310118081,148.06666666666666
EK202310150049,145.36666666666667
EK202310135400,129.33333333333334
EK202310116088,136.56666666666666
EK202310231696,134.06666666666666
EK202310146749,148.56666666666666
EK202310111238,132.46666666666667
EK202310191666,165.43333333333334
EK202310135953,143.7
EK202310161122,174.56666666666666
EK202310228253,142.36666666666667
EK202310153608,160.03333333333333
EK202310138495,168.53333333333333
EK202310145050,145.23333333333332
EK202310206747,133.3
EK202310203488,161.96666666666667
EK202310183419,163.5
EK202310129584,144.23333333333332
EK202310131950,140.7
EK202320006497,144.7
EK202310158313,141.63333333333333
EK202310156450,130.63333333333333
EK202310206931,159.0
EK202310224192,147.43333333333334
EK202310181248,152.13333333333333
EK202310139477,168.8
EK202310106863,144.3
EK202310113902,142.13333333333333
EK202310177431,137.8
EK202310189561,153.33333333333334
EK202310206223,136.23333333333332
EK202320005580,158.1
EK202310240584,133.2
EK202310193474,135.4
EK202310106515,150.03333333333333
EK202310134230,135.5
EK202310184191,129.96666666666667
EK202310120682,138.5
EK202310169684,142.1
EK202310119557,133.76666666666668
EK202310126983,136.4
EK202310167903,149.5
EK202310133442,139.76666666666668
EK202310210959,146.53333333333333
EK202310212306,132.66666666666666
EK202310230307,134.26666666666668
EK202310212565,124.66666666666667
EK202310192899,139.26666666666668
EK202310170190,138.26666666666668
EK202310153027,177.46666666666667
EK202310114380,154.1
EK202310133567,170.53333333333333
EK202310214756,144.43333333333334
EK202310114168,146.7
EK202310217065,167.8
EK202310169361,150.63333333333333
EK202310165708,149.3
EK202310228615,131.86666666666667
EK202310209019,163.66666666666666
EK202310132985,138.43333333333334
EK202310110233,107.9
EK202310143464,141.86666666666667
EK202310136141,147.53333333333333
EK202310226017,140.36666666666667
EK202310155663,123.83333333333333
EK202310195009,165.06666666666666
EK202310126196,147.8
EK202310108026,149.56666666666666
EK202310172643,141.9
EK202310153423,128.9
EK202310243003,138.03333333333333
EK202310153678,138.9
EK202310169206,157.13333333333333
EK202310196881,141.73333333333332
EK202310247696,135.73333333333332
EK202310160692,151.03333333333333
EK202310157186,164.53333333333333
EK202310156752,128.86666666666667
EK202310114419,157.33333333333334
EK202310117232,151.66666666666666
EK202310221881,139.06666666666666
EK202310202289,136.0
EK202310221155,139.4
EK202310197000,144.76666666666668
EK202310183680,134.36666666666667
EK202310166065,135.2
EK202310224104,141.1
EK202310198490,124.46666666666667
EK202310185320,158.0
EK202310112969,143.3
EK202310122531,140.86666666666667
EK202310223294,158.8
EK202310243257,154.5
EK202310227369,160.26666666666668
EK202310132379,135.96666666666667
EK202310207889,144.9
EK202310155220,140.03333333333333
EK202310149989,151.13333333333333
EK202310116304,141.2
EK202310207654,168.4
EK202310233148,139.93333333333334
EK202310133990,153.96666666666667
EK202310131881,144.7
EK202310147674,156.16666666666666
EK202310161848,161.83333333333334
EK202310113742,154.43333333333334
EK202310107292,132.56666666666666
EK202310157457,141.26666666666668
EK202310159983,136.56666666666666
EK202310222436,130.23333333333332
EK202310116722,138.5
EK202310228029,135.23333333333332
EK202310226778,136.6
EK202310223904,133.4
EK202310205019,138.03333333333333
EK202310119364,141.43333333333334
EK202310003651,125.73333333333333
EK202310212861,149.16666666666666
EK202310110710,153.63333333333333
EK202310131651,151.8
EK202310144906,140.3
EK202310188544,145.6
EK202310133839,155.06666666666666
EK202310118694,138.5
EK202310110720,122.16666666666667
EK202310128544,144.8
EK202310193628,138.63333333333333
EK202310148648,145.7
EK202310153778,140.7
EK202310188918,137.53333333333333
EK202310126546,141.4
EK202310214084,154.4
EK202310191915,153.13333333333333
EK202310230973,132.96666666666667
EK202310220076,141.4
EK202310198281,128.1
EK202310210973,148.2
EK202310116202,145.9
EK202320007382,151.93333333333334
EK202310140017,131.33333333333334
EK202310235458,131.0
EK202310224553,132.9
EK202310131411,126.23333333333333
EK202310172944,136.8
EK202310187715,142.46666666666667
EK202310117160,150.56666666666666
EK202310223783,138.43333333333334
EK202310208505,133.13333333333333
EK202310177144,142.76666666666668
EK202310141554,137.7
EK202310153806,150.16666666666666
EK202310178651,130.36666666666667
EK202310207053,146.83333333333334
EK202310121285,140.2
EK202310129917,141.4
EK202310178974,127.03333333333333
EK202310139959,147.9
EK202310240930,145.56666666666666
EK202310184143,151.03333333333333
EK202310141627,142.3
EK202310248495,141.63333333333333
EK202310210251,139.5
EK202310181393,139.56666666666666
EK202310203408,147.9
EK202310210221,139.9
EK202310153228,140.6
EK202310181161,147.63333333333333
EK202310122291,160.1
EK202310219649,145.1
EK202310108802,148.93333333333334
EK202310147915,151.43333333333334
EK202310219111,130.63333333333333
EK202310004516,130.8
EK202310187796,140.5
EK202310152632,155.03333333333333
EK202310234189,125.43333333333334
EK202310248401,135.53333333333333
EK202310198077,145.16666666666666
EK202310182281,148.3
EK202310173305,144.43333333333334
EK202310191194,146.76666666666668
EK202320006641,158.06666666666666
EK202310187839,168.36666666666667
EK202310166786,176.36666666666667
EK202310104248,157.9
EK202310140808,143.46666666666667
EK202310154881,138.3
EK202310158734,145.0
EK202310198034,139.06666666666666
EK202310210288,139.76666666666668
EK202310115555,151.56666666666666
EK202310122253,150.76666666666668
EK202310208001,141.06666666666666
EK202310247301,164.1
EK202310158412,137.4
EK202310133516,123.13333333333334
EK202310199724,154.5
EK202310203434,144.33333333333334
EK202310149601,153.2
EK202310207662,138.06666666666666
EK202310155823,154.63333333333333
EK202310155070,136.8
EK202310003692,166.63333333333333
EK202310112220,164.26666666666668
EK202310210474,140.03333333333333
EK202310174563,169.1
EK202310178481,161.3
EK202310161746,149.26666666666668
EK202310184759,142.36666666666667
EK202310214382,149.4
EK202310220383,134.86666666666667
EK202310181896,146.8
EK202310109101,150.13333333333333
EK202310111874,156.56666666666666
EK202310239939,142.86666666666667
EK202310146648,139.8
EK202310147888,144.3
EK202310228585,135.16666666666666
EK202320006300,149.93333333333334
EK202310157823,128.5
EK202310175416,143.36666666666667
EK202310191246,140.23333333333332
EK202310241025,142.23333333333332
EK202310175713,137.4
EK202310165199,141.0
EK202310229611,137.63333333333333
EK202310167463,168.23333333333332
EK202310125411,134.2
EK202310247310,144.3
EK202310131556,143.33333333333334
EK202320007526,147.9
EK202310109396,156.03333333333333
EK202310243612,153.3
EK202320006821,168.83333333333334
EK202310191818,153.1
EK202310206573,144.06666666666666
EK202310176203,153.83333333333334
EK202310113063,141.5
EK202310152411,152.0
EK202310186297,171.06666666666666
EK202320006177,149.26666666666668
EK202310184504,162.43333333333334
EK202310118343,139.23333333333332
EK202310166342,160.96666666666667
EK202310238948,157.16666666666666
EK202310226471,139.26666666666668
EK202310153486,135.33333333333334
EK202310146780,139.8
EK202310129676,123.86666666666666
EK202310230251,135.23333333333332
EK202310227178,171.26666666666668
EK202310148962,143.66666666666666
EK202310235140,148.36666666666667
EK202310158736,156.93333333333334
EK202310208299,156.1
EK202310205311,148.26666666666668
EK202310140268,134.66666666666666
EK202310158411,137.26666666666668
EK202310120168,150.2
EK202310120164,146.63333333333333
EK202310191318,143.0
EK202310124551,143.7
EK202310133393,135.7
EK202310244048,136.26666666666668
EK202310209487,147.76666666666668
EK202310130550,121.9
EK202310134976,167.63333333333333
EK202310113614,130.46666666666667
EK202310237767,148.8
EK202310120386,144.23333333333332
EK202310190693,154.83333333333334
EK202310158340,134.33333333333334
EK202310185631,144.3
EK202310193894,132.13333333333333
EK202310232391,132.43333333333334
EK202310129047,152.03333333333333
EK202310187052,132.23333333333332
EK202310174623,129.36666666666667
EK202310149978,132.3
EK202310238712,130.93333333333334
EK202310172389,164.36666666666667
EK202310187833,140.73333333333332
EK202310238335,171.86666666666667
EK202310232031,144.76666666666668
EK202310224185,137.86666666666667
EK202310166575,137.56666666666666
EK202310119974,131.86666666666667
EK202310195917,131.43333333333334
EK202310174762,147.6
EK202310237282,135.83333333333334
EK202310112142,152.03333333333333
EK202310107661,150.6
EK202310197179,160.46666666666667
EK202310154174,166.43333333333334
EK202310241892,134.96666666666667
EK202310178171,141.13333333333333
EK202310134220,144.8
EK202310200711,146.23333333333332
EK202310190031,172.2
EK202310215938,149.13333333333333
EK202310125861,142.53333333333333
EK202310143873,132.16666666666666
EK202310165035,128.83333333333334
EK202310157391,138.8
EK202310216624,137.53333333333333
EK202310136516,134.96666666666667
EK202310175267,152.33333333333334
EK202310139527,137.56666666666666
EK202310145890,130.53333333333333
EK202310207934,134.7
EK202310216534,152.93333333333334
EK202310243402,137.83333333333334
EK202310125822,135.23333333333332
EK202310210671,134.2
EK202310118842,142.36666666666667
EK202310242780,131.13333333333333
EK202310183963,143.76666666666668
EK202310192132,147.63333333333333
EK202310158172,169.86666666666667
EK202310107920,148.8
EK202310116588,160.6
EK202310157004,167.26666666666668
EK202310203397,149.06666666666666
EK202310145727,171.5
EK202310134294,143.06666666666666
EK202310161573,150.16666666666666
EK202310163914,138.76666666666668
EK202320005749,154.56666666666666
EK202310004457,162.33333333333334
EK202310198895,120.73333333333333
EK202310200079,140.1
EK202310236220,162.96666666666667
EK202310167195,155.4
EK202310190621,136.8
EK202310126857,152.8
EK202310221597,138.9
EK202310139743,155.5
EK202310173860,140.2
EK202310212130,136.36666666666667
EK202310238113,141.66666666666666
EK202310232782,154.23333333333332
EK202310231990,149.36666666666667
EK202310154189,127.06666666666666
EK202310111012,140.26666666666668
EK202310208334,142.8
EK202310222126,138.73333333333332
EK202310206217,143.16666666666666
EK202310185801,129.13333333333333
EK202310207901,131.0
EK202310121054,143.56666666666666
EK202310188410,152.06666666666666
EK202310203904,140.0
EK202310230514,140.76666666666668
EK202320007184,159.5
EK202310196925,154.23333333333332
EK202310201983,138.66666666666666
EK202310242071,140.7
EK202310242487,150.1
EK202310174134,172.03333333333333
EK202310221304,131.16666666666666
EK202310146366,141.06666666666666
EK202310242718,139.33333333333334
EK202310158582,139.53333333333333
EK202310182050,150.7
EK202310110321,140.0
EK202310126720,134.43333333333334
EK202310145134,155.7
EK202310134228,143.73333333333332
EK202310151176,135.03333333333333
EK202310159471,134.13333333333333
EK202310197298,143.4
EK202310114442,145.9
EK202310216170,135.0
EK202310126914,138.23333333333332
EK202310160897,176.6
EK202310241296,164.63333333333333
EK202310145492,136.8
EK202310142012,169.53333333333333
EK202310141538,136.03333333333333
EK202310154638,149.86666666666667
EK202310238848,157.3
EK202310139821,144.13333333333333
EK202310108173,136.63333333333333
EK202310119610,125.13333333333334
EK202310242565,152.5
EK202310186446,150.86666666666667
EK202310144153,138.03333333333333
EK202310234883,144.26666666666668
EK202310124017,176.6
EK202310163758,156.26666666666668
EK202310203597,146.86666666666667
EK202310104417,140.8
EK202310202155,147.4
EK202310245823,126.23333333333333
EK202310203079,126.2
EK202310161636,167.0
EK202310144165,130.33333333333334
EK202310204775,132.26666666666668
EK202310167770,172.73333333333332
EK202310215963,143.9
EK202310133633,143.63333333333333
EK202310214866,145.6
EK202310180646,134.46666666666667
EK202310167541,136.8
EK202310136641,155.1
EK202310148939,145.36666666666667
EK202310103722,153.23333333333332
EK202310179303,144.6
EK202310200620,151.9
EK202310125714,141.73333333333332
EK202310204522,146.53333333333333
EK202310150835,153.6
EK202310130780,124.83333333333333
EK202310105814,131.5
EK202310172033,144.13333333333333
EK202310201852,139.86666666666667
EK202310148715,162.73333333333332
EK202310221644,124.66666666666667
EK202310114274,158.83333333333334
EK202310178264,148.13333333333333
EK202310164025,143.56666666666666
EK202310204651,158.36666666666667
EK202310141344,144.76666666666668
EK202310185886,151.76666666666668
EK202310203443,157.43333333333334
EK202320007693,135.56666666666666
EK202310236673,142.76666666666668
EK202310205537,166.66666666666666
EK202310215661,130.13333333333333
EK202310116840,145.0
EK202310179840,152.13333333333333
EK202310178802,161.96666666666667
EK202310124043,134.9
EK202310160029,150.93333333333334
EK202310166756,146.1
EK202310234362,139.13333333333333
EK202310130046,140.43333333333334
EK202310175285,134.63333333333333
EK202310155324,141.5
EK202310110760,145.33333333333334
EK202310167871,146.96666666666667
EK202310111911,144.66666666666666
EK202310105964,142.3
EK202310187240,143.26666666666668
EK202310228002,142.63333333333333
EK202310202448,162.8
EK202310144304,142.63333333333333
EK202310132248,160.43333333333334
EK202310200767,142.93333333333334
EK202310246600,138.46666666666667
EK202310156024,131.63333333333333
EK202310124951,132.16666666666666
EK202310127803,126.3
EK202310212512,141.03333333333333
EK202310237901,141.9
EK202310123799,140.76666666666668
EK202310122255,147.73333333333332
EK202310140607,134.36666666666667
EK202310214168,163.83333333333334
EK202310205290,154.1
EK202310201590,161.43333333333334
EK202310246716,160.76666666666668
EK202310211043,137.6
EK202310245155,144.7
EK202310146684,142.33333333333334
EK202310224856,170.73333333333332
EK202310149244,139.06666666666666
EK202310130714,130.96666666666667
EK202310185702,144.66666666666666
EK202310105075,138.43333333333334
EK202310103937,156.86666666666667
EK202310219458,134.4
EK202310220878,139.33333333333334
EK202310114846,145.03333333333333
EK202310165810,135.3
EK202310188784,157.6
EK202310119305,132.13333333333333
EK202310142173,135.53333333333333
EK202310218752,139.03333333333333
EK202310191456,162.93333333333334
EK202310110108,127.13333333333334
EK202310159818,154.93333333333334
EK202310151468,176.53333333333333
EK202310107315,133.93333333333334
EK202310200556,154.26666666666668
EK202310217485,146.53333333333333
EK202310206013,124.66666666666667
EK202310004134,146.66666666666666
EK202310124207,130.93333333333334
EK202310216869,162.86666666666667
EK202310112622,135.56666666666666
EK202310239660,144.06666666666666
EK202310236964,136.43333333333334
EK202310182396,146.6
EK202310213788,165.16666666666666
EK202310193031,148.96666666666667
EK202310181134,135.4
EK202310232914,132.16666666666666
EK202310229534,134.5
EK202310187612,172.1
EK202310186706,152.66666666666666
EK202310146528,141.46666666666667
EK202310201671,138.8
EK202310155878,149.96666666666667
EK202310186935,146.7
EK202310165048,134.5
EK202310214244,133.33333333333334
EK202310003448,133.76666666666668
EK202310237813,130.7
EK202310229380,121.56666666666666
EK202310136410,130.5
EK202310181792,138.6
EK202310174073,150.26666666666668
EK202310230921,145.03333333333333
EK202310131346,129.5
EK202310167144,163.23333333333332
EK202310198792,132.86666666666667
EK202310230863,142.76666666666668
EK202310116803,136.0
EK202310161651,170.0
EK202310140098,135.0
EK202310147311,183.06666666666666
EK202310228798,125.83333333333333
EK202310166857,176.16666666666666
EK202310204207,146.23333333333332
EK202310181214,153.76666666666668
EK202310163102,148.6
EK202310132529,153.33333333333334
EK202310194194,157.1
EK202310185194,143.23333333333332
EK202310139315,138.9
EK202310133963,171.76666666666668
EK202310107375,139.13333333333333
EK202310183190,146.03333333333333
EK202310150967,137.2
EK202310235477,152.33333333333334
EK202310231329,138.73333333333332
EK202310151218,150.36666666666667
EK202310117961,137.0
EK202310115637,131.66666666666666
EK202310148316,134.3
EK202310189439,176.36666666666667
EK202310183291,173.63333333333333
EK202310180341,162.9
EK202310195359,135.06666666666666
EK202310168437,161.7
EK202310239724,141.26666666666668
EK202310120281,157.23333333333332
EK202310154084,127.8
EK202310202226,151.86666666666667
EK202310211847,124.26666666666667
EK202310225040,150.0
EK202310148021,134.83333333333334
EK202310219384,126.53333333333333
EK202310189651,150.4
EK202310172718,140.4
EK202310154499,136.43333333333334
EK202310199387,153.63333333333333
EK202310109346,134.53333333333333
EK202310151918,138.33333333333334
EK202310138435,143.96666666666667
EK202310208281,146.83333333333334
EK202310144236,130.86666666666667
EK202310169290,141.93333333333334
EK202310120393,144.56666666666666
EK202310183688,142.7
EK202310192046,154.96666666666667
EK202310141942,141.13333333333333
EK202310120519,136.13333333333333
EK202310226413,139.56666666666666
EK202310177117,154.66666666666666
EK202310217940,143.03333333333333
EK202310170501,133.16666666666666
EK202310223357,144.46666666666667
EK202310245835,125.63333333333334
EK202310137793,135.86666666666667
EK202310174008,161.63333333333333
EK202310209155,135.86666666666667
EK202310177866,127.8
EK202310137396,151.93333333333334
EK202320006094,148.76666666666668
EK202310237036,135.83333333333334
EK202310177476,140.26666666666668
EK202310218927,135.7
EK202320007708,172.0
EK202310150749,139.6
EK202310226921,141.26666666666668
EK202310134168,135.33333333333334
EK202310198694,172.56666666666666
EK202310153758,143.3
EK202310164887,150.63333333333333
EK202310235542,155.46666666666667
EK202310175801,137.06666666666666
EK202310201383,155.26666666666668
EK202310003604,149.3
EK202310132259,165.5
EK202310223451,140.7
EK202310232766,162.1
EK202310162702,122.7
EK202310191785,153.46666666666667
EK202310222647,132.06666666666666
EK202310120606,134.06666666666666
EK202310196738,133.6
EK202310167031,156.8
EK202320006878,163.53333333333333
EK202310128617,159.76666666666668
EK202310156730,134.66666666666666
EK202310154328,108.86666666666666
EK202310199723,162.86666666666667
EK202310204015,159.7
EK202310165125,139.7
EK202310128837,142.7
EK202310109283,140.16666666666666
EK202310140754,149.33333333333334
EK202310133445,139.26666666666668
EK202310215163,148.4
EK202310152379,148.2
EK202310222153,133.3
EK202310168369,130.6
EK202310146927,146.93333333333334
EK202310233613,157.16666666666666
EK202310194475,131.2
EK202310176902,141.43333333333334
EK202310109845,136.3
EK202310143688,153.66666666666666
EK202310223718,133.93333333333334
EK202310114527,133.83333333333334
EK202310120556,163.36666666666667
EK202310228552,133.26666666666668
EK202310149970,154.56666666666666
EK202310199626,132.06666666666666
EK202310214977,171.13333333333333
EK202310184953,147.4
EK202310004437,131.83333333333334
EK202310213912,158.26666666666668
EK202310151119,140.66666666666666
EK202310171466,136.03333333333333
EK202310152063,145.53333333333333
EK202310137186,157.26666666666668
EK202320007104,134.03333333333333
EK202310202185,140.3
EK202310226204,137.73333333333332
EK202310189423,136.16666666666666
EK202310192491,131.23333333333332
EK202310187212,144.03333333333333
EK202310192179,148.33333333333334
EK202310126111,130.9
EK202310175586,153.93333333333334
EK202310194758,150.43333333333334
EK202310214384,147.26666666666668
EK202310179433,158.43333333333334
EK202310118937,153.7
EK202310230656,155.46666666666667
EK202310212922,150.36666666666667
EK202310223591,134.73333333333332
EK202310182731,140.66666666666666
EK202310197092,132.66666666666666
EK202310188601,142.26666666666668
EK202310185962,167.86666666666667
EK202310154873,133.06666666666666
EK202310140333,135.33333333333334
EK202310239540,138.46666666666667
EK202310207256,131.43333333333334
EK202310193996,144.36666666666667
EK202310196769,134.86666666666667
EK202310123958,142.9
EK202310240085,143.86666666666667
EK202310246484,129.16666666666666
EK202310147689,144.96666666666667
EK202310189701,137.23333333333332
EK202310237575,149.1
EK202310219357,139.76666666666668
EK202310120804,138.96666666666667
EK202310125732,154.56666666666666
EK202310167873,129.56666666666666
EK202310247821,137.16666666666666
EK202310206331,182.63333333333333
EK202310131746,145.23333333333332
EK202310125465,140.76666666666668
EK202310137591,152.83333333333334
EK202310146755,140.03333333333333
EK202310145331,163.73333333333332
EK202310126909,137.63333333333333
EK202310176521,136.06666666666666
EK202310160650,135.16666666666666
EK202310114819,138.66666666666666
EK202310218236,143.83333333333334
EK202310204841,165.06666666666666
EK202310004910,138.8
EK202310146653,141.36666666666667
EK202310188782,150.46666666666667
EK202310125945,143.33333333333334
EK202310176437,149.2
EK202310193288,159.26666666666668
EK202310178658,151.03333333333333
EK202310150054,136.03333333333333
EK202310142919,165.73333333333332
EK202310222262,129.13333333333333
EK202310235742,149.36666666666667
EK202310113166,160.36666666666667
EK202310224000,169.13333333333333
EK202310198993,141.13333333333333
EK202310228553,135.83333333333334
EK202310190794,142.4
EK202310201535,150.93333333333334
EK202310165775,137.0
EK202310173099,146.46666666666667
EK202310152431,167.46666666666667
EK202310232652,154.26666666666668
EK202310182578,136.0
EK202310176081,140.93333333333334
EK202310168495,127.76666666666667
EK202310243081,140.43333333333334
EK202310214666,144.5
EK202310173376,130.83333333333334
EK202310185049,146.1
EK202310151788,148.56666666666666
EK202310142398,145.3
EK202310191734,143.23333333333332
EK202310185366,153.2
EK202310110653,130.33333333333334
EK202310197984,162.8
EK202310212461,135.6
EK202310220987,136.83333333333334
EK202310114458,135.4
EK202310167289,149.43333333333334
EK202310178582,154.76666666666668
EK202310135726,153.43333333333334
EK202310208307,140.36666666666667
EK202310186529,141.8
EK202310163685,139.96666666666667
EK202310204304,157.93333333333334
EK202310174269,131.73333333333332
EK202310169002,138.66666666666666
EK202310195183,147.5
EK202310172158,143.13333333333333
EK202310195251,140.2
EK202310217760,144.0
EK202310233545,151.96666666666667
EK202310146187,139.7
EK202310201834,163.93333333333334
EK202310172626,155.5
EK202310173313,125.7
EK202310151898,158.43333333333334
EK202310112427,133.9
EK202310202848,152.6
EK202310106441,142.2
EK202310200903,135.96666666666667
EK202310211769,128.3
EK202310210065,129.1
EK202310243416,140.93333333333334
EK202310178697,164.83333333333334
EK202310161358,143.5
EK202320006190,149.86666666666667
EK202310180462,149.16666666666666
EK202310162539,154.8
EK202310148977,141.43333333333334
EK202310194237,136.76666666666668
EK202310223514,137.06666666666666
EK202310162269,148.1
EK202310121844,132.96666666666667
EK202310124866,133.23333333333332
EK202310107700,168.23333333333332
EK202310221161,141.63333333333333
EK202310245562,133.4
EK202310179235,121.46666666666667
EK202310124532,144.76666666666668
EK202310128389,156.43333333333334
EK202310129800,150.8
EK202310207578,148.16666666666666
EK202310193457,135.7
EK202310206549,143.56666666666666
EK202310192075,135.73333333333332
EK202310234817,141.76666666666668
EK202310152042,147.1
EK202310199732,134.33333333333334
EK202310106385,149.83333333333334
EK202310232034,139.0
EK202310225160,147.06666666666666
EK202310168514,177.6
EK202310196347,166.7
EK202310132598,153.0
EK202310193609,138.43333333333334
EK202310112508,140.63333333333333
EK202310155472,146.86666666666667
EK202310177321,137.63333333333333
EK202310128022,133.63333333333333
EK202310206990,143.36666666666667
EK202310142239,155.36666666666667
EK202310129832,141.13333333333333
EK202310213810,135.5
EK202310198404,144.7
EK202310003754,139.56666666666666
EK202310133307,139.23333333333332
EK202310155718,139.36666666666667
EK202310124975,137.9
EK202310238569,142.66666666666666
EK202310155626,149.43333333333334
EK202310109451,139.3
EK202310156701,134.46666666666667
EK202310112702,139.0
EK202310219593,134.93333333333334
EK202310236091,120.63333333333334
EK202310109465,149.86666666666667
EK202310239232,142.5
EK202310153092,158.96666666666667
EK202310142926,145.23333333333332
EK202310195282,161.63333333333333
EK202310144631,142.16666666666666
EK202310158174,139.96666666666667
EK202310130498,140.96666666666667
EK202310152250,156.36666666666667
EK202310154816,136.43333333333334
EK202310187452,167.53333333333333
EK202310130712,133.13333333333333
EK202310225931,135.93333333333334
EK202310212154,134.83333333333334
EK202310180982,165.5
EK202310187065,142.86666666666667
EK202310231143,134.13333333333333
EK202310244459,132.06666666666666
EK202310117863,145.06666666666666
EK202310104458,136.73333333333332
EK202310228846,139.26666666666668
EK202310129898,166.46666666666667
EK202310160315,147.2
EK202310146629,141.7
EK202310166930,169.03333333333333
EK202310242374,139.7
EK202310210376,138.56666666666666
EK202310197387,141.73333333333332
EK202310136364,147.96666666666667
EK202310204149,148.66666666666666
EK202310107806,159.06666666666666
EK202310233474,128.46666666666667
EK202310228559,139.8
EK202310138215,125.26666666666667
EK202310143063,149.6
EK202310157985,146.46666666666667
EK202310190599,132.23333333333332
EK202310114903,137.16666666666666
EK202310133276,129.86666666666667
EK202310132588,130.86666666666667
EK202310004157,146.2
EK202310152358,153.5
EK202310111141,176.2
EK202310200435,140.76666666666668
EK202310204982,143.23333333333332
EK202310212495,130.83333333333334
EK202310183601,144.46666666666667
EK202310214375,166.73333333333332
EK202310210198,138.53333333333333
EK202310167063,153.06666666666666
EK202310149576,151.6
EK202310132215,139.73333333333332
EK202310163904,176.03333333333333
EK202310200956,160.73333333333332
EK202310180120,155.6
EK202310121104,136.93333333333334
EK202310203655,138.06666666666666
EK202310194561,164.7
EK202310222799,151.13333333333333
EK202320007041,134.86666666666667
EK202310119052,149.13333333333333
EK202310137233,146.43333333333334
EK202310187775,144.03333333333333
EK202310232434,134.9
EK202310205717,151.43333333333334
EK202310221339,146.23333333333332
EK202310123835,149.86666666666667
EK202310232532,140.23333333333332
EK202310107165,139.26666666666668
EK202310203436,144.2
EK202310169851,149.83333333333334
EK202310193274,152.93333333333334
EK202310151878,140.93333333333334
EK202310180128,140.03333333333333
EK202310150220,134.33333333333334
EK202310187751,141.53333333333333
EK202310162881,143.76666666666668
EK202310192822,158.4
EK202310195620,145.73333333333332
EK202310135344,137.16666666666666
EK202310190721,159.4
EK202310121180,146.6
EK202310197995,157.73333333333332
EK202310238294,141.9
EK202310181201,147.36666666666667
EK202320006195,164.1
EK202310144714,125.56666666666666
EK202310174694,176.83333333333334
EK202310130143,157.33333333333334
EK202310213402,133.6
EK202310164458,148.16666666666666
EK202310138233,145.8
EK202310196325,172.43333333333334
EK202310230287,135.36666666666667
EK202320007443,139.23333333333332
EK202310237310,135.76666666666668
EK202310188028,176.16666666666666
EK202310221385,155.16666666666666
EK202310201433,140.36666666666667
EK202310210894,132.1
EK202310144757,135.0
EK202310230555,132.53333333333333
EK202310127197,162.16666666666666
EK202310210367,141.23333333333332
EK202310107406,138.43333333333334
EK202310201552,152.0
EK202310163315,147.66666666666666
EK202310106204,139.63333333333333
EK202310189865,144.93333333333334
EK202310143319,158.53333333333333
EK202310187989,137.06666666666666
EK202310204280,145.43333333333334
EK202310166053,177.36666666666667
EK202310179719,140.86666666666667
EK202310119334,127.8
EK202310212088,134.4
EK202310123364,153.23333333333332
EK202310235184,147.9
EK202310150098,125.5
EK202310219013,133.33333333333334
EK202320005598,144.4
EK202310122400,148.56666666666666
EK202320006069,152.93333333333334
EK202310240606,124.6
EK202310192122,146.96666666666667
EK202310239991,155.43333333333334
EK202310129077,146.4
EK202310246377,136.4
EK202310242482,149.43333333333334
EK202310162862,141.33333333333334
EK202310217556,159.43333333333334
EK202310136375,138.93333333333334
EK202310193072,135.06666666666666
EK202310232709,127.9
EK202310137784,144.56666666666666
EK202310195933,155.26666666666668
EK202310190342,141.06666666666666
EK202310128675,152.03333333333333
EK202310156867,134.76666666666668
EK202310148670,133.33333333333334
EK202310176460,141.8
EK202310129961,152.63333333333333
EK202310146909,144.86666666666667
EK202310138497,155.9
EK202320005583,144.43333333333334
EK202310139679,154.83333333333334
EK202310138331,129.26666666666668
EK202310183937,167.73333333333332
EK202310180455,143.4
EK202310197763,148.0
EK202310196627,148.5
EK202310219790,144.4
EK202310185905,175.4
EK202310004706,141.6
EK202310181268,125.53333333333333
EK202310219922,147.1
EK202310149625,145.66666666666666
EK202310200086,132.23333333333332
EK202310214446,152.4
EK202310244555,141.33333333333334
EK202310203678,145.23333333333332
EK202310121725,143.5
EK202310178580,159.46666666666667
EK202310231258,144.33333333333334
EK202310116413,133.96666666666667
EK202310130519,145.7
EK202310114605,156.33333333333334
EK202310104328,134.63333333333333
EK202310217095,151.96666666666667
EK202310159014,135.26666666666668
EK202310240255,137.66666666666666
EK202320006678,169.33333333333334
EK202310127358,164.2
EK202310228371,146.2
EK202310212880,135.8
EK202310184252,152.43333333333334
EK202310222457,124.53333333333333
EK202310106525,165.1
EK202310212900,138.46666666666667
EK202310164200,153.63333333333333
EK202310141506,138.16666666666666
EK202310124179,125.13333333333334
EK202310210747,132.03333333333333
EK202310104325,134.43333333333334
EK202310171837,144.7
EK202310183388,136.83333333333334
EK202310175474,146.63333333333333
EK202310161361,158.06666666666666
EK202310163883,159.66666666666666
EK202310233128,140.76666666666668
EK202310199650,155.53333333333333
EK202310107707,141.76666666666668
EK202310112036,133.26666666666668
EK202310152162,136.73333333333332
EK202310115154,157.5
EK202310106295,139.46666666666667
EK202310209811,126.66666666666667
EK202310170779,136.23333333333332
EK202310132319,131.8
EK202310176117,150.8
EK202310109117,123.13333333333334
EK202310146050,127.46666666666667
EK202310189377,173.53333333333333
EK202310108901,148.33333333333334
EK202310129280,147.06666666666666
EK202310186201,136.7
EK202310125879,155.06666666666666
EK202310223489,147.4
EK202310195362,157.43333333333334
EK202310168199,124.9
EK202310123430,138.53333333333333
EK202310169481,152.56666666666666
EK202310212350,131.76666666666668
EK202310204165,135.96666666666667
EK202310116597,166.5
EK202310178940,124.23333333333333
EK202310181172,144.9
EK202310232407,135.46666666666667
EK202310120201,131.26666666666668
EK202310132088,169.5
EK202310176583,143.6
EK202310116485,126.53333333333333
EK202310232488,137.96666666666667
EK202310185248,140.9
EK202310114195,131.0
EK202310171527,137.6
EK202310239847,134.2
EK202310109025,146.2
EK202310188543,140.26666666666668
EK202310164772,148.6
EK202310220946,128.96666666666667
EK202310157893,166.03333333333333
EK202310130096,152.2
EK202310215475,141.73333333333332
EK202310175525,160.93333333333334
EK202310241739,147.43333333333334
EK202310149577,145.26666666666668
EK202320007764,142.8
EK202310162677,157.23333333333332
EK202310118455,147.53333333333333
EK202310144170,133.0
EK202310123446,153.23333333333332
EK202310111614,141.06666666666666
EK202310148681,163.8
EK202310135706,129.03333333333333
EK202310169610,129.1
EK202310154626,151.4
EK202310186396,140.96666666666667
EK202310130384,139.66666666666666
EK202310139999,128.0
EK202310173443,149.36666666666667
EK202310172753,143.46666666666667
EK202310150539,138.13333333333333
EK202310197972,157.93333333333334
EK202310167038,154.56666666666666
EK202310121549,147.1
EK202310144749,160.26666666666668
EK202310129763,121.5
EK202310105138,138.46666666666667
EK202310145803,138.8
EK202310150239,135.0
EK202310169489,141.86666666666667
EK202310138665,141.0
EK202310123078,143.16666666666666
EK202310219135,134.63333333333333
EK202310116443,127.86666666666666
EK202310195859,147.43333333333334
EK202310118292,141.6
EK202310134982,164.96666666666667
EK202310236579,135.33333333333334
EK202310145251,137.96666666666667
EK202310144320,134.6
EK202310165413,134.46666666666667
EK202310164223,145.86666666666667
EK202310178660,157.76666666666668
EK202310152292,151.63333333333333
EK202310232276,125.83333333333333
EK202310227732,135.93333333333334
EK202310155773,148.3
EK202310188232,151.1
EK202310182770,146.13333333333333
EK202310202719,145.1
EK202310138556,155.63333333333333
EK202310239172,153.16666666666666
EK202310151877,153.53333333333333
EK202310116662,135.86666666666667
EK202310206983,130.0
EK202310161922,133.63333333333333
EK202310116370,142.16666666666666
EK202310216242,143.06666666666666
EK202310223914,134.7
EK202310183638,139.0
EK202310180955,170.06666666666666
EK202310135432,135.13333333333333
EK202310220264,135.4
EK202310241824,161.43333333333334
EK202310175340,157.93333333333334
EK202310123572,130.33333333333334
EK202310228745,135.03333333333333
EK202310150402,143.8
EK202310123048,174.4
EK202310245625,152.16666666666666
EK202310004596,130.86666666666667
EK202310187568,136.36666666666667
EK202310004796,138.6
EK202310206482,142.23333333333332
EK202310152723,160.33333333333334
EK202310144324,137.46666666666667
EK202310182703,160.56666666666666
EK202310207031,144.2
EK202310224829,129.6
EK202310194916,127.4
EK202310158171,177.23333333333332
EK202310237739,154.96666666666667
EK202310233535,164.26666666666668
EK202310159582,150.0
EK202310157407,140.56666666666666
EK202310222554,136.8
EK202310209992,151.46666666666667
EK202310197773,179.6
EK202310219559,151.36666666666667
EK202310149590,149.63333333333333
EK202310172229,142.83333333333334
EK202310179759,147.9
EK202310141351,141.33333333333334
EK202310202674,133.23333333333332
EK202310150237,141.83333333333334
EK202310131854,145.56666666666666
EK202310209299,135.36666666666667
EK202310152323,172.96666666666667
EK202310130424,162.5
EK202310219110,156.33333333333334
EK202310208971,140.86666666666667
EK202310175417,138.93333333333334
EK202310178979,154.96666666666667
EK202310149330,150.33333333333334
EK202310214732,147.53333333333333
EK202310151284,142.93333333333334
EK202310246323,143.1
EK202310162754,153.7
EK202310142435,175.33333333333334
EK202310218666,135.96666666666667
EK202310221049,155.8
EK202310173708,146.43333333333334
EK202310192941,122.1
EK202310126047,142.23333333333332
EK202310241369,153.86666666666667
EK202310183820,164.76666666666668
EK202310243559,148.76666666666668
EK202310148350,159.16666666666666
EK202310224931,148.9
EK202310236248,147.96666666666667
EK202310156811,145.13333333333333
EK202310224565,132.93333333333334
EK202310203958,134.0
EK202310119312,132.63333333333333
EK202310178028,150.66666666666666
EK202310186588,159.7
EK202310139697,151.13333333333333
EK202310197136,145.26666666666668
EK202310220806,146.23333333333332
EK202310222987,163.8
EK202310161970,150.53333333333333
EK202310208174,154.53333333333333
EK202310118068,133.96666666666667
EK202310131022,134.6
EK202310122159,145.93333333333334
EK202310216067,128.26666666666668
EK202310245924,131.03333333333333
EK202310111788,146.73333333333332
EK202310127853,153.5
EK202310106238,140.13333333333333
EK202310158124,139.73333333333332
EK202310132835,143.43333333333334
EK202310148914,148.73333333333332
EK202310231691,136.8
EK202310247000,143.43333333333334
EK202310192115,148.06666666666666
EK202310104130,133.46666666666667
EK202310139212,134.53333333333333
EK202310197454,145.4
EK202310192429,145.26666666666668
EK202310167625,134.6
EK202310199497,154.6
EK202310153618,145.76666666666668
EK202310181484,136.1
EK202310198186,152.03333333333333
EK202310152220,146.76666666666668
EK202310159039,135.83333333333334
EK202310191546,128.76666666666668
EK202310133158,142.4
EK202310201688,150.86666666666667
EK202310235017,146.33333333333334
EK202310135857,151.7
EK202310218208,166.8
EK202310118595,140.06666666666666
EK202310163828,152.96666666666667
EK202310141421,127.46666666666667
EK202310180807,130.93333333333334
EK202310205637,139.36666666666667
EK202310105788,143.86666666666667
EK202310216219,133.8
EK202320007125,181.16666666666666
EK202310104911,146.76666666666668
EK202310189159,161.66666666666666
EK202310195473,162.6
EK202310118604,131.86666666666667
EK202310195319,134.7
EK202310240500,159.83333333333334
EK202310113748,160.33333333333334
EK202310004313,130.43333333333334
EK202310143650,135.1
EK202310165864,162.86666666666667
EK202310197618,137.66666666666666
EK202310147381,145.4
EK202310204456,144.43333333333334
EK202310168795,130.03333333333333
EK202310162071,142.26666666666668
EK202310155041,134.73333333333332
EK202310116293,140.86666666666667
EK202310111802,143.96666666666667
EK202310143876,140.2
EK202310170107,160.0
EK202320006604,157.86666666666667
EK202310181395,148.1
EK202310128405,142.5
EK202310172117,156.83333333333334
EK202310173280,146.33333333333334
EK202310114735,141.3
EK202310124558,142.5
EK202310122475,137.9
EK202310137618,140.26666666666668
EK202310105474,138.83333333333334
EK202310209280,135.43333333333334
EK202310142912,134.0
EK202310246004,136.23333333333332
EK202310186374,134.6
EK202310139853,145.9
EK202310243432,135.4
EK202310135700,132.7
EK202320006074,168.26666666666668
EK202310207199,154.96666666666667
EK202310114736,140.5
EK202310129145,153.13333333333333
EK202310135339,169.83333333333334
EK202310105627,133.83333333333334
EK202310114046,135.83333333333334
EK202310121749,119.56666666666666
EK202310160579,148.13333333333333
EK202310132059,149.5
EK202310158407,136.63333333333333
EK202310115805,138.76666666666668
EK202310165675,141.73333333333332
EK202310223393,144.76666666666668
EK202310166586,154.2
EK202310142763,154.56666666666666
EK202310169174,147.76666666666668
EK202310118007,138.93333333333334
EK202310188453,123.83333333333333
EK202310186603,128.3
EK202310115518,128.8
EK202310237777,160.5
EK202310245509,133.6
EK202310149571,153.6
EK202310238699,131.9
EK202310162044,140.46666666666667
EK202310178900,143.76666666666668
EK202310210189,138.23333333333332
EK202310246044,154.9
EK202310169510,152.5
EK202310224019,141.46666666666667
EK202310196916,157.26666666666668
EK202310110545,140.7
EK202310158475,145.76666666666668
EK202310240666,142.46666666666667
EK202310147702,133.36666666666667
EK202310240541,138.4
EK202310165419,146.03333333333333
EK202310158944,157.9
EK202310154741,146.66666666666666
EK202310183411,146.33333333333334
EK202310150802,138.46666666666667
EK202310236647,135.03333333333333
EK202310168877,155.06666666666666
EK202310177550,149.66666666666666
EK202310161815,132.53333333333333
EK202310205936,131.3
EK202310236918,130.93333333333334
EK202310231978,141.66666666666666
EK202310145447,159.43333333333334
EK202310113081,139.53333333333333
EK202310245380,147.86666666666667
EK202310226536,145.3
EK202310171629,146.76666666666668
EK202310142578,157.4
EK202310154571,142.43333333333334
EK202310133424,152.33333333333334
EK202310205232,139.53333333333333
EK202310125353,134.13333333333333
EK202310129062,133.46666666666667
EK202310148286,152.5
EK202310217186,149.33333333333334
EK202310240058,150.3
EK202310004925,153.3
EK202310121900,145.23333333333332
EK202310193811,184.93333333333334
EK202310236073,135.2
EK202310209661,137.73333333333332
EK202310183452,130.26666666666668
EK202310198390,123.93333333333334
EK202310194814,134.83333333333334
EK202310154258,138.2
EK202310225570,147.33333333333334
EK202310236562,134.03333333333333
EK202310125786,148.83333333333334
EK202310227228,127.33333333333333
EK202310104334,144.16666666666666
EK202310247598,158.43333333333334
EK202310163731,150.46666666666667
EK202310153854,147.76666666666668
EK202310209072,157.9
EK202310130417,145.96666666666667
EK202310161714,132.9
EK202310161726,150.06666666666666
EK202310214070,153.23333333333332
EK202310174019,159.86666666666667
EK202310197029,152.26666666666668
EK202310236341,142.43333333333334
EK202310218675,152.53333333333333
EK202310124319,133.6
EK202310231778,132.53333333333333
EK202320006401,120.33333333333333
EK202310107779,137.63333333333333
EK202310133015,130.86666666666667
EK202310181550,144.9
EK202310247332,147.46666666666667
EK202310111163,139.9
EK202310145310,145.2
EK202310126094,129.0
EK202310161397,144.9
EK202310146374,148.06666666666666
EK202310136414,129.1
EK202310141425,166.43333333333334
EK202310138405,141.4
EK202310173668,151.83333333333334
EK202310184285,142.0
EK202310176095,169.6
EK202310211570,133.96666666666667
EK202310208829,143.53333333333333
EK202310147190,145.23333333333332
EK202310191735,141.4
EK202310213951,149.1
EK202310140049,146.23333333333332
EK202310169326,149.06666666666666
EK202310157230,163.73333333333332
EK202310124090,125.26666666666667
EK202310142146,134.46666666666667
EK202310107242,143.5
EK202310192993,129.83333333333334
EK202310149787,146.86666666666667
EK202310177888,122.86666666666666
EK202310212815,155.23333333333332
EK202310223609,144.33333333333334
EK202310189733,171.96666666666667
EK202310218104,134.86666666666667
EK202310111896,138.0
EK202310132753,161.63333333333333
EK202310112173,141.63333333333333
EK202310167323,145.46666666666667
EK202310140969,150.5
EK202310214853,147.96666666666667
EK202310105928,140.1
EK202310213446,134.93333333333334
EK202310134309,148.5
EK202310177619,145.6
EK202310004283,132.73333333333332
EK202310176874,137.86666666666667
EK202310160131,141.46666666666667
EK202310201219,186.86666666666667
EK202310004099,142.46666666666667
EK202310167947,144.4
EK202310155342,136.33333333333334
EK202310209163,134.73333333333332
EK202310242285,137.93333333333334
EK202310215045,169.76666666666668
EK202310245674,155.53333333333333
EK202310192087,138.5
EK202310182851,137.23333333333332
EK202310184176,150.7
EK202310205303,156.0
EK202310108199,138.23333333333332
EK202310124913,164.63333333333333
EK202310140458,137.53333333333333
EK202310142132,137.03333333333333
EK202310147065,151.8
EK202310143393,130.66666666666666
EK202310139964,142.26666666666668
EK202310225775,132.23333333333332
EK202310127142,136.76666666666668
EK202310179582,156.06666666666666
EK202310207922,149.93333333333334
EK202310195810,158.26666666666668
EK202310178849,159.63333333333333
EK202310229124,146.5
EK202310113502,146.26666666666668
EK202310223610,143.2
EK202310147986,152.16666666666666
EK202310236813,136.46666666666667
EK202310176936,153.0
EK202310199151,130.46666666666667
EK202310192534,141.26666666666668
EK202310217624,125.8
EK202310003755,137.86666666666667
EK202310161830,141.26666666666668
EK202310243624,130.13333333333333
EK202310164105,136.06666666666666
EK202310179948,163.1
EK202310135310,164.2
EK202310004295,136.63333333333333
EK202310141079,159.86666666666667
EK202310225179,159.9
EK202310227335,141.06666666666666
EK202310161160,168.36666666666667
EK202310247623,164.4
EK202310206076,122.26666666666667
EK202310119053,151.06666666666666
EK202310139617,139.76666666666668
EK202310143241,135.4
EK202310115504,140.4
EK202320007161,139.56666666666666
EK202310183784,141.36666666666667
EK202310187344,168.33333333333334
EK202310185527,141.63333333333333
EK202310238290,166.23333333333332
EK202310140457,130.0
EK202310150648,136.6
EK202310223600,130.46666666666667
EK202310167530,142.63333333333333
EK202310224100,141.63333333333333
EK202310152786,140.03333333333333
EK202310135478,154.8
EK202310193078,132.16666666666666
EK202310155463,160.46666666666667
EK202310105582,149.33333333333334
EK202310135195,133.4
EK202320005552,135.56666666666666
EK202310228708,133.06666666666666
EK202310141498,137.6
EK202310193872,151.1
EK202310141414,169.46666666666667
EK202310151905,127.66666666666667
EK202310127407,139.63333333333333
EK202320006299,143.96666666666667
EK202310212343,140.56666666666666
EK202310168454,131.4
EK202310171479,139.66666666666666
EK202310110727,160.16666666666666
EK202310109806,149.66666666666666
EK202310229172,130.2
EK202310221527,134.5
EK202310136692,122.4
EK202310225939,131.83333333333334
EK202310128011,128.23333333333332
EK202310119451,147.86666666666667
EK202310240016,153.86666666666667
EK202310137412,140.86666666666667
EK202320006473,151.6
EK202310133714,155.93333333333334
EK202310182002,134.06666666666666
EK202310146885,139.33333333333334
EK202310228765,158.2
EK202310199335,145.73333333333332
EK202310144286,145.76666666666668
EK202310120179,147.76666666666668
EK202310125242,136.83333333333334
EK202310129853,150.36666666666667
EK202310105724,143.66666666666666
EK202310177232,126.36666666666666
EK202310240889,148.9
EK202310135626,137.4
EK202310182429,129.8
EK202310160815,178.46666666666667
EK202310161842,149.53333333333333
EK202310194125,135.93333333333334
EK202310163430,134.23333333333332
EK202310207741,145.7
EK202310202036,133.23333333333332
EK202310165652,123.56666666666666
EK202310136570,135.63333333333333
EK202310139028,167.0
EK202310163487,140.33333333333334
EK202310177984,148.06666666666666
EK202310239997,153.86666666666667
EK202310176249,165.2
EK202310152361,165.86666666666667
EK202310151709,132.86666666666667
EK202310135268,134.2
EK202310171919,144.86666666666667
EK202310122006,146.2
EK202310127839,146.23333333333332
EK202310219814,150.93333333333334
EK202310187560,142.76666666666668
EK202310113366,145.33333333333334
EK202310134748,124.86666666666666
EK202310208843,152.36666666666667
EK202310175338,137.73333333333332
EK202310124470,139.43333333333334
EK202310121775,139.46666666666667
EK202310237332,145.5
EK202310141855,156.0
EK202310154289,153.66666666666666
EK202310120044,135.73333333333332
EK202310192432,158.26666666666668
EK202310160195,153.33333333333334
EK202310105413,139.56666666666666
EK202310004863,136.66666666666666
EK202310138732,138.66666666666666
EK202310225944,131.7
EK202310239340,131.4
EK202310155959,151.16666666666666
EK202310177384,172.63333333333333
EK202310114746,137.36666666666667
EK202310156841,143.2
EK202310213654,137.46666666666667
EK202310210592,136.86666666666667
EK202310110296,130.86666666666667
EK202310240236,139.9
EK202310242957,144.03333333333333
EK202310163621,163.66666666666666
EK202310202691,156.03333333333333
EK202310127490,139.83333333333334
EK202310199512,156.76666666666668
EK202310155288,141.5
EK202310237968,149.26666666666668
EK202310118847,145.56666666666666
EK202310144769,127.93333333333334
EK202310212518,122.13333333333334
EK202320007577,143.83333333333334
EK202310244590,183.46666666666667
EK202310003432,137.0
EK202310242932,156.63333333333333
EK202310184880,163.0
EK202310208839,147.03333333333333
EK202310225707,137.36666666666667
EK202310196085,158.26666666666668
EK202310111047,134.2
EK202310149321,151.76666666666668
EK202310214602,134.3
EK202310190162,142.9
EK202310203789,130.3
EK202310165931,139.66666666666666
EK202310143768,152.76666666666668
EK202310226420,155.63333333333333
EK202310206883,148.36666666666667
EK202310230191,156.7
EK202310223966,144.23333333333332
EK202310118804,137.26666666666668
EK202310224984,134.43333333333334
EK202310221101,147.46666666666667
EK202310241759,145.56666666666666
EK202310219986,142.66666666666666
EK202310247113,137.36666666666667
EK202310136489,135.1
EK202310189176,158.4
EK202310201813,147.5
EK202310167143,148.36666666666667
EK202310245156,142.9
EK202310149980,143.3
EK202310238395,140.9
EK202310223767,147.4
EK202310118543,134.53333333333333
EK202310137202,105.93333333333334
EK202310245378,152.46666666666667
EK202310202917,153.03333333333333
EK202310120015,131.16666666666666
EK202310242744,133.7
EK202310170961,139.03333333333333
EK202310170849,129.26666666666668
EK202310108365,135.46666666666667
EK202310225302,150.1
EK202310141853,142.4
EK202310152952,150.06666666666666
EK202310118252,139.93333333333334
EK202310150764,141.7
EK202310188288,134.13333333333333
EK202310236699,143.53333333333333
EK202310228975,140.96666666666667
EK202310176364,141.23333333333332
EK202310148297,139.1
EK202310234706,136.0
EK202310202029,131.33333333333334
EK202310218635,124.66666666666667
EK202310187565,153.43333333333334
EK202310238217,132.7
EK202310144263,131.13333333333333
EK202310216046,120.9
EK202310240199,135.23333333333332
EK202310118761,143.0
EK202310118387,126.23333333333333
EK202310228319,128.6
EK202310188942,168.86666666666667
EK202310171922,138.46666666666667
EK202310205751,151.86666666666667
EK202310181387,152.66666666666666
EK202310194611,137.26666666666668
EK202310123903,148.26666666666668
EK202310201170,182.96666666666667
EK202310124579,135.36666666666667
EK202310225456,139.66666666666666
EK202310224047,142.66666666666666
EK202310168185,140.03333333333333
EK202310149367,148.36666666666667
EK202310222236,168.53333333333333
EK202310191402,148.43333333333334
EK202310216518,150.06666666666666
EK202310116323,130.3
EK202310229479,139.13333333333333
EK202310242068,149.4
EK202310172108,142.63333333333333
EK202310148960,140.06666666666666
EK202310203368,146.46666666666667
EK202310248782,133.23333333333332
EK202310130742,159.33333333333334
EK202310127431,133.7
EK202310166666,161.76666666666668
EK202310142516,142.03333333333333
EK202310171160,150.53333333333333
EK202310131980,143.36666666666667
EK202310230754,137.2
EK202310205660,132.76666666666668
EK202310195938,165.5
EK202310223018,129.36666666666667
EK202310189611,149.63333333333333
EK202310114061,124.6
EK202310168186,151.6
EK202310123079,141.43333333333334
EK202310142507,135.6
EK202310192082,141.53333333333333
EK202310116417,135.7
EK202310152679,120.5
EK202310186123,153.43333333333334
EK202310187670,146.4
EK202310199114,146.26666666666668
EK202310144744,133.8
EK202310171906,160.53333333333333
EK202310222160,131.46666666666667
EK202310202383,136.86666666666667
EK202310133543,147.03333333333333
EK202310240197,165.83333333333334
EK202310224654,143.33333333333334
EK202310159827,162.86666666666667
EK202310129302,168.33333333333334
EK202310220687,154.23333333333332
EK202310137416,136.63333333333333
EK202310195263,156.3
EK202310226117,134.96666666666667
EK202310177937,138.83333333333334
EK202310224977,136.0
EK202310104811,153.43333333333334
EK202310202225,134.6
EK202310198252,133.76666666666668
EK202310169634,176.4
EK202310141724,153.03333333333333
EK202310132515,140.83333333333334
EK202310222595,140.46666666666667
EK202310245206,165.3
EK202310206384,150.26666666666668
EK202310131595,151.96666666666667
EK202310114450,135.36666666666667
EK202310193999,135.66666666666666
EK202310153211,129.53333333333333
EK202310168571,171.93333333333334
EK202310117487,122.6
EK202310147040,153.1
EK202310164747,154.4
EK202310185539,156.1
EK202310180947,178.56666666666666
EK202310209467,135.76666666666668
EK202310197453,134.73333333333332
EK202310241952,142.5
EK202310171659,142.56666666666666
EK202310121984,139.66666666666666
EK202310145988,150.9
EK202310227472,145.7
EK202310158925,173.46666666666667
EK202310161059,164.56666666666666
EK202310246350,139.5
EK202310204768,154.23333333333332
EK202310245196,164.73333333333332
EK202310134281,148.0
EK202310232567,150.8
EK202310187864,157.86666666666667
EK202310175599,155.76666666666668
EK202310137474,135.5
EK202310214594,139.2
EK202310176570,159.0
EK202310143525,137.03333333333333
EK202310216731,131.46666666666667
EK202310182951,147.46666666666667
EK202310195606,156.6
EK202310003354,137.3
EK202310003704,140.03333333333333
EK202310207753,154.33333333333334
EK202310108512,157.03333333333333
EK202310230571,141.06666666666666
EK202310210082,147.66666666666666
EK202310191492,140.03333333333333
EK202310113969,124.2
EK202310123941,139.3
EK202310135080,168.23333333333332
EK202310117802,128.2
EK202310158376,138.16666666666666
EK202310140051,151.2
EK202310230366,142.96666666666667
EK202310138959,159.5
EK202310112243,159.33333333333334
EK202310142973,160.63333333333333
EK202310179563,150.0
EK202310213686,142.6
EK202310207985,139.4
EK202310169142,130.23333333333332
EK202310189846,151.36666666666667
EK202310217981,147.4
EK202310168427,160.43333333333334
EK202310165111,131.53333333333333
EK202310211489,146.4
EK202310164721,144.93333333333334
EK202310192084,141.5
EK202310155310,137.46666666666667
EK202310207807,149.4
EK202310167274,137.2
EK202310232098,144.4
EK202310246400,148.76666666666668
EK202310181247,144.03333333333333
EK202310146677,139.33333333333334
EK202310199983,155.53333333333333
EK202310198892,137.76666666666668
EK202310118490,142.23333333333332
EK202310218556,141.36666666666667
EK202310209766,166.8
EK202310201549,139.26666666666668
EK202310227205,142.03333333333333
EK202310201879,137.36666666666667
EK202310208984,138.36666666666667
EK202310172280,137.46666666666667
EK202310127074,135.1
EK202310003431,141.83333333333334
EK202310128481,131.56666666666666
EK202310191056,123.7
EK202310224670,126.96666666666667
EK202310148699,152.66666666666666
EK202310186655,165.56666666666666
EK202310145129,155.7
EK202310141368,141.43333333333334
EK202310215091,161.53333333333333
EK202310131768,136.4
EK202310169680,138.03333333333333
EK202310215558,156.86666666666667
EK202310235372,145.93333333333334
EK202310123185,138.43333333333334
EK202310188811,134.7
EK202310160442,155.26666666666668
EK202310190513,156.06666666666666
EK202310174071,132.36666666666667
EK202310226475,145.83333333333334
EK202310124362,127.2
EK202310217706,141.76666666666668
EK202310226498,155.63333333333333
EK202310237132,136.36666666666667
EK202310156490,170.93333333333334
EK202310161525,151.3
EK202310233261,152.36666666666667
EK202310183188,137.66666666666666
EK202310204179,143.1
EK202310221970,132.33333333333334
EK202310136055,139.6
EK202310192784,149.2
EK202310154098,141.66666666666666
EK202310195221,157.3
EK202310247669,180.53333333333333
EK202320006739,155.96666666666667
EK202310143079,141.1
EK202310157780,136.73333333333332
EK202310122685,136.83333333333334
EK202310228079,143.73333333333332
EK202310178496,147.9
EK202310108793,151.26666666666668
EK202310243880,141.3
EK202310108022,139.96666666666667
EK202310127023,143.46666666666667
EK202310114813,136.66666666666666
EK202310211046,145.7
EK202310139161,139.7
EK202310165288,149.0
EK202310245913,128.13333333333333
EK202310216026,138.06666666666666
EK202310132021,144.93333333333334
EK202310206339,149.23333333333332
EK202310216740,136.3
EK202310210301,138.06666666666666
EK202310167900,151.66666666666666
EK202310173409,132.76666666666668
EK202310144428,169.96666666666667
EK202310194970,144.8
EK202310105005,124.23333333333333
EK202310108090,145.8
EK202310229406,127.16666666666667
EK202310152037,133.86666666666667
EK202310204361,153.93333333333334
EK202310114029,124.6
EK202310158725,156.66666666666666
EK202310158027,149.06666666666666
EK202310148586,127.26666666666667
EK202310237068,136.83333333333334
EK202310144709,144.1
EK202310161357,127.73333333333333
EK202310124452,139.93333333333334
EK202310131605,155.83333333333334
EK202310162054,145.66666666666666
EK202310181680,163.13333333333333
EK202310117645,126.06666666666666
EK202310147699,119.26666666666667
EK202310153309,140.93333333333334
EK202310184492,147.6
EK202310104645,140.46666666666667
EK202310137713,144.9
EK202310243221,156.3
EK202310156335,144.6
EK202310197583,156.7
EK202310137359,142.23333333333332
EK202310130956,141.6
EK202310171369,142.46666666666667
EK202310232324,142.93333333333334
EK202310172995,145.83333333333334
EK202310134239,145.23333333333332
EK202310243506,142.63333333333333
EK202310163154,125.1
EK202310127929,141.96666666666667
EK202310202227,134.83333333333334
EK202310139348,134.56666666666666
EK202310158547,153.7
EK202310236863,136.6
EK202310179959,177.26666666666668
EK202310195894,125.86666666666666
EK202310229850,138.93333333333334
EK202310242435,141.76666666666668
EK202310135502,144.26666666666668
EK202310229084,134.93333333333334
EK202310118049,138.1
EK202310201122,173.1
EK202310109875,145.26666666666668
EK202310196757,140.86666666666667
EK202310139569,152.46666666666667
EK202310107377,139.4
EK202310116923,142.5
EK202310228873,142.96666666666667
EK202310218754,130.36666666666667
EK202310154272,135.4
EK202310231169,132.9
EK202310217977,153.6
EK202310222555,138.93333333333334
EK202310162130,164.1
EK202310112323,141.33333333333334
EK202310159262,140.56666666666666
EK202310151594,135.93333333333334
EK202310163721,136.23333333333332
EK202310149061,154.53333333333333
EK202310147880,139.76666666666668
EK202310212050,149.46666666666667
EK202310117729,144.33333333333334
EK202310107629,156.76666666666668
EK202310139317,129.43333333333334
EK202310179272,144.33333333333334
EK202310121894,152.13333333333333
EK202310139188,148.6
EK202310167435,155.43333333333334
EK202310228964,138.83333333333334
EK202310113550,154.3
EK202310180850,163.63333333333333
EK202310105563,137.33333333333334
EK202310110748,150.6
EK202310234819,145.43333333333334
EK202310154339,138.16666666666666
EK202310210307,131.66666666666666
EK202310239873,132.63333333333333
EK202310183383,138.13333333333333
EK202310193557,137.23333333333332
EK202310228033,136.56666666666666
EK202310167532,164.83333333333334
EK202310222264,140.5
EK202310106581,140.56666666666666
EK202310221125,133.86666666666667
EK202310165054,138.2
EK202310150415,153.43333333333334
EK202310233802,144.03333333333333
EK202310190617,125.46666666666667
EK202310106410,138.13333333333333
EK202310216886,135.9
EK202310115900,130.0
EK202310104935,151.83333333333334
EK202310129722,157.43333333333334
EK202310120948,144.03333333333333
EK202310164436,155.36666666666667
EK202310122507,141.23333333333332
EK202310160593,166.86666666666667
EK202310210615,142.7
EK202310132871,131.86666666666667
EK202310237902,131.83333333333334
EK202310231150,144.2
EK202310165528,142.83333333333334
EK202310244497,134.8
EK202310107512,127.1
EK202310120477,167.0
EK202310229593,135.03333333333333
EK202310126986,147.83333333333334
EK202310175535,150.8
EK202310148104,139.46666666666667
EK202310201431,165.9
EK202310148767,153.66666666666666
EK202310113034,135.46666666666667
EK202310209227,148.53333333333333
EK202310114309,122.76666666666667
EK202310174763,140.73333333333332
EK202310236793,136.4
EK202310177429,136.76666666666668
EK202310167536,136.36666666666667
EK202310141576,147.16666666666666
EK202310213488,131.7
EK202310162322,166.36666666666667
EK202310130610,131.1
EK202310152488,149.86666666666667
EK202310151734,155.0
EK202310155060,134.06666666666666
EK202310226481,149.46666666666667
EK202310119174,152.06666666666666
EK202310180130,132.06666666666666
EK202310104489,156.53333333333333
EK202310195688,144.4
EK202310132973,153.13333333333333
EK202310135035,183.5
EK202310167150,137.13333333333333
EK202310195252,134.23333333333332
EK202310127294,155.56666666666666
EK202310140484,132.76666666666668
EK202310119854,139.53333333333333
EK202310248841,135.73333333333332
EK202320007808,140.8
EK202310199228,133.43333333333334
EK202310184715,152.86666666666667
EK202320007242,154.56666666666666
EK202310147415,139.7
EK202310171570,147.23333333333332
EK202310110477,104.73333333333333
EK202310113604,154.56666666666666
EK202320006431,153.5
EK202310121838,134.83333333333334
EK202310148733,155.03333333333333
EK202310148335,142.03333333333333
EK202310113968,128.0
EK202310231455,134.06666666666666
EK202310203454,138.63333333333333
EK202310191708,130.63333333333333
EK202310109582,141.23333333333332
EK202310203719,135.86666666666667
EK202310201332,148.46666666666667
EK202310204835,136.06666666666666
EK202310131213,138.3
EK202310155687,146.86666666666667
EK202310178634,157.9
EK202310115110,143.33333333333334
EK202310201445,149.16666666666666
EK202310233989,136.6
EK202310226621,143.26666666666668
EK202310182124,142.26666666666668
EK202310129960,149.33333333333334
EK202310172024,155.36666666666667
EK202310124587,133.2
EK202310180490,145.13333333333333
EK202310218866,132.86666666666667
EK202310145486,135.46666666666667
EK202310243783,142.26666666666668
EK202310163544,144.1
EK202310245299,143.13333333333333
EK202310185466,129.76666666666668
EK202310114372,152.66666666666666
EK202310132954,143.2
EK202310156324,147.63333333333333
EK202310237016,136.83333333333334
EK202310214641,160.1
EK202310106858,103.63333333333334
EK202310182500,158.43333333333334
EK202310125749,148.06666666666666
EK202310201978,139.9
EK202310112112,131.73333333333332
EK202310243292,142.26666666666668
EK202310192897,141.4
EK202310173512,138.03333333333333
EK202310125634,138.1
EK202310165797,146.13333333333333
EK202310213138,141.8
EK202310211642,136.03333333333333
EK202310156317,136.56666666666666
EK202310154649,160.56666666666666
EK202310198938,138.3
EK202310175465,134.53333333333333
EK202310187555,138.06666666666666
EK202310183448,174.2
EK202310205101,151.73333333333332
EK202310201536,138.46666666666667
EK202310131221,118.4
EK202310242173,154.13333333333333
EK202310195317,141.4
EK202310139267,145.9
EK202310189575,150.0
EK202310186883,143.8
EK202310184286,175.16666666666666
EK202310194270,143.53333333333333
EK202310003611,142.56666666666666
EK202310189126,138.5
EK202310179964,170.0
EK202310118181,131.7
EK202310220832,132.43333333333334
EK202310203022,138.4
EK202310205592,155.63333333333333
EK202310128283,138.9
EK202310214279,132.0
EK202310175101,148.5
EK202310116399,132.16666666666666
EK202310132303,133.63333333333333
EK202310147925,150.06666666666666
EK202310219063,140.2
EK202310197713,162.0
EK202310165104,139.3
EK202310198835,140.6
EK202310230554,138.7
EK202310103890,130.23333333333332
EK202310152894,163.73333333333332
EK202310156771,159.2
EK202310239166,151.8
EK202310157043,163.8
EK202310158767,135.03333333333333
EK202310231819,157.26666666666668
EK202310162990,142.06666666666666
EK202310237033,166.26666666666668
EK202310220279,140.2
EK202310105088,133.7
EK202310183088,132.93333333333334
EK202310134719,167.73333333333332
EK202310126509,134.36666666666667
EK202310113028,144.46666666666667
EK202320007641,133.93333333333334
EK202310194771,135.56666666666666
EK202310193624,134.9
EK202310178811,173.66666666666666
EK202310127140,155.83333333333334
EK202310193675,157.1
EK202310208947,145.2
EK202310242072,142.53333333333333
EK202310129762,172.16666666666666
EK202310178638,141.13333333333333
EK202310208504,137.7
EK202310131365,150.96666666666667
EK202310118546,134.0
EK202310245144,132.1
EK202310142879,149.86666666666667
EK202310197920,159.66666666666666
EK202310182216,133.8
EK202310163824,147.56666666666666
EK202310247357,144.53333333333333
EK202310145691,167.1
EK202310176063,149.96666666666667
EK202320006459,153.8
EK202310227785,139.83333333333334
EK202310189723,156.9
EK202310182881,147.56666666666666
EK202310196251,130.7
EK202310212183,142.16666666666666
EK202310165884,141.96666666666667
EK202310162354,151.96666666666667
EK202320006915,159.63333333333333
EK202310152978,164.83333333333334
EK202310186596,161.33333333333334
EK202310184203,140.3
EK202310115228,141.46666666666667
EK202310187250,147.53333333333333
EK202310199882,177.3
EK202310247733,157.43333333333334
EK202310142093,147.4
EK202310192250,159.2
EK202310161127,175.76666666666668
EK202310227929,139.4
EK202310144416,153.06666666666666
EK202310129300,150.5
EK202310132887,133.7
EK202320007268,135.33333333333334
EK202310117763,122.7
EK202310135610,133.8
EK202310108226,140.06666666666666
EK202310197484,162.9
EK202310220905,135.66666666666666
EK202310210612,139.23333333333332
EK202310199825,134.13333333333333
EK202310167815,125.1
EK202310222270,137.63333333333333
EK202310218829,131.66666666666666
EK202310158524,139.83333333333334
EK202310227353,145.53333333333333
EK202310105993,145.16666666666666
EK202310128862,140.2
EK202320005603,161.43333333333334
EK202310145543,168.0
EK202310226964,117.23333333333333
EK202310106404,157.3
EK202310158792,147.36666666666667
EK202310169557,153.5
EK202320007615,152.9
EK202310244340,135.76666666666668
EK202310241009,130.93333333333334
EK202310173004,152.0
EK202310229814,148.83333333333334
EK202310136774,142.96666666666667
EK202310134670,145.93333333333334
EK202310125653,148.76666666666668
EK202310104378,129.6
EK202310114092,135.7
EK202310242755,129.76666666666668
EK202310175831,147.03333333333333
EK202310123102,129.73333333333332
EK202310246196,136.06666666666666
EK202310164308,142.73333333333332
EK202310164001,147.13333333333333
EK202310127733,174.2
EK202310107896,156.76666666666668
EK202310196209,164.66666666666666
EK202310164751,143.96666666666667
EK202310180897,135.2
EK202310217788,144.46666666666667
EK202310193711,149.7
EK202310244316,158.76666666666668
EK202310224163,135.06666666666666
EK202310104994,139.33333333333334
EK202310140073,168.4
EK202310188584,159.86666666666667
EK202310110511,138.6
EK202310231033,137.4
EK202310178461,148.73333333333332
EK202310167965,136.26666666666668
EK202310106027,139.56666666666666
EK202310193439,135.73333333333332
EK202310151107,142.36666666666667
EK202310196605,130.63333333333333
EK202310218318,145.86666666666667
EK202310195078,130.23333333333332
EK202310148837,172.33333333333334
EK202310127102,144.4
EK202310114514,139.66666666666666
EK202310121553,127.1
EK202310172559,144.0
EK202310151216,146.73333333333332
EK202310128073,137.13333333333333
EK202310108605,135.46666666666667
EK202310201812,149.63333333333333
EK202310190862,143.26666666666668
EK202310223367,155.73333333333332
EK202310217222,138.2
EK202310171756,157.26666666666668
EK202320006771,153.36666666666667
EK202310124052,147.1
EK202310221124,118.26666666666667
EK202310154368,137.3
EK202310155273,139.9
EK202310161608,152.96666666666667
EK202310176630,144.76666666666668
EK202310158951,149.23333333333332
EK202310223924,141.13333333333333
EK202310187178,156.9
EK202310189441,180.6
EK202310193808,187.06666666666666
EK202310117653,132.3
EK202320006281,133.73333333333332
EK202310104452,140.63333333333333
EK202310170998,158.96666666666667
EK202310247137,149.03333333333333
EK202310207587,147.33333333333334
EK202310224054,143.86666666666667
EK202310124503,146.56666666666666
EK202310111608,173.96666666666667
EK202310169517,147.2
EK202310177572,152.96666666666667
EK202320005767,140.3
EK202310194290,141.8
EK202310115205,159.7
EK202310227698,137.26666666666668
EK202310120637,159.06666666666666
EK202310143976,144.6
EK202310246533,120.0
EK202310244741,146.76666666666668
EK202310163421,133.9
EK202310169247,177.73333333333332
EK202310136860,138.03333333333333
EK202310217749,145.3
EK202310128152,134.3
EK202310193309,155.4
EK202310243321,156.43333333333334
EK202310152737,138.43333333333334
EK202310187887,147.2
EK202310150896,139.33333333333334
EK202310123219,137.43333333333334
EK202310166345,136.36666666666667
EK202310163457,147.8
EK202310218300,145.06666666666666
EK202310177093,127.03333333333333
EK202310123434,137.23333333333332
EK202310226930,133.46666666666667
EK202310210088,167.93333333333334
EK202310190936,140.6
EK202310127583,139.96666666666667
EK202310185141,149.66666666666666
EK202310138333,134.96666666666667
EK202310143408,136.66666666666666
EK202310147317,138.3
EK202310127752,131.3
EK202310248048,150.6
EK202310109094,135.23333333333332
EK202310230897,148.2
EK202310229240,159.33333333333334
EK202310158776,141.83333333333334
EK202310178235,153.93333333333334
EK202310153456,124.3
EK202310125365,138.1
EK202310228431,130.3
EK202310177613,162.4
EK202310230016,149.43333333333334
EK202310124464,127.06666666666666
EK202310160084,159.86666666666667
EK202310230147,140.0
EK202310154253,158.3
EK202310180390,133.06666666666666
EK202310126260,133.66666666666666
EK202310110447,135.53333333333333
EK202310225162,138.4
EK202310127787,137.13333333333333
EK202310127024,135.3
EK202310123897,152.5
EK202310191044,153.1
EK202310107279,137.33333333333334
EK202310222709,141.46666666666667
EK202310158190,147.06666666666666
EK202310226271,131.83333333333334
EK202310227119,151.6
EK202310180033,149.63333333333333
EK202310113831,130.4
EK202310127200,145.7
EK202310234951,136.96666666666667
EK202310113479,148.3
EK202310207326,144.0
EK202310227319,158.46666666666667
EK202310230874,147.73333333333332
EK202310139589,140.4
EK202310114753,143.6
EK202310121349,130.63333333333333
EK202310202957,166.03333333333333
EK202310159641,148.3
EK202310176020,145.66666666666666
EK202310163367,141.06666666666666
EK202310186524,146.7
EK202310221903,142.0
EK202310161048,159.16666666666666
EK202310187444,139.1
EK202310127440,128.33333333333334
EK202310218146,146.7
EK202310150639,177.06666666666666
EK202310233888,148.46666666666667
EK202310209197,147.86666666666667
EK202310143716,180.76666666666668
EK202310104198,131.7
EK202310154483,136.83333333333334
EK202310167981,146.53333333333333
EK202310180723,136.16666666666666
EK202310196829,130.06666666666666
EK202310115909,130.0
EK202310142747,165.1
EK202310168568,145.16666666666666
EK202310116790,129.5
EK202310246722,122.73333333333333
EK202310201508,144.46666666666667
EK202310184072,143.86666666666667
EK202310243865,129.66666666666666
EK202310210914,125.5
EK202310239276,143.23333333333332
EK202310215006,158.1
EK202310104899,148.96666666666667
EK202310123211,132.76666666666668
EK202310139857,150.56666666666666
EK202310229104,132.9
EK202310225758,142.76666666666668
EK202310154150,134.3
EK202310151559,148.43333333333334
EK202310121018,145.46666666666667
EK202310139751,133.83333333333334
EK202310130814,149.03333333333333
EK202310226459,134.1
EK202310144732,137.16666666666666
EK202310159300,153.73333333333332
EK202310216298,132.3
EK202310108276,137.63333333333333
EK202310132846,154.23333333333332
EK202310146926,138.03333333333333
EK202310205179,152.13333333333333
EK202310172161,128.93333333333334
EK202310206115,153.9
EK202310197301,135.83333333333334
EK202310172771,141.5
EK202310109812,155.06666666666666
EK202310152808,137.0
EK202310121442,144.7
EK202310136433,128.06666666666666
EK202310242312,129.26666666666668
EK202310104384,140.36666666666667
EK202310199318,139.03333333333333
EK202310135620,143.6
EK202310153631,143.9
EK202310133022,132.63333333333333
EK202310112038,134.2
EK202310200944,154.76666666666668
EK202310209272,139.63333333333333
EK202310221651,136.26666666666668
EK202310147889,155.93333333333334
EK202310004590,127.6
EK202310196915,156.33333333333334
EK202310186595,157.33333333333334
EK202310104696,153.03333333333333
EK202310144577,168.33333333333334
EK202310169285,137.5
EK202310184084,147.46666666666667
EK202310132378,146.53333333333333
EK202310246159,161.9
EK202310202358,128.16666666666666
EK202310159800,142.23333333333332
EK202310209349,150.0
EK202310200523,125.46666666666667
EK202310231409,141.2
EK202310125721,141.8
EK202310150276,147.3
EK202310197223,138.86666666666667
EK202310160408,151.8
EK202310213557,131.5
EK202310218382,146.2
EK202310209694,152.4
EK202310211465,138.53333333333333
EK202310227036,147.03333333333333
EK202310168055,121.53333333333333
EK202310173868,148.5
EK202310235783,132.3
EK202310182758,151.93333333333334
EK202310202200,146.26666666666668
EK202310114988,144.73333333333332
EK202310176929,153.66666666666666
EK202310121237,148.86666666666667
EK202310152253,157.46666666666667
EK202310226416,152.03333333333333
EK202310140761,157.93333333333334
EK202310200743,164.23333333333332
EK202310165360,143.76666666666668
EK202310235685,156.3
EK202310238675,147.86666666666667
EK202310191990,145.2
EK202310149927,147.9
EK202310196613,135.96666666666667
EK202310138650,142.23333333333332
EK202310135837,136.83333333333334
EK202310004179,145.53333333333333
EK202310202844,133.73333333333332
EK202310156145,138.5
EK202310137772,129.2
EK202310139643,154.73333333333332
EK202310190140,156.4
EK202310182976,133.96666666666667
EK202310140267,154.2
EK202310149614,152.4
EK202310188618,149.76666666666668
EK202310153165,148.9
EK202310239729,146.63333333333333
EK202310104290,133.76666666666668
EK202310237254,167.3
EK202310127230,169.16666666666666
EK202310133287,151.76666666666668
EK202310196943,142.03333333333333
EK202310154405,155.56666666666666
EK202310235085,141.2
EK202310144062,138.73333333333332
EK202310185906,145.83333333333334
EK202310133676,148.66666666666666
EK202310196801,134.83333333333334
EK202310223356,155.06666666666666
EK202310174845,153.33333333333334
EK202310131724,124.53333333333333
EK202310227778,134.73333333333332
EK202310139935,132.33333333333334
EK202310109785,149.16666666666666
EK202310162467,138.23333333333332
EK202310190820,144.66666666666666
EK202310111438,140.16666666666666
EK202310202344,141.13333333333333
EK202310128622,150.6
EK202310239716,129.56666666666666
EK202310206350,183.76666666666668
EK202310137152,133.7
EK202310186456,148.7
EK202310247836,135.1
EK202310239485,136.96666666666667
EK202310192860,143.93333333333334
EK202310130413,143.4
EK202310193922,146.86666666666667
EK202310181806,124.43333333333334
EK202310121213,133.5
EK202320006017,168.26666666666668
EK202310123080,146.1
EK202310155988,144.96666666666667
EK202310126966,153.16666666666666
EK202310189745,151.16666666666666
EK202310203961,137.8
EK202310118179,144.93333333333334
EK202310109004,168.1
EK202310003506,136.86666666666667
EK202310106808,138.56666666666666
EK202310242146,146.43333333333334
EK202310114687,148.53333333333333
EK202310139155,146.06666666666666
EK202310229903,143.9
EK202310170375,131.93333333333334
EK202310199839,150.06666666666666
EK202310112897,140.2
EK202310221448,159.63333333333333
EK202310191215,140.96666666666667
EK202310221051,150.53333333333333
EK202310221033,132.56666666666666
EK202310224111,136.23333333333332
EK202310217504,130.13333333333333
EK202310179120,138.06666666666666
EK202310106293,121.5
EK202310228948,130.53333333333333
EK202310192129,149.4
EK202310109160,131.06666666666666
EK202310170771,133.16666666666666
EK202310242806,153.83333333333334
EK202310175538,143.96666666666667
EK202310149012,144.36666666666667
EK202310104532,140.2
EK202310212068,147.4
EK202310123340,162.83333333333334
EK202310131077,123.83333333333333
EK202310148068,141.36666666666667
EK202310190251,140.5
EK202310174004,137.9
EK202310156599,134.6
EK202310153023,143.86666666666667
EK202310145554,170.46666666666667
EK202310160744,176.03333333333333
EK202310185195,146.43333333333334
EK202320006590,151.33333333333334
EK202310129886,143.73333333333332
EK202310124625,152.5
EK202310188309,148.56666666666666
EK202310142832,161.63333333333333
EK202310183119,128.53333333333333
EK202310105045,147.6
EK202310170611,139.73333333333332
EK202310155999,141.86666666666667
EK202310230234,137.2
EK202310103794,148.86666666666667
EK202310241301,165.06666666666666
EK202310202926,136.7
EK202310247420,149.36666666666667
EK202310165584,174.0
EK202310179695,135.26666666666668
EK202310164314,151.83333333333334
EK202310155082,148.7
EK202310145770,137.13333333333333
EK202310247538,163.13333333333333
EK202310214111,169.76666666666668
EK202310181544,142.2
EK202310151024,139.5
EK202310229794,127.6
EK202310125839,134.06666666666666
EK202310128797,134.83333333333334
EK202310147449,138.4
EK202310211288,129.06666666666666
EK202310165604,166.93333333333334
EK202310140481,139.23333333333332
EK202310154542,153.56666666666666
EK202310213091,129.4
EK202310248733,134.16666666666666
EK202310152930,170.36666666666667
EK202320006866,142.6
EK202310216477,127.03333333333333
EK202310181197,152.53333333333333
EK202310244809,144.83333333333334
EK202310111806,142.06666666666666
EK202310106490,162.6
EK202310145258,135.73333333333332
EK202310205168,129.7
EK202310157331,141.2
EK202310163882,127.73333333333333
EK202310129546,135.73333333333332
EK202310148414,131.86666666666667
EK202310224909,126.73333333333333
EK202310165479,131.03333333333333
EK202310170016,137.26666666666668
EK202310182759,153.03333333333333
EK202310111689,136.7
EK202310202711,132.7
EK202310201534,138.46666666666667
EK202310113940,130.83333333333334
EK202310114299,152.2
EK202310203251,150.5
EK202310143744,160.8
EK202310149498,161.43333333333334
EK202310217908,130.86666666666667
EK202310211929,138.6
EK202310149164,152.83333333333334
EK202310164565,139.2
EK202310210725,144.03333333333333
EK202310121120,167.73333333333332
EK202310216961,140.96666666666667
EK202310172951,142.7
EK202310230076,129.9
EK202310214365,155.26666666666668
EK202310120411,143.9
EK202310233763,136.53333333333333
EK202310189756,139.9
EK202310180908,142.23333333333332
EK202310163595,140.96666666666667
EK202310117226,158.8
EK202310133078,144.63333333333333
EK202310214364,140.03333333333333
EK202310216563,152.23333333333332
EK202310233460,129.33333333333334
EK202310145609,149.73333333333332
EK202310224257,131.46666666666667
EK202310192247,132.56666666666666
EK202310205631,138.43333333333334
EK202310231421,133.2
EK202310226086,136.0
EK202310237602,143.26666666666668
EK202310136602,135.06666666666666
EK202310122474,130.46666666666667
EK202310188932,148.03333333333333
EK202310138201,128.1
EK202310194378,153.56666666666666
EK202310214991,148.0
EK202310225525,134.2
EK202310134214,139.06666666666666
EK202310195862,140.3
EK202310159199,139.96666666666667
EK202310155737,138.56666666666666
EK202310170011,135.4
EK202310201630,146.7
EK202310226552,137.66666666666666
EK202310160002,142.83333333333334
EK202310151703,162.73333333333332
EK202310143816,148.06666666666666
EK202310232638,155.36666666666667
EK202310114002,136.03333333333333
EK202310129927,133.93333333333334
EK202310203267,153.56666666666666
EK202310177954,139.13333333333333
EK202310153060,149.23333333333332
EK202310111529,138.56666666666666
EK202310137725,134.33333333333334
EK202310166343,136.43333333333334
EK202310186809,135.16666666666666
EK202310144953,147.46666666666667
EK202310122463,133.43333333333334
EK202310134204,141.53333333333333
EK202310150378,154.03333333333333
EK202310237288,145.86666666666667
EK202310248480,150.3
EK202310004124,152.93333333333334
EK202310003566,137.16666666666666
EK202310213203,136.83333333333334
EK202310124344,129.96666666666667
EK202310228408,166.76666666666668
EK202310232131,133.33333333333334
EK202310118742,147.93333333333334
EK202310134004,138.43333333333334
EK202310247397,163.66666666666666
EK202310239190,133.9
EK202310246475,134.96666666666667
EK202310198578,134.83333333333334
EK202310215084,144.63333333333333
EK202310105260,148.36666666666667
EK202310165433,143.36666666666667
EK202310140038,151.5
EK202310107453,144.73333333333332
EK202310221064,126.9
EK202310120243,158.66666666666666
EK202310184845,171.3
EK202310176066,139.0
EK202310227077,132.93333333333334
EK202310144370,163.1
EK202310162124,122.2
EK202310110699,154.23333333333332
EK202310153084,149.93333333333334
EK202310160786,146.83333333333334
EK202310242308,140.43333333333334
EK202310194163,143.73333333333332
EK202310105869,144.83333333333334
EK202310214672,150.36666666666667
EK202310145840,153.73333333333332
EK202310178975,151.9
EK202310189351,182.7
EK202310180495,144.26666666666668
EK202310202435,132.3
EK202310111129,136.46666666666667
EK202310157646,146.36666666666667
EK202310227821,140.5
EK202310142018,135.7
EK202310176861,151.73333333333332
EK202310228822,128.43333333333334
EK202310142217,155.23333333333332
EK202310237859,148.8
EK202310146830,136.83333333333334
EK202310152183,155.06666666666666
EK202310179889,138.13333333333333
EK202310217535,175.46666666666667
EK202310111073,133.9
EK202310228103,151.3
EK202310171811,149.5
EK202310224290,147.13333333333333
EK202310108057,156.96666666666667
EK202310240225,178.36666666666667
EK202310240301,149.23333333333332
EK202310126961,134.5
EK202310235847,147.13333333333333
EK202310107011,134.9
EK202310185554,143.13333333333333
EK202310224213,134.83333333333334
EK202310132189,132.96666666666667
EK202310193327,185.3
EK202310230501,140.6
EK202310130145,147.56666666666666
EK202310188675,155.4
EK202310155036,134.0
EK202310177355,165.63333333333333
EK202310139948,136.36666666666667
EK202310119442,141.06666666666666
EK202310133620,135.8
EK202310202179,155.6
EK202310217546,133.86666666666667
EK202310182683,132.76666666666668
EK202310184843,141.7
EK202310108718,142.16666666666666
EK202310159849,156.53333333333333
EK202310004889,138.4
EK202320006575,156.66666666666666
EK202310209060,159.13333333333333
EK202310104959,140.13333333333333
EK202310182681,130.1
EK202310145101,134.03333333333333
EK202310134497,135.76666666666668
EK202310120585,138.46666666666667
EK202310198684,148.9
EK202310109466,146.3
EK202310106981,135.1
EK202310004230,136.4
EK202310173364,133.13333333333333
EK202310164220,151.23333333333332
EK202310207890,141.56666666666666
EK202310134470,139.26666666666668
EK202310124056,131.63333333333333
EK202310185859,133.06666666666666
EK202310160054,135.26666666666668
EK202310246219,159.1
EK202310196525,130.96666666666667
EK202310193933,150.36666666666667
EK202310144345,127.76666666666667
EK202310004466,165.2
EK202310168682,149.8
EK202310231230,140.9
EK202310206143,125.83333333333333
EK202310120180,148.16666666666666
EK202310208027,135.26666666666668
EK202310211315,135.33333333333334
EK202310176576,142.66666666666666
EK202310174969,141.33333333333334
EK202310210179,140.86666666666667
EK202310217528,148.36666666666667
EK202310238600,134.96666666666667
EK202310236054,131.83333333333334
EK202310137936,139.6
EK202310222493,147.83333333333334
EK202310171713,138.6
EK202310171703,132.46666666666667
EK202310132101,175.3
EK202310136177,129.4
EK202310222204,145.76666666666668
EK202310198438,137.46666666666667
EK202310198847,141.66666666666666
EK202310212204,129.83333333333334
EK202310158611,131.46666666666667
EK202310214429,137.23333333333332
EK202310197505,149.33333333333334
EK202310155317,161.3
EK202310103873,140.7
EK202310203439,142.13333333333333
EK202310205578,170.53333333333333
EK202310114493,138.7
EK202310192330,143.3
EK202310150257,123.53333333333333
EK202310212345,137.83333333333334
EK202310166764,146.4
EK202310173381,136.1
EK202310129246,138.63333333333333
EK202310198977,178.73333333333332
EK202310111435,142.66666666666666
EK202310210569,154.86666666666667
EK202310216496,151.23333333333332
EK202310159176,142.46666666666667
EK202310205779,147.4
EK202310160097,161.56666666666666
EK202310144776,128.03333333333333
EK202310232327,140.3
EK202310177826,165.83333333333334
EK202310232783,125.66666666666667
EK202310247658,139.93333333333334
EK202310192257,155.53333333333333
EK202310105522,144.93333333333334
EK202310110676,133.26666666666668
EK202310175277,145.63333333333333
EK202310222480,131.03333333333333
EK202310244692,164.56666666666666
EK202310238299,137.83333333333334
EK202310196847,127.86666666666666
EK202310219030,129.1
EK202310003531,143.0
EK202310216422,137.23333333333332
EK202310112977,143.76666666666668
EK202310184951,163.63333333333333
EK202310195157,148.76666666666668
EK202310107454,165.03333333333333
EK202310139967,131.96666666666667
EK202310150754,138.46666666666667
EK202310136822,142.16666666666666
EK202310219114,132.63333333333333
EK202310200603,168.23333333333332
EK202310141838,147.46666666666667
EK202310148763,147.03333333333333
EK202310234275,141.83333333333334
EK202310219816,139.53333333333333
EK202310105056,140.26666666666668
EK202310164743,143.1
EK202310132814,143.1
EK202310188510,132.63333333333333
EK202310190625,150.1
EK202310133363,132.73333333333332
EK202310164850,159.7
EK202310112766,137.8
EK202310242743,138.96666666666667
EK202310167944,157.46666666666667
EK202310174056,144.66666666666666
EK202310196467,141.06666666666666
EK202310112347,148.86666666666667
EK202310183616,136.83333333333334
EK202310169352,179.93333333333334
EK202310209027,154.56666666666666
EK202310223654,149.93333333333334
EK202310118853,136.1
EK202310161978,167.23333333333332
EK202310226345,155.23333333333332
EK202310229817,134.36666666666667
EK202310163424,131.0
EK202310230830,149.73333333333332
EK202310181485,144.4
EK202310173117,141.8
EK202310191342,141.33333333333334
EK202310205302,151.93333333333334
EK202310122843,139.6
EK202310201365,148.83333333333334
EK202310164039,141.9
EK202310176835,134.13333333333333
EK202310240788,140.73333333333332
EK202310112640,141.43333333333334
EK202310181638,127.6
EK202310233877,148.73333333333332
EK202310107169,144.36666666666667
EK202310178789,171.3
EK202310152645,145.63333333333333
EK202310139143,166.66666666666666
EK202310185606,135.4
EK202310236253,127.26666666666667
EK202310188369,134.46666666666667
EK202310138500,156.7
EK202310231971,148.0
EK202310194339,120.56666666666666
EK202310175771,151.63333333333333
EK202310109100,160.8
EK202310196714,132.56666666666666
EK202310135780,137.3
EK202310177286,137.23333333333332
EK202310162248,155.46666666666667
EK202310113556,153.83333333333334
EK202310225632,149.03333333333333
EK202310247856,137.16666666666666
EK202310178852,138.6
EK202310163577,152.0
EK202310151357,133.06666666666666
EK202310111121,134.23333333333332
EK202310181600,164.2
EK202310194358,141.53333333333333
EK202310202153,174.9
EK202310105466,130.06666666666666
EK202310216384,130.9
EK202310153150,149.5
EK202310230780,151.0
EK202310248548,129.5
EK202310121252,137.0
EK202310201045,151.03333333333333
EK202310208942,146.43333333333334
EK202310173243,143.4
EK202310183907,162.13333333333333
EK202310152258,150.73333333333332
EK202310151886,137.2
EK202310124883,134.5
EK202310206942,159.66666666666666
EK202310186343,138.6
EK202310199252,145.43333333333334
EK202310153785,155.6
EK202310119274,132.7
EK202310229019,134.66666666666666
EK202310003459,147.43333333333334
EK202310215837,129.0
EK202310104012,151.6
EK202310226825,163.96666666666667
EK202310112000,131.73333333333332
EK202310228139,137.7
EK202310195964,147.66666666666666
EK202310196447,135.56666666666666
EK202310133431,143.86666666666667
EK202310148207,153.8
EK202310208262,146.76666666666668
EK202310234548,134.23333333333332
EK202310110644,157.16666666666666
EK202310112284,161.93333333333334
EK202310185528,143.46666666666667
EK202310120181,136.16666666666666
EK202310155062,137.96666666666667
EK202310141339,138.93333333333334
EK202320007364,135.03333333333333
EK202310153420,132.6
EK202310168023,147.8
EK202310136980,178.03333333333333
EK202310109577,144.26666666666668
EK202310242836,154.56666666666666
EK202310245264,146.73333333333332
EK202310156259,142.4
EK202310190170,141.63333333333333
EK202310248085,152.56666666666666
EK202310236610,136.6
EK202310127984,140.13333333333333
EK202310151526,176.0
EK202310183833,129.33333333333334
EK202310181035,130.36666666666667
EK202310209277,142.73333333333332
EK202310208187,150.8
EK202310113331,132.73333333333332
EK202310130050,162.43333333333334
EK202310210098,168.2
EK202310131769,130.73333333333332
EK202310182943,153.5
EK202310245900,146.2
EK202310112562,153.16666666666666
EK202310112368,134.96666666666667
EK202310153158,152.86666666666667
EK202310246187,153.4
EK202310158259,173.2
EK202310191908,153.43333333333334
EK202310229177,126.5
EK202310173976,122.46666666666667
EK202310235029,131.93333333333334
EK202310160651,145.1
EK202310104176,136.16666666666666
EK202310163031,143.93333333333334
EK202310189284,176.23333333333332
EK202310203767,128.9
EK202310153903,124.2
EK202310163959,129.23333333333332
EK202310175696,141.53333333333333
EK202310196551,131.1
EK202310130357,135.46666666666667
EK202310227070,148.8
EK202310223980,143.06666666666666
EK202320005716,141.0
EK202310191016,148.9
EK202310159308,162.1
EK202310157506,135.43333333333334
EK202310205339,158.8
EK202310173591,155.16666666666666
EK202310212415,141.2
EK202310152400,125.0
EK202310116809,141.76666666666668
EK202310223921,168.33333333333334
EK202310136881,130.36666666666667
EK202310197683,147.63333333333333
EK202310119242,148.2
EK202310156431,141.0
EK202310142993,160.86666666666667
EK202310190357,140.53333333333333
EK202310138818,143.4
EK202310180708,129.83333333333334
EK202310171205,146.93333333333334
EK202310205536,138.13333333333333
EK202310178501,151.36666666666667
EK202310114516,155.3
EK202310217959,126.2
EK202310197130,142.53333333333333
EK202310175335,160.13333333333333
EK202310106557,159.1
EK202310228468,138.66666666666666
EK202310107166,151.0
EK202310187850,151.8
EK202310231655,136.66666666666666
EK202320005951,147.3
EK202310110395,103.6
EK202310229554,155.63333333333333
EK202310129150,143.83333333333334
EK202310245507,149.23333333333332
EK202310165967,140.66666666666666
EK202310139144,130.83333333333334
EK202310205378,150.76666666666668
EK202310118211,131.26666666666668
EK202310117975,144.66666666666666
EK202310246423,122.36666666666666
EK202310224264,145.96666666666667
EK202310157523,129.9
EK202310136806,153.26666666666668
EK202310209414,147.2
EK202310105657,141.7
EK202310227287,136.16666666666666
EK202310143495,150.7
EK202310104202,140.23333333333332
EK202310132179,136.53333333333333
EK202310192107,150.0
EK202310201701,147.2
EK202310204228,140.1
EK202310204465,148.7
EK202310220504,153.53333333333333
EK202310190283,146.43333333333334
EK202310220919,150.96666666666667
EK202310136224,134.53333333333333
EK202310229439,136.33333333333334
EK202310201973,131.93333333333334
EK202310233266,137.63333333333333
EK202310120402,139.23333333333332
EK202310203268,149.73333333333332
EK202310103759,132.56666666666666
EK202310206364,147.33333333333334
EK202310239486,133.46666666666667
EK202310167126,142.73333333333332
EK202310172738,138.03333333333333
EK202310225872,150.66666666666666
EK202310124187,137.43333333333334
EK202310230657,150.6
EK202310219193,134.9
EK202310169804,160.26666666666668
EK202310214791,146.53333333333333
EK202310130499,144.8
EK202310125258,137.83333333333334
EK202310217221,133.63333333333333
EK202310244345,165.16666666666666
EK202310130692,124.73333333333333
EK202310225290,168.66666666666666
EK202310202584,147.03333333333333
EK202310165777,141.0
EK202310173066,142.8
EK202310142994,157.73333333333332
EK202310146665,141.43333333333334
EK202310213439,132.13333333333333
EK202310239350,151.46666666666667
EK202310187146,147.63333333333333
EK202310141831,161.5
EK202310181405,162.46666666666667
EK202310218983,143.26666666666668
EK202310224271,154.0
EK202310141723,153.76666666666668
EK202310191900,144.3
EK202310179485,149.86666666666667
EK202310162868,145.93333333333334
EK202310182366,128.43333333333334
EK202310148108,138.83333333333334
EK202310160133,160.56666666666666
EK202310166838,160.26666666666668
EK202310209189,128.46666666666667
EK202310135477,160.6
EK202310136211,136.06666666666666
EK202310211907,146.9
EK202310204224,140.43333333333334
EK202310003420,131.6
EK202310111245,139.6
EK202310155528,127.8
EK202310116420,157.36666666666667
EK202310163647,135.46666666666667
EK202310004316,153.33333333333334
EK202310136565,139.56666666666666
EK202310242785,134.86666666666667
EK202310142669,141.83333333333334
EK202310113336,131.86666666666667
EK202310147196,145.76666666666668
EK202310198324,170.03333333333333
EK202310143104,153.1
EK202310112994,137.43333333333334
EK202310175359,151.03333333333333
EK202310185406,159.96666666666667
EK202310179778,160.53333333333333
EK202310112667,134.0
EK202310194252,141.56666666666666
EK202310147035,148.46666666666667
EK202310111219,173.86666666666667
EK202310214524,133.7
EK202310232716,150.13333333333333
EK202310105019,124.76666666666667
EK202310234559,136.1
EK202310173427,171.5
EK202310195378,154.86666666666667
EK202310134112,134.63333333333333
EK202310181301,128.7
EK202310214980,154.46666666666667
EK202310238261,143.2
EK202310130718,131.9
EK202310147373,148.96666666666667
EK202310168667,147.16666666666666
EK202310225226,169.8
EK202310118349,153.93333333333334
EK202310157718,134.36666666666667
EK202310187448,161.1
EK202310181860,135.7
EK202310236193,163.3
EK202310152103,160.0
EK202310136089,170.26666666666668
EK202310238835,141.6
EK202310142264,157.86666666666667
EK202310198539,139.7
EK202310190468,149.66666666666666
EK202320006389,137.26666666666668
EK202310148444,144.1
EK202310149959,161.4
EK202310228555,141.23333333333332
EK202310105501,139.26666666666668
EK202310119203,148.46666666666667
EK202310232306,136.9
EK202310182557,131.96666666666667
EK202310213342,131.66666666666666
EK202310167646,181.46666666666667
EK202310195462,154.76666666666668
EK202310171718,145.13333333333333
EK202310150737,140.06666666666666
EK202310207739,150.23333333333332
EK202310121660,129.36666666666667
EK202310205678,138.43333333333334
EK202310242815,131.66666666666666
EK202310193926,138.93333333333334
EK202310169215,157.13333333333333
EK202310121914,144.2
EK202310146443,136.8
EK202310186043,155.0
EK202310242764,138.33333333333334
EK202310125734,124.8
EK202310188093,142.3
EK202310247744,168.1
EK202310183732,158.06666666666666
EK202310120950,141.86666666666667
EK202310160943,162.53333333333333
EK202310223077,134.46666666666667
EK202310113322,138.16666666666666
EK202310171016,152.8
EK202310118992,161.6
EK202310210813,135.4
EK202310119393,145.6
EK202310165072,142.0
EK202310130476,160.7
EK202310176158,132.5
EK202310235070,161.13333333333333
EK202310108800,130.6
EK202310213698,135.46666666666667
EK202310211960,135.6
EK202310115107,139.73333333333332
EK202310154887,156.93333333333334
EK202310125964,150.13333333333333
EK202310197631,159.26666666666668
EK202310152495,145.16666666666666
EK202310138965,136.73333333333332
EK202310229751,133.4
EK202310243042,147.93333333333334
EK202310104932,140.9
EK202310196593,166.66666666666666
EK202310166871,146.66666666666666
EK202310148398,152.8
EK202310209486,145.53333333333333
EK202310136632,144.46666666666667
EK202310189646,150.93333333333334
EK202310225870,151.16666666666666
EK202310161755,141.96666666666667
EK202310228917,128.53333333333333
EK202310148074,152.16666666666666
EK202310127137,148.96666666666667
EK202310189248,141.03333333333333
EK202310125103,137.96666666666667
EK202310191210,131.23333333333332
EK202310218240,147.56666666666666
EK202310237275,122.3
EK202310162417,157.73333333333332
EK202320007302,149.1
EK202310198514,124.63333333333334
EK202310156654,155.43333333333334
EK202310171571,169.4
EK202310177305,156.8
EK202310246747,143.0
EK202310202758,181.3
EK202310106134,138.43333333333334
EK202310004263,159.4
EK202310167253,147.76666666666668
EK202310154950,139.63333333333333
EK202310104343,146.66666666666666
EK202310162981,149.53333333333333
EK202310170399,135.03333333333333
EK202310157462,135.73333333333332
EK202310222137,168.06666666666666
EK202320007745,131.66666666666666
EK202310220891,135.23333333333332
EK202310197465,136.9
EK202310169484,140.26666666666668
EK202310206857,149.13333333333333
EK202310246430,120.96666666666667
EK202310116674,136.66666666666666
EK202310143852,140.5
EK202310181630,142.4
EK202310208946,148.6
EK202310108868,132.43333333333334
EK202310175588,159.73333333333332
EK202310159547,129.73333333333332
EK202310188294,138.36666666666667
EK202310180437,163.13333333333333
EK202310212936,145.73333333333332
EK202310130231,155.4
EK202310127231,145.06666666666666
EK202310189985,149.5
EK202310116510,138.53333333333333
EK202310207462,163.63333333333333
EK202310218692,145.76666666666668
EK202310227138,137.4
EK202310209607,139.36666666666667
EK202310119774,138.53333333333333
EK202310244607,139.43333333333334
EK202310113466,148.33333333333334
EK202310117710,131.76666666666668
EK202310175467,150.43333333333334
EK202310137952,149.23333333333332
EK202310235796,152.7
EK202310248336,142.46666666666667
EK202310185289,165.5
EK202310149146,143.0
EK202310129791,173.6
EK202310122547,145.4
EK202310131673,132.63333333333333
EK202310218477,168.93333333333334
EK202310158788,170.3
EK202310243244,148.76666666666668
EK202310137064,136.9
EK202310178386,148.93333333333334
EK202310159003,136.6
EK202310127413,156.23333333333332
EK202310194146,186.0
EK202310232087,150.33333333333334
EK202310143601,157.6
EK202310127915,144.26666666666668
EK202310148535,138.5
EK202310127692,142.1
EK202310134785,140.1
EK202310196646,143.86666666666667
EK202310003600,132.66666666666666
EK202310246935,158.6
EK202310239761,139.53333333333333
EK202310216852,147.2
EK202310220984,149.93333333333334
EK202310144095,142.33333333333334
EK202310152597,161.4
EK202310168343,147.96666666666667
EK202310137883,136.53333333333333
EK202310193368,131.96666666666667
EK202310127993,144.2
EK202310141466,136.4
EK202310124906,155.0
EK202310121318,124.43333333333334
EK202310214552,174.53333333333333
EK202310242972,139.46666666666667
EK202310169356,181.23333333333332
EK202310141331,142.83333333333334
EK202310148511,179.16666666666666
EK202320006765,164.63333333333333
EK202310131274,129.93333333333334
EK202310126970,135.13333333333333
EK202310167321,143.16666666666666
EK202310215589,131.33333333333334
EK202320006107,145.8
EK202310147086,149.6
EK202310233859,149.93333333333334
EK202310141954,139.0
EK202310234852,139.4
EK202310136328,142.03333333333333
EK202310133047,136.66666666666666
EK202310136399,129.9
EK202310207760,145.16666666666666
EK202310139278,150.1
EK202310125356,135.3
EK202310146350,136.1
EK202310177090,142.06666666666666
EK202310138005,121.3
EK202310137985,130.63333333333333
EK202320005567,139.66666666666666
EK202310197087,132.33333333333334
EK202310157990,150.83333333333334
EK202310176214,138.93333333333334
EK202310128811,135.76666666666668
EK202310120029,135.3
EK202310144471,134.3
EK202310188230,138.16666666666666
EK202310154178,134.86666666666667
EK202310157814,134.73333333333332
EK202310130684,123.93333333333334
EK202310140639,139.03333333333333
EK202310233784,143.1
EK202310177044,141.8
EK202310204770,155.76666666666668
EK202310143193,137.33333333333334
EK202310229063,147.46666666666667
EK202310142428,144.76666666666668
EK202310142101,147.5
EK202310199185,136.2
EK202310122048,136.6
EK202310189594,141.76666666666668
EK202310105475,140.56666666666666
EK202310181985,140.6
EK202310111833,149.6
EK202310164318,128.76666666666668
EK202310170916,129.6
EK202310158358,155.53333333333333
EK202310106802,143.5
EK202310158510,139.23333333333332
EK202310212527,138.0
EK202310109926,160.03333333333333
EK202310114932,173.63333333333333
EK202310223038,127.13333333333334
EK202310193126,157.4
EK202310246777,150.16666666666666
EK202310189632,148.83333333333334
EK202310240945,145.23333333333332
EK202310239693,138.1
EK202310216494,148.86666666666667
EK202310183749,143.7
EK202310141275,140.9
EK202310131036,125.6
EK202310113828,168.86666666666667
EK202310207144,127.53333333333333
EK202310190451,128.33333333333334
EK202310229761,137.26666666666668
EK202320006392,146.53333333333333
EK202310227082,142.23333333333332
EK202310211827,141.96666666666667
EK202310235192,149.46666666666667
EK202310198132,148.66666666666666
EK202310189905,159.73333333333332
EK202310193570,143.66666666666666
EK202310137822,135.73333333333332
EK202310206557,144.6
EK202310127272,159.7
EK202310195399,139.3
EK202310116174,152.6
EK202310112198,145.33333333333334
EK202310163418,135.76666666666668
EK202310003339,156.53333333333333
EK202310145884,136.0
EK202310210819,133.0
EK202310188596,150.86666666666667
EK202310227740,128.06666666666666
EK202310171332,169.1
EK202310107268,155.96666666666667
EK202310232122,138.5
EK202310145739,152.83333333333334
EK202310240638,125.56666666666666
EK202310174884,160.1
EK202310213193,137.16666666666666
EK202310218429,134.56666666666666
EK202310225216,135.43333333333334
EK202310235813,146.83333333333334
EK202310223825,140.83333333333334
EK202310165260,141.36666666666667
EK202310136218,162.36666666666667
EK202310138301,145.2
EK202310217412,161.16666666666666
EK202310224143,147.33333333333334
EK202310155730,146.33333333333334
EK202310246010,130.6
EK202310111437,161.86666666666667
EK202310162583,154.43333333333334
EK202310126440,133.03333333333333
EK202310104619,146.53333333333333
EK202310172843,145.7
EK202310147555,175.13333333333333
EK202310161054,159.43333333333334
EK202310209188,156.06666666666666
EK202310144583,132.53333333333333
EK202310113571,160.0
EK202310236906,124.73333333333333
EK202310236614,135.83333333333334
EK202310153224,146.6
EK202310139052,152.4
EK202310238192,159.06666666666666
EK202310233466,129.73333333333332
EK202310215038,141.66666666666666
EK202310179617,146.26666666666668
EK202310159717,132.13333333333333
EK202310152017,153.2
EK202310190439,139.5
EK202310193413,146.13333333333333
EK202310160170,171.9
EK202310123300,131.43333333333334
EK202310204445,144.86666666666667
EK202310214835,133.2
EK202310220520,146.9
EK202310003433,140.86666666666667
EK202310159797,150.96666666666667
EK202310139535,163.63333333333333
EK202310118986,160.93333333333334
EK202310131290,129.56666666666666
EK202310145211,132.1
EK202310124121,130.1
EK202310164013,141.2
EK202310158539,181.96666666666667
EK202310157029,152.13333333333333
EK202310205071,158.03333333333333
EK202310237265,168.7
EK202310121334,140.8
EK202310169722,148.96666666666667
EK202310227972,141.06666666666666
EK202310148017,163.13333333333333
EK202310201744,152.5
EK202310178777,175.43333333333334
EK202310158599,169.9
EK202310223823,150.93333333333334
EK202310244269,136.5
EK202310145223,149.6
EK202310183001,134.7
EK202310144652,134.16666666666666
EK202310149925,149.26666666666668
EK202310232433,137.03333333333333
EK202310170505,139.56666666666666
EK202310213173,138.7
EK202310140978,136.16666666666666
EK202310003838,159.4
EK202310197038,139.9
EK202310144172,135.9
EK202310107554,162.56666666666666
EK202310145215,138.33333333333334
EK202310178423,151.66666666666666
EK202310135509,150.2
EK202310114244,131.5
EK202310143184,142.06666666666666
EK202310141247,139.4
EK202310202303,140.8
EK202310111325,147.03333333333333
EK202310167906,145.4
EK202310105431,145.6
EK202320005905,178.6
EK202310127826,148.0
EK202310104035,152.76666666666668
EK202310213387,130.16666666666666
EK202310109955,139.83333333333334
EK202310218233,140.66666666666666
EK202310115271,136.46666666666667
EK202310206248,136.53333333333333
EK202310158573,156.43333333333334
EK202310183224,157.46666666666667
EK202310231210,141.5
EK202310118684,137.9
EK202310242985,141.8
EK202310136035,148.73333333333332
EK202310231734,145.16666666666666
EK202310145163,145.83333333333334
EK202310211871,138.83333333333334
EK202310151737,135.7
EK202310165550,173.1
EK202310214955,144.86666666666667
EK202310112312,140.53333333333333
EK202310122742,141.66666666666666
EK202310202487,140.56666666666666
EK202310233089,145.66666666666666
EK202310166257,151.23333333333332
EK202310180021,154.3
EK202310149123,134.43333333333334
EK202310139242,152.13333333333333
EK202310140791,121.86666666666666
EK202310230828,145.43333333333334
EK202310242667,130.93333333333334
EK202310188077,150.86666666666667
EK202310184134,156.23333333333332
EK202310227767,153.1
EK202310206257,135.4
EK202310112535,135.93333333333334
EK202310142903,158.06666666666666
EK202310109645,141.66666666666666
EK202310153020,141.0
EK202310106726,135.4
EK202310223842,135.36666666666667
EK202310194598,157.5
EK202310148450,124.63333333333334
EK202310120806,129.3
EK202310209691,142.06666666666666
EK202310114213,145.96666666666667
EK202310152335,143.23333333333332
EK202310232377,129.0
EK202310150359,156.23333333333332
EK202310172745,136.33333333333334
EK202310201411,154.13333333333333
EK202310152893,160.83333333333334
EK202310155212,145.53333333333333
EK202310182742,150.96666666666667
EK202310183087,139.03333333333333
EK202310200379,156.0
EK202310173094,135.26666666666668
EK202310227985,143.8
EK202310238336,160.9
EK202310184224,151.73333333333332
EK202310232915,146.7
EK202310219151,131.43333333333334
EK202310213370,127.1
EK202310219745,147.63333333333333
EK202310138780,149.93333333333334
EK202310203481,149.73333333333332
EK202310174922,137.9
EK202310233758,143.2
EK202310153471,137.5
EK202310151891,155.0
EK202320005592,137.2
EK202310105631,132.53333333333333
EK202310176003,152.0
EK202310181211,145.76666666666668
EK202310144399,136.0
EK202310240649,123.6
EK202310145192,147.93333333333334
EK202310206829,151.56666666666666
EK202310110211,125.13333333333334
EK202310234760,137.9
EK202310114319,144.86666666666667
EK202310135966,133.03333333333333
EK202310183214,154.5
EK202310163942,160.13333333333333
EK202310219060,143.23333333333332
EK202310192350,158.4
EK202310130531,141.53333333333333
EK202310163172,148.26666666666668
EK202310240348,142.3
EK202310198945,144.63333333333333
EK202310004178,121.86666666666666
EK202310199537,148.33333333333334
EK202310152430,146.9
EK202310200143,153.33333333333334
EK202310190524,145.9
EK202310116645,143.56666666666666
EK202310193204,161.96666666666667
EK202310148808,150.26666666666668
EK202310231781,135.06666666666666
EK202310129095,128.03333333333333
EK202310114613,161.93333333333334
EK202310190518,144.66666666666666
EK202310180509,147.56666666666666
EK202310220514,138.96666666666667
EK202310225336,129.26666666666668
EK202310237750,148.96666666666667
EK202310182363,157.83333333333334
EK202310196291,155.96666666666667
EK202310161270,144.8
EK202310132154,130.33333333333334
EK202310181652,126.96666666666667
EK202310238306,141.8
EK202310187861,139.4
EK202310196524,166.96666666666667
EK202310218151,138.03333333333333
EK202310176813,132.46666666666667
EK202310115338,137.8
EK202320007107,149.0
EK202310190744,148.3
EK202310242292,152.86666666666667
EK202310133848,144.8
EK202310173165,139.66666666666666
EK202310201969,117.13333333333334
EK202310194094,172.5
EK202310192787,149.73333333333332
EK202310107065,140.7
EK202310247670,178.93333333333334
EK202310200824,157.1
EK202310157197,134.06666666666666
EK202310192671,141.66666666666666
EK202310189959,167.23333333333332
EK202310242747,140.93333333333334
EK202310221418,132.63333333333333
EK202310178956,127.0
EK202310162978,143.33333333333334
EK202320006792,132.7
EK202310119199,150.86666666666667
EK202310229640,137.36666666666667
EK202310136912,131.83333333333334
EK202310193691,159.73333333333332
EK202310141736,133.9
EK202310159077,153.06666666666666
EK202310199320,136.73333333333332
EK202310205972,133.06666666666666
EK202310155578,145.36666666666667
EK202310115031,145.83333333333334
EK202310143815,149.36666666666667
EK202310133150,146.1
EK202310133982,138.5
EK202310216455,161.7
EK202310206390,151.03333333333333
EK202310204338,159.56666666666666
EK202310115162,139.86666666666667
EK202310117837,127.0
EK202310211582,132.63333333333333
EK202310119713,143.6
EK202310136154,146.06666666666666
EK202310222178,125.5
EK202310143261,144.86666666666667
EK202310122388,141.03333333333333
EK202310125099,141.36666666666667
EK202310172723,130.06666666666666
EK202310226850,134.33333333333334
EK202310111054,133.33333333333334
EK202310187762,147.5
EK202310213222,138.8
EK202310105201,153.7
EK202310173124,147.33333333333334
EK202310180253,125.76666666666667
EK202310248026,178.36666666666667
EK202310177052,143.6
EK202310171106,155.43333333333334
EK202310136327,137.33333333333334
EK202310208120,138.13333333333333
EK202310004784,139.73333333333332
EK202310164690,145.26666666666668
EK202310214669,155.0
EK202310131706,147.53333333333333
EK202310104529,130.9
EK202310118248,132.43333333333334
EK202310137915,136.1
EK202310247207,157.96666666666667
EK202310185211,138.2
EK202310121850,126.3
EK202310128165,134.23333333333332
EK202310123063,145.06666666666666
EK202310219511,135.36666666666667
EK202310242037,147.36666666666667
EK202310180079,146.73333333333332
EK202310193224,184.4
EK202310191500,140.36666666666667
EK202310116444,128.93333333333334
EK202310130285,145.13333333333333
EK202310108568,138.16666666666666
EK202310136319,139.43333333333334
EK202310224242,142.93333333333334
EK202310227382,141.43333333333334
EK202310202780,134.66666666666666
EK202310137223,146.93333333333334
EK202310230312,124.1
EK202310234557,142.43333333333334
EK202310189352,178.73333333333332
EK202310226383,132.33333333333334
EK202310141535,139.0
EK202310184208,138.7
EK202310230152,174.96666666666667
EK202310160390,153.26666666666668
EK202310122632,137.8
EK202310165838,134.46666666666667
EK202310144483,169.4
EK202310108194,137.83333333333334
EK202310106793,138.83333333333334
EK202310120779,135.56666666666666
EK202310113163,140.0
EK202310115686,133.96666666666667
EK202310153049,142.83333333333334
EK202310177121,153.9
EK202310151267,146.5
EK202310214589,140.1
EK202310208963,169.43333333333334
EK202310154044,147.26666666666668
EK202310198051,137.03333333333333
EK202310105305,151.4
EK202310135168,147.03333333333333
EK202310200887,119.53333333333333
EK202310202015,130.33333333333334
EK202310211458,144.13333333333333
EK202310135559,138.13333333333333
EK202310135685,171.6
EK202310164450,141.06666666666666
EK202310195626,169.33333333333334
EK202310238957,131.46666666666667
EK202310131647,158.66666666666666
EK202310150387,150.06666666666666
EK202310121479,139.76666666666668
EK202310236900,122.1
EK202310159488,156.56666666666666
EK202310191125,135.93333333333334
EK202310132284,148.26666666666668
EK202310205918,139.76666666666668
EK202310192730,140.7
EK202310123751,141.06666666666666
EK202310157723,147.0
EK202310166159,176.4
EK202310217657,123.96666666666667
EK202310139130,167.56666666666666
EK202310176465,137.8
EK202310135907,136.43333333333334
EK202310142364,138.53333333333333
EK202310106377,137.46666666666667
EK202310246049,136.03333333333333
EK202310213693,139.7
EK202310164186,155.2
EK202310160898,174.16666666666666
EK202310217495,177.63333333333333
EK202310170927,138.7
EK202310164087,146.8
EK202310202710,143.53333333333333
EK202310161660,151.06666666666666
EK202310118714,140.53333333333333
EK202310208776,149.83333333333334
EK202310192073,153.93333333333334
EK202310149834,134.16666666666666
EK202310115300,141.8
EK202310137234,135.93333333333334
EK202310167336,143.93333333333334
EK202310130940,121.83333333333333
EK202310108363,140.83333333333334
EK202310240062,154.63333333333333
EK202310143711,145.1
EK202310126099,129.06666666666666
EK202310111701,138.26666666666668
EK202310109430,133.33333333333334
EK202310229241,131.03333333333333
EK202310224916,142.2
EK202310198104,137.5
EK202310146821,153.0
EK202310149423,148.96666666666667
EK202310189461,177.36666666666667
EK202310113093,139.0
EK202310203899,152.7
EK202310222972,129.86666666666667
EK202310122045,136.1
EK202310197655,172.0
EK202310207370,151.0
EK202310126718,133.5
EK202310239768,133.56666666666666
EK202310154953,139.53333333333333
EK202310104866,141.53333333333333
EK202310213299,140.33333333333334
EK202310152880,168.66666666666666
EK202310210510,139.66666666666666
EK202310003355,131.3
EK202310138578,136.06666666666666
EK202310221979,133.7
EK202310136372,150.93333333333334
EK202310240726,140.93333333333334
EK202310199316,137.4
EK202310180477,147.3
EK202310222146,135.6
EK202310195135,132.56666666666666
EK202310225124,132.16666666666666
EK202310197588,163.9
EK202310164715,165.46666666666667
EK202310224547,135.83333333333334
EK202310195634,155.9
EK202310233272,125.76666666666667
EK202310133354,134.16666666666666
EK202310155274,131.13333333333333
EK202310187381,139.63333333333333
EK202310181622,147.5
EK202310180891,140.93333333333334
EK202310208781,159.4
EK202310138532,152.76666666666668
EK202310158039,161.63333333333333
EK202310234759,146.73333333333332
EK202310172371,140.5
EK202310004492,134.83333333333334
EK202310167403,140.4
EK202310224663,132.63333333333333
EK202310125319,136.2
EK202310148708,159.36666666666667
EK202310199777,139.56666666666666
EK202310121002,149.36666666666667
EK202310223457,134.13333333333333
EK202310241156,157.5
EK202310242414,148.06666666666666
EK202310233868,144.3
EK202310218542,135.1
EK202310181849,171.23333333333332
EK202310199972,131.36666666666667
EK202310219891,128.43333333333334
EK202310198598,140.56666666666666
EK202310192601,148.1
EK202310192902,139.93333333333334
EK202310186540,143.5
EK202310135637,150.06666666666666
EK202310224182,161.36666666666667
EK202310245468,157.0
EK202310187476,165.16666666666666
EK202310004176,145.93333333333334
EK202310173306,149.03333333333333
EK202310174815,128.43333333333334
EK202310003528,138.0
EK202310106869,154.1
EK202310114334,125.1
EK202310128865,138.06666666666666
EK202310162698,144.63333333333333
EK202310246100,149.7
EK202310183029,128.93333333333334
EK202310138016,127.7
EK202310003652,126.53333333333333
EK202310206206,133.0
EK202310152370,144.23333333333332
EK202310168292,144.0
EK202310198068,139.83333333333334
EK202310138206,120.7
EK202310199965,141.2
EK202310108649,171.2
EK202310120575,137.26666666666668
EK202310124777,129.36666666666667
EK202310165021,139.0
EK202310183112,151.36666666666667
EK202310105459,134.83333333333334
EK202310134757,140.3
EK202310103956,135.73333333333332
EK202310222980,162.73333333333332
EK202310199522,157.73333333333332
EK202310224732,132.13333333333333
EK202310192783,149.13333333333333
EK202310194812,180.3
EK202310236020,145.93333333333334
EK202310108411,147.9
EK202310106942,153.5
EK202310110399,140.53333333333333
EK202310203809,134.46666666666667
EK202310126385,132.46666666666667
EK202310130826,141.8
EK202310143699,168.4
EK202310115466,129.0
EK202310201041,144.56666666666666
EK202310210566,146.6
EK202310142263,146.53333333333333
EK202310226772,145.86666666666667
EK202310174000,134.5
EK202310134341,172.96666666666667
EK202310213426,131.1
EK202310135863,139.93333333333334
EK202310135242,154.6
EK202310146997,149.73333333333332
EK202310243667,171.93333333333334
EK202310229674,140.33333333333334
EK202310130805,132.66666666666666
EK202310220574,124.56666666666666
EK202310164649,140.36666666666667
EK202310134408,145.73333333333332
EK202310003474,131.2
EK202310118263,132.96666666666667
EK202310161867,162.33333333333334
EK202310181365,123.66666666666667
EK202310154801,144.4
EK202310219520,157.0
EK202310200310,137.86666666666667
EK202310207883,149.03333333333333
EK202310146716,146.43333333333334
EK202310123679,129.8
EK202310240065,146.33333333333334
EK202310185668,145.4
EK202310182482,160.7
EK202310112781,143.3
EK202310105135,154.16666666666666
EK202310164531,132.16666666666666
EK202310150078,144.7
EK202310223094,175.96666666666667
EK202310247424,176.76666666666668
EK202310186061,133.73333333333332
EK202310173560,141.73333333333332
EK202310190249,150.0
EK202310160821,146.83333333333334
EK202310188946,140.7
EK202310149161,138.9
EK202310122403,129.93333333333334
EK202310195995,158.36666666666667
EK202310176442,129.16666666666666
EK202310146105,147.9
EK202310212801,151.56666666666666
EK202310227700,132.46666666666667
EK202310180756,141.86666666666667
EK202310140861,141.3
EK202310207186,153.23333333333332
EK202310225979,138.1
EK202310171463,139.63333333333333
EK202310123630,126.2
EK202310184360,143.16666666666666
EK202310176661,128.23333333333332
EK202310118436,151.86666666666667
EK202310106839,140.23333333333332
EK202310205589,145.86666666666667
EK202310224665,123.03333333333333
EK202310191707,142.76666666666668
EK202310108998,133.8
EK202310168084,138.63333333333333
EK202310222339,173.9
EK202310129697,138.56666666666666
EK202310170459,132.53333333333333
EK202310170867,142.0
EK202310004814,147.46666666666667
EK202310139330,126.23333333333333
EK202310243947,129.83333333333334
EK202310158812,139.46666666666667
EK202310246467,121.83333333333333
EK202310139605,144.66666666666666
EK202310204546,152.9
EK202310247739,168.8
EK202310163645,142.66666666666666
EK202310213374,135.1
EK202320006854,164.53333333333333
EK202310003821,136.36666666666667
EK202310154988,141.23333333333332
EK202310141484,135.6
EK202310166793,127.03333333333333
EK202310216066,127.6
EK202310209262,143.2
EK202310216292,159.9
EK202310134069,128.66666666666666
EK202310177735,139.23333333333332
EK202310213634,136.13333333333333
EK202310162478,161.96666666666667
EK202310232091,146.83333333333334
EK202310138848,142.46666666666667
EK202310233671,142.0
EK202310142473,153.3
EK202310159684,158.73333333333332
EK202310180111,167.26666666666668
EK202310229192,157.93333333333334
EK202310119588,144.5
EK202310238495,136.8
EK202310209893,135.46666666666667
EK202310234545,141.83333333333334
EK202310174703,128.2
EK202310171373,143.6
EK202310150301,145.2
EK202310198468,140.86666666666667
EK202310142834,135.73333333333332
EK202310123180,147.83333333333334
EK202310205955,134.6
EK202310227181,155.4
EK202310147163,147.03333333333333
EK202310196863,172.5
EK202310107077,107.9
EK202310224123,138.33333333333334
EK202310178723,137.7
EK202310188726,146.63333333333333
EK202310145842,157.1
EK202310126848,145.26666666666668
EK202310149653,144.83333333333334
EK202310210321,131.56666666666666
EK202310138754,172.06666666666666
EK202310190404,154.4
EK202310142661,148.26666666666668
EK202310163611,148.26666666666668
EK202310192118,153.0
EK202310209339,143.3
EK202310211087,142.53333333333333
EK202310200565,162.66666666666666
EK202310162171,136.36666666666667
EK202310239766,134.46666666666667
EK202310242115,134.93333333333334
EK202310206840,153.1
EK202310186840,140.53333333333333
EK202310122626,140.13333333333333
EK202310247532,149.23333333333332
EK202310248321,142.43333333333334
EK202310137335,142.13333333333333
EK202310164720,134.46666666666667
EK202310164776,144.0
EK202310172694,144.0
EK202310115208,121.33333333333333
EK202310140400,142.03333333333333
EK202310217155,152.63333333333333
EK202310220114,158.13333333333333
EK202310145630,132.53333333333333
EK202310246549,127.9
EK202310204696,144.73333333333332
EK202310225296,137.16666666666666
EK202310195107,145.03333333333333
EK202320006795,179.13333333333333
EK202310108157,134.73333333333332
EK202310121697,137.43333333333334
EK202310106708,151.8
EK202310181363,145.6
EK202310106364,142.1
EK202310180893,146.23333333333332
EK202310183016,141.6
EK202310004166,139.03333333333333
EK202310199838,153.0
EK202310148423,157.43333333333334
EK202310181024,143.53333333333333
EK202310114930,131.46666666666667
EK202310128476,153.26666666666668
EK202310169523,127.26666666666667
EK202310168371,175.13333333333333
EK202310195418,168.5
EK202310176857,134.03333333333333
EK202310111775,144.73333333333332
EK202310153448,137.3
EK202310141648,142.3
EK202320005982,139.3
EK202310003582,142.1
EK202310222503,135.6
EK202310202091,130.0
EK202310115161,154.13333333333333
EK202320007144,152.9
EK202310120067,156.03333333333333
EK202310156517,137.66666666666666
EK202310248466,140.1
EK202310183536,155.33333333333334
EK202310237952,140.86666666666667
EK202310205472,162.13333333333333
EK202310170132,139.6
EK202310132623,138.4
EK202310227130,144.46666666666667
EK202310131693,157.46666666666667
EK202310212847,152.36666666666667
EK202310192454,138.36666666666667
EK202310151379,176.66666666666666
EK202310166887,135.5
EK202310151838,139.53333333333333
EK202310218637,132.6
EK202320006368,150.03333333333333
EK202310110191,127.06666666666666
EK202310123397,152.96666666666667
EK202310183798,146.16666666666666
EK202310142570,153.36666666666667
EK202310123542,145.16666666666666
EK202310189606,152.43333333333334
EK202310239154,180.53333333333333
EK202310218250,134.76666666666668
EK202310222212,158.6
EK202310213689,133.36666666666667
EK202310108905,160.1
EK202310201539,141.7
EK202310241773,134.16666666666666
EK202310136938,159.7
EK202310223539,134.13333333333333
EK202310175290,145.16666666666666
EK202310167269,138.06666666666666
EK202310136276,153.4
EK202310241802,131.63333333333333
EK202310159213,145.33333333333334
EK202310163058,142.1
EK202310204661,170.6
EK202310165933,155.36666666666667
EK202310123794,141.4
EK202310191803,137.7
EK202310158551,149.63333333333333
EK202310146637,149.33333333333334
EK202310214984,136.1
EK202310191267,139.56666666666666
EK202320005702,146.3
EK202310112412,138.96666666666667
EK202310246169,165.43333333333334
EK202310173215,147.73333333333332
EK202310233468,136.16666666666666
EK202310197783,180.93333333333334
EK202310151122,134.96666666666667
EK202310248270,140.0
EK202310238332,139.96666666666667
EK202310194686,140.73333333333332
EK202310205802,138.26666666666668
EK202310205367,155.9
EK202310119704,141.03333333333333
EK202310149724,155.43333333333334
EK202320007846,160.2
EK202310108803,147.03333333333333
EK202310004799,139.6
EK202310198015,153.96666666666667
EK202310179913,137.0
EK202310180275,133.96666666666667
EK202310201100,165.86666666666667
EK202310203139,155.3
EK202310175999,151.0
EK202310205556,156.93333333333334
EK202310215029,163.26666666666668
EK202310246170,155.3
EK202310169135,144.66666666666666
EK202310132991,130.16666666666666
EK202310122441,150.23333333333332
EK202310004600,144.23333333333332
EK202310158154,152.23333333333332
EK202320006789,142.43333333333334
EK202310235205,145.76666666666668
EK202310241817,165.3
EK202310108496,154.86666666666667
EK202310159875,134.63333333333333
EK202310214914,145.3
EK202310145239,149.6
EK202310133595,147.73333333333332
EK202310144564,122.96666666666667
EK202310003645,154.53333333333333
EK202310152554,132.76666666666668
EK202310234203,128.33333333333334
EK202310119736,140.5
EK202310111683,135.2
EK202310171365,150.7
EK202310145469,140.5
EK202310104013,146.8
EK202310162563,165.7
EK202310234855,136.93333333333334
EK202310165574,169.5
EK202310128252,122.36666666666666
EK202310230398,142.13333333333333
EK202310197359,164.1
EK202310184700,172.8
EK202310139238,141.5
EK202310189435,182.3
EK202310229589,130.7
EK202310238308,133.33333333333334
EK202310119072,149.7
EK202310106928,137.06666666666666
EK202310248344,142.3
EK202310171179,158.7
EK202310247349,142.9
EK202310246070,140.23333333333332
EK202310003686,136.83333333333334
EK202310113178,138.2
EK202310228096,149.4
EK202310186013,132.13333333333333
EK202310106951,154.66666666666666
EK202310177362,175.1
EK202310158884,131.83333333333334
EK202310138608,149.06666666666666
EK202310143128,145.0
EK202310247561,147.93333333333334
EK202310204978,136.13333333333333
EK202310105695,138.13333333333333
EK202310108077,134.83333333333334
EK202310222072,130.3
EK202310140241,139.83333333333334
EK202310175319,156.2
EK202310122035,145.5
EK202310106538,135.33333333333334
EK202310178197,149.93333333333334
EK202310169222,136.8
EK202310216866,146.66666666666666
EK202310189689,160.26666666666668
EK202310228733,135.33333333333334
EK202310201271,130.2
EK202310119633,129.8
EK202310138720,135.36666666666667
EK202310108018,127.9
EK202310222345,131.96666666666667
EK202310210971,147.56666666666666
EK202310239519,134.5
EK202310111361,139.96666666666667
EK202310115072,142.63333333333333
EK202310152934,165.46666666666667
EK202310201912,150.13333333333333
EK202310213140,143.8
EK202310123466,139.4
EK202310212463,138.66666666666666
EK202310237675,160.43333333333334
EK202310161926,139.06666666666666
EK202310145150,123.33333333333333
EK202310185746,137.83333333333334
EK202310177566,154.13333333333333
EK202310244477,151.6
EK202310206745,150.66666666666666
EK202310174696,146.66666666666666
EK202310218448,142.2
EK202310131105,145.26666666666668
EK202310202457,131.96666666666667
EK202310107914,162.4
EK202310177630,139.26666666666668
EK202310167548,146.73333333333332
EK202310153531,130.7
EK202310119481,144.5
EK202310233113,137.43333333333334
EK202310200729,166.2
EK202310107842,144.56666666666666
EK202310145572,156.03333333333333
EK202310141270,141.16666666666666
EK202310180294,151.93333333333334
EK202310211781,133.43333333333334
EK202310130166,153.33333333333334
EK202310168426,160.56666666666666
EK202310238553,145.3
EK202310216542,151.76666666666668
EK202310188002,146.7
EK202310210328,140.66666666666666
EK202310125237,136.63333333333333
EK202310248501,135.6
EK202310178221,156.13333333333333
EK202310108029,149.7
EK202310111887,133.46666666666667
EK202310185328,149.66666666666666
EK202310104024,152.53333333333333
EK202310136271,133.63333333333333
EK202310204759,176.8
EK202310223434,123.5
EK202310195383,163.23333333333332
EK202310140709,136.9
EK202310195890,162.9
EK202310208311,153.9
EK202310154808,108.73333333333333
EK202310125908,128.13333333333333
EK202310128381,142.4
EK202310126417,137.76666666666668
EK202310155257,149.9
EK202310180115,175.33333333333334
EK202310134943,151.66666666666666
EK202310146571,137.7
EK202310151982,152.63333333333333
EK202310185006,139.13333333333333
EK202310141525,137.83333333333334
EK202310122362,149.46666666666667
EK202310131463,148.13333333333333
EK202310112675,142.46666666666667
EK202310214395,148.76666666666668
EK202310117362,144.3
EK202310195147,153.26666666666668
EK202310221205,142.83333333333334
EK202310108309,140.36666666666667
EK202310117176,160.3
EK202310197367,159.63333333333333
EK202310167645,138.63333333333333
EK202310216871,163.2
EK202310246466,120.96666666666667
EK202310174197,136.86666666666667
EK202310133708,161.2
EK202310214726,149.63333333333333
EK202310235715,136.36666666666667
EK202310144146,132.06666666666666
EK202310232336,133.23333333333332
EK202310126787,135.96666666666667
EK202310147504,147.6
EK202310205381,147.13333333333333
EK202310121997,147.6
EK202310212329,150.56666666666666
EK202310112068,149.66666666666666
EK202310136784,133.9
EK202310120002,130.1
EK202310226231,135.63333333333333
EK202310167029,157.7
EK202310232991,155.76666666666668
EK202310141646,157.6
EK202310217163,138.3
EK202310147198,150.53333333333333
EK202310228365,129.96666666666667
EK202310194716,145.46666666666667
EK202310199844,140.16666666666666
EK202310168777,134.63333333333333
EK202310192183,136.0
EK202310109241,162.23333333333332
EK202310222596,143.3
EK202310126978,136.76666666666668
EK202310152604,127.73333333333333
EK202310122324,125.93333333333334
EK202310112196,137.6
EK202310145565,163.86666666666667
EK202310207537,140.96666666666667
EK202310198691,168.63333333333333
EK202310193152,181.26666666666668
EK202310131752,145.3
EK202310201904,160.3
EK202310244465,143.2
EK202310233714,144.73333333333332
EK202310153449,135.43333333333334
EK202310217520,127.4
EK202310113415,145.26666666666668
EK202310172532,146.93333333333334
EK202310211969,141.76666666666668
EK202310199232,149.96666666666667
EK202310218608,126.26666666666667
EK202310122448,135.26666666666668
EK202310184841,138.63333333333333
EK202310130240,153.0
EK202310210575,136.2
EK202310175143,133.26666666666668
EK202310121434,146.06666666666666
EK202310172273,142.76666666666668
EK202310175483,145.7
EK202310197679,143.26666666666668
EK202310155037,143.2
EK202310171911,153.86666666666667
EK202310191161,132.43333333333334
EK202310244157,150.8
EK202310189824,145.73333333333332
EK202310149560,148.83333333333334
EK202310179284,128.8
EK202310203064,148.0
EK202310185974,131.96666666666667
EK202310225562,160.93333333333334
EK202310153740,132.53333333333333
EK202310225206,145.7
EK202310193780,134.23333333333332
EK202310198553,133.1
EK202310174477,159.66666666666666
EK202310200421,139.13333333333333
EK202310119138,153.4
EK202320005816,143.33333333333334
EK202310175740,140.8
EK202310116505,133.96666666666667
EK202310198911,131.46666666666667
EK202310127697,139.73333333333332
EK202310212650,156.36666666666667
EK202310150100,121.96666666666667
EK202310167937,164.5
EK202310221941,136.33333333333334
EK202310117495,124.5
EK202310143529,153.56666666666666
EK202310166968,119.23333333333333
EK202310129968,126.26666666666667
EK202310194131,150.93333333333334
EK202310186960,133.93333333333334
EK202310128028,139.66666666666666
EK202310105027,149.33333333333334
EK202310222774,137.3
EK202310244918,134.4
EK202310210086,165.83333333333334
EK202310179813,130.96666666666667
EK202310187059,152.8
EK202310195516,140.2
EK202310132170,129.36666666666667
EK202310183880,151.7
EK202310248278,133.2
EK202310221792,133.5
EK202310166778,128.56666666666666
EK202310148365,141.66666666666666
EK202310205442,119.8
EK202310201815,165.53333333333333
EK202310201915,158.53333333333333
EK202310183293,171.23333333333332
EK202310104337,140.4
EK202310120714,144.1
EK202310132745,149.46666666666667
EK202310241556,136.1
EK202310145559,161.9
EK202310140527,136.03333333333333
EK202310105180,139.83333333333334
EK202310115505,154.73333333333332
EK202310232969,161.5
EK202310168606,135.96666666666667
EK202310117990,131.3
EK202310143898,141.46666666666667
EK202310111999,139.76666666666668
EK202310133045,142.13333333333333
EK202310142041,139.73333333333332
EK202310216099,140.7
EK202310138895,136.36666666666667
EK202310147820,152.3
EK202310113918,142.7
EK202310226640,135.4
EK202310169991,156.93333333333334
EK202310195941,153.76666666666668
EK202310213195,136.1
EK202310161969,161.26666666666668
EK202310208345,151.76666666666668
EK202310180754,147.73333333333332
EK202310110267,140.96666666666667
EK202310194583,171.83333333333334
EK202320007655,143.83333333333334
EK202310142157,135.73333333333332
EK202310112664,138.06666666666666
EK202310136957,179.33333333333334
EK202310215766,125.83333333333333
EK202310167175,137.26666666666668
EK202310004831,139.06666666666666
EK202310159889,158.83333333333334
EK202310125472,138.9
EK202310166020,139.26666666666668
EK202310240418,143.36666666666667
EK202310156003,142.4
EK202310188199,134.03333333333333
EK202310213973,159.66666666666666
EK202310233649,136.96666666666667
EK202310124811,137.3
EK202310216543,137.83333333333334
EK202310121207,133.8
EK202310132104,139.76666666666668
EK202310138805,136.86666666666667
EK202310234030,141.63333333333333
EK202310172808,137.73333333333332
EK202310122536,139.0
EK202310189381,135.13333333333333
EK202310242706,144.36666666666667
EK202310239058,135.96666666666667
EK202310192990,138.2
EK202310202471,173.2
EK202310222312,162.33333333333334
EK202310202945,144.8
EK202310199092,146.0
EK202310128375,136.1
EK202310107473,143.96666666666667
EK202310170279,149.43333333333334
EK202310149133,141.6
EK202310199648,173.9
EK202320006719,154.16666666666666
EK202310234669,142.7
EK202310149973,172.53333333333333
EK202310154407,137.33333333333334
EK202310192562,152.16666666666666
EK202310158354,139.4
EK202310202377,127.26666666666667
EK202310225193,143.96666666666667
EK202310117896,139.33333333333334
EK202310122973,134.96666666666667
EK202310163485,148.36666666666667
EK202310146561,139.33333333333334
EK202310248571,134.0
EK202310145328,165.1
EK202310229897,151.06666666666666
EK202310225899,136.1
EK202310154673,151.2
EK202310242080,143.63333333333333
EK202310234618,144.03333333333333
EK202310229514,119.6
EK202310199205,136.2
EK202310189908,159.8
EK202310227654,136.23333333333332
EK202310108175,128.13333333333333
EK202310165456,127.33333333333333
EK202310204739,149.7
EK202310124368,126.6
EK202310221567,137.33333333333334
EK202310111364,144.56666666666666
EK202310166449,148.3
EK202310104016,137.8
EK202310109663,140.5
EK202310233976,146.13333333333333
EK202310116602,170.36666666666667
EK202310206707,170.96666666666667
EK202310125360,137.93333333333334
EK202310141090,159.13333333333333
EK202310187733,149.16666666666666
EK202310146874,133.6
EK202310199999,136.66666666666666
EK202310133984,162.1
EK202310239052,155.43333333333334
EK202310116872,135.76666666666668
EK202310170227,159.66666666666666
EK202320007825,147.66666666666666
EK202310247712,144.2
EK202310133557,145.96666666666667
EK202310122565,143.33333333333334
EK202310164010,143.33333333333334
EK202310176533,155.46666666666667
EK202310222265,132.86666666666667
EK202310164867,162.56666666666666
EK202310163156,142.5
EK202310183272,176.2
EK202310127914,135.03333333333333
EK202310245446,127.53333333333333
EK202310207443,160.3
EK202310197727,171.3
EK202310172576,139.7
EK202310004885,126.33333333333333
EK202310233895,143.0
EK202310210570,144.56666666666666
EK202310199572,142.33333333333334
EK202310168376,163.2
EK202310196031,134.8
EK202310208454,145.43333333333334
EK202310218454,144.9
EK202310194926,132.03333333333333
EK202310150716,168.1
EK202310169424,152.43333333333334
EK202310141489,156.8
EK202310198731,179.13333333333333
EK202310224708,144.9
EK202310220317,149.7
EK202310158723,186.93333333333334
EK202310226439,146.2
EK202310155952,138.3
EK202310235925,149.83333333333334
EK202310149483,149.56666666666666
EK202310182940,149.5
EK202310233127,181.8
EK202310198223,160.93333333333334
EK202310206595,130.5
EK202310162953,147.33333333333334
EK202310124622,149.06666666666666
EK202310199000,144.56666666666666
EK202310225515,141.46666666666667
EK202310200414,152.53333333333333
EK202310163151,144.43333333333334
EK202310147583,148.3
EK202310175959,149.46666666666667
EK202310156571,161.93333333333334
EK202310159464,145.96666666666667
EK202310133803,148.23333333333332
EK202310143242,166.2
EK202320007862,141.53333333333333
EK202310137674,122.16666666666667
EK202310158748,147.56666666666666
EK202310134807,139.23333333333332
EK202310232180,133.86666666666667
EK202310115545,154.16666666666666
EK202310106800,135.2
EK202310164487,145.36666666666667
EK202310189669,179.36666666666667
EK202310183633,145.03333333333333
EK202310160528,146.06666666666666
EK202310157424,146.0
EK202310175169,131.96666666666667
EK202310230775,148.7
EK202310176300,153.8
EK202310154141,135.06666666666666
EK202310121636,139.63333333333333
EK202310117991,134.3
EK202310114748,131.63333333333333
EK202310182305,158.73333333333332
EK202310183422,167.16666666666666
EK202310196576,167.86666666666667
EK202310212365,134.3
EK202310157851,133.46666666666667
EK202310143833,139.96666666666667
EK202310162493,147.43333333333334
EK202310200657,149.46666666666667
EK202310164870,136.53333333333333
EK202310139418,149.86666666666667
EK202310114290,146.0
EK202310206834,141.43333333333334
EK202310235641,149.96666666666667
EK202310179682,142.66666666666666
EK202310209582,143.23333333333332
EK202310225738,134.3
EK202310108381,135.0
EK202310125569,135.7
EK202310218417,132.43333333333334
EK202310228389,169.16666666666666
EK202310145963,143.76666666666668
EK202310109134,139.4
EK202310177470,142.4
EK202310162374,154.4
EK202310195949,131.26666666666668
EK202310122797,154.66666666666666
EK202310140758,137.8
EK202310232602,137.56666666666666
EK202310200151,133.86666666666667
EK202310166863,141.93333333333334
EK202310237243,132.7
EK202310120027,154.66666666666666
EK202310132524,151.06666666666666
EK202310204016,149.4
EK202310189020,131.46666666666667
EK202310202009,128.56666666666666
EK202310139108,156.63333333333333
EK202310181804,146.5
EK202310205040,136.16666666666666
EK202310141451,136.66666666666666
EK202310164866,168.96666666666667
EK202310245490,137.46666666666667
EK202310181489,124.4
EK202310147345,138.83333333333334
EK202310148300,133.16666666666666
EK202320006124,166.1
EK202310196622,140.46666666666667
EK202310182658,155.06666666666666
EK202310227451,155.56666666666666
EK202310209633,136.63333333333333
EK202310180045,137.96666666666667
EK202310240543,108.9
EK202310115142,135.83333333333334
EK202310247768,139.86666666666667
EK202320005662,142.5
EK202310182225,175.86666666666667
EK202310187393,139.53333333333333
EK202310111676,150.43333333333334
EK202310234672,143.06666666666666
EK202310217174,145.76666666666668
EK202310169712,155.83333333333334
EK202310141144,137.76666666666668
EK202310204110,139.43333333333334
EK202310217308,136.43333333333334
EK202310117170,144.7
EK202310129087,155.53333333333333
EK202310221591,140.96666666666667
EK202310209271,138.63333333333333
EK202310219363,142.6
EK202310004090,148.4
EK202310211544,134.46666666666667
EK202310224956,157.66666666666666
EK202310141398,139.13333333333333
EK202310148915,149.83333333333334
EK202310170219,140.1
EK202310191982,151.4
EK202310223575,134.2
EK202310104511,133.53333333333333
EK202310152387,149.23333333333332
EK202310218082,156.76666666666668
EK202310217177,145.06666666666666
EK202310248357,133.63333333333333
EK202310129896,150.93333333333334
EK202310152480,133.73333333333332
EK202310239767,133.43333333333334
EK202310160883,150.03333333333333
EK202310140193,149.96666666666667
EK202310207625,145.63333333333333
EK202310165482,135.2
EK202310158005,137.46666666666667
EK202310185420,131.86666666666667
EK202310187990,148.63333333333333
EK202310138441,145.93333333333334
EK202310147390,144.93333333333334
EK202310158825,134.8
EK202310183745,164.9
EK202310148680,137.56666666666666
EK202310129708,154.2
EK202310190440,137.56666666666666
EK202310157144,182.26666666666668
EK202310113257,127.6
EK202310141541,148.56666666666666
EK202310190438,139.96666666666667
EK202310243356,137.5
EK202310183196,160.73333333333332
EK202310196369,145.2
EK202310144897,142.0
EK202310144635,151.6
EK202310237276,131.33333333333334
EK202310196220,146.46666666666667
EK202310202228,132.96666666666667
EK202310123488,130.96666666666667
EK202310105805,162.06666666666666
EK202310142565,146.5
EK202310218967,133.56666666666666
EK202310120796,132.76666666666668
EK202310231531,136.1
EK202310199801,125.36666666666666
EK202310134790,138.1
EK202310203666,148.5
EK202310226666,139.63333333333333
EK202310232447,131.23333333333332
EK202310135897,144.33333333333334
EK202310168701,137.8
EK202310237343,143.1
EK202310154466,159.16666666666666
EK202310136457,132.76666666666668
EK202310121974,145.1
EK202310134631,144.96666666666667
EK202310213018,143.23333333333332
EK202310194001,138.1
EK202310136650,156.1
EK202310111505,136.1
EK202310209080,154.1
EK202310152444,141.63333333333333
EK202310121350,129.6
EK202310240365,146.5
EK202310159007,181.33333333333334
EK202310127159,144.16666666666666
EK202310226609,134.73333333333332
EK202310161102,175.06666666666666
EK202310103730,135.56666666666666
EK202310111243,134.9
EK202310156130,142.96666666666667
EK202310178873,130.2
EK202310176169,148.16666666666666
EK202320005724,151.76666666666668
EK202310150195,159.8
EK202320005792,151.73333333333332
EK202310117762,129.83333333333334
EK202310234499,126.3
EK202310176172,163.43333333333334
EK202320007254,135.06666666666666
EK202310128419,157.8
EK202310117754,153.93333333333334
EK202310222410,157.3
EK202310132750,133.06666666666666
EK202310195145,143.4
EK202310221266,130.4
EK202310156961,145.53333333333333
EK202310105175,151.66666666666666
EK202310167584,153.06666666666666
EK202310119050,144.73333333333332
EK202310127062,135.36666666666667
EK202310192052,134.23333333333332
EK202310118002,141.53333333333333
EK202310108997,144.7
EK202310160289,133.56666666666666
EK202310245922,134.66666666666666
EK202310116464,133.83333333333334
EK202310192195,142.06666666666666
EK202310237707,138.63333333333333
EK202310145422,135.43333333333334
EK202310245683,150.6
EK202310121291,125.86666666666666
EK202310209309,156.56666666666666
EK202310104450,152.6
EK202310123660,130.96666666666667
EK202310186410,128.3
EK202310151555,175.7
EK202310104952,141.6
EK202310115719,127.63333333333334
EK202310181542,140.86666666666667
EK202310150013,155.53333333333333
EK202310205849,147.53333333333333
EK202310196534,148.7
EK202310131464,135.3
EK202310210210,132.13333333333333
EK202310104249,140.56666666666666
EK202310207772,136.8
EK202310134829,138.5
EK202310179456,137.03333333333333
EK202310113484,133.13333333333333
EK202310182484,145.5
EK202310120445,160.46666666666667
EK202310213478,131.93333333333334
EK202310130129,152.93333333333334
EK202310197510,151.83333333333334
EK202310192959,145.4
EK202310203760,131.26666666666668
EK202310240021,153.86666666666667
EK202310160111,162.73333333333332
EK202310202544,147.6
EK202310195908,150.4
EK202310220917,136.1
EK202310146833,132.63333333333333
EK202310108791,136.16666666666666
EK202310225259,150.16666666666666
EK202310197958,165.06666666666666
EK202310157062,153.93333333333334
EK202310214170,142.0
EK202310243954,159.43333333333334
EK202310110033,146.13333333333333
EK202310144804,123.63333333333334
EK202310114117,151.03333333333333
EK202310165416,148.66666666666666
EK202310228479,142.53333333333333
EK202310188134,158.56666666666666
EK202320006372,140.36666666666667
EK202310111226,153.4
EK202310118404,138.93333333333334
EK202310160695,156.73333333333332
EK202310114408,156.6
EK202310182288,133.36666666666667
EK202310213633,132.53333333333333
EK202310229313,127.66666666666667
EK202310118665,135.76666666666668
EK202310233785,153.96666666666667
EK202310143238,144.36666666666667
EK202310128242,129.26666666666668
EK202310208336,146.9
EK202310216912,143.83333333333334
EK202310227300,143.63333333333333
EK202310196434,138.1
EK202310241940,145.96666666666667
EK202310140334,136.93333333333334
EK202310122524,141.5
EK202310211571,126.33333333333333
EK202310202080,130.33333333333334
EK202310155180,161.66666666666666
EK202310209752,140.2
EK202310003753,164.8
EK202310194332,138.86666666666667
EK202320005885,156.06666666666666
EK202310135026,170.9
EK202310225630,150.9
EK202310129248,142.56666666666666
EK202310118004,138.6
EK202310126344,142.5
EK202310125666,142.63333333333333
EK202310169951,140.13333333333333
EK202310159424,147.96666666666667
EK202310195617,157.8
EK202310240165,137.8
EK202310109583,154.16666666666666
EK202310127484,142.66666666666666
EK202310115422,133.16666666666666
EK202310189217,142.13333333333333
EK202310164467,129.0
EK202310160239,149.86666666666667
EK202310205148,151.2
EK202310177198,140.5
EK202310248326,134.0
EK202320007611,153.73333333333332
EK202310216806,140.86666666666667
EK202310236444,140.03333333333333
EK202310202895,154.3
EK202310189069,140.33333333333334
EK202310164095,164.56666666666666
EK202310177139,145.93333333333334
EK202310150069,141.96666666666667
EK202310217651,136.2
EK202310104531,133.86666666666667
EK202310175593,141.43333333333334
EK202310128801,125.96666666666667
EK202310226079,163.16666666666666
EK202310195896,156.16666666666666
EK202310248307,141.3
EK202310213215,140.13333333333333
EK202310126761,140.7
EK202310138077,138.23333333333332
EK202310219983,139.96666666666667
EK202310155585,136.06666666666666
EK202310224738,153.86666666666667
EK202310121398,135.93333333333334
EK202310144202,131.06666666666666
EK202310171260,148.86666666666667
EK202310224405,130.86666666666667
EK202310168192,139.53333333333333
EK202310147878,149.13333333333333
EK202310190896,141.86666666666667
EK202310114382,160.43333333333334
EK202310115319,146.66666666666666
EK202310212295,137.5
EK202310145014,138.83333333333334
EK202310153112,152.13333333333333
EK202310181859,138.86666666666667
EK202310201638,147.6
EK202310217948,135.26666666666668
EK202310126418,131.66666666666666
EK202310147842,143.83333333333334
EK202310213180,136.26666666666668
EK202310149555,162.5
EK202310162559,161.9
EK202310181969,140.5
EK202310239453,141.43333333333334
EK202310185897,152.3
EK202320007785,128.9
EK202310181407,155.76666666666668
EK202310223290,146.7
EK202310197319,152.3
EK202310128098,143.8
EK202310131498,147.06666666666666
EK202310104275,143.63333333333333
EK202310152898,159.33333333333334
EK202310207617,150.76666666666668
EK202310165239,131.3
EK202310161435,135.83333333333334
EK202310242971,144.06666666666666
EK202310111598,145.63333333333333
EK202310131958,135.93333333333334
EK202310186311,147.86666666666667
EK202310157046,139.23333333333332
EK202310115828,139.73333333333332
EK202320005888,158.26666666666668
EK202310116165,150.03333333333333
EK202310127616,143.16666666666666
EK202310190516,145.03333333333333
EK202310181145,124.93333333333334
EK202310112674,133.26666666666668
EK202310108818,161.2
EK202310137418,143.7
EK202310234306,137.93333333333334
EK202310147271,145.2
EK202310228137,131.76666666666668
EK202310208396,141.63333333333333
EK202310129360,149.13333333333333
EK202310104685,144.9
EK202310240248,155.36666666666667
EK202310111851,122.0
EK202310110232,138.8
EK202310149631,144.83333333333334
EK202310111987,131.76666666666668
EK202310149812,141.33333333333334
EK202310125394,140.33333333333334
EK202310201038,137.43333333333334
EK202310196950,155.9
EK202310130689,137.23333333333332
EK202310162831,161.03333333333333
EK202310191124,136.03333333333333
EK202310137249,132.73333333333332
EK202310221302,136.1
EK202310119496,136.93333333333334
EK202310123089,141.23333333333332
EK202310201023,130.76666666666668
EK202310200056,137.9
EK202310124074,131.9
EK202310187451,170.23333333333332
EK202310178204,153.63333333333333
EK202310176034,154.96666666666667
EK202310105275,154.1
EK202310217600,176.53333333333333
EK202310145365,132.3
EK202310179864,126.83333333333333
EK202310146164,137.43333333333334
EK202310148409,155.93333333333334
EK202310160145,154.16666666666666
EK202310211569,138.06666666666666
EK202310191535,144.9
EK202310212337,152.86666666666667
EK202310186617,144.26666666666668
EK202310200499,147.6
EK202310190255,141.53333333333333
EK202310161517,149.5
EK202310167751,130.6
EK202310230575,134.4
EK202310160889,136.0
EK202310236418,139.9
EK202310176273,136.26666666666668
EK202310104700,139.6
EK202310107420,157.03333333333333
EK202310169267,151.83333333333334
EK202310187330,162.1
EK202310140279,138.7
EK202310201773,145.5
EK202310168395,158.1
EK202310166412,137.26666666666668
EK202310175402,138.63333333333333
EK202310128581,140.53333333333333
EK202310232461,137.0
EK202310138340,146.26666666666668
EK202310175300,145.96666666666667
EK202310125041,139.36666666666667
EK202310177394,169.7
EK202310163068,146.4
EK202310128960,153.2
EK202310213859,133.43333333333334
EK202310153664,142.46666666666667
EK202310168885,149.46666666666667
EK202310211096,140.86666666666667
EK202310233212,131.6
EK202310204970,157.5
EK202310246566,146.56666666666666
EK202310181736,177.83333333333334
EK202310235583,155.03333333333333
EK202310235586,129.7
EK202310229567,133.6
EK202310237891,154.16666666666666
EK202310156320,155.76666666666668
EK202310200700,148.83333333333334
EK202310157317,139.26666666666668
EK202310165659,130.2
EK202310230462,151.86666666666667
EK202310107771,132.43333333333334
EK202310199945,130.43333333333334
EK202310239536,143.4
EK202310108719,136.36666666666667
EK202310193930,141.56666666666666
EK202310153705,153.23333333333332
EK202310230423,139.16666666666666
EK202310142088,129.7
EK202310240261,138.76666666666668
EK202310234834,133.93333333333334
EK202310175123,121.86666666666666
EK202310223459,141.8
EK202310113022,145.13333333333333
EK202310139384,139.83333333333334
EK202310127365,141.9
EK202310175890,126.3
EK202310210471,130.6
EK202310124749,121.66666666666667
EK202310107106,141.76666666666668
EK202310199447,141.93333333333334
EK202310214057,152.76666666666668
EK202310158006,173.23333333333332
EK202310183095,165.5
EK202310122989,171.9
EK202310004181,126.66666666666667
EK202310221000,163.9
EK202310216704,135.76666666666668
EK202310218492,134.26666666666668
EK202310175061,149.8
EK202310144712,132.66666666666666
EK202310230385,135.8
EK202310154951,143.4
EK202310158887,154.16666666666666
EK202310132252,131.66666666666666
EK202310160262,176.3
EK202310153966,125.53333333333333
EK202310190560,139.36666666666667
EK202310124555,146.16666666666666
EK202310114555,158.5
EK202310190493,155.8
EK202310161137,160.4
EK202310224942,148.9
EK202310230466,165.16666666666666
EK202310216178,140.56666666666666
EK202310205948,133.83333333333334
EK202320006948,160.56666666666666
EK202310224873,132.86666666666667
EK202310231707,140.3
EK202310198816,150.2
EK202310239894,133.6
EK202310212434,132.03333333333333
EK202310242399,140.9
EK202310126630,150.9
EK202310212116,135.03333333333333
EK202310116735,148.96666666666667
EK202310142424,149.16666666666666
EK202310126653,135.5
EK202310130536,134.26666666666668
EK202320007559,164.3
EK202310244114,130.4
EK202310194656,138.5
EK202310228023,138.76666666666668
EK202310184412,144.66666666666666
EK202310138297,156.16666666666666
EK202310233553,142.46666666666667
EK202310222650,133.9
EK202310148133,150.3
EK202310124138,143.1
EK202310210134,129.3
EK202310203676,144.2
EK202310120898,149.83333333333334
EK202310167341,142.26666666666668
EK202310180216,146.2
EK202310246916,145.8
EK202310157656,142.36666666666667
EK202310205414,134.4
EK202310152717,165.83333333333334
EK202310106791,153.93333333333334
EK202310105725,137.2
EK202310104432,133.93333333333334
EK202310194299,140.73333333333332
EK202310153184,154.2
EK202310240659,148.23333333333332
EK202310219840,140.66666666666666
EK202310153949,142.36666666666667
EK202310132803,146.7
EK202310146592,138.76666666666668
EK202310172131,155.83333333333334
EK202310121613,141.83333333333334
EK202310167818,153.13333333333333
EK202310200796,149.26666666666668
EK202310116481,129.83333333333334
EK202310114639,143.33333333333334
EK202310212375,137.53333333333333
EK202310235321,142.6
EK202310222322,133.56666666666666
EK202310110700,128.76666666666668
EK202310189946,162.3
EK202310162874,145.33333333333334
EK202310130785,133.6
EK202310242378,140.1
EK202310241513,139.83333333333334
EK202310160539,142.26666666666668
EK202310222342,129.53333333333333
EK202310138062,136.36666666666667
EK202310231769,144.8
EK202310158224,144.13333333333333
EK202310224139,152.7
EK202310216169,134.26666666666668
EK202310139185,127.9
EK202310110485,138.13333333333333
EK202310239046,133.66666666666666
EK202310138942,142.3
EK202310169633,139.46666666666667
EK202310109575,149.33333333333334
EK202310200090,151.9
EK202310163491,143.66666666666666
EK202310148729,139.9
EK202310140411,152.9
EK202310243532,140.76666666666668
EK202310125468,141.16666666666666
EK202310221117,145.33333333333334
EK202310232056,144.0
EK202310210091,160.9
EK202320006396,130.93333333333334
EK202310142016,124.7
EK202310235002,140.3
EK202310183074,122.5
EK202310182233,158.86666666666667
EK202310225556,153.23333333333332
EK202310179915,128.86666666666667
EK202310173349,151.13333333333333
EK202310212842,150.93333333333334
EK202310197784,180.46666666666667
EK202310138785,147.06666666666666
EK202310144444,135.76666666666668
EK202310181562,144.13333333333333
EK202310248524,152.93333333333334
EK202310216425,141.8
EK202310229912,130.63333333333333
EK202310139002,140.93333333333334
EK202310120982,124.8
EK202310221837,124.6
EK202310119947,162.73333333333332
EK202310149071,157.73333333333332
EK202310185898,152.3
EK202310117197,160.63333333333333
EK202310142908,150.83333333333334
EK202310185756,152.2
EK202310238913,157.6
EK202310204574,160.26666666666668
EK202310113564,161.76666666666668
EK202310118542,138.5
EK202310167688,138.93333333333334
EK202310212185,137.6
EK202310117088,157.86666666666667
EK202310229808,167.06666666666666
EK202310207582,140.0
EK202310154912,136.03333333333333
EK202310181168,154.16666666666666
EK202310149374,157.16666666666666
EK202310104396,151.7
EK202310109994,137.96666666666667
EK202310170860,138.33333333333334
EK202310115815,140.56666666666666
EK202310214779,141.56666666666666
EK202310109121,148.23333333333332
EK202310134158,129.63333333333333
EK202310167627,138.76666666666668
EK202310225236,139.96666666666667
EK202310181807,136.16666666666666
EK202310247389,143.0
EK202310235579,140.76666666666668
EK202310173291,151.06666666666666
EK202310192355,131.83333333333334
EK202310142541,143.06666666666666
EK202310150510,130.96666666666667
EK202310223761,131.33333333333334
EK202310175574,137.83333333333334
EK202310238511,145.53333333333333
EK202310157509,158.8
EK202310181989,140.9
EK202310003618,139.46666666666667
EK202310179471,134.46666666666667
EK202310230763,146.66666666666666
EK202310204971,155.6
EK202310233557,134.13333333333333
EK202310145292,161.23333333333332
EK202320005880,150.93333333333334
EK202310245241,148.03333333333333
EK202310212493,135.0
EK202310193001,133.23333333333332
EK202310199238,134.7
EK202310160941,154.16666666666666
EK202310155028,129.76666666666668
EK202310130868,145.63333333333333
EK202310200440,139.33333333333334
EK202310182060,139.5
EK202310111816,142.06666666666666
EK202310146969,139.06666666666666
EK202310158404,139.4
EK202310110705,144.33333333333334
EK202310186759,142.83333333333334
EK202310157536,148.0
EK202310140019,139.56666666666666
EK202310179351,134.53333333333333
EK202310183791,137.23333333333332
EK202310206480,178.2
EK202310133811,146.0
EK202310217540,148.43333333333334
EK202310132032,147.1
EK202310139504,169.53333333333333
EK202310161554,151.23333333333332
EK202310127921,140.7
EK202310140328,132.83333333333334
EK202310179259,143.13333333333333
EK202310110275,133.56666666666666
EK202310148522,138.7
EK202310245827,126.26666666666667
EK202310104601,151.33333333333334
EK202310158718,132.73333333333332
EK202310148204,134.4
EK202310152034,144.96666666666667
EK202310205880,152.06666666666666
EK202310150725,139.66666666666666
EK202310154400,156.5
EK202310120186,171.76666666666668
EK202310192712,144.93333333333334
EK202310165189,142.53333333333333
EK202310152937,171.66666666666666
EK202310234101,134.5
EK202310191564,146.23333333333332
EK202310174430,138.36666666666667
EK202310208622,146.4
EK202310233831,136.43333333333334
EK202310136566,140.83333333333334
EK202310146005,130.7
EK202310221494,138.93333333333334
EK202310239849,128.16666666666666
EK202310176728,155.96666666666667
EK202310106909,143.0
EK202310208429,136.56666666666666
EK202310174444,144.2
EK202310242098,154.56666666666666
EK202310175190,130.86666666666667
EK202310177312,150.7
EK202310229607,134.43333333333334
EK202310121574,151.83333333333334
EK202310187339,140.33333333333334
EK202310227049,156.8
EK202310135213,128.4
EK202310128318,137.46666666666667
EK202310108701,149.0
EK202310114284,151.33333333333334
EK202310108473,155.86666666666667
EK202310160235,155.06666666666666
EK202310120842,138.5
EK202310142363,123.4
EK202310163562,150.43333333333334
EK202310192991,134.96666666666667
EK202310203468,143.96666666666667
EK202310188577,157.36666666666667
EK202310240344,133.7
EK202310113690,161.3
EK202310213117,141.86666666666667
EK202310222749,139.93333333333334
EK202310004635,130.23333333333332
EK202310141613,142.3
EK202310108032,138.1
EK202310233880,141.73333333333332
EK202310205163,141.6
EK202310104692,132.66666666666666
EK202310237071,128.13333333333333
EK202310111732,141.13333333333333
EK202310137404,128.86666666666667
EK202310146556,140.7
EK202310111180,179.33333333333334
EK202310190526,141.6
EK202310119701,141.53333333333333
EK202310182123,142.1
EK202310187615,173.46666666666667
EK202310201487,135.66666666666666
EK202310144094,117.3
EK202310116261,140.5
EK202310142783,131.33333333333334
EK202310192602,152.53333333333333
EK202310167866,145.1
EK202310145551,168.43333333333334
EK202310117731,144.1
EK202310125526,138.16666666666666
EK202310128615,126.93333333333334
EK202310180563,135.6
EK202310139532,126.56666666666666
EK202310224142,135.3
EK202310233781,156.86666666666667
EK202310157368,151.93333333333334
EK202310203603,141.9
EK202310180362,169.6
EK202310198397,135.0
EK202310124770,130.7
EK202310223755,127.03333333333333
EK202310106275,127.13333333333334
EK202310205161,133.63333333333333
EK202310139936,136.03333333333333
EK202310205611,169.43333333333334
EK202310134137,128.83333333333334
EK202310127542,148.93333333333334
EK202310193128,147.4
EK202310237157,139.43333333333334
EK202310107674,137.7
EK202310149217,155.43333333333334
EK202310129309,160.36666666666667
EK202310156886,131.3
EK202310117116,150.63333333333333
EK202310225911,131.56666666666666
EK202310145676,149.36666666666667
EK202310166738,165.46666666666667
EK202310158541,142.1
EK202310106511,150.63333333333333
EK202310131343,126.23333333333333
EK202310245992,139.36666666666667
EK202310140003,142.66666666666666
EK202310174342,137.76666666666668
EK202310208385,141.93333333333334
EK202310216439,141.83333333333334
EK202310211004,154.56666666666666
EK202310106760,141.96666666666667
EK202310176087,133.46666666666667
EK202310106317,134.23333333333332
EK202310215460,127.1
EK202310201661,141.66666666666666
EK202310166937,162.1
EK202310200307,149.43333333333334
EK202310181766,161.0
EK202310214069,151.7
EK202310200177,135.43333333333334
EK202310123321,153.76666666666668
EK202310151256,155.26666666666668
EK202310171945,152.16666666666666
EK202310136311,139.06666666666666
EK202310150029,150.8
EK202310212078,130.03333333333333
EK202310210902,135.66666666666666
EK202310210594,140.56666666666666
EK202310127288,139.43333333333334
EK202310126517,129.4
EK202310161234,160.46666666666667
EK202310220266,130.66666666666666
EK202310142494,167.86666666666667
EK202310217357,140.16666666666666
EK202310132692,145.13333333333333
EK202310227115,148.3
EK202310141700,147.23333333333332
EK202310115959,142.46666666666667
EK202310230099,137.43333333333334
EK202310211438,148.53333333333333
EK202310219042,132.3
EK202310177531,159.23333333333332
EK202310233521,161.93333333333334
EK202310128329,166.83333333333334
EK202310201328,182.96666666666667
EK202310171078,146.76666666666668
EK202310138130,139.66666666666666
EK202310177993,141.36666666666667
EK202310228196,162.53333333333333
EK202310170822,135.0
EK202310184514,130.46666666666667
EK202310208895,141.63333333333333
EK202310204293,162.2
EK202310163755,141.9
EK202310112893,153.53333333333333
EK202310207633,156.93333333333334
EK202310120935,134.86666666666667
EK202310198348,149.3
EK202310216671,137.86666666666667
EK202310203558,148.4
EK202310221470,135.4
EK202310134114,135.76666666666668
EK202310161904,160.5
EK202310121193,140.23333333333332
EK202310112380,132.93333333333334
EK202310123715,155.63333333333333
EK202310182522,136.96666666666667
EK202310165246,155.0
EK202310165109,135.93333333333334
EK202310226207,152.16666666666666
EK202310189166,157.63333333333333
EK202310171824,147.26666666666668
EK202310212508,140.56666666666666
EK202310188289,135.53333333333333
EK202310161253,132.4
EK202310188025,153.66666666666666
EK202310170339,131.73333333333332
EK202310103831,146.66666666666666
EK202310214220,137.8
EK202310149031,153.86666666666667
EK202310147724,158.53333333333333
EK202310142296,142.8
EK202310176974,153.23333333333332
EK202310161334,158.16666666666666
EK202310213866,137.4
EK202310225737,144.06666666666666
EK202310156109,142.83333333333334
EK202310200303,138.23333333333332
EK202310185044,162.96666666666667
EK202320006653,156.03333333333333
EK202310111122,136.33333333333334
EK202310120782,146.33333333333334
EK202310198165,145.26666666666668
EK202310228584,128.16666666666666
EK202310205188,139.9
EK202310121258,155.2
EK202310199633,133.7
EK202310143847,132.26666666666668
EK202310135571,138.06666666666666
EK202310206110,132.43333333333334
EK202310138447,135.0
EK202310192664,146.33333333333334
EK202310187215,172.13333333333333
EK202310151514,181.1
EK202310144726,163.96666666666667
EK202310207249,130.8
EK202310161306,163.56666666666666
EK202310158826,136.13333333333333
EK202310173556,147.63333333333333
EK202310125091,136.56666666666666
EK202310142377,137.06666666666666
EK202310236947,131.8
EK202310208442,149.9
EK202310118298,109.33333333333333
EK202310219483,133.8
EK202310211212,138.83333333333334
EK202310104173,163.73333333333332
EK202310201478,148.8
EK202310158280,155.0
EK202310123070,131.66666666666666
EK202310138063,148.06666666666666
EK202310164203,145.0
EK202310190017,165.7
EK202310169668,134.73333333333332
EK202310113501,147.26666666666668
EK202310235684,131.93333333333334
EK202310137261,130.03333333333333
EK202310162355,164.63333333333333
EK202310217469,147.2
EK202310161201,121.8
EK202310157515,130.0
EK202310145284,163.26666666666668
EK202310227827,139.8
EK202310209456,131.43333333333334
EK202310211698,137.93333333333334
EK202310194731,143.06666666666666
EK202310248330,143.0
EK202310106105,140.26666666666668
EK202310160743,140.46666666666667
EK202310166605,133.76666666666668
EK202310212995,142.36666666666667
EK202310233144,137.7
EK202310230980,137.13333333333333
EK202310226067,142.93333333333334
EK202310120976,124.63333333333334
EK202310128266,129.4
EK202310106331,135.36666666666667
EK202310199325,144.56666666666666
EK202310204088,157.7
EK202310174720,135.5
EK202310240940,140.43333333333334
EK202310109263,141.0
EK202310106322,135.5
EK202310135599,130.83333333333334
EK202310145520,137.73333333333332
EK202320005632,151.4
EK202310199819,152.16666666666666
EK202310172008,146.06666666666666
EK202310199276,133.66666666666666
EK202310106548,139.73333333333332
EK202310217167,142.76666666666668
EK202310176173,162.5
EK202310221378,159.36666666666667
EK202310201211,173.0
EK202320007715,136.0
EK202310182662,129.73333333333332
EK202310177694,144.06666666666666
EK202310156023,134.36666666666667
EK202310111848,124.43333333333334
EK202310129647,169.36666666666667
EK202310170544,157.06666666666666
EK202310242820,138.46666666666667
EK202310194133,172.9
EK202310216029,136.33333333333334
EK202310107349,142.0
EK202310208265,151.6
EK202310229154,137.0
EK202310107089,142.96666666666667
EK202310112252,154.3
EK202310148875,141.3
EK202310119051,149.7
EK202310147588,132.0
EK202310113617,154.73333333333332
EK202310147037,148.46666666666667
EK202310238313,142.63333333333333
EK202310192918,132.96666666666667
EK202310155166,130.6
EK202310177734,149.3
EK202310125003,150.83333333333334
EK202310204102,143.23333333333332
EK202310127233,140.3
EK202310154507,167.23333333333332
EK202310208352,155.6
EK202310123745,155.66666666666666
EK202310147036,152.66666666666666
EK202310110497,106.76666666666667
EK202310246320,157.13333333333333
EK202310138361,152.06666666666666
EK202310167217,144.3
EK202310229839,139.3
EK202310204873,129.23333333333332
EK202310208025,155.8
EK202310139865,166.1
EK202310238834,137.73333333333332
EK202320007032,153.16666666666666
EK202310223956,153.13333333333333
EK202310205152,136.43333333333334
EK202310127859,149.1
EK202310122230,145.26666666666668
EK202310235039,140.8
EK202310172181,146.83333333333334
EK202310152472,135.53333333333333
EK202310163385,141.0
EK202310226473,134.0
EK202310196206,171.33333333333334
EK202310004942,135.4
EK202310141871,145.26666666666668
EK202310215986,133.93333333333334
EK202310211462,148.1
EK202310245537,137.53333333333333
EK202310204491,134.0
EK202310139744,143.73333333333332
EK202310138719,117.1
EK202310128437,144.93333333333334
EK202310138286,146.66666666666666
EK202310148950,143.5
EK202310225042,168.23333333333332
EK202310227372,154.83333333333334
EK202310184056,176.56666666666666
EK202310203882,136.63333333333333
EK202310108510,146.03333333333333
EK202310220594,131.9
EK202310119141,150.06666666666666
EK202310246490,142.7
EK202310143698,158.66666666666666
EK202310126746,133.43333333333334
EK202310233106,147.6
EK202310108410,146.46666666666667
EK202310186336,159.73333333333332
EK202310231142,140.13333333333333
EK202310126076,148.23333333333332
EK202310205622,135.3
EK202310220488,134.56666666666666
EK202310120527,153.43333333333334
EK202310220246,137.7
EK202310161188,140.13333333333333
EK202310155699,140.26666666666668
EK202310189021,143.86666666666667
EK202310236601,134.03333333333333
EK202310164905,137.76666666666668
EK202310128052,142.33333333333334
EK202310126712,166.1
EK202310239805,157.0
EK202310224857,144.76666666666668
EK202310173357,146.16666666666666
EK202310127584,143.33333333333334
EK202310229371,150.23333333333332
EK202310110882,136.56666666666666
EK202310160530,147.93333333333334
EK202310116477,128.03333333333333
EK202310118586,109.33333333333333
EK202310172703,137.0
EK202310136123,162.3
EK202310108114,139.66666666666666
EK202310208296,149.0
EK202310232508,143.93333333333334
EK202310220252,134.73333333333332
EK202310168728,143.46666666666667
EK202310165440,170.36666666666667
EK202310214684,166.96666666666667
EK202310107697,135.36666666666667
EK202310129545,133.13333333333333
EK202310163236,151.73333333333332
EK202310236802,142.83333333333334
EK202310153242,143.36666666666667
EK202310144615,165.26666666666668
EK202310129912,134.3
EK202310197325,145.3
EK202310216540,149.23333333333332
EK202310104778,134.66666666666666
EK202310114062,151.86666666666667
EK202310205213,132.76666666666668
EK202310227892,135.0
EK202310232305,141.83333333333334
EK202310185667,149.16666666666666
EK202310212219,138.16666666666666
EK202310214315,163.16666666666666
EK202310222807,148.26666666666668
EK202310192829,171.23333333333332
EK202310246736,143.63333333333333
EK202310144859,148.9
EK202310167652,134.2
EK202310120246,161.43333333333334
EK202310182888,138.16666666666666
EK202310150758,141.96666666666667
EK202310172256,144.6
EK202310143177,149.6
EK202310197462,140.3
EK202310196459,148.86666666666667
EK202310164019,140.5
EK202310139039,168.1
EK202310134361,175.0
EK202310147025,148.23333333333332
EK202310208999,147.0
EK202310142527,129.96666666666667
EK202310193745,158.0
EK202310167641,147.4
EK202310240938,126.43333333333334
EK202310112017,120.23333333333333
EK202310240024,153.86666666666667
EK202310244708,152.2
EK202310210230,135.66666666666666
EK202310004423,148.9
EK202310221224,140.93333333333334
EK202310157667,136.96666666666667
EK202310215430,142.56666666666666
EK202310182844,141.0
EK202310236293,151.26666666666668
EK202310123092,149.33333333333334
EK202310125798,136.1
EK202310167474,166.46666666666667
EK202310124113,128.26666666666668
EK202310232206,134.66666666666666
EK202310222185,143.9
EK202310149306,153.06666666666666
EK202310167817,152.03333333333333
EK202310212632,138.4
EK202310132358,128.43333333333334
EK202310145151,158.53333333333333
EK202310141011,161.03333333333333
EK202310200018,136.43333333333334
EK202310132356,148.16666666666666
EK202310149165,139.56666666666666
EK202310129607,135.9
EK202310194843,142.83333333333334
EK202310190635,138.6
EK202310207943,145.8
EK202310164644,141.83333333333334
EK202310241540,138.8
EK202310116312,129.26666666666668
EK202310162974,144.06666666666666
EK202310151341,128.3
EK202310158724,130.56666666666666
EK202310247924,141.83333333333334
EK202310119010,136.9
EK202310186778,144.66666666666666
EK202310183764,151.46666666666667
EK202310151317,150.56666666666666
EK202310110771,125.5
EK202310180616,133.4
EK202310162283,144.16666666666666
EK202310228393,132.26666666666668
EK202310003867,136.53333333333333
EK202310162011,156.46666666666667
EK202310192785,150.56666666666666
EK202310205984,163.4
EK202310191301,141.23333333333332
EK202310205696,170.53333333333333
EK202310003384,156.3
EK202310244834,135.46666666666667
EK202310204220,148.76666666666668
EK202310110856,136.1
EK202310134787,135.16666666666666
EK202320007820,138.93333333333334
EK202310179208,128.93333333333334
EK202310223932,155.9
EK202310216781,137.7
EK202310187602,122.2
EK202310179844,159.76666666666668
EK202310163357,147.2
EK202310137800,131.8
EK202310202504,148.06666666666666
EK202310152435,136.66666666666666
EK202310138850,140.93333333333334
EK202310120464,139.26666666666668
EK202310200493,149.86666666666667
EK202310243016,128.9
EK202310168573,140.86666666666667
EK202310163051,143.43333333333334
EK202310188721,178.66666666666666
EK202310187647,139.13333333333333
EK202310194460,143.3
EK202310199853,142.4
EK202310199354,145.56666666666666
EK202310156872,135.6
EK202310183296,148.9
EK202310105927,131.16666666666666
EK202310106682,135.03333333333333
EK202310127329,162.9
EK202310116459,132.16666666666666
EK202310192223,142.73333333333332
EK202310004549,136.33333333333334
EK202310108809,144.56666666666666
EK202310180902,134.0
EK202310104309,137.93333333333334
EK202320005779,183.0
EK202310145003,130.9
EK202310234434,130.9
EK202310228455,141.56666666666666
EK202310196294,167.13333333333333
EK202310214611,149.26666666666668
EK202310128897,149.13333333333333
EK202310140953,149.33333333333334
EK202310153523,125.46666666666667
EK202310107262,128.93333333333334
EK202310177695,146.16666666666666
EK202310133157,137.56666666666666
EK202310243662,121.16666666666667
EK202310155394,144.76666666666668
EK202310126776,136.73333333333332
EK202310241762,144.46666666666667
EK202310141862,131.76666666666668
EK202310151835,141.63333333333333
EK202310128935,147.13333333333333
EK202310114330,147.16666666666666
EK202310166988,135.96666666666667
EK202310201794,129.73333333333332
EK202310181313,138.13333333333333
EK202310186725,139.9
EK202310146475,137.0
EK202310109755,147.46666666666667
EK202310161538,150.9
EK202310186435,133.86666666666667
EK202310193897,147.3
EK202310160769,148.8
EK202310212581,137.03333333333333
EK202310248122,129.56666666666666
EK202310235931,128.23333333333332
EK202310181771,172.73333333333332
EK202310155768,145.3
EK202310111605,173.03333333333333
EK202310127306,165.06666666666666
EK202310150190,141.0
EK202320005858,164.2
EK202310236072,145.0
EK202310225439,139.9
EK202310237893,146.9
EK202310136361,145.96666666666667
EK202310191072,164.13333333333333
EK202310181865,144.8
EK202310231592,137.4
EK202310207325,147.1
EK202310172714,147.36666666666667
EK202310224865,144.83333333333334
EK202310168576,156.2
EK202310103778,133.43333333333334
EK202310217586,150.86666666666667
EK202310231160,136.63333333333333
EK202310234098,134.7
EK202310178165,142.13333333333333
EK202310135798,136.23333333333332
EK202310207159,147.83333333333334
EK202310161503,153.06666666666666
EK202310164971,143.73333333333332
EK202310227797,155.7
EK202310138476,161.03333333333333
EK202310105436,137.2
EK202310171599,152.06666666666666
EK202310155833,148.33333333333334
EK202320007748,147.23333333333332
EK202310216275,130.66666666666666
EK202310178246,156.5
EK202310233952,142.16666666666666
EK202310236351,136.43333333333334
EK202310208975,139.26666666666668
EK202310210410,139.43333333333334
EK202310179531,150.66666666666666
EK202310207618,157.8
EK202310173550,155.56666666666666
EK202310226730,164.1
EK202310129523,144.33333333333334
EK202310220746,122.96666666666667
EK202310248566,141.9
EK202310193943,157.03333333333333
EK202310119814,161.66666666666666
EK202310142248,147.76666666666668
EK202310186304,170.83333333333334
EK202310138557,175.26666666666668
EK202310245483,132.93333333333334
EK202310132300,133.3
EK202310208081,146.3
EK202310230460,143.7
EK202310140474,136.76666666666668
EK202310212083,141.56666666666666
EK202310136665,130.6
EK202310131251,146.06666666666666
EK202310232633,134.86666666666667
EK202310147477,149.03333333333333
EK202310205850,148.73333333333332
EK202310202041,135.63333333333333
EK202310173763,157.3
EK202310160578,174.16666666666666
EK202310191339,139.33333333333334
EK202310212270,134.8
EK202310145728,152.9
EK202310221046,128.3
EK202310188691,155.63333333333333
EK202310171896,142.36666666666667
EK202310139766,132.2
EK202310173220,155.66666666666666
EK202310162948,137.56666666666666
EK202310105701,132.7
EK202310197311,155.16666666666666
EK202310147640,182.6
EK202310183542,151.66666666666666
EK202310183535,145.26666666666668
EK202310245904,153.13333333333333
EK202310133031,142.63333333333333
EK202310188018,163.96666666666667
EK202310135860,144.76666666666668
EK202310236943,146.36666666666667
EK202310156470,169.56666666666666
EK202310195857,146.5
EK202310187539,139.66666666666666
EK202310004424,139.5
EK202310217002,145.5
EK202310179415,145.96666666666667
EK202310120456,164.1
EK202310200863,121.13333333333334
EK202310147545,142.6
EK202310230822,148.53333333333333
EK202310121215,144.23333333333332
EK202310177411,165.66666666666666
EK202310224282,138.7
EK202310140227,136.03333333333333
EK202310129737,150.66666666666666
EK202310140849,143.13333333333333
EK202310189202,161.53333333333333
EK202310104642,146.1
EK202310208010,147.03333333333333
EK202310166940,167.06666666666666
EK202310162024,144.7
EK202310199815,136.3
EK202310152439,139.56666666666666
EK202310233448,131.63333333333333
EK202310242843,142.5
EK202310201491,155.53333333333333
EK202310107632,141.03333333333333
EK202310198770,176.7
EK202310137566,146.93333333333334
EK202310142121,134.0
EK202310190572,150.93333333333334
EK202310205775,144.3
EK202310220844,151.43333333333334
EK202310139338,145.13333333333333
EK202310108582,155.33333333333334
EK202310158552,136.7
EK202310184301,162.16666666666666
EK202310243616,139.7
EK202310151811,162.06666666666666
EK202310125407,137.83333333333334
EK202310139375,131.5
EK202310239439,134.23333333333332
EK202310155841,130.43333333333334
EK202310215149,146.23333333333332
EK202310107124,131.53333333333333
EK202310134118,130.7
EK202310194279,160.26666666666668
EK202310246720,144.36666666666667
EK202310162584,155.93333333333334
EK202310195982,160.76666666666668
EK202310228933,127.23333333333333
EK202310116256,145.96666666666667
EK202310114568,148.7
EK202310131206,133.4
EK202310175053,152.7
EK202310221935,133.23333333333332
EK202310185735,157.2
EK202310223371,141.7
EK202310228532,135.63333333333333
EK202310201399,166.03333333333333
EK202310225779,147.23333333333332
EK202310223354,146.16666666666666
EK202310149880,143.63333333333333
EK202310182361,154.4
EK202310245495,141.13333333333333
EK202310004203,144.6
EK202310179618,126.1
EK202320007066,154.26666666666668
EK202310114050,134.36666666666667
EK202310191315,140.36666666666667
EK202310146983,164.13333333333333
EK202310130594,162.4
EK202310242203,152.13333333333333
EK202310241138,149.73333333333332
EK202310156504,142.13333333333333
EK202310197660,159.03333333333333
EK202310140136,141.5
EK202310143917,124.76666666666667
EK202310219192,129.43333333333334
EK202310134270,146.7
EK202310232270,137.56666666666666
EK202310173917,145.03333333333333
EK202310173711,132.56666666666666
EK202310112756,141.43333333333334
EK202310204172,140.3
EK202310159759,151.73333333333332
EK202310186227,125.3
EK202310185665,154.26666666666668
EK202310117309,150.03333333333333
EK202310197672,133.76666666666668
EK202310153079,134.26666666666668
EK202320006035,132.13333333333333
EK202310247525,135.53333333333333
EK202310161438,138.23333333333332
EK202310218023,153.86666666666667
EK202310150064,149.7
EK202310142573,165.33333333333334
EK202310124576,140.43333333333334
EK202310219887,128.5
EK202310120184,126.8
EK202310112918,135.13333333333333
EK202310109372,168.63333333333333
EK202310107015,152.93333333333334
EK202310150353,157.03333333333333
EK202310204484,127.53333333333333
EK202310146488,136.3
EK202310124804,138.13333333333333
EK202310185666,166.1
EK202310195519,146.53333333333333
EK202310160733,135.06666666666666
EK202310104544,141.83333333333334
EK202310184750,172.96666666666667
EK202310003740,137.73333333333332
EK202310226854,131.4
EK202310125742,153.86666666666667
EK202310168317,139.53333333333333
EK202310149766,157.53333333333333
EK202310190272,157.2
EK202310146274,149.96666666666667
EK202310112851,128.53333333333333
EK202310175254,131.93333333333334
EK202310163259,133.4
EK202310133880,135.13333333333333
EK202310217079,132.36666666666667
EK202310170637,149.3
EK202310194778,125.76666666666667
EK202310218095,160.96666666666667
EK202310135253,155.4
EK202310197692,161.13333333333333
EK202310208639,136.93333333333334
EK202310246924,137.3
EK202310189081,129.1
EK202310186006,147.96666666666667
EK202310234924,146.2
EK202310159161,154.53333333333333
EK202310118361,136.26666666666668
EK202310103934,140.26666666666668
EK202310218075,154.9
EK202310151847,150.53333333333333
EK202310227485,151.4
EK202310215170,142.56666666666666
EK202310182285,155.96666666666667
EK202320006523,149.23333333333332
EK202310226724,142.93333333333334
EK202310144268,155.26666666666668
EK202310156630,160.73333333333332
EK202310245294,150.46666666666667
EK202310223363,158.46666666666667
EK202310237800,154.63333333333333
EK202310173460,136.3
EK202310209655,140.9
EK202310119136,150.36666666666667
EK202310127314,164.06666666666666
EK202310193844,138.56666666666666
EK202310162315,143.23333333333332
EK202310218294,134.6
EK202310151071,133.86666666666667
EK202310217686,133.33333333333334
EK202310154435,150.63333333333333
EK202310191927,157.2
EK202310181837,137.53333333333333
EK202310148256,151.9
EK202310230363,143.66666666666666
EK202310156095,141.46666666666667
EK202310169939,144.73333333333332
EK202310141818,139.63333333333333
EK202310230706,142.46666666666667
EK202310138074,123.73333333333333
EK202310213136,143.8
EK202310245174,157.16666666666666
EK202310149067,146.1
EK202310215609,131.76666666666668
EK202310170363,129.66666666666666
EK202310238402,141.23333333333332
EK202310117314,147.1
EK202310241750,157.06666666666666
EK202310154247,134.43333333333334
EK202310148755,146.43333333333334
EK202310150162,132.66666666666666
EK202310189110,147.1
EK202310168769,153.2
EK202310211938,136.86666666666667
EK202310176335,155.33333333333334
EK202310113812,135.5
EK202310123004,120.26666666666667
EK202310205174,133.73333333333332
EK202310168759,142.53333333333333
EK202310213442,132.73333333333332
EK202310239610,153.83333333333334
EK202310195241,121.9
EK202310153703,154.43333333333334
EK202310150341,131.43333333333334
EK202310208289,149.06666666666666
EK202310111014,146.3
EK202310221055,135.86666666666667
EK202310201138,184.0
EK202310004391,134.46666666666667
EK202310155939,133.9
EK202310148376,142.83333333333334
EK202310116871,148.23333333333332
EK202310197518,150.53333333333333
EK202310119757,149.8
EK202320007473,145.46666666666667
EK202310134809,145.43333333333334
EK202310189457,178.66666666666666
EK202310185033,136.73333333333332
EK202310229340,144.83333333333334
EK202310122288,143.43333333333334
EK202310120743,149.6
EK202310242075,163.46666666666667
EK202310140597,143.26666666666668
EK202310242069,135.5
EK202310136890,142.8
EK202310209810,134.8
EK202310223071,133.36666666666667
EK202310218487,149.23333333333332
EK202310232696,157.0
EK202310209345,142.93333333333334
EK202310170813,133.8
EK202310153786,155.0
EK202310151789,146.26666666666668
EK202310151677,134.36666666666667
EK202310137204,150.4
EK202310218836,135.9
EK202310151080,138.1
EK202310164354,177.06666666666666
EK202310173775,154.43333333333334
EK202310121695,156.46666666666667
EK202310205477,128.56666666666666
EK202310157033,140.46666666666667
EK202310119370,129.43333333333334
EK202310126142,159.06666666666666
EK202310205658,145.0
EK202310186719,170.63333333333333
EK202310144182,133.66666666666666
EK202310246415,121.86666666666666
EK202310227129,173.36666666666667
EK202310156707,173.9
EK202320005770,171.33333333333334
EK202310166383,154.26666666666668
EK202310210479,130.56666666666666
EK202310179571,147.4
EK202310187791,147.3
EK202310171969,142.63333333333333
EK202310132165,155.06666666666666
EK202310124907,140.8
EK202310208889,150.5
EK202310247697,145.13333333333333
EK202310194854,145.06666666666666
EK202310225021,152.06666666666666
EK202310238477,140.93333333333334
EK202310239246,123.2
EK202310176503,138.23333333333332
EK202310176496,134.46666666666667
EK202310198306,158.36666666666667
EK202310188583,142.23333333333332
EK202310207194,151.5
EK202310219806,137.36666666666667
EK202310227819,130.5
EK202310164368,157.53333333333333
EK202310239912,136.33333333333334
EK202310198458,142.03333333333333
EK202310142902,138.33333333333334
EK202310240388,144.63333333333333
EK202310222895,132.76666666666668
EK202310160875,140.76666666666668
EK202310167060,159.93333333333334
EK202310224028,163.36666666666667
EK202310151657,138.7
EK202310155117,142.63333333333333
EK202310136926,163.5
EK202310143427,169.23333333333332
EK202310172189,131.16666666666666
EK202310125542,136.36666666666667
EK202310217168,140.3
EK202310121975,118.96666666666667
EK202310182960,127.93333333333334
EK202310128220,129.23333333333332
EK202310112524,150.36666666666667
EK202310212379,134.5
EK202310207577,157.13333333333333
EK202310153262,144.13333333333333
EK202310198456,150.46666666666667
EK202310108358,133.63333333333333
EK202310160189,157.73333333333332
EK202310210891,128.6
EK202310193109,133.4
EK202310181289,161.7
EK202310131577,156.7
EK202310211895,136.26666666666668
EK202310190829,165.96666666666667
EK202310127301,159.93333333333334
EK202310116811,142.23333333333332
EK202310107250,141.6
EK202310107498,127.23333333333333
EK202310192130,161.36666666666667
EK202310132040,144.93333333333334
EK202310175120,139.16666666666666
EK202310246012,156.36666666666667
EK202320006537,172.1
EK202310129645,159.93333333333334
EK202310188742,133.13333333333333
EK202310196813,136.86666666666667
EK202310125413,141.5
EK202310166995,125.93333333333334
EK202310146585,137.9
EK202310229973,125.53333333333333
EK202310247518,142.6
EK202310198340,135.93333333333334
EK202310113811,132.56666666666666
EK202310188773,139.03333333333333
EK202310109282,137.86666666666667
EK202310240034,148.53333333333333
EK202310215437,128.66666666666666
EK202310194389,146.5
EK202310172196,142.0
EK202310165827,152.6
EK202320005561,137.3
EK202310149595,147.86666666666667
EK202310168288,149.73333333333332
EK202310140892,151.43333333333334
EK202310184756,142.13333333333333
EK202310155970,147.4
EK202310219701,136.73333333333332
EK202310174732,134.3
EK202310195694,162.3
EK202310213272,145.53333333333333
EK202310140437,167.0
EK202310235734,134.66666666666666
EK202310130236,161.5
EK202310144191,127.03333333333333
EK202310190014,166.33333333333334
EK202310244140,142.8
EK202310179886,150.4
EK202310124185,129.13333333333333
EK202310153209,141.63333333333333
EK202310153141,148.9
EK202310203881,137.73333333333332
EK202310166214,157.2
EK202310165860,170.76666666666668
EK202310221150,134.06666666666666
EK202310212669,135.66666666666666
EK202310183646,143.16666666666666
EK202310161293,145.86666666666667
EK202310123374,156.0
EK202310167702,140.5
EK202310218991,136.9
EK202310153681,122.86666666666666
EK202310132053,135.83333333333334
EK202310181558,140.5
EK202310234347,146.4
EK202310205398,145.9
EK202310236180,136.03333333333333
EK202310215127,152.6
EK202310184646,180.3
EK202310248044,148.53333333333333
EK202310232425,134.86666666666667
EK202310151757,133.4
EK202310134956,158.06666666666666
EK202310203447,145.96666666666667
EK202310125366,141.3
EK202310180083,148.56666666666666
EK202310170602,134.13333333333333
EK202310189329,139.76666666666668
EK202310152190,127.2
EK202310118845,145.23333333333332
EK202310202683,125.66666666666667
EK202310131733,146.63333333333333
EK202310151659,139.63333333333333
EK202310111223,145.9
EK202310189015,169.0
EK202310204933,137.7
EK202310220311,157.8
EK202310153186,146.0
EK202310204998,144.7
EK202310206640,140.93333333333334
EK202310148731,139.76666666666668
EK202310177950,138.8
EK202310236764,139.53333333333333
EK202310149184,135.7
EK202310243178,165.26666666666668
EK202310149329,152.76666666666668
EK202310124506,147.73333333333332
EK202310175231,147.2
EK202310117163,150.83333333333334
EK202310235121,162.43333333333334
EK202310201963,129.26666666666668
EK202310177877,127.43333333333334
EK202310196442,135.2
EK202310165909,132.16666666666666
EK202310148120,154.46666666666667
EK202310165323,151.1
EK202310148717,129.73333333333332
EK202310110684,131.7
EK202310131621,168.73333333333332
EK202310155848,132.2
EK202310116241,138.7
EK202310139259,146.1
EK202310125773,127.76666666666667
EK202310233036,132.33333333333334
EK202310149022,147.93333333333334
EK202310189335,134.5
EK202310124884,128.2
EK202310120137,139.66666666666666
EK202310164298,137.3
EK202310210341,169.1
EK202310235088,140.56666666666666
EK202310187731,153.86666666666667
EK202310243618,136.53333333333333
EK202310246975,137.36666666666667
EK202310178699,171.2
EK202310208826,145.56666666666666
EK202310192931,136.26666666666668
EK202310144942,127.3
EK202310204406,132.76666666666668
EK202310228390,134.4
EK202310116598,148.26666666666668
EK202310168298,137.9
EK202310221487,181.5
EK202310129003,132.4
EK202310199518,150.1
EK202310230415,134.23333333333332
EK202310229198,137.5
EK202310191619,146.73333333333332
EK202310135624,110.43333333333334
EK202310188764,138.23333333333332
EK202310194928,132.6
EK202310136019,143.43333333333334
EK202310193486,140.5
EK202310114440,136.03333333333333
EK202310233214,138.16666666666666
EK202310228766,134.63333333333333
EK202310149990,156.06666666666666
EK202310122654,133.03333333333333
EK202310221978,108.76666666666667
EK202310166235,138.7
EK202310165801,131.4
EK202310164057,137.46666666666667
EK202310168718,128.9
EK202310108201,138.76666666666668
EK202310206343,181.36666666666667
EK202310114675,150.36666666666667
EK202310188537,148.46666666666667
EK202310179087,144.1
EK202310187084,150.1
EK202310187925,129.16666666666666
EK202310170956,164.6
EK202310212887,156.63333333333333
EK202310137413,135.8
EK202310217648,129.86666666666667
EK202310174679,152.36666666666667
EK202310229265,135.03333333333333
EK202310148461,161.93333333333334
EK202310222772,130.56666666666666
EK202310113407,129.66666666666666
EK202310206546,145.63333333333333
EK202310224810,133.1
EK202310228008,136.5
EK202310165670,135.66666666666666
EK202310188801,179.76666666666668
EK202310163428,137.93333333333334
EK202310155452,137.9
EK202310188057,149.5
EK202310191879,134.6
EK202310221170,147.6
EK202310231103,145.7
EK202310242198,154.23333333333332
EK202310187526,174.2
EK202310188098,140.03333333333333
EK202310203053,147.83333333333334
EK202310215291,133.7
EK202310175087,156.36666666666667
EK202310187624,161.0
EK202310190415,123.0
EK202310123309,154.66666666666666
EK202310148164,141.36666666666667
EK202310185918,141.23333333333332
EK202310122611,139.53333333333333
EK202310174402,138.56666666666666
EK202310165680,130.6
EK202310234342,146.8
EK202310196937,158.43333333333334
EK202310111601,144.8
EK202310115643,142.13333333333333
EK202310111554,136.06666666666666
EK202310128358,140.93333333333334
EK202310131862,143.26666666666668
EK202310207446,155.73333333333332
EK202310189921,154.7
EK202310129789,134.96666666666667
EK202310226523,133.5
EK202310231417,133.26666666666668
EK202320007285,163.33333333333334
EK202310217873,140.03333333333333
EK202310105042,138.43333333333334
EK202310136636,153.06666666666666
EK202310175915,152.23333333333332
EK202310003483,132.33333333333334
EK202310200419,158.8
EK202310117924,146.63333333333333
EK202310181210,144.16666666666666
EK202310202561,152.16666666666666
EK202310107499,132.06666666666666
EK202310107137,152.5
EK202310231924,143.6
EK202310144923,139.93333333333334
EK202310207718,125.53333333333333
EK202310212477,138.5
EK202310107846,143.8
EK202310185004,145.73333333333332
EK202310134355,144.3
EK202310170491,153.83333333333334
EK202310234495,133.33333333333334
EK202310126339,139.33333333333334
EK202310185015,143.33333333333334
EK202310208389,144.1
EK202310165712,152.36666666666667
EK202310168161,160.43333333333334
EK202310152314,148.46666666666667
EK202310207349,138.13333333333333
EK202310195623,135.6
EK202310187039,140.93333333333334
EK202310141159,146.83333333333334
EK202310209863,153.3
EK202310160465,147.8
EK202310171624,129.46666666666667
EK202310227086,160.36666666666667
EK202310177422,149.43333333333334
EK202310240033,154.66666666666666
EK202310147863,150.13333333333333
EK202310187436,162.66666666666666
EK202310210870,136.26666666666668
EK202310104543,137.96666666666667
EK202310136266,136.73333333333332
EK202310169848,146.16666666666666
EK202310134804,129.8
EK202310128125,135.4
EK202310105804,125.03333333333333
EK202310240636,132.76666666666668
EK202310128250,129.5
EK202310167986,154.83333333333334
EK202310223738,126.96666666666667
EK202310194978,145.36666666666667
EK202310174109,126.03333333333333
EK202310234407,132.66666666666666
EK202310174138,142.83333333333334
EK202310167183,153.1
EK202310111941,127.5
EK202310199956,138.53333333333333
EK202310116743,144.43333333333334
EK202310140835,140.7
EK202310179216,172.8
EK202310205539,157.96666666666667
EK202310196566,143.16666666666666
EK202310224930,145.03333333333333
EK202310120947,139.3
EK202310170902,135.3
EK202310235028,154.03333333333333
EK202310113734,154.2
EK202310204036,139.96666666666667
EK202310230642,148.36666666666667
EK202310131709,149.6
EK202310226061,135.26666666666668
EK202310175946,150.56666666666666
EK202310152205,150.4
EK202310188482,141.0
EK202310108311,132.5
EK202310191290,141.7
EK202310144489,129.66666666666666
EK202310172283,141.96666666666667
EK202310226719,151.2
EK202310159716,149.9
EK202310199594,157.86666666666667
EK202310173559,149.13333333333333
EK202310136955,139.26666666666668
EK202310116269,143.1
EK202310193704,151.1
EK202320007431,166.3
EK202310132812,146.56666666666666
EK202310180739,144.13333333333333
EK202310174941,160.03333333333333
EK202310178926,150.9
EK202310194112,149.46666666666667
EK202310133210,132.86666666666667
EK202310192212,127.53333333333333
EK202310120175,142.96666666666667
EK202310139063,135.4
EK202310110816,158.8
EK202310133264,140.66666666666666
EK202310104140,154.7
EK202310162125,158.63333333333333
EK202310144954,124.53333333333333
EK202310169762,139.66666666666666
EK202310161221,163.3
EK202310216951,146.8
EK202310231726,144.53333333333333
EK202310149140,167.73333333333332
EK202310129051,133.5
EK202310134433,144.3
EK202310247557,169.26666666666668
EK202310231514,134.33333333333334
EK202310224127,143.06666666666666
EK202310126711,134.6
EK202310145914,127.63333333333334
EK202310147010,148.33333333333334
EK202310141199,141.6
EK202310163547,144.66666666666666
EK202310204148,132.36666666666667
EK202310159997,153.96666666666667
EK202310147517,143.8
EK202310120397,130.6
EK202310154029,140.16666666666666
EK202310208628,142.33333333333334
EK202310240529,149.73333333333332
EK202310119023,135.36666666666667
EK202310171849,138.03333333333333
EK202310180911,132.0
EK202310111220,134.5
EK202310155400,127.2
EK202310205379,132.76666666666668
EK202310151041,138.8
EK202310122951,139.16666666666666
EK202310196536,146.6
EK202310160766,159.26666666666668
EK202310209097,157.56666666666666
EK202310140289,129.1
EK202310133699,157.46666666666667
EK202310193965,143.1
EK202310201530,144.9
EK202310131280,130.1
EK202310225831,137.0
EK202310197460,149.73333333333332
EK202310225230,130.13333333333333
EK202310158454,161.53333333333333
EK202310245266,143.8
EK202310175415,129.1
EK202310194223,147.73333333333332
EK202310199942,156.2
EK202310233835,145.56666666666666
EK202310220027,136.0
EK202310119464,143.43333333333334
EK202310179368,135.96666666666667
EK202320006345,145.86666666666667
EK202310124702,133.3
EK202310197937,141.33333333333334
EK202310159091,135.06666666666666
EK202310138888,141.0
EK202310216680,133.56666666666666
EK202310240252,137.43333333333334
EK202310175387,158.63333333333333
EK202310199869,132.46666666666667
EK202310140275,142.63333333333333
EK202310151577,140.8
EK202310130981,127.56666666666666
EK202310131764,129.1
EK202310121874,127.1
EK202310171868,139.8
EK202310140109,142.3
EK202310120574,135.06666666666666
EK202310151566,149.76666666666668
EK202310124827,162.56666666666666
EK202310120607,159.96666666666667
EK202320006257,144.13333333333333
EK202310220130,156.83333333333334
EK202310144885,145.8
EK202310186525,142.0
EK202310219807,155.4
EK202310167657,144.3
EK202310123275,155.53333333333333
EK202310215234,152.43333333333334
EK202310146524,142.9
EK202310169940,151.56666666666666
EK202310243649,135.03333333333333
EK202310183687,136.06666666666666
EK202310130415,159.43333333333334
EK202310188385,144.66666666666666
EK202310158217,145.5
EK202310004449,135.06666666666666
EK202310193236,130.76666666666668
EK202310151651,131.4
EK202310106009,139.83333333333334
EK202310185711,134.03333333333333
EK202310104495,130.86666666666667
EK202310144848,161.7
EK202310180048,137.53333333333333
EK202310137754,139.96666666666667
EK202310156546,168.3
EK202310137352,147.26666666666668
EK202310182441,138.96666666666667
EK202310208167,144.03333333333333
EK202310223871,131.86666666666667
EK202310172342,141.3
EK202310219366,153.76666666666668
EK202310196187,132.86666666666667
EK202310138150,132.93333333333334
EK202310172299,132.66666666666666
EK202310127364,141.13333333333333
EK202310139869,151.5
EK202310128954,141.26666666666668
EK202310146322,148.93333333333334
EK202310162849,166.43333333333334
EK202310181038,121.06666666666666
EK202310170175,142.0
EK202310112098,154.06666666666666
EK202310176673,129.0
EK202310139559,151.26666666666668
EK202310233592,165.13333333333333
EK202310224263,152.33333333333334
EK202310110134,137.06666666666666
EK202310226556,138.76666666666668
EK202310209883,138.76666666666668
EK202310231890,145.03333333333333
EK202310190968,140.76666666666668
EK202310136859,160.06666666666666
EK202310247260,122.16666666666667
EK202310172360,143.13333333333333
EK202310210416,145.83333333333334
EK202310227699,139.3
EK202310213569,136.36666666666667
EK202310224874,130.73333333333332
EK202310169709,158.4
EK202310228257,137.46666666666667
EK202310141038,157.93333333333334
EK202310129192,153.53333333333333
EK202310107751,134.93333333333334
EK202310140717,150.33333333333334
EK202310228229,133.8
EK202310207072,139.43333333333334
EK202310202830,140.36666666666667
EK202310148905,155.7
EK202310127758,134.1
EK202310178020,144.43333333333334
EK202310193951,141.86666666666667
EK202310155292,139.83333333333334
EK202310144487,127.8
EK202310121253,153.66666666666666
EK202310148088,150.7
EK202310187124,141.56666666666666
EK202310229693,142.46666666666667
EK202310201484,142.0
EK202310129571,141.1
EK202310125950,139.36666666666667
EK202310185603,174.56666666666666
EK202310114453,166.66666666666666
EK202310117950,165.63333333333333
EK202310119043,147.2
EK202310198703,181.66666666666666
EK202310140299,128.43333333333334
EK202310135296,168.73333333333332
EK202310107227,104.2
EK202310240359,147.36666666666667
EK202310240921,159.6
EK202310128737,145.66666666666666
EK202310124258,133.63333333333333
EK202310220986,138.63333333333333
EK202310120232,161.5
EK202310164246,148.66666666666666
EK202310179029,149.33333333333334
EK202310162108,139.8
EK202310117566,128.6
EK202310232452,139.4
EK202310199397,151.43333333333334
EK202310150619,156.63333333333333
EK202310112912,138.93333333333334
EK202310196213,162.96666666666667
EK202310128306,142.1
EK202310186545,140.63333333333333
EK202310245338,148.53333333333333
EK202310126833,159.43333333333334
EK202310183324,130.26666666666668
EK202310206548,154.76666666666668
EK202310162684,148.76666666666668
EK202310158471,170.16666666666666
EK202310237583,149.43333333333334
EK202310142976,143.66666666666666
EK202310181877,152.96666666666667
EK202310193411,145.43333333333334
EK202310140403,140.83333333333334
EK202310223571,129.53333333333333
EK202310200630,148.86666666666667
EK202310219428,130.53333333333333
EK202310149680,141.03333333333333
EK202310109895,159.0
EK202310204098,157.96666666666667
EK202310177412,177.7
EK202310219692,129.43333333333334
EK202310103878,150.2
EK202310193630,141.9
EK202310109504,145.46666666666667
EK202310109364,132.66666666666666
EK202310239283,143.93333333333334
EK202310104478,132.8
EK202310204048,136.36666666666667
EK202310159059,151.3
EK202310156030,148.8
EK202310245545,152.53333333333333
EK202320007416,171.36666666666667
EK202310221846,152.03333333333333
EK202310132308,136.56666666666666
EK202310197059,136.3
EK202310234332,155.93333333333334
EK202310194822,182.06666666666666
EK202310148932,139.5
EK202310128434,146.93333333333334
EK202310238922,137.8
EK202310114232,149.9
EK202310175005,153.56666666666666
EK202320007002,146.26666666666668
EK202310197439,134.0
EK202310236355,127.0
EK202310003833,149.26666666666668
EK202310204832,129.63333333333333
EK202310004506,127.6
EK202310121065,150.3
EK202310127094,175.16666666666666
EK202310213840,141.03333333333333
EK202310114333,153.03333333333333
EK202310145274,161.43333333333334
EK202310222042,127.7
EK202310213433,132.16666666666666
EK202310146144,135.53333333333333
EK202310204047,137.46666666666667
EK202310212828,150.1
EK202310138593,142.6
EK202310226806,141.96666666666667
EK202310208095,142.7
EK202310114814,147.7
EK202310186543,147.26666666666668
EK202310110336,134.26666666666668
EK202310167478,168.23333333333332
EK202310236430,133.63333333333333
EK202310217023,136.53333333333333
EK202310153953,161.3
EK202310230502,144.76666666666668
EK202310247381,145.03333333333333
EK202310208704,142.83333333333334
EK202310139824,124.76666666666667
EK202310197168,129.5
EK202310128080,164.53333333333333
EK202310123269,139.63333333333333
EK202310121955,148.63333333333333
EK202310161214,146.36666666666667
EK202310133556,149.86666666666667
EK202310197481,148.06666666666666
EK202310246538,133.03333333333333
EK202310194330,163.7
EK202310178652,145.23333333333332
EK202310209776,148.73333333333332
EK202310242382,138.36666666666667
EK202310234518,139.1
EK202310217553,148.0
EK202310003369,143.93333333333334
EK202310207859,135.26666666666668
EK202310215266,136.26666666666668
EK202310191942,159.3
EK202310113737,159.43333333333334
EK202310128655,158.76666666666668
EK202310248203,135.3
EK202310170678,161.33333333333334
EK202310225376,145.13333333333333
EK202310198236,134.86666666666667
EK202310138567,155.1
EK202310148635,169.63333333333333
EK202310121362,117.83333333333333
EK202310216537,140.06666666666666
EK202310244010,139.3
EK202310199391,152.63333333333333
EK202310150957,141.73333333333332
EK202310160956,175.4
EK202310234204,128.13333333333333
EK202310230587,145.43333333333334
EK202310212166,148.0
EK202310164638,144.13333333333333
EK202310157872,153.7
EK202310206238,159.86666666666667
EK202310137733,120.0
EK202310123238,136.8
EK202310201665,142.46666666666667
EK202310150077,128.66666666666666
EK202310140491,136.66666666666666
EK202310183010,146.43333333333334
EK202310168338,137.8
EK202310146731,146.1
EK202310201575,141.4
EK202310151646,132.36666666666667
EK202310110613,135.9
EK202310107412,154.86666666666667
EK202310110590,147.7
EK202310127237,161.86666666666667
EK202310217513,150.2
EK202310148694,159.5
EK202310223185,132.03333333333333
EK202310172511,152.0
EK202310219014,127.53333333333333
EK202310134780,145.83333333333334
EK202310117915,142.7
EK202310153389,147.83333333333334
EK202310207296,140.4
EK202310132494,144.8
EK202310187803,155.9
EK202310233954,147.7
EK202310119049,131.46666666666667
EK202310243256,128.33333333333334
EK202310244548,151.6
EK202310240124,150.26666666666668
EK202310148734,127.76666666666667
EK202310131233,138.13333333333333
EK202310220058,146.1
EK202310217202,141.06666666666666
EK202310179774,144.3
EK202310227794,126.96666666666667
EK202310132105,131.86666666666667
EK202310177761,154.76666666666668
EK202310227840,158.1
EK202310169016,138.93333333333334
EK202320006837,164.2
EK202310108574,150.9
EK202310190548,125.26666666666667
EK202310109486,142.23333333333332
EK202310200259,164.9
EK202310162701,171.83333333333334
EK202310160336,130.53333333333333
EK202310212709,133.93333333333334
EK202310226725,128.7
EK202310158681,168.03333333333333
EK202310107964,128.2
EK202310235518,147.93333333333334
EK202310123552,137.66666666666666
EK202310201865,176.66666666666666
EK202310145317,161.16666666666666
EK202310183030,166.13333333333333
EK202310200118,160.53333333333333
EK202310114422,147.73333333333332
EK202310157848,129.7
EK202310239370,132.8
EK202310131836,159.56666666666666
EK202310143421,133.83333333333334
EK202310205485,133.13333333333333
EK202310168662,150.63333333333333
EK202310154586,158.9
EK202310186744,144.53333333333333
EK202310233340,144.33333333333334
EK202310239910,134.4
EK202310245136,154.8
EK202310149851,150.4
EK202310149779,155.26666666666668
EK202310228990,135.13333333333333
EK202310242178,152.86666666666667
EK202310133873,152.8
EK202310164264,139.4
EK202310231632,135.13333333333333
EK202310144424,134.76666666666668
EK202310112760,146.93333333333334
EK202310212956,125.13333333333334
EK202310145964,143.6
EK202310126563,133.4
EK202310109694,159.03333333333333
EK202310128490,132.6
EK202310180704,167.73333333333332
EK202310126998,141.93333333333334
EK202310112115,143.86666666666667
EK202310209159,131.4
EK202310191498,139.3
EK202310216436,140.66666666666666
EK202310163197,145.76666666666668
EK202310151701,150.86666666666667
EK202310110130,140.03333333333333
EK202310226705,136.86666666666667
EK202310139340,148.7
EK202310110862,135.66666666666666
EK202310127381,166.5
EK202310202546,160.63333333333333
EK202310225643,136.56666666666666
EK202310213096,128.93333333333334
EK202310235079,144.76666666666668
EK202310109108,164.86666666666667
EK202310225137,142.0
EK202310187484,158.8
EK202310244698,158.16666666666666
EK202310182643,156.7
EK202310172470,175.33333333333334
EK202310202542,129.76666666666668
EK202310240368,141.53333333333333
EK202310103843,139.56666666666666
EK202310219530,136.8
EK202310176306,155.1
EK202310239841,136.9
EK202310216087,145.5
EK202310153817,144.83333333333334
EK202310170433,131.16666666666666
EK202310219831,147.23333333333332
EK202310232545,141.53333333333333
EK202310128070,165.7
EK202310160215,134.53333333333333
EK202310233605,139.2
EK202310004309,146.23333333333332
EK202310162940,152.66666666666666
EK202310229901,122.4
EK202310155025,138.0
EK202310127004,134.3
EK202310247408,130.63333333333333
EK202310202128,133.9
EK202310178091,132.7
EK202310123328,146.4
EK202310228444,138.2
EK202310156135,145.83333333333334
EK202310164582,153.73333333333332
EK202310120354,134.4
EK202310225755,158.46666666666667
EK202310242750,134.8
EK202310142998,144.66666666666666
EK202310224125,147.8
EK202310169891,173.73333333333332
EK202310115679,131.73333333333332
EK202310198800,167.03333333333333
EK202310105498,139.5
EK202310178156,143.83333333333334
EK202310186930,158.46666666666667
EK202310133899,132.03333333333333
EK202310156394,140.96666666666667
EK202310122250,146.23333333333332
EK202310148614,147.8
EK202310195974,165.36666666666667
EK202310140125,129.03333333333333
EK202310210027,155.96666666666667
EK202310123730,157.4
EK202310116187,129.16666666666666
EK202310159940,136.0
EK202310120469,139.26666666666668
EK202310153614,147.26666666666668
EK202310233640,134.56666666666666
EK202310185515,169.4
EK202310205120,149.13333333333333
EK202310178305,144.2
EK202310184917,175.26666666666668
EK202310194354,184.1
EK202310171208,154.76666666666668
EK202310154255,156.23333333333332
EK202310245884,140.46666666666667
EK202310179361,136.9
EK202310181720,156.3
EK202310198136,140.3
EK202310123723,149.93333333333334
EK202310162489,150.13333333333333
EK202310242175,153.6
EK202310224905,153.23333333333332
EK202310248091,150.4
EK202310123593,133.73333333333332
EK202310183684,132.73333333333332
EK202310235351,155.43333333333334
EK202310169872,147.96666666666667
EK202320006484,149.76666666666668
EK202310199450,153.53333333333333
EK202310109127,141.23333333333332
EK202320007711,151.03333333333333
EK202310156432,135.3
EK202310233998,142.26666666666668
EK202310128218,131.36666666666667
EK202310121076,135.46666666666667
EK202310161013,141.63333333333333
EK202310116233,134.9
EK202310172825,134.66666666666666
EK202310126048,143.83333333333334
EK202310238467,144.7
EK202310172112,150.96666666666667
EK202310105094,139.43333333333334
EK202310228653,132.6
EK202310166974,134.46666666666667
EK202310236937,143.1
EK202310155066,140.2
EK202310110822,153.4
EK202310117204,146.8
EK202310124699,128.13333333333333
EK202310201420,140.16666666666666
EK202310193066,158.4
EK202310103851,133.06666666666666
EK202310107858,143.56666666666666
EK202310136568,143.36666666666667
EK202310108975,167.1
EK202310123028,131.33333333333334
EK202310124327,128.26666666666668
EK202310127718,158.16666666666666
EK202310155357,145.83333333333334
EK202310230360,140.23333333333332
EK202310107277,140.76666666666668
EK202310140418,151.7
EK202310205320,149.6
EK202310111068,136.96666666666667
EK202310199336,146.16666666666666
EK202310124051,138.33333333333334
EK202310137534,137.63333333333333
EK202310134728,131.56666666666666
EK202310186537,143.1
EK202310212779,170.0
EK202310184455,144.53333333333333
EK202310243388,134.33333333333334
EK202310137422,141.06666666666666
EK202310241788,159.8
EK202310107922,147.46666666666667
EK202310193955,144.3
EK202310194721,150.56666666666666
EK202310146903,137.8
EK202310134637,137.46666666666667
EK202310115633,134.03333333333333
EK202310226326,155.73333333333332
EK202310191621,177.83333333333334
EK202310218537,146.6
EK202310140032,147.2
EK202310187906,159.7
EK202310160631,150.03333333333333
EK202310235165,134.56666666666666
EK202310226953,156.66666666666666
EK202310231462,134.06666666666666
EK202310131496,142.4
EK202310215576,158.03333333333333
EK202310122149,142.36666666666667
EK202310167024,123.6
EK202310201015,154.16666666666666
EK202310139845,161.3
EK202310206739,152.73333333333332
EK202310107474,131.63333333333333
EK202310212444,135.9
EK202310160242,149.8
EK202310151058,146.0
EK202310107745,139.3
EK202310180777,151.9
EK202310118200,143.8
EK202310110288,150.5
EK202310133962,173.43333333333334
EK202310209998,143.53333333333333
EK202310113961,122.5
EK202310125421,140.23333333333332
EK202310204604,141.66666666666666
EK202310120459,160.9
EK202310179318,175.3
EK202310188043,122.76666666666667
EK202310139621,142.7
EK202310223960,148.86666666666667
EK202310116277,146.56666666666666
EK202310173520,132.86666666666667
EK202310140244,130.7
EK202310172775,138.26666666666668
EK202310209021,155.06666666666666
EK202310137060,149.5
EK202310169472,161.26666666666668
EK202310220708,156.36666666666667
EK202310155346,139.5
EK202310203724,130.3
EK202310174172,134.33333333333334
EK202310127338,142.1
EK202310231177,135.86666666666667
EK202310110283,134.16666666666666
EK202310194192,180.8
EK202310179609,139.16666666666666
EK202310233542,167.33333333333334
EK202310223188,139.26666666666668
EK202310160161,138.13333333333333
EK202310142059,154.06666666666666
EK202310148973,144.1
EK202310185968,140.4
EK202310143375,162.6
EK202310223394,150.36666666666667
EK202310142935,148.9
EK202310128889,140.1
EK202310243694,128.9
EK202310168873,150.43333333333334
EK202310110255,130.4
EK202310217355,160.76666666666668
EK202310170477,135.3
EK202310126294,134.16666666666666
EK202310193447,174.4
EK202310208452,139.5
EK202310121117,156.66666666666666
EK202310188124,130.93333333333334
EK202310200744,168.73333333333332
EK202310246111,141.56666666666666
EK202310161343,149.53333333333333
EK202310174717,161.26666666666668
EK202310162592,134.26666666666668
EK202310199334,148.3
EK202310004427,151.16666666666666
EK202310128231,127.93333333333334
EK202310159198,139.3
EK202310190595,139.76666666666668
EK202310234887,145.96666666666667
EK202310230530,137.66666666666666
EK202310212245,132.43333333333334
EK202310247440,139.56666666666666
EK202310190679,147.03333333333333
EK202310215878,139.13333333333333
EK202310118270,133.16666666666666
EK202310109213,144.3
EK202320007685,147.23333333333332
EK202310125681,138.3
EK202310187523,143.23333333333332
EK202310185418,160.5
EK202310147002,151.86666666666667
EK202310171520,143.2
EK202310222521,135.13333333333333
EK202310200454,140.76666666666668
EK202310121658,130.63333333333333
EK202310147902,155.13333333333333
EK202310204527,150.56666666666666
EK202310202723,133.63333333333333
EK202310149975,146.2
EK202310157163,162.56666666666666
EK202310125893,153.3
EK202310121387,118.6
EK202310151762,168.33333333333334
EK202310193998,148.66666666666666
EK202310106551,139.06666666666666
EK202310245044,160.03333333333333
EK202310207864,138.8
EK202310150519,130.2
EK202310180535,140.6
EK202310140574,145.23333333333332
EK202310152351,148.56666666666666
EK202310119381,163.8
EK202310144308,146.7
EK202310204920,139.96666666666667
EK202310169039,173.1
EK202310126992,133.13333333333333
EK202310165821,135.83333333333334
EK202310218625,127.23333333333333
EK202310224581,130.53333333333333
EK202310104040,132.56666666666666
EK202310151985,140.06666666666666
EK202310151422,180.5
EK202310181497,134.73333333333332
EK202310143064,133.7
EK202310115232,158.6
EK202310160598,139.2
EK202310153804,149.36666666666667
EK202310246991,140.66666666666666
EK202310205912,144.53333333333333
EK202310147949,149.7
EK202310147713,130.93333333333334
EK202310172130,141.13333333333333
EK202310193689,145.26666666666668
EK202320007377,133.03333333333333
EK202310234778,140.36666666666667
EK202310126968,144.66666666666666
EK202310168723,131.33333333333334
EK202310205210,133.8
EK202310236972,134.86666666666667
EK202310110805,129.36666666666667
EK202310110541,153.43333333333334
EK202320006784,144.03333333333333
EK202310169268,155.93333333333334
EK202310192717,155.5
EK202310134072,133.1
EK202310109817,137.7
EK202310111416,147.63333333333333
EK202310163760,154.43333333333334
EK202310206928,157.3
EK202310222806,156.93333333333334
EK202310245025,158.63333333333333
EK202310154335,137.56666666666666
EK202310122966,140.06666666666666
EK202310147154,145.83333333333334
EK202310161786,155.4
EK202310122057,140.03333333333333
EK202310206279,151.4
EK202310241236,156.96666666666667
EK202310107469,126.7
EK202310236549,132.36666666666667
EK202310144138,150.76666666666668
EK202310212131,132.96666666666667
EK202310112701,139.0
EK202310163659,129.73333333333332
EK202310172713,135.8
EK202310175303,139.03333333333333
EK202310129678,135.76666666666668
EK202310204116,153.23333333333332
EK202310226565,142.93333333333334
EK202310177622,134.86666666666667
EK202310173275,149.6
EK202310108694,134.76666666666668
EK202310124863,137.56666666666666
EK202310209698,140.43333333333334
EK202310155502,143.23333333333332
EK202310160025,136.46666666666667
EK202310219991,138.96666666666667
EK202310229114,136.86666666666667
EK202310179717,151.7
EK202310112666,140.7
EK202310122607,127.96666666666667
EK202310203774,128.26666666666668
EK202310167012,135.06666666666666
EK202310177207,142.83333333333334
EK202310108755,135.13333333333333
EK202310235791,146.3
EK202310193173,170.13333333333333
EK202310226669,149.53333333333333
EK202310241591,141.63333333333333
EK202310139673,146.2
EK202310245678,157.26666666666668
EK202320005871,145.93333333333334
EK202310146553,137.56666666666666
EK202310110812,161.96666666666667
EK202310163248,160.76666666666668
EK202310198120,148.16666666666666
EK202310130383,161.36666666666667
EK202310165453,152.3
EK202310129296,146.8
EK202310114158,133.76666666666668
EK202310206093,163.5
EK202310178733,161.86666666666667
EK202310148785,143.66666666666666
EK202310182839,145.86666666666667
EK202310243137,134.63333333333333
EK202310180781,135.8
EK202310221757,163.03333333333333
EK202310247595,134.73333333333332
EK202310119239,150.73333333333332
EK202310174112,125.63333333333334
EK202310195036,145.63333333333333
EK202310139240,148.56666666666666
EK202310161228,166.0
EK202310124628,154.7
EK202310216201,130.33333333333334
EK202310171177,159.76666666666668
EK202310217298,135.46666666666667
EK202310105105,152.36666666666667
EK202310121917,118.8
EK202310175901,137.96666666666667
EK202310248632,136.76666666666668
EK202310168647,141.13333333333333
EK202310189433,180.2
EK202310219364,137.86666666666667
EK202310208149,137.8
EK202310115824,138.66666666666666
EK202310147437,137.13333333333333
EK202310131516,149.83333333333334
EK202310216229,155.93333333333334
EK202310143057,147.5
EK202310227618,140.13333333333333
EK202310105862,153.53333333333333
EK202310191429,152.16666666666666
EK202310114100,132.63333333333333
EK202310240658,125.96666666666667
EK202310221826,143.23333333333332
EK202310228005,147.53333333333333
EK202310114273,155.16666666666666
EK202310129611,146.26666666666668
EK202310106828,137.96666666666667
EK202310216849,144.33333333333334
EK202310217419,146.66666666666666
EK202310123260,136.16666666666666
EK202310189255,134.56666666666666
EK202310141612,142.3
EK202310115638,138.16666666666666
EK202310144626,160.43333333333334
EK202310128398,144.1
EK202310150599,144.9
EK202310209851,137.03333333333333
EK202310142306,140.83333333333334
EK202310151733,166.83333333333334
EK202310115665,139.03333333333333
EK202310144016,140.0
EK202310194248,153.36666666666667
EK202310221662,143.43333333333334
EK202310239754,128.93333333333334
EK202310183618,134.3
EK202310247966,129.23333333333332
EK202310144467,129.8
EK202310199980,135.23333333333332
EK202310147993,157.7
EK202310219732,134.0
EK202310201255,146.86666666666667
EK202310166834,165.36666666666667
EK202310188039,158.5
EK202310125812,130.26666666666668
EK202310149327,147.86666666666667
EK202310186774,164.86666666666667
EK202310131937,138.93333333333334
EK202310136858,149.86666666666667
EK202310194737,161.36666666666667
EK202310227116,140.96666666666667
EK202310188953,153.73333333333332
EK202310152825,159.56666666666666
EK202310233830,150.93333333333334
EK202310175569,140.66666666666666
EK202310127649,146.0
EK202310189873,152.93333333333334
EK202310164363,146.63333333333333
EK202310122930,138.86666666666667
EK202310159410,136.36666666666667
EK202310150191,127.33333333333333
EK202310174699,131.73333333333332
EK202310184344,160.1
EK202310142972,149.33333333333334
EK202310136313,138.76666666666668
EK202310159605,152.73333333333332
EK202310211606,139.06666666666666
EK202310194487,141.96666666666667
EK202310109553,136.66666666666666
EK202310121906,133.73333333333332
EK202310132283,145.86666666666667
EK202310156330,149.33333333333334
EK202310109685,147.16666666666666
EK202310166453,142.6
EK202310235141,141.9
EK202310242155,140.3
EK202310171093,135.03333333333333
EK202310157094,135.46666666666667
EK202310157497,149.5
EK202310112679,140.16666666666666
EK202310201020,153.33333333333334
EK202310137760,146.63333333333333
EK202310152523,167.33333333333334
EK202310227728,140.83333333333334
EK202310194083,135.06666666666666
EK202310194984,142.7
EK202310145213,128.6
EK202310216337,138.66666666666666
EK202310189326,161.76666666666668
EK202310145361,141.56666666666666
EK202310209596,131.56666666666666
EK202310147914,167.93333333333334
EK202310210977,140.4
EK202310169601,126.16666666666667
EK202310218627,122.4
EK202310222818,138.96666666666667
EK202310175529,136.06666666666666
EK202310201612,145.23333333333332
EK202310174062,127.76666666666667
EK202310223170,134.66666666666666
EK202310225186,145.23333333333332
EK202310243838,151.63333333333333
EK202310241520,137.86666666666667
EK202310166518,141.06666666666666
EK202310113920,138.93333333333334
EK202310164784,135.4
EK202310159164,147.53333333333333
EK202310149463,152.56666666666666
EK202310227499,138.76666666666668
EK202310217794,124.8
EK202310225560,134.36666666666667
EK202310147201,148.93333333333334
EK202310128156,138.3
EK202310115240,134.56666666666666
EK202310238532,137.4
EK202310183846,143.26666666666668
EK202310144731,136.2
EK202310162390,133.5
EK202310197431,130.8
EK202310105951,140.96666666666667
EK202310204990,134.06666666666666
EK202310210191,142.4
EK202310126933,138.43333333333334
EK202310202480,136.46666666666667
EK202310111923,129.46666666666667
EK202310119216,147.43333333333334
EK202310157432,139.86666666666667
EK202310177567,148.5
EK202310131552,146.9
EK202310179248,148.16666666666666
EK202310151456,175.86666666666667
EK202310168955,138.53333333333333
EK202320007813,143.93333333333334
EK202310117010,144.73333333333332
EK202310151990,150.86666666666667
EK202310125852,140.6
EK202310136345,133.4
EK202310107482,150.83333333333334
EK202310136674,146.76666666666668
EK202310162359,147.9
EK202310130813,122.3
EK202310242095,147.33333333333334
EK202310112314,136.53333333333333
EK202310234433,137.83333333333334
EK202310202458,156.83333333333334
EK202310129103,154.53333333333333
EK202310177132,162.96666666666667
EK202310242050,158.4
EK202310232456,136.9
EK202310200214,157.73333333333332
EK202310163472,153.06666666666666
EK202310185311,143.23333333333332
EK202310228179,142.56666666666666
EK202310130371,147.46666666666667
EK202310179660,138.5
EK202310190711,148.23333333333332
EK202310246542,153.26666666666668
EK202310231496,134.0
EK202310222179,132.06666666666666
EK202310132158,131.76666666666668
EK202310167423,151.4
EK202310201349,177.83333333333334
EK202310142224,142.76666666666668
EK202310179938,134.7
EK202310223135,132.46666666666667
EK202310205817,174.06666666666666
EK202310246593,135.86666666666667
EK202310176304,154.0
EK202310130059,148.06666666666666
EK202310111192,149.96666666666667
EK202310165881,145.06666666666666
EK202310127812,147.8
EK202310190156,146.6
EK202310216483,127.53333333333333
EK202310144414,136.0
EK202310132901,135.63333333333333
EK202310154231,134.83333333333334
EK202310145897,133.9
EK202310209392,143.83333333333334
EK202310178084,133.63333333333333
EK202310125343,134.73333333333332
EK202310146816,131.23333333333332
EK202310155084,153.83333333333334
EK202310168900,143.0
EK202310185047,153.83333333333334
EK202310237486,146.56666666666666
EK202310203671,157.3
EK202310135522,152.8
EK202310159093,159.43333333333334
EK202310189257,142.03333333333333
EK202310177736,145.06666666666666
EK202310105312,131.7
EK202310242607,146.3
EK202310206314,184.96666666666667
EK202310125578,141.56666666666666
EK202310217187,154.06666666666666
EK202310239344,133.83333333333334
EK202310148598,129.3
EK202310211006,139.56666666666666
EK202310141573,142.9
EK202310208369,140.4
EK202310143928,134.0
EK202310149152,139.8
EK202310150945,134.93333333333334
EK202310158400,141.56666666666666
EK202310117629,133.43333333333334
EK202310104031,151.63333333333333
EK202310110083,147.83333333333334
EK202310178368,147.66666666666666
EK202310119686,135.63333333333333
EK202310143618,151.2
EK202310120487,163.96666666666667
EK202310219395,141.56666666666666
EK202310112376,140.83333333333334
EK202310201306,142.96666666666667
EK202310228811,153.66666666666666
EK202310171144,138.53333333333333
EK202310196110,155.23333333333332
EK202310115076,141.96666666666667
EK202310106850,143.36666666666667
EK202310224133,143.2
EK202310138595,135.8
EK202310197537,153.06666666666666
EK202310190665,135.46666666666667
EK202310148759,144.9
EK202310243283,138.16666666666666
EK202310159395,154.93333333333334
EK202310114620,144.86666666666667
EK202310111786,139.66666666666666
EK202310179340,138.33333333333334
EK202310246360,148.76666666666668
EK202310165546,123.93333333333334
EK202310231626,136.4
EK202310154298,143.36666666666667
EK202310234468,139.43333333333334
EK202310216859,162.33333333333334
EK202310159904,183.03333333333333
EK202310122874,132.7
EK202310226448,139.36666666666667
EK202310109658,145.6
EK202310248327,143.33333333333334
EK202310240275,132.46666666666667
EK202310160292,129.86666666666667
EK202310130749,140.9
EK202310208708,139.9
EK202310184600,152.46666666666667
EK202310136202,141.03333333333333
EK202310118993,161.8
EK202310135570,174.56666666666666
EK202310144234,135.46666666666667
EK202310232831,141.5
EK202310190714,147.83333333333334
EK202310237590,149.46666666666667
EK202310105068,137.76666666666668
EK202310233087,137.4
EK202310174797,169.36666666666667
EK202310241325,163.5
EK202310003548,141.96666666666667
EK202310226491,142.93333333333334
EK202310111356,137.73333333333332
EK202310246019,150.56666666666666
EK202310104422,136.8
EK202310140919,139.7
EK202310247367,135.9
EK202310108141,148.43333333333334
EK202310202875,170.46666666666667
EK202310132953,132.8
EK202310163551,143.4
EK202310155719,138.43333333333334
EK202310128169,147.0
EK202310227798,133.9
EK202310112895,148.46666666666667
EK202310110637,134.53333333333333
EK202310111099,161.76666666666668
EK202310160891,139.83333333333334
EK202310174833,158.26666666666668
EK202310133014,130.86666666666667
EK202310229258,144.23333333333332
EK202310191591,143.13333333333333
EK202310190178,137.83333333333334
EK202310227882,141.63333333333333
EK202310248423,149.5
EK202310199669,160.16666666666666
EK202310178419,151.26666666666668
EK202310229489,132.2
EK202310109158,160.43333333333334
EK202310167700,139.46666666666667
EK202310183769,141.43333333333334
EK202320007189,159.1
EK202310119946,141.93333333333334
EK202310171685,153.66666666666666
EK202310237171,143.93333333333334
EK202310114451,128.7
EK202310200193,130.83333333333334
EK202310211187,136.9
EK202310163649,160.26666666666668
EK202310128906,138.96666666666667
EK202310155349,146.1
EK202310226103,142.6
EK202310130867,144.2
EK202310144735,126.16666666666667
EK202310131002,125.66666666666667
EK202310147837,136.23333333333332
EK202310182788,133.26666666666668
EK202310130743,125.03333333333333
EK202310195554,149.26666666666668
EK202310111296,144.43333333333334
EK202310109329,132.3
EK202310003505,139.26666666666668
EK202310182130,150.8
EK202310158028,149.03333333333333
EK202310156165,159.63333333333333
EK202310210442,143.66666666666666
EK202310182184,159.8
EK202310198996,125.06666666666666
EK202310141171,140.2
EK202310223224,141.96666666666667
EK202310186527,138.93333333333334
EK202310155114,158.2
EK202310176069,153.3
EK202310129120,148.8
EK202310189707,151.63333333333333
EK202310116275,144.93333333333334
EK202310208833,147.06666666666666
EK202310197309,155.76666666666668
EK202310213895,130.96666666666667
EK202310208737,148.66666666666666
EK202310200447,136.73333333333332
EK202310152283,144.33333333333334
EK202310220449,152.3
EK202310110949,143.66666666666666
EK202310209106,167.93333333333334
EK202310223835,140.7
EK202310230881,147.96666666666667
EK202310122186,144.46666666666667
EK202310170304,150.9
EK202310193993,154.56666666666666
EK202310141761,151.1
EK202310127568,139.63333333333333
EK202310128895,148.46666666666667
EK202310228433,142.4
EK202310118632,156.2
EK202310104226,130.4
EK202310164491,154.73333333333332
EK202310216438,140.93333333333334
EK202310214077,150.86666666666667
EK202310247400,161.1
EK202310174422,145.2
EK202310122877,139.03333333333333
EK202310128301,160.63333333333333
EK202310121029,153.76666666666668
EK202310156904,136.56666666666666
EK202310228463,156.1
EK202310197399,131.66666666666666
EK202310210314,136.6
EK202310114247,132.86666666666667
EK202320005931,147.66666666666666
EK202310129928,167.16666666666666
EK202310213491,128.96666666666667
EK202310117524,160.33333333333334
EK202310118755,143.16666666666666
EK202310184404,135.5
EK202310227256,118.1
EK202310179166,128.76666666666668
EK202310136432,130.4
EK202310176274,138.56666666666666
EK202310151297,149.16666666666666
EK202310125109,140.76666666666668
EK202310116780,140.26666666666668
EK202310135569,150.46666666666667
EK202310134565,132.93333333333334
EK202310186448,149.83333333333334
EK202310178115,135.5
EK202310113148,146.1
EK202310228489,131.36666666666667
EK202310179723,129.56666666666666
EK202310157269,147.03333333333333
EK202310199275,138.73333333333332
EK202310233646,143.13333333333333
EK202310154900,172.86666666666667
EK202310140705,133.16666666666666
EK202310148303,169.53333333333333
EK202310216595,134.73333333333332
EK202310109916,148.03333333333333
EK202310115675,140.13333333333333
EK202310155830,138.9
EK202310218005,138.73333333333332
EK202310141563,138.66666666666666
EK202310228213,163.63333333333333
EK202310212791,146.03333333333333
EK202310194782,162.23333333333332
EK202310231645,135.8
EK202310241926,142.06666666666666
EK202310210213,126.9
EK202310134817,131.83333333333334
EK202310133386,156.0
EK202310142531,159.2
EK202310187663,139.3
EK202310117777,130.43333333333334
EK202310158245,133.2
EK202310195137,133.6
EK202310142488,161.46666666666667
EK202310187991,140.3
EK202310150662,130.46666666666667
EK202310217688,130.43333333333334
EK202310179171,140.3
EK202310127405,146.93333333333334
EK202310135392,140.36666666666667
EK202310171859,132.4
EK202310105858,140.0
EK202310158319,144.6
EK202310230414,134.0
EK202310118707,134.66666666666666
EK202310128139,138.26666666666668
EK202310186693,142.36666666666667
EK202310179495,157.26666666666668
EK202310199992,147.53333333333333
EK202310107900,147.1
EK202310139759,142.66666666666666
EK202310109278,143.46666666666667
EK202310126409,136.03333333333333
EK202310207784,136.73333333333332
EK202310236292,144.43333333333334
EK202310154556,138.73333333333332
EK202310134873,133.8
EK202310132640,140.93333333333334
EK202310228961,126.3
EK202310185810,142.53333333333333
EK202310149986,133.5
EK202310131518,152.13333333333333
EK202310121880,133.0
EK202310191180,167.33333333333334
EK202310177003,150.46666666666667
EK202310215011,160.33333333333334
EK202310146470,133.16666666666666
EK202310200272,169.86666666666667
EK202310172780,140.76666666666668
EK202310225929,131.06666666666666
EK202310145639,128.03333333333333
EK202310246707,149.26666666666668
EK202310196529,139.46666666666667
EK202310232839,150.63333333333333
EK202310140369,168.16666666666666
EK202310141325,140.96666666666667
EK202310151532,178.5
EK202310217721,139.4
EK202310189960,165.0
EK202310132726,135.23333333333332
EK202310182587,158.9
EK202310216789,178.33333333333334
EK202310187849,159.7
EK202310234305,139.96666666666667
EK202310142640,131.73333333333332
EK202310211367,142.83333333333334
EK202310237820,138.96666666666667
EK202310128311,126.76666666666667
EK202310234908,145.23333333333332
EK202310104928,148.13333333333333
EK202310124402,130.2
EK202310170954,129.13333333333333
EK202310238908,152.83333333333334
EK202310138176,128.36666666666667
EK202310150598,162.93333333333334
EK202310108952,145.26666666666668
EK202310147721,133.23333333333332
EK202310164148,141.46666666666667
EK202310164879,144.03333333333333
EK202310170715,154.8
EK202310169418,136.06666666666666
EK202310133466,142.86666666666667
EK202310133903,134.16666666666666
EK202310204671,149.23333333333332
EK202310156209,162.16666666666666
EK202310243873,148.23333333333332
EK202310134929,131.6
EK202310216695,136.06666666666666
EK202310158237,134.03333333333333
EK202310194292,143.6
EK202310103856,156.6
EK202310126627,167.26666666666668
EK202310121161,141.1
EK202310191392,144.5
EK202310245531,130.06666666666666
EK202310126763,137.6
EK202310161498,168.43333333333334
EK202310112456,160.56666666666666
EK202310191483,139.0
EK202310140746,133.0
EK202310175247,139.3
EK202310112978,141.16666666666666
EK202310115781,140.96666666666667
EK202310150028,130.06666666666666
EK202310204581,151.9
EK202310137480,141.83333333333334
EK202310191514,139.6
EK202310201678,151.16666666666666
EK202310117265,140.7
EK202310112369,132.2
EK202310208647,145.23333333333332
EK202310142602,152.26666666666668
EK202310113073,132.63333333333333
EK202310149092,134.03333333333333
EK202310162989,134.06666666666666
EK202320006610,127.76666666666667
EK202310177443,128.83333333333334
EK202310104850,131.6
EK202310126368,128.86666666666667
EK202310248204,134.6
EK202310190956,141.6
EK202310110980,141.6
EK202310154273,149.23333333333332
EK202310242223,152.16666666666666
EK202310117698,140.23333333333332
EK202310195417,157.33333333333334
EK202310145942,130.2
EK202310152887,161.06666666666666
EK202310169297,164.53333333333333
EK202310221863,133.26666666666668
EK202310199131,131.63333333333333
EK202310185529,155.5
EK202310113311,128.33333333333334
EK202310209762,140.73333333333332
EK202310164806,138.1
EK202310134642,124.0
EK202310146968,131.23333333333332
EK202310107027,135.33333333333334
EK202310226716,142.7
EK202310243795,152.93333333333334
EK202310138740,141.9
EK202310144607,130.63333333333333
EK202310244471,132.0
EK202310159052,149.96666666666667
EK202310123055,136.4
EK202310113885,133.06666666666666
EK202310199531,139.3
EK202310236118,137.16666666666666
EK202310137888,137.46666666666667
EK202310215531,165.06666666666666
EK202310185054,141.86666666666667
EK202310129573,143.4
EK202310163633,147.83333333333334
EK202310202282,146.13333333333333
EK202310143694,130.9
EK202320006080,158.06666666666666
EK202310232132,137.63333333333333
EK202310138363,155.33333333333334
EK202310193434,147.43333333333334
EK202310175511,155.06666666666666
EK202310133748,120.53333333333333
EK202310106718,137.4
EK202310188899,141.23333333333332
EK202310232574,153.96666666666667
EK202310212172,134.63333333333333
EK202310190446,144.1
EK202310113384,134.86666666666667
EK202310181368,148.56666666666666
EK202310003999,136.46666666666667
EK202310141115,140.73333333333332
EK202310109981,158.26666666666668
EK202310166769,135.6
EK202310138115,133.9
EK202310128203,164.56666666666666
EK202310206649,133.66666666666666
EK202310110780,156.86666666666667
EK202310240635,142.23333333333332
EK202310190614,142.9
EK202310129881,151.7
EK202310127835,141.13333333333333
EK202310121093,141.53333333333333
EK202310150408,124.13333333333334
EK202310164894,146.43333333333334
EK202310109584,137.13333333333333
EK202310173464,146.06666666666666
EK202310204837,157.16666666666666
EK202310152348,168.43333333333334
EK202310164097,137.73333333333332
EK202310127163,150.8
EK202310244695,156.76666666666668
EK202310229812,144.86666666666667
EK202310134538,141.66666666666666
EK202310210536,143.03333333333333
EK202310140667,150.63333333333333
EK202310141775,131.36666666666667
EK202310214180,152.73333333333332
EK202310164023,152.63333333333333
EK202310173588,136.76666666666668
EK202310170905,137.16666666666666
EK202310114396,153.63333333333333
EK202310183841,146.3
EK202310201453,148.13333333333333
EK202310113439,134.63333333333333
EK202310238212,145.46666666666667
EK202310127261,143.43333333333334
EK202310238188,144.16666666666666
EK202310206294,148.43333333333334
EK202310144833,152.66666666666666
EK202310211732,132.66666666666666
EK202310224752,155.46666666666667
EK202310193699,138.83333333333334
EK202310143520,140.6
EK202310115211,135.4
EK202310164360,155.7
EK202310117381,151.63333333333333
EK202310229483,127.8
EK202310188649,151.3
EK202310200724,136.83333333333334
EK202310144431,175.3
EK202310133572,151.46666666666667
EK202310208802,123.13333333333334
EK202310248659,137.96666666666667
EK202310131585,139.96666666666667
EK202310233777,173.76666666666668
EK202310129212,126.73333333333333
EK202310155799,131.3
EK202310229572,131.43333333333334
EK202310128875,121.43333333333334
EK202310148223,166.76666666666668
EK202310142900,144.13333333333333
EK202310183384,141.9
EK202310111421,147.86666666666667
EK202310212086,140.66666666666666
EK202310239476,132.1
EK202310131957,143.13333333333333
EK202310204264,174.6
EK202310178704,170.8
EK202310227864,125.26666666666667
EK202310169538,129.96666666666667
EK202310173784,167.5
EK202310216416,155.16666666666666
EK202310196443,138.6
EK202310214690,131.56666666666666
EK202310224533,133.7
EK202310171089,151.3
EK202310213256,154.7
EK202310136488,130.26666666666668
EK202310199625,142.23333333333332
EK202310171589,139.96666666666667
EK202310226351,143.53333333333333
EK202310106984,138.2
EK202310212070,139.03333333333333
EK202310183076,166.13333333333333
EK202310232081,145.33333333333334
EK202310126981,147.2
EK202310154523,149.06666666666666
EK202310184085,135.8
EK202310170300,147.2
EK202310218531,166.0
EK202310206452,174.0
EK202310004184,137.9
EK202310177618,132.13333333333333
EK202310222352,129.13333333333333
EK202310106506,133.76666666666668
EK202310186819,152.63333333333333
EK202310140723,139.93333333333334
EK202310238611,137.23333333333332
EK202310120555,135.33333333333334
EK202310147094,148.73333333333332
EK202310155462,141.16666666666666
EK202310105723,162.63333333333333
EK202310136398,149.63333333333333
EK202310233819,154.1
EK202310133289,142.26666666666668
EK202310230003,142.8
EK202310144991,144.53333333333333
EK202310172964,148.6
EK202310238178,137.73333333333332
EK202310126938,143.53333333333333
EK202310231506,137.03333333333333
EK202310190088,143.23333333333332
EK202310172578,146.8
EK202310153732,143.46666666666667
EK202310179604,137.83333333333334
EK202310129682,142.86666666666667
EK202310143507,137.66666666666666
EK202310155560,132.86666666666667
EK202310127202,161.83333333333334
EK202310143252,136.66666666666666
EK202310217653,132.96666666666667
EK202310173062,148.23333333333332
EK202310105294,152.9
EK202310117821,131.26666666666668
EK202310215199,132.83333333333334
EK202310241483,146.63333333333333
EK202310174150,159.16666666666666
EK202310219893,144.63333333333333
EK202310219552,134.9
EK202310136028,145.93333333333334
EK202310225636,132.26666666666668
EK202310150738,141.26666666666668
EK202310176837,133.13333333333333
EK202310172368,138.43333333333334
EK202310184904,159.23333333333332
EK202310191265,141.0
EK202310144201,133.66666666666666
EK202310139926,136.16666666666666
EK202310133343,140.6
EK202310193942,122.83333333333333
EK202310181626,162.26666666666668
EK202310138065,120.0
EK202310175111,133.96666666666667
EK202310242001,148.16666666666666
EK202310160431,138.86666666666667
EK202310169578,144.93333333333334
EK202310137385,141.33333333333334
EK202310136468,152.36666666666667
EK202310158374,134.23333333333332
EK202310108318,133.8
EK202310122270,139.86666666666667
EK202310144491,163.33333333333334
EK202310123031,130.16666666666666
EK202310155418,146.46666666666667
EK202320006341,147.9
EK202310110341,133.7
EK202310103961,153.43333333333334
EK202310003695,153.96666666666667
EK202310200040,133.03333333333333
EK202310119278,150.63333333333333
EK202310174626,164.6
EK202310153937,139.13333333333333
EK202310189548,176.86666666666667
EK202310149005,145.9
EK202310184006,175.7
EK202310129614,142.76666666666668
EK202310178276,146.4
EK202310124293,136.96666666666667
EK202310199434,148.73333333333332
EK202310111178,140.73333333333332
EK202310143329,159.5
EK202310229141,135.16666666666666
EK202310225446,134.33333333333334
EK202310133140,144.83333333333334
EK202310204388,144.9
EK202310127528,134.63333333333333
EK202310175944,155.3
EK202310205185,162.9
EK202310220142,150.66666666666666
EK202310188984,143.73333333333332
EK202310117484,170.4
EK202310222387,150.43333333333334
EK202310238376,143.7
EK202310190275,145.8
EK202310127517,138.73333333333332
EK202310148647,153.63333333333333
EK202310144619,139.26666666666668
EK202310172144,146.76666666666668
EK202310105902,141.53333333333333
EK202310169293,143.6
EK202310231168,142.13333333333333
EK202310147200,148.96666666666667
EK202310193258,145.16666666666666
EK202310134686,156.7
EK202310184958,163.93333333333334
EK202310172029,164.83333333333334
EK202310199176,142.86666666666667
EK202310232628,131.6
EK202310230800,154.96666666666667
EK202310169188,160.63333333333333
EK202310143652,136.66666666666666
EK202310210776,143.26666666666668
EK202310243268,144.93333333333334
EK202310219929,142.8
EK202320006873,138.53333333333333
EK202310142750,162.13333333333333
EK202310105033,135.86666666666667
EK202310171957,140.3
EK202310167819,143.66666666666666
EK202310224575,132.8
EK202310218984,131.4
EK202310148378,166.06666666666666
EK202310124296,124.83333333333333
EK202310153505,129.1
EK202310202475,131.66666666666666
EK202310105768,147.3
EK202310155150,159.6
EK202310131403,145.8
EK202310236965,138.2
EK202310128158,155.56666666666666
EK202310244898,110.53333333333333
EK202310168438,162.06666666666666
EK202310191063,125.13333333333334
EK202310247883,152.3
EK202310144879,138.43333333333334
EK202310248004,179.33333333333334
EK202310129311,182.36666666666667
EK202310159341,149.03333333333333
EK202310186599,134.03333333333333
EK202310003714,179.23333333333332
EK202310141937,142.56666666666666
EK202310141516,135.13333333333333
EK202310211399,141.16666666666666
EK202310133332,124.46666666666667
EK202310245637,146.43333333333334
EK202310195191,126.2
EK202310120028,148.9
EK202310238137,142.2
EK202310155822,131.16666666666666
EK202310178814,172.3
EK202310117251,137.03333333333333
EK202310134938,157.1
EK202310209690,124.86666666666666
EK202310203758,138.1
EK202310115669,146.9
EK202310104134,147.73333333333332
EK202310145861,136.6
EK202310150671,134.0
EK202310240589,143.73333333333332
EK202310212301,135.7
EK202310142614,145.46666666666667
EK202310141457,134.8
EK202310245972,153.96666666666667
EK202310150051,167.86666666666667
EK202310170670,149.23333333333332
EK202310211033,143.66666666666666
EK202310206028,145.86666666666667
EK202310116009,146.63333333333333
EK202310119459,174.9
EK202310205201,150.66666666666666
EK202320005999,145.23333333333332
EK202310137068,149.13333333333333
EK202310125205,154.13333333333333
EK202310111843,128.93333333333334
EK202310155744,151.7
EK202310189271,179.93333333333334
EK202310200042,135.96666666666667
EK202310234396,134.3
EK202310203600,142.73333333333332
EK202310206171,139.13333333333333
EK202310206072,140.73333333333332
EK202310163819,156.23333333333332
EK202310241837,156.66666666666666
EK202310122958,133.0
EK202310143934,172.06666666666666
EK202310108166,146.13333333333333
EK202310157169,175.16666666666666
EK202310152923,152.03333333333333
EK202310194312,142.96666666666667
EK202310176406,148.13333333333333
EK202310150358,147.96666666666667
EK202310219917,144.16666666666666
EK202310196050,128.6
EK202310199317,142.33333333333334
EK202310214061,154.46666666666667
EK202310122593,135.46666666666667
EK202310244955,141.96666666666667
EK202310156822,127.0
EK202310207476,135.33333333333334
EK202310158934,154.6
EK202310201930,161.26666666666668
EK202310119122,148.03333333333333
EK202310196169,174.36666666666667
EK202310201449,147.53333333333333
EK202310130630,128.4
EK202310216667,159.6
EK202310109941,101.63333333333334
EK202310200400,139.3
EK202310137456,154.63333333333333
EK202310196853,144.13333333333333
EK202310215704,142.26666666666668
EK202310135405,139.9
EK202310169616,124.46666666666667
EK202310216148,133.33333333333334
EK202310243354,139.73333333333332
EK202310228967,137.2
EK202310243234,146.56666666666666
EK202310192532,149.16666666666666
EK202310214813,146.3
EK202310104914,144.6
EK202310153816,147.1
EK202310202614,136.86666666666667
EK202310210862,149.1
EK202310170135,153.0
EK202310188088,162.0
EK202310221249,135.8
EK202310232182,133.4
EK202310185589,145.8
EK202310220140,159.5
EK202310151225,147.13333333333333
EK202310120905,144.36666666666667
EK202310125281,145.86666666666667
EK202310129594,133.5
EK202310131652,148.63333333333333
EK202310178780,145.43333333333334
EK202310199546,151.6
EK202310184333,124.56666666666666
EK202310129518,141.1
EK202310125847,154.2
EK202310146303,153.36666666666667
EK202310175806,134.8
EK202310220347,157.83333333333334
EK202310225734,136.7
EK202310240284,149.96666666666667
EK202310114155,153.76666666666668
EK202310208667,140.36666666666667
EK202310247128,149.1
EK202310218283,140.1
EK202310227443,142.76666666666668
EK202310157358,159.23333333333332
EK202310205155,137.96666666666667
EK202310189640,148.63333333333333
EK202310219047,129.9
EK202310155307,132.93333333333334
EK202310190346,135.86666666666667
EK202310186825,142.43333333333334
EK202310203583,149.43333333333334
EK202310122872,132.23333333333332
EK202310223579,149.8
EK202310134595,155.76666666666668
EK202310199315,128.5
EK202310197280,135.03333333333333
EK202310105445,147.06666666666666
EK202310170127,139.63333333333333
EK202310124087,130.96666666666667
EK202310186812,156.5
EK202310175470,132.0
EK202310178249,149.96666666666667
EK202310246428,122.3
EK202310206906,168.2
EK202320007523,161.56666666666666
EK202310106696,109.33333333333333
EK202310139497,175.23333333333332
EK202310135104,139.66666666666666
EK202310165444,162.1
EK202310150670,154.86666666666667
EK202310141326,142.86666666666667
EK202310206479,130.66666666666666
EK202310182003,155.03333333333333
EK202310240148,160.83333333333334
EK202310246934,162.76666666666668
EK202310157908,152.06666666666666
EK202310233790,135.53333333333333
EK202310227231,149.2
EK202310104197,139.7
EK202310003919,144.66666666666666
EK202310134161,127.23333333333333
EK202310132637,137.16666666666666
EK202310112692,140.16666666666666
EK202310004804,134.63333333333333
EK202310188449,164.4
EK202310161514,150.13333333333333
EK202310121257,137.73333333333332
EK202310165460,173.76666666666668
EK202310246582,135.96666666666667
EK202310182549,149.46666666666667
EK202310153021,143.56666666666666
EK202310155857,131.46666666666667
EK202310112710,133.7
EK202310193527,133.83333333333334
EK202310210851,141.46666666666667
EK202310166991,158.76666666666668
EK202310153617,155.6
EK202310162029,144.3
EK202310150898,141.93333333333334
EK202310119566,145.93333333333334
EK202310172046,159.56666666666666
EK202310113364,159.73333333333332
EK202310104697,154.4
EK202310110438,137.3
EK202310139792,136.5
EK202310108044,130.0
EK202310191154,150.96666666666667
EK202310162199,136.5
EK202310159050,148.93333333333334
EK202310127404,145.46666666666667
EK202310216583,131.13333333333333
EK202310233658,176.53333333333333
EK202310141492,125.96666666666667
EK202310203883,134.8
EK202310219043,169.36666666666667
EK202310145653,133.96666666666667
EK202310228503,140.0
EK202310179347,127.03333333333333
EK202310132009,142.83333333333334
EK202310212361,135.16666666666666
EK202310124879,134.0
EK202320006785,166.9
EK202310245990,125.63333333333334
EK202310177823,163.26666666666668
EK202310229376,136.63333333333333
EK202310181146,138.3
EK202310201989,131.8
EK202310192148,157.83333333333334
EK202310185865,134.33333333333334
EK202310149322,150.0
EK202310154759,160.13333333333333
EK202310142366,133.7
EK202310225136,168.53333333333333
EK202310140657,144.26666666666668
EK202310181056,148.2
EK202310147652,181.36666666666667
EK202310195069,137.5
EK202310186330,154.13333333333333
EK202310170880,134.8
EK202310104902,137.16666666666666
EK202310137021,151.0
EK202310112219,150.23333333333332
EK202310114567,148.76666666666668
EK202310174050,156.3
EK202310146459,144.3
EK202310125401,145.46666666666667
EK202310232042,144.66666666666666
EK202310137842,143.46666666666667
EK202310235166,154.4
EK202310123303,136.5
EK202310204672,155.66666666666666
EK202310147206,144.33333333333334
EK202310165103,172.0
EK202310246536,152.86666666666667
EK202310204665,121.4
EK202310139971,150.06666666666666
EK202310230726,137.5
EK202310217044,125.06666666666666
EK202310175720,138.13333333333333
EK202310208548,140.46666666666667
EK202310213825,129.56666666666666
EK202310196825,136.43333333333334
EK202310117004,141.9
EK202310164666,140.8
EK202310195792,146.8
EK202310195121,133.8
EK202310188217,157.3
EK202310178996,138.8
EK202310107580,144.93333333333334
EK202310163974,145.7
EK202310237799,130.7
EK202310232053,148.43333333333334
EK202310178319,152.4
EK202310126202,144.4
EK202310227911,139.73333333333332
EK202310109084,146.6
EK202310143067,138.7
EK202310206930,154.86666666666667
EK202310201884,136.93333333333334
EK202310130641,123.86666666666666
EK202310157121,163.3
EK202310220877,135.56666666666666
EK202310149540,146.46666666666667
EK202310169600,127.36666666666666
EK202310163175,167.1
EK202310106277,144.13333333333333
EK202310209667,132.5
EK202310119877,154.1
EK202310204499,148.0
EK202310190780,156.96666666666667
EK202310115565,152.9
EK202310195056,146.76666666666668
EK202310111373,183.03333333333333
EK202310161299,156.03333333333333
EK202310245424,147.56666666666666
EK202310246906,128.03333333333333
EK202310120316,149.26666666666668
EK202310144965,138.16666666666666
EK202310211133,131.56666666666666
EK202310167406,153.33333333333334
EK202310162901,133.33333333333334
EK202310107075,141.56666666666666
EK202310140916,156.7
EK202310143120,166.1
EK202310114506,136.63333333333333
EK202310175480,150.76666666666668
EK202310118790,126.23333333333333
EK202310169280,136.33333333333334
EK202310129297,157.53333333333333
EK202310198282,136.3
EK202310240512,156.4
EK202310192236,146.16666666666666
EK202310177577,141.26666666666668
EK202310161068,156.73333333333332
EK202310111934,124.6
EK202310155260,132.86666666666667
EK202310124483,139.43333333333334
EK202310155315,135.93333333333334
EK202310123325,141.76666666666668
EK202310149045,157.46666666666667
EK202310222163,130.7
EK202310108935,147.4
EK202310188397,156.66666666666666
EK202310110895,166.2
EK202310146042,127.53333333333333
EK202310116291,131.0
EK202310214128,176.13333333333333
EK202310122572,142.26666666666668
EK202310246206,139.6
EK202310190227,138.83333333333334
EK202310137442,156.43333333333334
EK202310240613,145.46666666666667
EK202310171036,129.66666666666666
EK202310165619,177.6
EK202310135508,158.96666666666667
EK202310203859,139.5
EK202310208937,133.6
EK202310190964,141.73333333333332
EK202310157232,159.4
EK202310233329,156.06666666666666
EK202310004857,132.43333333333334
EK202310114112,140.06666666666666
EK202310231381,142.16666666666666
EK202310183273,158.63333333333333
EK202310198133,141.9
EK202310243118,142.1
EK202310179772,145.73333333333332
EK202310177045,141.83333333333334
EK202310129608,147.26666666666668
EK202310146699,137.63333333333333
EK202310118550,138.76666666666668
EK202310236716,133.8
EK202310225924,155.63333333333333
EK202310137908,135.36666666666667
EK202310136472,136.8
EK202310227498,146.16666666666666
EK202310197540,143.7
EK202310177606,121.8
EK202310233230,142.2
EK202310129471,167.66666666666666
EK202310240950,136.43333333333334
EK202320007590,156.9
EK202310163887,136.8
EK202320007425,154.2
EK202310127560,178.26666666666668
EK202310155824,145.43333333333334
EK202310187346,134.6
EK202310200413,130.5
EK202310185717,151.56666666666666
EK202310217975,133.16666666666666
EK202310216468,138.36666666666667
EK202310201451,130.43333333333334
EK202310187386,155.4
EK202310113263,152.63333333333333
EK202310129498,139.06666666666666
EK202310168744,176.0
EK202310142626,155.56666666666666
EK202310190880,119.43333333333334
EK202310131573,141.66666666666666
EK202310220638,131.9
EK202310207069,147.4
EK202310116824,130.9
EK202310231727,144.0
EK202310184770,146.33333333333334
EK202310197350,147.0
EK202310147966,138.0
EK202310160556,138.83333333333334
EK202310242942,145.06666666666666
EK202310207659,165.26666666666668
EK202310189516,138.96666666666667
EK202310214218,153.3
EK202310105070,140.4
EK202310218843,148.53333333333333
EK202310163176,153.0
EK202310109656,140.13333333333333
EK202310004202,129.33333333333334
EK202310203545,146.4
EK202310153518,137.9
EK202310119723,143.16666666666666
EK202310122303,139.0
EK202310113636,156.96666666666667
EK202310216948,135.53333333333333
EK202310154167,132.76666666666668
EK202310122355,138.4
EK202310150417,122.9
EK202310218226,140.23333333333332
EK202310191370,139.16666666666666
EK202310146010,143.1
EK202310242320,148.06666666666666
EK202310182162,140.23333333333332
EK202310129315,145.73333333333332
EK202310106705,139.3
EK202310240258,138.0
EK202310241039,159.53333333333333
EK202310204816,144.0
EK202310142491,136.66666666666666
EK202310200125,151.46666666666667
EK202310111662,135.06666666666666
EK202310141792,142.0
EK202310242215,153.1
EK202310227322,162.13333333333333
EK202310206010,128.23333333333332
EK202310220576,133.43333333333334
EK202310169744,143.36666666666667
EK202310236130,162.96666666666667
EK202310117603,129.8
EK202310164018,137.36666666666667
EK202310173758,169.1
EK202310169263,134.83333333333334
EK202310220742,133.93333333333334
EK202310234928,151.56666666666666
EK202310133036,130.2
EK202310134185,144.43333333333334
EK202310185530,151.03333333333333
EK202310218330,158.26666666666668
EK202310220164,137.6
EK202310136625,133.4
EK202310190327,125.76666666666667
EK202310156810,138.8
EK202310235883,156.23333333333332
EK202310135135,151.46666666666667
EK202310232747,134.8
EK202310146074,133.33333333333334
EK202310170263,157.46666666666667
EK202310117439,145.4
EK202310155695,138.3
EK202310180749,133.06666666666666
EK202310165733,151.8
EK202310122820,143.6
EK202310132148,149.86666666666667
EK202310174037,141.9
EK202310116351,143.56666666666666
EK202320007454,172.16666666666666
EK202310126404,139.83333333333334
EK202310179147,135.46666666666667
EK202310119107,149.4
EK202310232208,139.4
EK202310146308,156.5
EK202310221836,153.76666666666668
EK202310241730,145.23333333333332
EK202310126972,136.06666666666666
EK202310190112,144.03333333333333
EK202310189550,162.46666666666667
EK202310167601,153.33333333333334
EK202310129178,156.06666666666666
EK202310208362,139.3
EK202310108633,137.96666666666667
EK202310119330,131.0
EK202310241595,141.93333333333334
EK202310133580,163.4
EK202310184140,153.13333333333333
EK202310243629,139.96666666666667
EK202310240837,125.3
EK202310133514,161.53333333333333
EK202310248438,152.03333333333333
EK202310144323,150.66666666666666
EK202310199263,155.83333333333334
EK202310170561,143.63333333333333
EK202320006441,154.43333333333334
EK202310156158,140.7
EK202310160966,124.56666666666666
EK202310170924,132.23333333333332
EK202310166196,161.8
EK202310180519,144.76666666666668
EK202310163021,133.8
EK202310217277,139.03333333333333
EK202310182542,150.4
EK202310187706,149.5
EK202310177424,142.23333333333332
EK202310116469,130.16666666666666
EK202310126864,147.46666666666667
EK202310171044,151.66666666666666
EK202310159422,149.43333333333334
EK202310126564,171.13333333333333
EK202310136978,127.66666666666667
EK202310227254,143.33333333333334
EK202310241407,132.26666666666668
EK202310151596,150.16666666666666
EK202310143155,134.66666666666666
EK202310003368,156.3
EK202310225579,152.46666666666667
EK202310142662,142.1
EK202310124623,154.86666666666667
EK202310117099,145.96666666666667
EK202310209488,147.96666666666667
EK202310218949,153.53333333333333
EK202310163688,139.16666666666666
EK202310233616,135.13333333333333
EK202310181063,162.5
EK202310122017,136.63333333333333
EK202310232279,135.3
EK202310188255,158.36666666666667
EK202310222087,131.9
EK202310235863,136.76666666666668
EK202310142201,163.1
EK202310142028,127.13333333333334
EK202310105750,136.63333333333333
EK202310192986,145.7
EK202310183238,146.1
EK202310184211,144.66666666666666
EK202310114501,135.1
EK202310183815,154.23333333333332
EK202310239065,141.53333333333333
EK202310203010,135.9
EK202310119934,134.06666666666666
EK202310245690,133.9
EK202310228481,138.46666666666667
EK202310115026,125.03333333333333
EK202310227715,124.9
EK202310147211,148.2
EK202310112774,140.23333333333332
EK202310213753,145.83333333333334
EK202310115799,140.56666666666666
EK202310158491,159.46666666666667
EK202310224855,138.4
EK202310175378,151.03333333333333
EK202310120852,135.33333333333334
EK202310115724,135.23333333333332
EK202310188278,161.06666666666666
EK202310218258,126.9
EK202310187357,127.26666666666667
EK202310170314,152.83333333333334
EK202310219875,137.6
EK202310198138,144.5
EK202310238879,133.7
EK202310179039,150.3
EK202310221294,125.8
EK202310181636,144.7
EK202310180030,128.73333333333332
EK202310188261,152.96666666666667
EK202310109627,141.06666666666666
EK202310218359,143.03333333333333
EK202310221160,137.86666666666667
EK202310210517,138.73333333333332
EK202310231490,136.9
EK202310142904,155.76666666666668
EK202310228183,133.6
EK202310190608,137.43333333333334
EK202310229652,136.43333333333334
EK202310201677,151.73333333333332
EK202310161948,175.86666666666667
EK202310164852,140.56666666666666
EK202310130019,152.6
EK202310137201,158.76666666666668
EK202310199958,139.6
EK202310168651,177.23333333333332
EK202310163750,140.76666666666668
EK202310164255,155.46666666666667
EK202310112200,149.56666666666666
EK202310226582,142.6
EK202310150983,133.1
EK202310117868,134.36666666666667
EK202310104519,136.56666666666666
EK202310112900,130.9
EK202310175950,148.06666666666666
EK202310132832,139.06666666666666
EK202310177022,144.33333333333334
EK202310224847,149.56666666666666
EK202310220893,164.1
EK202310140282,139.23333333333332
EK202310140130,145.3
EK202310111884,139.5
EK202310169119,141.16666666666666
EK202310114003,151.7
EK202310204840,155.43333333333334
EK202310227423,157.4
EK202310243266,136.23333333333332
EK202310224568,132.4
EK202310129159,140.83333333333334
EK202310216851,145.36666666666667
EK202310173637,138.96666666666667
EK202310137694,147.0
EK202310224949,154.86666666666667
EK202310182755,176.0
EK202310121872,128.5
EK202310199590,142.06666666666666
EK202310237216,141.86666666666667
EK202310152666,144.66666666666666
EK202310119202,151.0
EK202310154055,128.06666666666666
EK202310131194,144.03333333333333
EK202310205515,135.53333333333333
EK202310226482,131.3
EK202310131717,148.36666666666667
EK202310116461,134.66666666666666
EK202310209370,147.4
EK202310112844,127.6
EK202310148195,137.73333333333332
EK202310205500,124.76666666666667
EK202310180785,155.63333333333333
EK202310114659,152.06666666666666
EK202310206704,134.26666666666668
EK202310194100,127.1
EK202310192316,149.3
EK202310227158,144.93333333333334
EK202310210960,135.66666666666666
EK202310201569,153.3
EK202310208440,151.83333333333334
EK202310159738,151.23333333333332
EK202310167571,177.1
EK202310133506,133.4
EK202310206074,181.26666666666668
EK202310189737,142.76666666666668
EK202310168575,153.63333333333333
EK202310159786,151.66666666666666
EK202310241528,141.43333333333334
EK202310135551,149.86666666666667
EK202310154421,154.33333333333334
EK202310229939,137.8
EK202310199977,127.83333333333333
EK202310212346,134.13333333333333
EK202310240842,124.23333333333333
EK202310188648,142.93333333333334
EK202310204867,145.0
EK202310221803,133.23333333333332
EK202310216991,130.06666666666666
EK202310234267,144.2
EK202310164050,142.8
EK202310160606,123.33333333333333
EK202310163801,149.1
EK202310202607,146.23333333333332
EK202310211679,140.06666666666666
EK202310161289,130.56666666666666
EK202310216723,138.53333333333333
EK202310241675,139.8
EK202310227693,157.6
EK202310153006,127.46666666666667
EK202310152517,135.7
EK202310119296,180.73333333333332
EK202310135167,146.8
EK202310129365,145.86666666666667
EK202310224938,150.73333333333332
EK202310246031,128.66666666666666
EK202310227934,152.63333333333333
EK202310155888,131.66666666666666
EK202310112003,141.2
EK202310110042,158.76666666666668
EK202310202481,150.86666666666667
EK202310119852,145.83333333333334
EK202310191910,153.0
EK202310208404,140.66666666666666
EK202310175620,133.5
EK202310162522,165.13333333333333
EK202310141148,141.26666666666668
EK202310173552,133.4
EK202310235762,141.13333333333333
EK202310170630,138.1
EK202310215013,157.6
EK202310233350,135.8
EK202310189297,178.1
EK202310201145,174.96666666666667
EK202310128701,124.43333333333334
EK202310135409,128.63333333333333
EK202310117705,135.33333333333334
EK202310122677,128.13333333333333
EK202310193307,151.23333333333332
EK202310150126,155.03333333333333
EK202310203066,147.66666666666666
EK202310243263,158.96666666666667
EK202310147744,141.36666666666667
EK202310115839,135.93333333333334
EK202310120766,163.0
EK202310141591,142.3
EK202310171912,150.36666666666667
EK202310105341,135.76666666666668
EK202320005577,159.26666666666668
EK202310168922,176.63333333333333
EK202310241884,136.93333333333334
EK202310231171,136.73333333333332
EK202310160293,141.53333333333333
EK202310177237,132.03333333333333
EK202310003836,139.6
EK202310159624,148.0
EK202310201626,139.66666666666666
EK202310109032,151.43333333333334
EK202310139930,148.96666666666667
EK202310004116,141.46666666666667
EK202310186841,138.23333333333332
EK202310118029,137.53333333333333
EK202310239323,127.93333333333334
EK202310204171,122.93333333333334
EK202310190000,152.8
EK202310220235,151.9
EK202310200517,142.9
EK202310124822,139.5
EK202310206677,151.7
EK202310173092,130.1
EK202310140031,151.43333333333334
EK202310118392,153.63333333333333
EK202310241116,145.1
EK202310162167,137.33333333333334
EK202310165764,132.0
EK202310109757,149.53333333333333
EK202310166993,140.3
EK202310178462,158.0
EK202310236406,130.9
EK202310168692,121.73333333333333
EK202310221373,157.0
EK202310144973,128.13333333333333
EK202310125785,131.36666666666667
EK202310187049,147.0
EK202310216907,143.06666666666666
EK202310129517,134.76666666666668
EK202310195530,138.43333333333334
EK202310177392,174.93333333333334
EK202310224171,149.66666666666666
EK202310195298,145.7
EK202310196360,142.3
EK202310197685,139.46666666666667
EK202310127212,141.2
EK202310194711,149.36666666666667
EK202310134995,168.9
EK202310215322,138.16666666666666
EK202310129156,133.96666666666667
EK202310194573,178.0
EK202310107850,151.3
EK202310224151,144.46666666666667
EK202310236621,136.2
EK202310240110,138.63333333333333
EK202310151137,166.1
EK202310245976,138.73333333333332
EK202310201981,133.63333333333333
EK202310128852,139.23333333333332
EK202310105479,144.16666666666666
EK202310134237,139.1
EK202310186135,146.56666666666666
EK202310126691,138.6
EK202310230960,134.66666666666666
EK202310167746,140.76666666666668
EK202310220451,151.1
EK202310187367,126.53333333333333
EK202310211918,146.63333333333333
EK202310218758,137.9
EK202310170030,145.6
EK202310182773,146.96666666666667
EK202310132214,134.1
EK202310004044,158.7
EK202310210481,133.46666666666667
EK202310233818,156.13333333333333
EK202310134772,140.86666666666667
EK202310190788,155.2
EK202310245891,173.53333333333333
EK202310152473,145.13333333333333
EK202310173468,127.5
EK202310134860,149.46666666666667
EK202310219927,144.53333333333333
EK202310242547,139.93333333333334
EK202310190542,159.16666666666666
EK202310248304,142.0
EK202310234323,143.43333333333334
EK202310116774,135.33333333333334
EK202310162192,133.46666666666667
EK202310200226,133.63333333333333
EK202310223298,127.76666666666667
EK202310131109,146.73333333333332
EK202310170422,131.96666666666667
EK202310247958,127.93333333333334
EK202310150344,137.26666666666668
EK202310186547,156.23333333333332
EK202310159511,135.16666666666666
EK202310107832,126.23333333333333
EK202310157429,140.3
EK202310206031,132.63333333333333
EK202310153162,148.63333333333333
EK202310246453,120.96666666666667
EK202310169465,134.06666666666666
EK202310127917,140.23333333333332
EK202310230060,143.23333333333332
EK202310115986,121.9
EK202310231341,142.26666666666668
EK202310207431,161.46666666666667
EK202310115427,154.33333333333334
EK202310148216,146.7
EK202310236465,135.9
EK202310214889,147.6
EK202310183344,132.96666666666667
EK202310115563,147.96666666666667
EK202310204127,127.1
EK202310148558,162.93333333333334
EK202310239253,139.23333333333332
EK202310223421,142.63333333333333
EK202310164157,141.7
EK202310191038,132.03333333333333
EK202310206653,139.6
EK202310189587,132.46666666666667
EK202320007832,136.76666666666668
EK202310107195,131.73333333333332
EK202310154834,159.93333333333334
EK202310225399,141.33333333333334
EK202310200244,127.23333333333333
EK202310181369,140.5
EK202310238327,134.8
EK202310119929,152.3
EK202310199445,147.4
EK202310167881,148.1
EK202310134304,137.76666666666668
EK202310206774,156.7
EK202310217924,160.33333333333334
EK202310114025,132.96666666666667
EK202310153648,143.8
EK202310168223,138.43333333333334
EK202310217182,142.13333333333333
EK202310228108,161.2
EK202310106503,140.6
EK202310132704,148.7
EK202310146469,142.33333333333334
EK202310190547,144.73333333333332
EK202310131045,121.36666666666666
EK202310120149,149.16666666666666
EK202310188786,152.36666666666667
EK202310164309,161.2
EK202310141856,132.96666666666667
EK202310174571,150.13333333333333
EK202310191248,144.43333333333334
EK202310228497,128.36666666666667
EK202310248650,158.93333333333334
EK202310003518,134.73333333333332
EK202310184477,145.36666666666667
EK202310177306,152.46666666666667
EK202310124268,131.26666666666668
EK202310207962,153.3
EK202310187364,140.7
EK202310188630,176.76666666666668
EK202310183825,176.8
EK202310228647,136.96666666666667
EK202310242814,137.86666666666667
EK202310190403,128.26666666666668
EK202310152077,172.1
EK202310127706,144.06666666666666
EK202310142346,140.63333333333333
EK202310140834,142.33333333333334
EK202310124143,123.33333333333333
EK202310158418,188.46666666666667
EK202310104315,162.36666666666667
EK202310186057,129.43333333333334
EK202310175318,147.93333333333334
EK202310170196,137.43333333333334
EK202310222979,165.03333333333333
EK202310179579,132.5
EK202310131268,149.53333333333333
EK202310232636,136.03333333333333
EK202310240941,154.66666666666666
EK202310162473,149.63333333333333
EK202310214960,136.13333333333333
EK202310158148,155.36666666666667
EK202310240646,157.6
EK202310190660,154.5
EK202310137900,139.33333333333334
EK202310105369,132.23333333333332
EK202310182640,123.6
EK202310222831,154.43333333333334
EK202310158111,132.4
EK202310137268,142.86666666666667
EK202310172836,153.7
EK202310130602,132.66666666666666
EK202310116478,124.33333333333333
EK202310176354,136.66666666666666
EK202310136605,124.16666666666667
EK202310120400,134.36666666666667
EK202310138807,134.6
EK202310158128,149.93333333333334
EK202320007743,152.46666666666667
EK202310240290,151.73333333333332
EK202310176995,155.4
EK202310178489,156.93333333333334
EK202310125320,135.43333333333334
EK202310158248,142.2
EK202310115199,146.3
EK202310214342,148.5
EK202310164698,136.13333333333333
EK202310181281,147.9
EK202310105605,134.83333333333334
EK202310117153,145.46666666666667
EK202310169108,157.7
EK202310135565,136.06666666666666
EK202310176476,142.26666666666668
EK202310245673,142.8
EK202310200545,153.23333333333332
EK202310147448,151.33333333333334
EK202310195084,144.33333333333334
EK202310228420,136.56666666666666
EK202310136789,128.93333333333334
EK202310141614,142.3
EK202310151545,185.03333333333333
EK202310183497,141.23333333333332
EK202320005693,147.56666666666666
EK202310160617,158.13333333333333
EK202310207236,132.23333333333332
EK202310123254,140.83333333333334
EK202310131721,124.76666666666667
EK202310129551,143.93333333333334
EK202310125982,134.66666666666666
EK202310129231,141.66666666666666
EK202310237005,126.53333333333333
EK202310138431,139.56666666666666
EK202310107167,146.8
EK202310180405,131.46666666666667
EK202310185138,128.86666666666667
EK202310207362,136.46666666666667
EK202310188914,147.16666666666666
EK202310157622,132.06666666666666
EK202310209933,138.53333333333333
EK202310191168,150.93333333333334
EK202310168227,127.13333333333334
EK202310211342,138.1
EK202310166980,139.83333333333334
EK202310206475,153.93333333333334
EK202310186567,148.1
EK202310227651,134.76666666666668
EK202310157161,140.76666666666668
EK202310171211,150.83333333333334
EK202310132575,137.26666666666668
EK202310135453,160.2
EK202310219005,137.66666666666666
EK202310186299,133.73333333333332
EK202310122783,165.96666666666667
EK202310112879,135.43333333333334
EK202310236548,143.4
EK202310156862,162.86666666666667
EK202310158283,157.86666666666667
EK202310220175,140.73333333333332
EK202310205692,148.76666666666668
EK202310104703,141.5
EK202310201863,127.1
EK202310175191,130.06666666666666
EK202310143809,139.2
EK202310228164,145.46666666666667
EK202310227395,153.1
EK202310170797,152.66666666666666
EK202310147520,151.26666666666668
EK202310241613,145.66666666666666
EK202310135976,149.93333333333334
EK202310248616,126.46666666666667
EK202310246754,137.53333333333333
EK202310197862,141.23333333333332
EK202310177128,148.03333333333333
EK202310232113,138.1
EK202310141746,156.16666666666666
EK202310168387,144.73333333333332
EK202310245345,147.86666666666667
EK202310209506,128.93333333333334
EK202310180792,166.36666666666667
EK202310230504,144.33333333333334
EK202310207171,142.26666666666668
EK202310123678,130.83333333333334
EK202310116185,130.7
EK202310237515,135.23333333333332
EK202310168029,145.1
EK202310226787,136.73333333333332
EK202310171773,138.7
EK202310213797,166.5
EK202310210449,136.76666666666668
EK202310200138,130.66666666666666
EK202310124561,143.73333333333332
EK202310104095,140.6
EK202310173838,132.16666666666666
EK202310188790,133.66666666666666
EK202320006026,138.0
EK202310175964,147.4
EK202310246749,120.96666666666667
EK202310211166,138.3
EK202310130296,152.8
EK202310133656,139.13333333333333
EK202310162528,155.6
EK202310232172,130.76666666666668
EK202310126678,142.96666666666667
EK202310175006,131.03333333333333
EK202310195947,137.86666666666667
EK202310175965,145.83333333333334
EK202310194000,133.53333333333333
EK202310109642,138.36666666666667
EK202310234602,139.43333333333334
EK202310216505,149.23333333333332
EK202310182057,145.7
EK202310205348,171.3
EK202310231919,142.33333333333334
EK202310143248,144.36666666666667
EK202310170516,146.26666666666668
EK202310228644,128.4
EK202310162365,139.83333333333334
EK202310221959,139.0
EK202310135830,139.3
EK202310132773,136.23333333333332
EK202310116452,142.53333333333333
EK202310125827,132.23333333333332
EK202310153615,138.13333333333333
EK202310104234,155.66666666666666
EK202310171291,134.2
EK202310143530,153.86666666666667
EK202310199377,138.33333333333334
EK202310148675,134.1
EK202310136051,150.03333333333333
EK202310108210,140.4
EK202310199466,142.43333333333334
EK202310227747,157.96666666666667
EK202310247834,142.66666666666666
EK202310241529,133.06666666666666
EK202310112144,145.06666666666666
EK202310182993,158.0
EK202310189245,145.83333333333334
EK202310160406,156.13333333333333
EK202310200045,134.46666666666667
EK202310220419,151.33333333333334
EK202310139976,142.26666666666668
EK202310004037,130.3
EK202310151229,147.63333333333333
EK202310124255,130.93333333333334
EK202310112236,150.1
EK202310169836,134.86666666666667
EK202310206379,159.86666666666667
EK202310237044,133.83333333333334
EK202310156899,157.36666666666667
EK202310135286,143.43333333333334
EK202310233848,144.13333333333333
EK202310243867,130.7
EK202310193719,141.43333333333334
EK202310115856,136.93333333333334
EK202310152769,136.73333333333332
EK202310208931,139.03333333333333
EK202310166273,142.53333333333333
EK202310174146,164.46666666666667
EK202310216893,142.83333333333334
EK202310200816,156.33333333333334
EK202310117687,139.0
EK202310109308,137.96666666666667
EK202310130253,152.76666666666668
EK202310129353,149.5
EK202310232695,138.83333333333334
EK202310168934,146.06666666666666
EK202320006147,168.53333333333333
EK202310131865,158.2
EK202310154389,156.0
EK202310144452,129.13333333333333
EK202310109772,131.76666666666668
EK202310142187,152.66666666666666
EK202310220392,144.0
EK202310185327,149.06666666666666
EK202310147396,142.06666666666666
EK202310207907,127.1
EK202310137274,144.26666666666668
EK202310192264,152.5
EK202310217353,131.5
EK202310169024,152.9
EK202310168820,125.46666666666667
EK202310156728,136.26666666666668
EK202310172897,149.6
EK202310141606,142.3
EK202310209150,154.86666666666667
EK202310242727,145.7
EK202310172918,133.66666666666666
EK202310238608,137.16666666666666
EK202310118817,144.03333333333333
EK202310209232,132.2
EK202310246528,158.03333333333333
EK202310225110,168.0
EK202310196139,169.43333333333334
EK202310183805,140.86666666666667
EK202310109611,140.0
EK202310165156,149.13333333333333
EK202310169977,155.93333333333334
EK202320005840,166.23333333333332
EK202310164548,162.86666666666667
EK202310200636,151.43333333333334
EK202310175371,151.03333333333333
EK202310149850,158.23333333333332
EK202310192563,149.36666666666667
EK202310150786,142.8
EK202310232852,142.3
EK202310129104,158.8
EK202310222400,137.83333333333334
EK202310238847,137.2
EK202310215409,135.43333333333334
EK202310132626,146.0
EK202310209457,141.1
EK202310191648,139.2
EK202310211924,134.53333333333333
EK202310123972,175.6
EK202320006941,171.1
EK202310172894,142.86666666666667
EK202310201352,161.66666666666666
EK202310246908,135.4
EK202310159957,152.93333333333334
EK202310208067,141.1
EK202310132399,164.5
EK202310154363,144.46666666666667
EK202310190672,126.13333333333334
EK202310191938,137.73333333333332
EK202310190279,143.23333333333332
EK202310205127,143.06666666666666
EK202310202799,137.36666666666667
EK202310169811,165.76666666666668
EK202310131611,139.53333333333333
EK202310124021,134.0
EK202310105652,143.73333333333332
EK202310133772,135.03333333333333
EK202310222132,144.03333333333333
EK202310187623,128.86666666666667
EK202310138088,130.63333333333333
EK202310203335,134.8
EK202310139562,152.06666666666666
EK202310239042,156.86666666666667
EK202310231151,134.73333333333332
EK202310142022,147.16666666666666
EK202310227265,139.5
EK202310122491,139.86666666666667
EK202310246498,138.03333333333333
EK202310237745,150.3
EK202310230083,143.63333333333333
EK202310239818,132.56666666666666
EK202310109374,134.33333333333334
EK202310188938,150.3
EK202310239985,132.76666666666668
EK202310190536,139.2
EK202310108454,143.33333333333334
EK202310185187,162.46666666666667
EK202310214929,161.7
EK202310163742,158.9
EK202310133341,145.83333333333334
EK202310123932,142.3
EK202310224048,146.83333333333334
EK202310194734,143.1
EK202310233579,136.6
EK202310111120,134.96666666666667
EK202310202005,121.5
EK202310170430,137.73333333333332
EK202310215966,138.76666666666668
EK202310142957,150.73333333333332
EK202310238877,128.4
EK202310197380,158.13333333333333
EK202310242798,133.33333333333334
EK202310118054,141.6
EK202310171995,138.8
EK202310156378,141.56666666666666
EK202310209380,134.16666666666666
EK202320005988,152.33333333333334
EK202310132771,138.8
EK202310196985,172.63333333333333
EK202310209813,146.06666666666666
EK202310156025,140.1
EK202310119261,150.73333333333332
EK202310200800,145.6
EK202310113114,137.7
EK202310176337,153.6
EK202310116221,138.13333333333333
EK202310185787,143.46666666666667
EK202310161101,176.3
EK202310109179,138.26666666666668
EK202310211864,143.16666666666666
EK202310233086,142.4
EK202310203086,143.03333333333333
EK202310209153,133.86666666666667
EK202320006944,143.6
EK202310124624,153.1
EK202310160066,184.26666666666668
EK202310212610,143.2
EK202310176922,148.83333333333334
EK202310221476,153.76666666666668
EK202310178896,152.96666666666667
EK202310242101,138.1
EK202310208004,147.6
EK202310217499,148.63333333333333
EK202310133817,124.2
EK202310169528,140.16666666666666
EK202310239561,159.43333333333334
EK202310158179,147.0
EK202310145688,159.56666666666666
EK202310242791,152.26666666666668
EK202310152257,138.5
EK202310137070,140.86666666666667
EK202310146130,135.86666666666667
EK202310204201,162.3
EK202310155505,135.5
EK202310154019,147.2
EK202310233453,160.16666666666666
EK202310217804,131.66666666666666
EK202310172949,150.26666666666668
EK202310188635,150.83333333333334
EK202310117443,134.4
EK202310160841,141.3
EK202310125406,147.4
EK202310182154,135.0
EK202310118807,142.66666666666666
EK202310159569,162.63333333333333
EK202310185202,174.63333333333333
EK202310240184,125.3
EK202310180957,154.53333333333333
EK202310208211,136.6
EK202310152382,137.33333333333334
EK202310174048,146.9
EK202310150319,144.33333333333334
EK202310152702,149.13333333333333
EK202310170820,128.9
EK202320007378,152.73333333333332
EK202310131773,145.43333333333334
EK202310185301,149.4
EK202310175383,144.53333333333333
EK202310170884,132.4
EK202310178300,156.13333333333333
EK202310246617,135.06666666666666
EK202310238047,135.76666666666668
EK202310208163,169.7
EK202310124260,135.13333333333333
EK202310128456,142.26666666666668
EK202310212256,135.0
EK202310234312,139.06666666666666
EK202310104195,137.6
EK202310148897,175.7
EK202310158080,144.23333333333332
EK202310219877,139.8
EK202310165158,149.53333333333333
EK202310109254,153.76666666666668
EK202310185727,136.63333333333333
EK202310143277,166.86666666666667
EK202310194994,140.06666666666666
EK202310243012,160.0
EK202310134903,132.83333333333334
EK202310231333,141.93333333333334
EK202310156732,163.46666666666667
EK202310216366,149.1
EK202310220643,167.3
EK202310165968,131.36666666666667
EK202310246411,120.96666666666667
EK202310155750,149.53333333333333
EK202310190049,165.1
EK202310004189,168.03333333333333
EK202310184691,178.36666666666667
EK202310111760,144.23333333333332
EK202310176428,130.33333333333334
EK202310152951,147.73333333333332
EK202310104263,159.7
EK202310103997,141.7
EK202310229279,137.63333333333333
EK202310157826,137.9
EK202310142511,132.66666666666666
EK202310232992,153.06666666666666
EK202320007132,151.4
EK202310180745,134.13333333333333
EK202310225853,139.03333333333333
EK202310198235,133.4
EK202310196329,167.33333333333334
EK202310223113,152.4
EK202310166045,173.46666666666667
EK202310174983,138.73333333333332
EK202310197554,149.53333333333333
EK202310215823,144.23333333333332
EK202310122372,129.43333333333334
EK202310157463,142.73333333333332
EK202310175294,148.33333333333334
EK202310004183,126.8
EK202310111002,141.2
EK202310132507,161.66666666666666
EK202310226239,145.1
EK202310160993,121.23333333333333
EK202310177494,135.8
EK202310247179,151.76666666666668
EK202310159413,144.46666666666667
EK202310205675,144.13333333333333
EK202310204805,146.53333333333333
EK202310104970,138.8
EK202310143326,159.93333333333334
EK202310104508,154.96666666666667
EK202310109138,128.1
EK202310155067,133.8
EK202310180368,156.63333333333333
EK202310174283,154.66666666666666
EK202310164563,133.73333333333332
EK202310248605,143.83333333333334
EK202310144814,146.36666666666667
EK202310151103,129.4
EK202310137749,133.66666666666666
EK202310244871,141.2
EK202310231958,146.33333333333334
EK202320006420,158.8
EK202310180132,133.4
EK202310208818,143.9
EK202310242680,140.63333333333333
EK202310124810,170.93333333333334
EK202310179535,147.63333333333333
EK202310180039,131.6
EK202310142068,149.4
EK202310241810,138.2
EK202310142213,139.03333333333333
EK202310205835,127.56666666666666
EK202310176395,131.5
EK202310108817,142.7
EK202310144432,141.3
EK202310164208,144.56666666666666
EK202310125282,133.23333333333332
EK202310110364,147.73333333333332
EK202310147767,147.3
EK202310175310,151.06666666666666
EK202310169612,127.3
EK202310177089,141.9
EK202310164613,136.76666666666668
EK202310214491,161.46666666666667
EK202310159145,173.66666666666666
EK202310148143,159.16666666666666
EK202310130196,151.23333333333332
EK202310140526,139.23333333333332
EK202310220135,140.46666666666667
EK202310116422,125.73333333333333
EK202310121781,133.0
EK202310108897,140.06666666666666
EK202310110908,146.06666666666666
EK202310219796,132.1
EK202310109152,165.3
EK202310217807,133.9
EK202310115494,137.1
EK202310221948,137.56666666666666
EK202320006012,145.6
EK202310119926,140.06666666666666
EK202310212680,139.43333333333334
EK202310004522,142.16666666666666
EK202310200665,145.9
EK202310159142,135.66666666666666
EK202310217394,167.06666666666666
EK202310247390,162.93333333333334
EK202310153429,129.16666666666666
EK202310133009,159.73333333333332
EK202310183153,133.8
EK202310223238,133.03333333333333
EK202310189167,153.13333333333333
EK202310167404,151.73333333333332
EK202310123436,148.8
EK202310201161,147.4
EK202310202874,125.23333333333333
EK202310205144,144.4
EK202310211825,125.9
EK202310119888,124.43333333333334
EK202310187594,153.9
EK202310127146,152.4
EK202310115361,138.1
EK202310122062,134.46666666666667
EK202310161120,175.9
EK202310119640,170.1
EK202310196025,158.9
EK202310239045,130.83333333333334
EK202310197374,144.96666666666667
EK202310201644,135.8
EK202310239463,141.03333333333333
EK202310234006,149.23333333333332
EK202310209744,129.3
EK202310138496,168.6
EK202310159749,168.13333333333333
EK202310199933,134.26666666666668
EK202310121772,169.1
EK202310150984,141.43333333333334
EK202310245852,119.8
EK202310129919,165.36666666666667
EK202310203657,166.03333333333333
EK202320007279,136.53333333333333
EK202310213923,135.76666666666668
EK202310004091,136.0
EK202310142372,163.93333333333334
EK202320007651,135.03333333333333
EK202310188243,148.36666666666667
EK202310162087,156.96666666666667
EK202310124791,133.5
EK202310111667,138.33333333333334
EK202310105642,131.66666666666666
EK202310196224,160.86666666666667
EK202310159474,130.53333333333333
EK202310137962,140.0
EK202310194276,145.9
EK202310155765,151.73333333333332
EK202310222240,132.63333333333333
EK202310175830,153.2
EK202310115286,146.86666666666667
EK202310179252,136.4
EK202310216929,150.93333333333334
EK202310158567,138.23333333333332
EK202310124273,132.4
EK202310162224,169.93333333333334
EK202310165570,179.76666666666668
EK202310151292,156.3
EK202310123293,132.16666666666666
EK202310151984,144.16666666666666
EK202310133891,176.53333333333333
EK202310108554,131.76666666666668
EK202310108056,150.36666666666667
EK202310208276,151.26666666666668
EK202310106720,139.4
EK202310164462,149.1
EK202310153370,167.13333333333333
EK202310156354,143.43333333333334
EK202310120895,137.46666666666667
EK202310204021,141.33333333333334
EK202310144453,162.16666666666666
EK202310187876,149.7
EK202310234386,127.96666666666667
EK202310223302,139.73333333333332
EK202310198885,135.96666666666667
EK202310133774,153.96666666666667
EK202310216355,136.46666666666667
EK202310170923,142.8
EK202310190308,134.8
EK202310116974,147.1
EK202310147600,149.2
EK202310134725,160.86666666666667
EK202310205939,126.03333333333333
EK202310166068,148.1
EK202310228965,138.43333333333334
EK202310106007,137.26666666666668
EK202310192113,155.0
EK202310168030,158.8
EK202310119751,145.26666666666668
EK202310196784,153.6
EK202310147073,149.2
EK202310215585,157.23333333333332
EK202310176737,130.73333333333332
EK202310191426,152.96666666666667
EK202310234686,138.33333333333334
EK202310173981,135.5
EK202310238285,151.86666666666667
EK202310004398,134.1
EK202310227760,143.13333333333333
EK202310228813,137.76666666666668
EK202310108999,151.56666666666666
EK202310170661,136.46666666666667
EK202310107069,139.43333333333334
EK202310107605,149.7
EK202310149427,160.9
EK202310235767,132.1
EK202310146513,146.4
EK202310134095,135.96666666666667
EK202310212824,146.53333333333333
EK202310187784,152.4
EK202310220588,144.96666666666667
EK202310171664,137.66666666666666
EK202310213580,128.43333333333334
EK202310117169,146.23333333333332
EK202310225689,123.96666666666667
EK202310228834,149.63333333333333
EK202310199085,149.36666666666667
EK202310115337,136.83333333333334
EK202310222451,143.4
EK202310120450,160.13333333333333
EK202310196902,159.06666666666666
EK202310213448,128.56666666666666
EK202310194551,163.46666666666667
EK202310210607,143.96666666666667
EK202310240625,123.4
EK202310232826,151.46666666666667
EK202310115580,153.43333333333334
EK202310230496,140.86666666666667
EK202310153896,159.0
EK202310167421,155.2
EK202310185386,146.63333333333333
EK202310226162,139.43333333333334
EK202320006296,150.13333333333333
EK202310122211,146.4
EK202310120410,148.53333333333333
EK202310135887,141.4
EK202310123262,148.23333333333332
EK202310116308,134.53333333333333
EK202310141964,143.26666666666668
EK202310114738,126.06666666666666
EK202320007799,151.13333333333333
EK202310135945,149.4
EK202310152049,132.86666666666667
EK202310159468,141.3
EK202310137922,132.06666666666666
EK202310137799,128.2
EK202310185003,157.73333333333332
EK202310183141,125.96666666666667
EK202310179706,137.73333333333332
EK202310226300,132.8
EK202310209408,147.9
EK202310224094,143.43333333333334
EK202310155840,135.23333333333332
EK202310153392,147.33333333333334
EK202310119916,153.16666666666666
EK202310189485,139.3
EK202310153973,153.33333333333334
EK202310143859,138.63333333333333
EK202310209322,154.26666666666668
EK202310219928,144.06666666666666
EK202310177843,143.76666666666668
EK202310235521,149.03333333333333
EK202310227218,139.73333333333332
EK202310120634,151.7
EK202310237236,126.06666666666666
EK202310174275,158.23333333333332
EK202310207517,148.33333333333334
EK202310197066,143.86666666666667
EK202310235418,134.56666666666666
EK202310229043,143.33333333333334
EK202310232518,133.76666666666668
EK202310127726,139.1
EK202310216259,162.93333333333334
EK202310132033,151.7
EK202310204271,150.7
EK202310194461,179.73333333333332
EK202310202541,147.83333333333334
EK202310201397,148.7
EK202310169275,130.96666666666667
EK202310115278,153.1
EK202310157300,143.96666666666667
EK202310111329,142.4
EK202310132731,154.86666666666667
EK202310107770,146.26666666666668
EK202310131063,163.33333333333334
EK202310212722,135.66666666666666
EK202310172610,143.4
EK202310243791,130.0
EK202310219499,138.63333333333333
EK202310131588,144.06666666666666
EK202310217120,127.1
EK202310172169,144.56666666666666
EK202310133205,135.36666666666667
EK202310190824,153.23333333333332
EK202310119229,142.36666666666667
EK202310172059,153.23333333333332
EK202320006521,135.13333333333333
EK202310221989,150.86666666666667
EK202310178785,177.36666666666667
EK202310183830,131.36666666666667
EK202310168297,147.46666666666667
EK202310127675,126.3
EK202310172854,136.7
EK202310176515,141.53333333333333
EK202310154731,162.26666666666668
EK202310213784,164.4
EK202310150574,137.66666666666666
EK202310130454,144.03333333333333
EK202310131489,142.7
EK202310174498,144.3
EK202310103853,156.3
EK202320007395,161.63333333333333
EK202310182375,133.8
EK202310146376,145.23333333333332
EK202310236179,137.06666666666666
EK202310149241,136.5
EK202310135136,136.86666666666667
EK202310140867,135.53333333333333
EK202310223502,151.03333333333333
EK202310243943,139.0
EK202310174164,147.66666666666666
EK202310158044,139.76666666666668
EK202310148103,138.13333333333333
EK202310156336,158.06666666666666
EK202310190263,149.1
EK202310176162,161.86666666666667
EK202310129272,143.63333333333333
EK202310199173,130.63333333333333
EK202310150794,156.3
EK202310207717,159.9
EK202310109712,127.53333333333333
EK202310142567,146.86666666666667
EK202310117141,159.53333333333333
EK202310204093,140.0
EK202310241706,145.26666666666668
EK202310183611,161.63333333333333
EK202310233211,144.83333333333334
EK202320005748,150.23333333333332
EK202310124159,148.5
EK202310138315,141.43333333333334
EK202310193796,187.16666666666666
EK202310218166,172.0
EK202310229779,134.36666666666667
EK202310131658,144.33333333333334
EK202310229978,127.0
EK202310171658,133.93333333333334
EK202310121521,127.1
EK202310190841,166.66666666666666
EK202310104228,135.4
EK202310113040,129.2
EK202310131735,146.23333333333332
EK202310170151,142.0
EK202310124366,123.36666666666666
EK202310149451,149.23333333333332
EK202310206552,138.46666666666667
EK202310129905,143.23333333333332
EK202310227850,134.43333333333334
EK202310235398,140.9
EK202310218108,117.26666666666667
EK202310157681,132.43333333333334
EK202310214538,136.56666666666666
EK202310201752,143.66666666666666
EK202310105353,142.7
EK202310106768,140.26666666666668
EK202310200116,161.86666666666667
EK202310127715,132.03333333333333
EK202310105124,136.43333333333334
EK202310198102,140.03333333333333
EK202310106141,144.36666666666667
EK202310165059,150.06666666666666
EK202310163969,153.46666666666667
EK202310163911,145.13333333333333
EK202310160055,151.1
EK202310126497,134.4
EK202310189545,162.63333333333333
EK202310187535,147.53333333333333
EK202310224997,125.3
EK202310147587,124.5
EK202310130969,134.96666666666667
EK202310157178,163.9
EK202310150244,134.33333333333334
EK202310114255,154.06666666666666
EK202310214855,151.6
EK202310158832,160.63333333333333
EK202310143631,130.06666666666666
EK202310206903,159.06666666666666
EK202310213965,151.33333333333334
EK202310140974,156.5
EK202310243752,149.2
EK202310230647,156.7
EK202310110490,139.23333333333332
EK202310168466,138.83333333333334
EK202310138755,153.6
EK202310169502,130.3
EK202310203430,161.3
EK202310163679,150.03333333333333
EK202310157628,139.93333333333334
EK202310224841,134.56666666666666
EK202310153096,168.6
EK202310116043,128.93333333333334
EK202310201955,136.76666666666668
EK202310240755,142.5
EK202310215391,183.0
EK202310120508,135.66666666666666
EK202310166816,134.46666666666667
EK202310197615,166.76666666666668
EK202310149113,163.16666666666666
EK202310187571,140.3
EK202310234394,133.36666666666667
EK202310204787,147.5
EK202310170562,167.5
EK202310158575,157.06666666666666
EK202310200164,137.56666666666666
EK202310167493,124.03333333333333
EK202310181034,134.93333333333334
EK202310167070,139.7
EK202310221166,127.1
EK202310157175,136.36666666666667
EK202310148464,147.53333333333333
EK202310143208,139.36666666666667
EK202310139027,137.13333333333333
EK202310224872,134.06666666666666
EK202310173761,141.83333333333334
EK202310234649,138.93333333333334
EK202310134946,160.86666666666667
EK202310132145,142.3
EK202310124351,131.56666666666666
EK202310240711,137.23333333333332
EK202310228181,136.33333333333334
EK202310152792,134.66666666666666
EK202310218480,156.4
EK202310233680,146.0
EK202310226082,149.23333333333332
EK202310166293,144.36666666666667
EK202310178413,169.63333333333333
EK202310192848,143.33333333333334
EK202310169316,140.53333333333333
EK202320006913,141.33333333333334
EK202310108324,137.16666666666666
EK202310209693,155.1
EK202310108004,173.66666666666666
EK202310198846,154.2
EK202310219677,145.3
EK202310164857,147.1
EK202310147656,179.73333333333332
EK202310145013,132.3
EK202310147368,164.06666666666666
EK202310170036,134.43333333333334
EK202310120376,143.0
EK202310150683,144.0
EK202310240238,150.8
EK202310217185,158.1
EK202310164586,160.26666666666668
EK202310198428,141.36666666666667
EK202310233407,134.76666666666668
EK202310163412,136.33333333333334
EK202310151118,147.16666666666666
EK202310206940,170.53333333333333
EK202310229350,122.36666666666666
EK202310118968,161.2
EK202320006106,155.1
EK202310201360,136.76666666666668
EK202310214617,160.43333333333334
EK202310230798,145.83333333333334
EK202310131993,128.46666666666667
EK202310165856,175.9
EK202310208421,137.7
EK202310140732,135.76666666666668
EK202310134224,152.23333333333332
EK202310108759,134.06666666666666
EK202310115586,148.7
EK202310166328,133.93333333333334
EK202310104171,141.16666666666666
EK202310218466,130.6
EK202310186769,146.66666666666666
EK202310231774,131.53333333333333
EK202310130856,132.9
EK202310199243,155.16666666666666
EK202310178583,154.9
EK202310231077,134.13333333333333
EK202310232984,124.06666666666666
EK202310204584,137.73333333333332
EK202310210808,134.16666666666666
EK202310243853,134.53333333333333
EK202310114871,130.1
EK202310220680,145.56666666666666
EK202310225716,140.16666666666666
EK202310171582,147.36666666666667
EK202310153093,135.26666666666668
EK202310170911,144.8
EK202310165452,176.9
EK202310235729,145.7
EK202310175158,133.6
EK202310161650,171.83333333333334
EK202310179057,149.33333333333334
EK202310173343,144.7
EK202310188221,135.5
EK202310207572,144.86666666666667
EK202310126999,149.8
EK202310121103,141.23333333333332
EK202310186391,138.8
EK202310210239,132.5
EK202310195085,141.9
EK202310160300,129.13333333333333
EK202310199891,139.16666666666666
EK202310163707,142.76666666666668
EK202310196523,155.13333333333333
EK202310234859,138.73333333333332
EK202310231803,136.3
EK202310136798,150.96666666666667
EK202310244538,152.7
EK202310004017,130.33333333333334
EK202320006492,154.36666666666667
EK202310185950,144.26666666666668
EK202310130639,128.66666666666666
EK202320005689,133.86666666666667
EK202320006687,144.46666666666667
EK202310167248,138.33333333333334
EK202310134731,122.36666666666666
EK202310179818,128.3
EK202310147913,127.93333333333334
EK202310153980,158.9
EK202310117979,133.03333333333333
EK202310149501,145.16666666666666
EK202310236960,134.26666666666668
EK202310181994,143.56666666666666
EK202310170364,128.76666666666668
EK202310173530,143.2
EK202310111439,134.63333333333333
EK202310222093,145.73333333333332
EK202310144055,140.8
EK202310214164,136.0
EK202310177168,165.7
EK202310233756,150.8
EK202310154451,153.1
EK202310193603,140.93333333333334
EK202310210012,131.96666666666667
EK202310109490,151.26666666666668
EK202310161365,152.4
EK202310153596,137.66666666666666
EK202310171021,151.0
EK202310135046,168.46666666666667
EK202310105468,134.56666666666666
EK202310180678,146.6
EK202310123763,151.5
EK202310137466,150.06666666666666
EK202310138581,181.4
EK202310221347,145.3
EK202310175567,144.9
EK202310136752,136.6
EK202310129734,152.56666666666666
EK202310120365,139.53333333333333
EK202310127797,136.33333333333334
EK202310183416,153.93333333333334
EK202310239153,153.9
EK202310222246,138.36666666666667
EK202310144082,131.36666666666667
EK202310226435,136.8
EK202310110236,143.33333333333334
EK202310172009,136.0
EK202310152432,159.93333333333334
EK202310219667,136.03333333333333
EK202310202548,151.0
EK202310179444,144.73333333333332
EK202310110933,140.4
EK202310112714,141.9
EK202310129776,147.86666666666667
EK202310184025,146.7
EK202310199495,146.7
EK202310120853,150.6
EK202310110965,143.66666666666666
EK202310125670,151.4
EK202310129995,165.2
EK202310228248,137.03333333333333
EK202310128534,127.73333333333333
EK202310183479,141.86666666666667
EK202310159882,151.16666666666666
EK202310224442,125.73333333333333
EK202310119875,141.13333333333333
EK202310165118,147.23333333333332
EK202310003461,141.8
EK202310127902,126.53333333333333
EK202310241227,157.73333333333332
EK202310177075,133.33333333333334
EK202310195321,150.23333333333332
EK202310109724,174.8
EK202310224884,130.0
EK202310246986,144.3
EK202310180027,148.63333333333333
EK202310143531,143.83333333333334
EK202310180604,133.66666666666666
EK202310241988,146.1
EK202310109076,161.5
EK202310117902,151.7
EK202310215898,148.46666666666667
EK202310134539,143.23333333333332
EK202310239440,140.43333333333334
EK202310230665,151.5
EK202310172063,151.93333333333334
EK202310126450,134.26666666666668
EK202310229116,142.16666666666666
EK202310178898,143.43333333333334
EK202310111721,144.1
EK202310170101,155.73333333333332
EK202310158581,129.33333333333334
EK202310157015,166.03333333333333
EK202310229038,139.93333333333334
EK202310222680,140.96666666666667
EK202310111285,133.76666666666668
EK202310222575,154.06666666666666
EK202310156621,163.03333333333333
EK202310199481,134.0
EK202310204046,168.9
EK202310219609,133.63333333333333
EK202310222642,129.36666666666667
EK202310199140,146.3
EK202310200730,144.03333333333333
EK202310139007,124.33333333333333
EK202310126900,133.7
EK202310228039,153.83333333333334
EK202310177276,133.9
EK202310233570,132.93333333333334
EK202310237169,151.3
EK202310238023,149.3
EK202310127838,125.03333333333333
EK202310232618,144.96666666666667
EK202310114863,142.26666666666668
EK202310196485,146.4
EK202310128223,135.93333333333334
EK202310121663,137.4
EK202310111075,130.43333333333334
EK202310131404,124.13333333333334
EK202310104361,148.43333333333334
EK202310188771,152.13333333333333
EK202310166069,163.26666666666668
EK202310225476,129.06666666666666
EK202310118945,121.1
EK202310203625,133.76666666666668
EK202310245898,142.5
EK202310197749,139.83333333333334
EK202310185073,154.93333333333334
EK202310114565,150.83333333333334
EK202310151446,178.13333333333333
EK202310206021,133.23333333333332
EK202310179791,139.1
EK202310205394,138.9
EK202310166488,175.23333333333332
EK202310106840,134.7
EK202310115082,153.16666666666666
EK202310173564,152.56666666666666
EK202310205877,156.46666666666667
EK202310152051,136.9
EK202310144703,133.7
EK202310130259,156.5
EK202310177228,146.16666666666666
EK202310218957,135.26666666666668
EK202310142498,140.66666666666666
EK202310119549,121.83333333333333
EK202310233725,146.23333333333332
EK202310233810,140.2
EK202310210342,169.1
EK202310142303,147.76666666666668
EK202310227362,146.66666666666666
EK202310212631,147.56666666666666
EK202310148066,151.66666666666666
EK202310115133,150.8
EK202310145502,141.96666666666667
EK202310151385,180.23333333333332
EK202310245859,137.6
EK202310222753,130.1
EK202310170556,156.03333333333333
EK202310186591,123.76666666666667
EK202310141795,139.26666666666668
EK202310129475,144.2
EK202310117335,147.3
EK202310219091,148.76666666666668
EK202310224742,133.33333333333334
EK202310153827,151.76666666666668
EK202310159244,136.7
EK202310218618,129.23333333333332
EK202310229622,137.5
EK202310212905,138.46666666666667
EK202310190075,134.8
EK202310190265,154.66666666666666
EK202310168559,131.4
EK202310215223,149.06666666666666
EK202310231305,143.8
EK202310220211,138.9
EK202310183222,140.06666666666666
EK202310141182,140.3
EK202310227695,142.93333333333334
EK202310233303,133.53333333333333
EK202310108658,142.33333333333334
EK202310157889,155.86666666666667
EK202310176473,133.63333333333333
EK202310235635,131.83333333333334
EK202310127390,141.2
EK202310137562,154.2
EK202310104205,140.8
EK202310174206,129.03333333333333
EK202310212816,152.76666666666668
EK202310147436,140.5
EK202310180611,135.0
EK202310210354,134.03333333333333
EK202310189663,125.8
EK202310119259,148.2
EK202310235125,142.36666666666667
EK202310246750,142.56666666666666
EK202310218896,139.66666666666666
EK202310203786,134.73333333333332
EK202310180913,136.53333333333333
EK202310124372,135.06666666666666
EK202310165379,141.43333333333334
EK202310180954,160.7
EK202310145852,144.23333333333332
EK202310236766,139.36666666666667
EK202310134276,149.0
EK202310121348,175.46666666666667
EK202310141601,142.3
EK202310128602,135.2
EK202310110423,144.43333333333334
EK202310145558,151.83333333333334
EK202310155126,142.33333333333334
EK202310148031,170.5
EK202310174648,151.56666666666666
EK202310107125,172.66666666666666
EK202310206336,186.23333333333332
EK202310244639,139.5
EK202310225703,126.3
EK202310246590,152.03333333333333
EK202310162037,150.83333333333334
EK202310214389,149.56666666666666
EK202310186078,156.63333333333333
EK202310237892,151.86666666666667
EK202310139019,134.86666666666667
EK202310144411,136.0
EK202310121887,131.86666666666667
EK202310182472,142.03333333333333
EK202310110577,150.1
EK202310217458,151.53333333333333
EK202310206751,147.86666666666667
EK202310135834,138.66666666666666
EK202310129936,138.5
EK202310193629,151.13333333333333
EK202310109058,122.83333333333333
EK202310229608,144.63333333333333
EK202310201686,141.93333333333334
EK202310206823,135.66666666666666
EK202310109660,142.06666666666666
EK202310202418,142.3
EK202310140335,132.46666666666667
EK202310198168,142.26666666666668
EK202310117989,145.0
EK202310110082,148.86666666666667
EK202310227199,145.6
EK202310219307,143.76666666666668
EK202310236825,138.73333333333332
EK202310114629,155.26666666666668
EK202310180370,153.66666666666666
EK202310145206,151.26666666666668
EK202310108111,142.13333333333333
EK202310226175,142.9
EK202310227223,167.23333333333332
EK202310199795,149.06666666666666
EK202310228694,135.86666666666667
EK202310217385,140.83333333333334
EK202310104812,141.7
EK202310216111,136.73333333333332
EK202310176703,155.63333333333333
EK202310240602,139.76666666666668
EK202310103728,143.3
EK202310220868,127.9
EK202310114579,139.8
EK202310165033,141.26666666666668
EK202310150030,153.1
EK202310201296,156.03333333333333
EK202310105195,144.76666666666668
EK202310213553,126.6
EK202310162788,160.5
EK202310216325,135.33333333333334
EK202310144613,148.53333333333333
EK202310226580,136.0
EK202310229109,129.2
EK202310124954,181.96666666666667
EK202310205954,138.83333333333334
EK202310179712,127.96666666666667
EK202310193847,141.4
EK202310175822,130.5
EK202310116359,136.73333333333332
EK202320006662,162.5
EK202310111520,150.26666666666668
EK202310213288,141.8
EK202310191137,172.83333333333334
EK202310132404,142.03333333333333
EK202310201570,130.46666666666667
EK202310203322,138.96666666666667
EK202310143258,145.96666666666667
EK202310241669,151.96666666666667
EK202310190261,147.76666666666668
EK202310145096,132.06666666666666
EK202310231686,135.86666666666667
EK202310163789,147.6
EK202310196402,149.43333333333334
EK202310230132,147.16666666666666
EK202310155673,135.86666666666667
EK202310210437,136.66666666666666
EK202310107353,130.2
EK202310219475,150.86666666666667
EK202310232408,132.63333333333333
EK202310152774,110.76666666666667
EK202310200770,140.06666666666666
EK202310185372,154.43333333333334
EK202310119209,155.9
EK202310131238,136.23333333333332
EK202310162969,145.86666666666667
EK202310127182,146.16666666666666
EK202310245830,126.03333333333333
EK202310205893,142.16666666666666
EK202310104756,137.06666666666666
EK202310153892,140.03333333333333
EK202310244027,143.26666666666668
EK202310163145,144.23333333333332
EK202310165966,142.2
EK202310185338,146.46666666666667
EK202310004564,135.8
EK202310246545,137.4
EK202310243927,150.0
EK202310171098,139.86666666666667
EK202310226637,137.96666666666667
EK202310240501,150.1
EK202310213124,142.53333333333333
EK202310185369,130.6
EK202310184650,176.96666666666667
EK202310191710,139.5
EK202310186505,141.23333333333332
EK202310246315,145.93333333333334
EK202310128179,133.66666666666666
EK202310218717,135.96666666666667
EK202310140183,130.13333333333333
EK202310218416,123.83333333333333
EK202310104512,143.13333333333333
EK202310148024,153.13333333333333
EK202310211056,142.23333333333332
EK202310212788,140.63333333333333
EK202310151708,162.53333333333333
EK202310192193,140.33333333333334
EK202310147119,152.23333333333332
EK202310134171,152.03333333333333
EK202310120405,133.63333333333333
EK202310197432,131.76666666666668
EK202310116473,128.46666666666667
EK202310148941,142.03333333333333
EK202310225424,171.46666666666667
EK202310160249,146.73333333333332
EK202310177564,138.23333333333332
EK202310147712,137.53333333333333
EK202310130033,153.13333333333333
EK202310161738,137.26666666666668
EK202310225844,128.03333333333333
EK202310200581,156.36666666666667
EK202310155845,145.03333333333333
EK202310121666,130.23333333333332
EK202310124396,134.03333333333333
EK202310234458,132.66666666666666
EK202310122157,143.0
EK202310122028,150.83333333333334
EK202310178168,141.1
EK202320006120,141.23333333333332
EK202310104089,130.83333333333334
EK202310130047,135.8
EK202310233902,148.9
EK202310145593,142.8
EK202310145435,137.26666666666668
EK202310121638,139.33333333333334
EK202310175711,135.13333333333333
EK202310178650,143.6
EK202310209932,130.16666666666666
EK202310150842,141.5
EK202310176075,135.53333333333333
EK202310225913,154.8
EK202310223616,159.03333333333333
EK202310177498,124.6
EK202310210293,132.8
EK202310243077,138.43333333333334
EK202310120981,146.63333333333333
EK202310161599,139.9
EK202310199852,143.06666666666666
EK202310152182,146.6
EK202310201657,153.0
EK202310108940,148.46666666666667
EK202310167429,154.1
EK202310245926,147.16666666666666
EK202310152784,136.23333333333332
EK202310124342,129.7
EK202310161267,138.26666666666668
EK202310145118,132.96666666666667
EK202310124701,140.33333333333334
EK202310144618,146.23333333333332
EK202310233384,143.4
EK202310207039,162.4
EK202310190234,137.93333333333334
EK202310198686,145.8
EK202310120341,148.46666666666667
EK202310247847,149.3
EK202310003450,147.56666666666666
EK202310134573,137.66666666666666
EK202310116321,136.03333333333333
EK202310202729,148.46666666666667
EK202310225102,168.26666666666668
EK202320007842,155.03333333333333
EK202310185093,150.23333333333332
EK202310147662,179.7
EK202310202843,133.6
EK202310233390,139.9
EK202310136750,145.16666666666666
EK202310132231,145.13333333333333
EK202310229820,129.06666666666666
EK202310198900,131.13333333333333
EK202310112722,136.76666666666668
EK202310124481,134.96666666666667
EK202310168703,140.96666666666667
EK202310215506,145.26666666666668
EK202310227298,131.53333333333333
EK202310162425,145.63333333333333
EK202310147420,138.0
EK202310230006,151.33333333333334
EK202310107551,156.76666666666668
EK202310245496,138.73333333333332
EK202310121500,137.26666666666668
EK202310137045,126.2
EK202310004368,153.86666666666667
EK202310124048,149.03333333333333
EK202310123230,146.6
EK202310003475,133.06666666666666
EK202310129436,139.66666666666666
EK202310202223,141.7
EK202310135682,167.63333333333333
EK202310113775,163.9
EK202310143850,138.96666666666667
EK202310199362,143.7
EK202310206686,152.43333333333334
EK202310134277,144.5
EK202310244824,135.33333333333334
EK202310127241,158.1
EK202310153015,160.76666666666668
EK202310183863,136.46666666666667
EK202310194062,133.53333333333333
EK202310137570,149.33333333333334
EK202310105406,147.06666666666666
EK202310211726,140.7
EK202310140163,156.06666666666666
EK202310151370,128.46666666666667
EK202310183307,121.73333333333333
EK202310209242,132.7
EK202310201596,124.7
EK202310148319,160.83333333333334
EK202310212091,134.1
EK202310231030,138.46666666666667
EK202310111993,134.9
EK202310156211,166.8
EK202310104592,146.0
EK202310133538,141.2
EK202310143489,127.23333333333333
EK202310108608,145.6
EK202310209410,143.36666666666667
EK202310196298,174.1
EK202310200348,146.06666666666666
EK202310130825,133.8
EK202310211388,142.43333333333334
EK202310151265,137.8
EK202310161779,151.16666666666666
EK202310117949,132.03333333333333
EK202310204507,151.13333333333333
EK202310104001,133.43333333333334
EK202310217266,152.06666666666666
EK202310210738,141.63333333333333
EK202310179516,136.06666666666666
EK202310185260,143.6
EK202310117134,158.86666666666667
EK202310218620,133.36666666666667
EK202310118920,150.76666666666668
EK202310174953,155.66666666666666
EK202310235880,164.8
EK202310246765,136.26666666666668
EK202310151192,141.06666666666666
EK202310218327,132.36666666666667
EK202310184977,164.33333333333334
EK202310106156,137.33333333333334
EK202310174601,135.76666666666668
EK202310242933,131.33333333333334
EK202320006248,186.7
EK202310155266,142.83333333333334
EK202310118205,147.9
EK202320007868,137.76666666666668
EK202310122476,133.76666666666668
EK202310246704,154.7
EK202310154390,133.56666666666666
EK202310208154,132.0
EK202310130903,138.1
EK202310244992,138.93333333333334
EK202310141315,142.9
EK202310119220,164.36666666666667
EK202310245411,147.6
EK202310122328,136.5
EK202310145979,131.4
EK202310137109,124.93333333333334
EK202310107808,146.66666666666666
EK202310237598,164.26666666666668
EK202310150637,156.36666666666667
EK202310115093,142.86666666666667
EK202310121973,132.46666666666667
EK202310201313,135.33333333333334
EK202310171481,156.46666666666667
EK202310151406,179.93333333333334
EK202310201141,172.46666666666667
EK202310179223,141.1
EK202310195934,150.03333333333333
EK202310142396,163.9
EK202310161167,165.1
EK202310166581,178.4
EK202310247520,155.23333333333332
EK202310113867,132.06666666666666
EK202310124498,148.56666666666666
EK202310156133,144.06666666666666
EK202310199597,155.9
EK202310161135,150.3
EK202310215679,150.3
EK202310238774,128.2
EK202310196868,137.9
EK202310112295,139.06666666666666
EK202310235239,152.76666666666668
EK202310127731,144.6
EK202310230868,143.76666666666668
EK202310217903,130.13333333333333
EK202310172613,130.16666666666666
EK202310129229,152.6
EK202310190368,158.86666666666667
EK202310162297,140.73333333333332
EK202310222739,128.66666666666666
EK202310161749,133.4
EK202310155297,143.96666666666667
EK202310108502,157.13333333333333
EK202310130801,174.06666666666666
EK202310231593,135.83333333333334
EK202310125919,149.96666666666667
EK202310209411,137.06666666666666
EK202310179339,131.96666666666667
EK202310187200,142.93333333333334
EK202310146890,147.43333333333334
EK202310166979,138.33333333333334
EK202310237165,141.2
EK202310152579,158.36666666666667
EK202310003917,145.23333333333332
EK202310235269,146.76666666666668
EK202310108468,143.6
EK202310143968,138.43333333333334
EK202310160042,127.96666666666667
EK202310203662,137.23333333333332
EK202310151437,177.3
EK202310144465,122.9
EK202310190402,142.4
EK202310134264,137.36666666666667
EK202310234082,153.36666666666667
EK202310210958,142.06666666666666
EK202310139701,133.3
EK202310143670,155.1
EK202310144634,147.8
EK202310141663,146.13333333333333
EK202310137665,141.06666666666666
EK202310205722,141.13333333333333
EK202310151909,163.5
EK202310221195,137.0
EK202310137582,155.3
EK202310194278,146.5
EK202310128272,130.76666666666668
EK202310106468,139.06666666666666
EK202310144004,135.0
EK202310128173,149.33333333333334
EK202310111420,137.46666666666667
EK202310120296,135.23333333333332
EK202310200950,161.93333333333334
EK202310175501,138.7
EK202310120331,127.1
EK202310228878,166.9
EK202310182513,178.06666666666666
EK202310146179,122.66666666666667
EK202310122722,144.9
EK202310105824,161.66666666666666
EK202310153125,153.76666666666668
EK202310245447,140.86666666666667
EK202310119032,155.16666666666666
EK202310121833,131.33333333333334
EK202310241687,139.83333333333334
EK202310239324,144.06666666666666
EK202310164441,141.13333333333333
EK202310140020,164.6
EK202310130010,142.36666666666667
EK202310121272,142.6
EK202310155947,135.33333333333334
EK202310235396,145.5
EK202310142223,160.26666666666668
EK202310112225,144.63333333333333
EK202310169440,154.83333333333334
EK202310136706,161.56666666666666
EK202310216973,140.93333333333334
EK202310226784,141.26666666666668
EK202310221041,149.5
EK202310231770,149.76666666666668
EK202310145329,155.5
EK202310134603,143.16666666666666
EK202310186803,143.86666666666667
EK202310004747,138.1
EK202310140470,138.26666666666668
EK202310195581,131.26666666666668
EK202310150690,146.33333333333334
EK202310107903,141.7
EK202310192146,151.43333333333334
EK202310148551,164.3
EK202310106261,135.7
EK202310146170,118.4
EK202310136162,149.1
EK202310113122,141.0
EK202310163718,135.9
EK202310183205,151.96666666666667
EK202310200858,162.6
EK202310196929,160.7
EK202310171438,171.76666666666668
EK202310174765,142.76666666666668
EK202310124046,145.23333333333332
EK202310152264,142.83333333333334
EK202310213792,178.56666666666666
EK202310165171,166.56666666666666
EK202310162758,144.3
EK202310143468,144.76666666666668
EK202310180043,133.1
EK202310147871,142.66666666666666
EK202310164549,130.36666666666667
EK202310201642,135.5
EK202310109113,141.76666666666668
EK202310174688,143.76666666666668
EK202310248259,142.9
EK202310185782,130.9
EK202310110936,142.9
EK202310117421,148.33333333333334
EK202310142478,128.13333333333333
EK202310141930,137.3
EK202310243981,138.0
EK202310172266,140.43333333333334
EK202310228140,140.6
EK202310176614,147.66666666666666
EK202310233607,149.26666666666668
EK202310106233,123.73333333333333
EK202310162621,152.0
EK202310190940,142.33333333333334
EK202310219344,140.2
EK202310154188,170.66666666666666
EK202310219915,143.26666666666668
EK202310166730,150.33333333333334
EK202310117725,136.76666666666668
EK202310166726,139.73333333333332
EK202310163657,173.4
EK202310228898,158.4
EK202310184184,132.1
EK202310125372,135.46666666666667
EK202310119495,143.0
EK202310117082,136.4
EK202310146291,142.63333333333333
EK202310241466,142.73333333333332
EK202310150849,143.43333333333334
EK202310202757,161.73333333333332
EK202310182560,138.8
EK202310112973,128.06666666666666
EK202310213514,133.13333333333333
EK202310221393,147.16666666666666
EK202310158310,156.4
EK202310140347,134.76666666666668
EK202310175551,158.7
EK202310180868,135.93333333333334
EK202320006868,174.5
EK202310248257,140.83333333333334
EK202310180309,164.5
EK202310229558,139.43333333333334
EK202310115971,138.66666666666666
EK202310160935,126.96666666666667
EK202310157633,141.86666666666667
EK202310146143,132.93333333333334
EK202310186183,159.36666666666667
EK202310211422,144.33333333333334
EK202310161977,159.13333333333333
EK202320006500,155.56666666666666
EK202310150314,140.96666666666667
EK202310110846,135.16666666666666
EK202310203222,149.96666666666667
EK202310129532,150.63333333333333
EK202310129904,149.3
EK202310186467,153.73333333333332
EK202310147117,145.96666666666667
EK202310116424,135.8
EK202310149442,150.23333333333332
EK202310104505,152.23333333333332
EK202310121773,143.36666666666667
EK202310127109,152.2
EK202310201894,158.5
EK202310188361,154.96666666666667
EK202310193295,157.93333333333334
EK202310177870,147.83333333333334
EK202310113628,159.46666666666667
EK202310139300,150.93333333333334
EK202310142961,147.93333333333334
EK202310105639,126.53333333333333
EK202310200187,130.3
EK202310235386,136.93333333333334
EK202310201587,159.46666666666667
EK202310139029,138.43333333333334
EK202310170332,154.2
EK202310104539,136.6
EK202310221009,151.9
EK202310111917,147.6
EK202310155020,158.36666666666667
EK202310209995,140.93333333333334
EK202310201277,168.0
EK202310142737,157.66666666666666
EK202310226601,141.16666666666666
EK202310248195,146.0
EK202310181017,143.53333333333333
EK202310141427,144.16666666666666
EK202310231407,146.23333333333332
EK202310137086,126.46666666666667
EK202310125507,137.4
EK202310122987,122.26666666666667
EK202310200912,140.96666666666667
EK202310104251,142.06666666666666
EK202310195674,163.8
EK202310223438,136.83333333333334
EK202310153194,151.73333333333332
EK202310213990,157.9
EK202310162781,140.13333333333333
EK202310187211,156.83333333333334
EK202310176227,150.86666666666667
EK202310234676,139.9
EK202310125148,147.53333333333333
EK202310177679,148.76666666666668
EK202310120787,144.13333333333333
EK202310145311,158.2
EK202310122627,143.7
EK202310201377,146.36666666666667
EK202310212640,144.3
EK202310123690,129.06666666666666
EK202310111428,150.23333333333332
EK202310231233,138.6
EK202310205587,152.46666666666667
EK202310126571,130.43333333333334
EK202310145090,126.2
EK202320006877,162.73333333333332
EK202310172065,134.0
EK202310198983,126.66666666666667
EK202310169546,135.2
EK202310111317,139.46666666666667
EK202310119424,145.76666666666668
EK202310135345,161.9
EK202310118372,126.9
EK202310170295,155.2
EK202310190557,135.3
EK202310200195,145.3
EK202310131868,160.66666666666666
EK202310158562,168.76666666666668
EK202310150891,133.63333333333333
EK202310151386,181.56666666666666
EK202310243101,137.36666666666667
EK202310146970,130.8
EK202310194638,145.26666666666668
EK202310142085,133.0
EK202310155341,143.83333333333334
EK202310226663,131.93333333333334
EK202310183726,141.5
EK202310189308,176.5
EK202310198713,181.36666666666667
EK202310202117,168.96666666666667
EK202310163684,138.33333333333334
EK202310111102,140.5
EK202310127044,132.76666666666668
EK202310118453,141.3
EK202310128214,131.86666666666667
EK202310135042,178.3
EK202310126915,132.73333333333332
EK202310147166,147.93333333333334
EK202310233052,143.36666666666667
EK202310141703,137.36666666666667
EK202310164168,142.06666666666666
EK202310156751,168.76666666666668
EK202310146541,138.73333333333332
EK202310184817,174.5
EK202310195187,154.36666666666667
EK202310168677,142.16666666666666
EK202310188486,139.53333333333333
EK202310224018,162.36666666666667
EK202310172986,150.8
EK202310161060,160.36666666666667
EK202310178666,131.1
EK202310166665,154.43333333333334
EK202310141091,156.0
EK202310191127,142.4
EK202310189382,144.73333333333332
EK202310172890,157.13333333333333
EK202310171361,134.66666666666666
EK202310186346,136.5
EK202310189932,137.73333333333332
EK202310189293,178.73333333333332
EK202310171610,145.26666666666668
EK202310239231,133.06666666666666
EK202310201004,140.83333333333334
EK202310178301,157.43333333333334
EK202310246066,133.3
EK202310243993,154.83333333333334
EK202310240850,139.13333333333333
EK202310115127,129.86666666666667
EK202310232199,122.6
EK202310217063,143.26666666666668
EK202310115674,138.16666666666666
EK202310110226,133.03333333333333
EK202310181037,162.06666666666666
EK202310004136,135.36666666666667
EK202310159843,150.76666666666668
EK202310126952,136.33333333333334
EK202310230766,151.46666666666667
EK202310110797,134.4
EK202310231475,134.4
EK202310135719,135.53333333333333
EK202310145051,133.8
EK202310113543,153.83333333333334
EK202310159237,177.6
EK202310238856,132.33333333333334
EK202310121123,142.16666666666666
EK202310192625,153.86666666666667
EK202310170391,136.5
EK202310141783,151.96666666666667
EK202310117317,134.2
EK202310159443,120.9
EK202310224692,170.33333333333334
EK202310129133,141.3
EK202310118922,140.36666666666667
EK202310187333,137.9
EK202310149791,153.4
EK202310231752,146.93333333333334
EK202310130461,136.46666666666667
EK202310151790,137.76666666666668
EK202310156693,135.73333333333332
EK202310138274,168.63333333333333
EK202310217407,134.66666666666666
EK202310115388,155.93333333333334
EK202310145689,164.56666666666666
EK202310104824,133.06666666666666
EK202310247570,116.96666666666667
EK202310197035,136.66666666666666
EK202310230114,146.56666666666666
EK202310105854,145.96666666666667
EK202310187457,167.36666666666667
EK202310192506,159.26666666666668
EK202310140455,135.76666666666668
EK202310226538,136.33333333333334
EK202310175408,138.63333333333333
EK202310132765,142.0
EK202310193721,146.0
EK202310151285,140.1
EK202310178760,168.36666666666667
EK202310149663,124.76666666666667
EK202310219711,132.43333333333334
EK202310217272,162.1
EK202310238355,153.93333333333334
EK202310188659,151.13333333333333
EK202310205449,154.96666666666667
EK202310233265,174.43333333333334
EK202310109651,141.2
EK202310226933,131.26666666666668
EK202310159603,127.66666666666667
EK202310105868,127.63333333333334
EK202310171812,133.96666666666667
EK202310176259,158.86666666666667
EK202310122912,140.03333333333333
EK202310184013,173.93333333333334
EK202310179868,140.0
EK202310176252,162.33333333333334
EK202310239466,141.46666666666667
EK202310228949,135.03333333333333
EK202310169903,172.9
EK202310209528,144.06666666666666
EK202310213123,139.1
EK202310173452,114.66666666666667
EK202310230252,135.06666666666666
EK202310106835,135.9
EK202320007700,157.1
EK202310198359,133.33333333333334
EK202310180758,139.4
EK202310227440,132.03333333333333
EK202310239839,135.43333333333334
EK202310145401,161.43333333333334
EK202310131446,142.06666666666666
EK202310121079,142.4
EK202310159312,174.73333333333332
EK202310167080,156.96666666666667
EK202310110131,141.1
EK202310173862,132.83333333333334
EK202310184021,178.03333333333333
EK202310223793,134.93333333333334
EK202310190740,144.43333333333334
EK202310165164,152.46666666666667
EK202310136762,139.83333333333334
EK202310187434,165.73333333333332
EK202310212919,149.9
EK202310147933,149.23333333333332
EK202310217428,150.33333333333334
EK202310163195,137.16666666666666
EK202310144020,133.63333333333333
EK202310226546,138.66666666666666
EK202310172034,139.36666666666667
EK202310113666,155.3
EK202310189588,144.26666666666668
EK202310107725,155.2
EK202310195274,143.4
EK202310180008,129.36666666666667
EK202310164031,137.26666666666668
EK202310229645,136.53333333333333
EK202310125934,131.76666666666668
EK202310218196,142.03333333333333
EK202310119725,138.53333333333333
EK202310133573,148.6
EK202310219254,152.56666666666666
EK202310105775,147.13333333333333
EK202310163730,149.13333333333333
EK202310119408,163.53333333333333
EK202310134331,147.66666666666666
EK202310138761,147.83333333333334
EK202310126020,137.06666666666666
EK202310128964,148.8
EK202310225868,142.5
EK202310217967,131.83333333333334
EK202310222323,146.63333333333333
EK202310206855,140.76666666666668
EK202310152085,170.93333333333334
EK202310004023,140.96666666666667
EK202310211193,138.8
EK202310189925,137.7
EK202310152235,145.26666666666668
EK202310189056,151.96666666666667
EK202310242595,127.1
EK202310140195,136.03333333333333
EK202310181500,132.63333333333333
EK202310171216,141.66666666666666
EK202310209110,148.06666666666666
EK202310246479,138.3
EK202310194938,150.43333333333334
EK202310224895,132.83333333333334
EK202310195509,133.0
EK202310173849,126.2
EK202310116837,150.2
EK202310105574,136.4
EK202310196041,141.43333333333334
EK202310122385,151.33333333333334
EK202310193454,142.96666666666667
EK202310124125,137.4
EK202310180862,131.66666666666666
EK202310234723,139.93333333333334
EK202310126036,128.76666666666668
EK202310171137,153.5
EK202310233393,140.0
EK202310132926,131.26666666666668
EK202310160365,143.9
EK202310211274,133.13333333333333
EK202310225058,170.3
EK202310194840,139.93333333333334
EK202310216072,128.6
EK202310224888,171.5
EK202310003930,147.23333333333332
EK202310187789,160.96666666666667
EK202310237317,128.73333333333332
EK202310188643,140.8
EK202310163618,174.56666666666666
EK202310216984,136.93333333333334
EK202310243216,144.36666666666667
EK202310111010,132.36666666666667
EK202310140852,153.4
EK202310114085,146.8
EK202310123385,150.83333333333334
EK202310222159,128.6
EK202310203038,147.66666666666666
EK202320005703,157.16666666666666
EK202320006527,139.43333333333334
EK202310234277,143.23333333333332
EK202310135781,138.86666666666667
EK202310157465,149.56666666666666
EK202310178744,143.43333333333334
EK202310238253,176.4
EK202310122583,132.3
EK202310214372,143.03333333333333
EK202310174457,146.8
EK202310167149,145.96666666666667
EK202310228958,143.73333333333332
EK202310157246,146.86666666666667
EK202310148323,155.96666666666667
EK202310174823,158.86666666666667
EK202310165142,157.23333333333332
EK202310207746,138.23333333333332
EK202310245090,144.3
EK202310181612,144.83333333333334
EK202310217652,117.6
EK202310161957,148.9
EK202310116818,143.4
EK202310180631,158.46666666666667
EK202310158422,144.36666666666667
EK202310195969,164.33333333333334
EK202310226142,140.0
EK202310199652,174.23333333333332
EK202310150930,134.33333333333334
EK202310148331,153.3
EK202310189171,149.4
EK202310194950,151.9
EK202310242729,131.5
EK202310221050,134.2
EK202310105169,144.0
EK202310231810,136.36666666666667
EK202310201600,166.43333333333334
EK202310173892,134.6
EK202310103909,145.36666666666667
EK202310207543,136.36666666666667
EK202310217532,127.53333333333333
EK202310131408,133.86666666666667
EK202310216303,139.53333333333333
EK202310207214,137.6
EK202310237069,140.26666666666668
EK202310130210,165.13333333333333
EK202310148179,146.23333333333332
EK202310230098,131.06666666666666
EK202310106540,136.2
EK202310247875,137.06666666666666
EK202310131197,154.8
EK202310213017,151.13333333333333
EK202310226797,142.73333333333332
EK202310124853,131.83333333333334
EK202310219648,135.76666666666668
EK202310242013,154.33333333333334
EK202310190443,124.3
EK202310142718,131.03333333333333
EK202310173178,134.16666666666666
EK202310125534,138.53333333333333
EK202310122118,132.83333333333334
EK202310151782,153.8
EK202310142165,136.9
EK202310120956,141.73333333333332
EK202310158163,154.06666666666666
EK202310110021,141.76666666666668
EK202310196057,157.83333333333334
EK202310199008,157.0
EK202310003987,161.16666666666666
EK202310240352,154.26666666666668
EK202310165694,133.43333333333334
EK202310232204,131.36666666666667
EK202310125243,138.8
EK202310171212,141.03333333333333
EK202310165904,142.26666666666668
EK202310156703,134.16666666666666
EK202310161254,138.9
EK202310141589,142.3
EK202310139870,173.5
EK202310003550,145.6
EK202310004721,139.86666666666667
EK202310237716,148.13333333333333
EK202310162213,145.7
EK202310231470,134.4
EK202310165710,153.0
EK202310219597,128.06666666666666
EK202310177018,163.13333333333333
EK202310113173,155.83333333333334
EK202310161177,146.6
EK202310105482,133.83333333333334
EK202310178942,152.46666666666667
EK202310105694,149.83333333333334
EK202310120998,132.63333333333333
EK202310216864,167.26666666666668
EK202310198211,147.8
EK202310118620,162.13333333333333
EK202310221238,142.86666666666667
EK202310161217,152.6
EK202310218766,139.73333333333332
EK202310128213,131.63333333333333
EK202310137523,153.6
EK202310210262,137.9
EK202310155407,128.86666666666667
EK202310156355,142.93333333333334
EK202310171504,155.63333333333333
EK202310205541,135.96666666666667
EK202310165351,143.36666666666667
EK202310247442,152.23333333333332
EK202310131239,130.63333333333333
EK202310169672,139.4
EK202310118977,161.96666666666667
EK202310235793,118.1
EK202310200392,146.5
EK202310164965,132.8
EK202310171249,146.66666666666666
EK202310106318,132.1
EK202310237266,162.63333333333333
EK202310147471,158.8
EK202310194031,135.8
EK202310192307,165.86666666666667
EK202310181117,126.5
EK202310116526,147.5
EK202310194824,178.56666666666666
EK202310162842,166.73333333333332
EK202310181349,118.66666666666667
EK202310164261,165.33333333333334
EK202310131101,144.0
EK202310151625,151.2
EK202310141286,144.83333333333334
EK202310241249,158.8
EK202310212872,128.73333333333332
EK202310226815,140.93333333333334
EK202310141152,146.16666666666666
EK202310235794,133.63333333333333
EK202310229993,143.16666666666666
EK202310147668,181.23333333333332
EK202310164475,153.96666666666667
EK202310110039,150.66666666666666
EK202310187421,129.26666666666668
EK202310215044,160.76666666666668
EK202310105965,138.06666666666666
EK202310120150,147.33333333333334
EK202310201212,166.06666666666666
EK202310127536,150.0
EK202310165403,135.46666666666667
EK202310135385,131.73333333333332
EK202310159428,162.26666666666668
EK202310214834,140.63333333333333
EK202310130931,153.8
EK202310206054,180.36666666666667
EK202310112744,141.53333333333333
EK202310242341,139.83333333333334
EK202310159100,149.4
EK202310186817,140.4
EK202310187749,141.93333333333334
EK202310246213,139.1
EK202310202813,138.06666666666666
EK202310119983,132.93333333333334
EK202310241219,158.7
EK202310195435,158.6
EK202310199454,139.0
EK202310194920,158.66666666666666
EK202310151167,146.26666666666668
EK202310204930,141.8
EK202310210621,133.5
EK202310234981,146.9
EK202310218747,143.3
EK202310125674,136.83333333333334
EK202310004025,172.66666666666666
EK202310131481,142.1
EK202310162994,141.73333333333332
EK202310232677,138.53333333333333
EK202310004278,151.56666666666666
EK202310108810,145.53333333333333
EK202310225683,148.7
EK202310115846,138.56666666666666
EK202310003668,146.43333333333334
EK202310153044,146.83333333333334
EK202310206782,159.86666666666667
EK202310198360,149.83333333333334
EK202310103708,153.26666666666668
EK202310138116,128.03333333333333
EK202310160576,139.96666666666667
EK202310183081,142.53333333333333
EK202310105137,135.26666666666668
EK202310170115,161.53333333333333
EK202310116604,158.56666666666666
EK202310236944,147.16666666666666
EK202310175444,142.53333333333333
EK202310150908,141.16666666666666
EK202310204946,157.8
EK202310139272,142.63333333333333
EK202310173841,130.06666666666666
EK202310241566,149.2
EK202310140944,147.16666666666666
EK202310166702,127.53333333333333
EK202310172479,133.76666666666668
EK202310209418,136.43333333333334
EK202310165364,156.2
EK202310170685,159.16666666666666
EK202310137383,133.43333333333334
EK202310208374,141.8
EK202310124992,138.23333333333332
EK202310227242,163.5
EK202310200684,171.2
EK202310137981,130.8
EK202310183855,158.6
EK202310120432,148.86666666666667
EK202310128607,138.73333333333332
EK202310146775,139.8
EK202310175473,141.33333333333334
EK202310194578,178.66666666666666
EK202310199456,110.1
EK202310114576,149.43333333333334
EK202310232002,146.6
EK202310133113,151.5
EK202310177757,156.5
EK202310106035,142.9
EK202310161565,148.26666666666668
EK202310110506,142.6
EK202310206193,140.43333333333334
EK202310134593,167.2
EK202310157521,164.16666666666666
EK202310142924,159.73333333333332
EK202310237263,151.46666666666667
EK202310170297,154.63333333333333
EK202310106326,135.83333333333334
EK202310128380,137.46666666666667
EK202310222238,133.33333333333334
EK202310194876,166.06666666666666
EK202310228783,149.86666666666667
EK202310186905,150.9
EK202310116223,145.83333333333334
EK202310124674,141.73333333333332
EK202310164997,149.1
EK202310164834,145.0
EK202310207829,128.03333333333333
EK202310156532,179.66666666666666
EK202310129196,143.46666666666667
EK202310119383,148.96666666666667
EK202310246942,140.83333333333334
EK202310108008,142.9
EK202310209225,138.86666666666667
EK202310191622,181.16666666666666
EK202310207087,168.66666666666666
EK202310152145,151.2
EK202310130483,160.5
EK202310218772,137.43333333333334
EK202310202740,160.5
EK202310189738,143.13333333333333
EK202310150713,152.66666666666666
EK202310235780,143.66666666666666
EK202310245036,157.9
EK202310003439,127.06666666666666
EK202310231070,132.5
EK202320006731,168.16666666666666
EK202310244442,152.5
EK202310132886,137.2
EK202310147295,181.9
EK202310133587,146.1
EK202310186397,136.03333333333333
EK202310123728,152.43333333333334
EK202310232420,148.43333333333334
EK202310233200,148.0
EK202310187145,139.13333333333333
EK202310238519,128.03333333333333
EK202310122640,137.66666666666666
EK202310114892,154.46666666666667
EK202310172340,135.4
EK202310109402,144.36666666666667
EK202310229865,125.96666666666667
EK202310202666,144.3
EK202310106916,153.66666666666666
EK202320005781,178.6
EK202310127666,134.1
EK202310224319,133.16666666666666
EK202310164602,156.0
EK202310118941,139.06666666666666
EK202310234012,148.93333333333334
EK202310199233,142.7
EK202310214877,133.9
EK202310179245,143.13333333333333
EK202310160250,147.2
EK202310219316,136.93333333333334
EK202310175330,157.63333333333333
EK202310156975,168.93333333333334
EK202310115055,148.63333333333333
EK202310112754,140.46666666666667
EK202310175770,151.0
EK202310218114,126.3
EK202310135889,138.16666666666666
EK202310245028,157.96666666666667
EK202310104852,155.9
EK202310216044,137.7
EK202310230940,138.63333333333333
EK202310198398,146.86666666666667
EK202310152619,176.76666666666668
EK202310168477,158.33333333333334
EK202310236502,132.43333333333334
EK202310112037,129.16666666666666
EK202310159871,163.23333333333332
EK202310213645,128.36666666666667
EK202310120040,133.76666666666668
EK202310183203,149.23333333333332
EK202310109200,147.46666666666667
EK202310132933,151.16666666666666
EK202310137560,132.86666666666667
EK202310177041,137.23333333333332
EK202310137910,137.43333333333334
EK202310104847,131.5
EK202310200423,135.43333333333334
EK202310187271,137.76666666666668
EK202310213803,154.9
EK202310246954,131.86666666666667
EK202310118188,153.0
EK202310134413,157.86666666666667
EK202310232546,143.06666666666666
EK202310158497,184.76666666666668
EK202320007533,139.1
EK202310174045,158.56666666666666
EK202310232493,145.6
EK202310121025,150.63333333333333
EK202310203256,151.3
EK202310142445,163.06666666666666
EK202310184247,171.2
EK202310192611,136.5
EK202310119937,169.4
EK202310231831,150.16666666666666
EK202310208214,156.73333333333332
EK202310237790,142.06666666666666
EK202310187705,136.43333333333334
EK202310209139,153.06666666666666
EK202310170634,143.5
EK202310146481,140.66666666666666
EK202310198380,154.53333333333333
EK202310226702,135.9
EK202310222936,135.6
EK202310197081,127.66666666666667
EK202310116985,140.13333333333333
EK202310223669,144.83333333333334
EK202310204735,146.86666666666667
EK202310184616,140.1
EK202310148138,148.96666666666667
EK202310134199,149.66666666666666
EK202310149246,151.26666666666668
EK202310237457,141.53333333333333
EK202310160240,151.4
EK202310177402,175.16666666666666
EK202310231985,143.33333333333334
EK202310171409,146.66666666666666
EK202310176316,154.83333333333334
EK202310164869,163.6
EK202310134160,129.56666666666666
EK202310213361,139.76666666666668
EK202310204421,141.1
EK202310209884,149.8
EK202310136308,148.03333333333333
EK202310242777,144.06666666666666
EK202310193657,149.7
EK202310188052,154.43333333333334
EK202310147057,147.5
EK202310153768,138.06666666666666
EK202310144579,134.26666666666668
EK202310198362,146.83333333333334
EK202310105880,147.13333333333333
EK202310171799,127.86666666666666
EK202310120109,144.1
EK202310216065,130.53333333333333
EK202310170495,149.33333333333334
EK202310125667,183.86666666666667
EK202310105906,129.46666666666667
EK202310003424,142.53333333333333
EK202310195264,135.13333333333333
EK202310130646,132.66666666666666
EK202310115346,138.5
EK202310106003,136.66666666666666
EK202310193189,165.23333333333332
EK202310120005,129.93333333333334
EK202310225659,151.0
EK202310187329,165.46666666666667
EK202310234854,136.63333333333333
EK202310245195,154.43333333333334
EK202310245177,142.9
EK202310229481,143.13333333333333
EK202310218683,136.16666666666666
EK202310232957,143.96666666666667
EK202310244525,125.83333333333333
EK202310238364,140.16666666666666
EK202310233731,143.43333333333334
EK202310114718,135.73333333333332
EK202310152186,152.0
EK202310217521,134.4
EK202310183796,144.23333333333332
EK202310218461,123.56666666666666
EK202310113523,157.43333333333334
EK202310149413,165.9
EK202310115324,138.4
EK202310104367,151.83333333333334
EK202310124772,124.06666666666666
EK202310195448,153.73333333333332
EK202310211731,131.96666666666667
EK202310162193,140.9
EK202310187308,139.6
EK202310129859,166.96666666666667
EK202310170962,148.26666666666668
EK202310235749,135.8
EK202320007870,152.63333333333333
EK202310154838,149.9
EK202310206242,138.83333333333334
EK202310209717,142.26666666666668
EK202310247573,167.76666666666668
EK202310113989,126.43333333333334
EK202310152196,150.13333333333333
EK202310183083,133.66666666666666
EK202310234475,153.53333333333333
EK202310234459,131.36666666666667
EK202310106650,176.6
EK202310117634,132.33333333333334
EK202310128279,129.66666666666666
EK202310158721,136.13333333333333
EK202310234607,136.03333333333333
EK202310149804,159.56666666666666
EK202310242352,125.33333333333333
EK202310126148,139.53333333333333
EK202310165882,137.73333333333332
EK202310137378,161.2
EK202310112801,132.5
EK202310119995,130.73333333333332
EK202310123123,140.53333333333333
EK202310190387,137.66666666666666
EK202310226519,130.76666666666668
EK202310129375,144.26666666666668
EK202310245192,144.76666666666668
EK202310215168,135.66666666666666
EK202310137434,132.33333333333334
EK202310194720,143.0
EK202310201666,145.93333333333334
EK202310193830,186.4
EK202310178910,134.03333333333333
EK202310110446,142.7
EK202310166237,138.63333333333333
EK202310180109,170.2
EK202310146375,136.73333333333332
EK202310227332,124.06666666666666
EK202310241765,157.3
EK202310229368,115.3
EK202310135373,130.3
EK202310169663,154.16666666666666
EK202310236365,139.53333333333333
EK202310182601,131.46666666666667
EK202310144591,133.9
EK202310203065,147.83333333333334
EK202310185758,145.1
EK202310105204,140.56666666666666
EK202310150175,139.83333333333334
EK202310172599,151.93333333333334
EK202310145266,158.8
EK202310004647,154.43333333333334
EK202310242466,151.2
EK202310167834,139.9
EK202310225932,131.86666666666667
EK202310132329,149.46666666666667
EK202310123888,147.2
EK202310208707,153.46666666666667
EK202310201294,154.9
EK202310233641,136.2
EK202310140113,145.93333333333334
EK202310218544,141.16666666666666
EK202310219472,132.83333333333334
EK202310143848,136.93333333333334
EK202310134434,148.9
EK202310236630,132.96666666666667
EK202310198379,145.8
EK202310222797,138.16666666666666
EK202310248842,134.06666666666666
EK202310132974,136.03333333333333
EK202310235130,139.5
EK202310238228,137.73333333333332
EK202310226782,138.66666666666666
EK202310210339,138.8
EK202310189790,139.2
EK202310187315,175.73333333333332
EK202310171801,135.36666666666667
EK202310123573,134.86666666666667
EK202310172773,146.96666666666667
EK202310139716,143.4
EK202310110431,147.33333333333334
EK202310189055,136.33333333333334
EK202310124983,144.63333333333333
EK202310190155,142.86666666666667
EK202310238929,134.76666666666668
EK202310180436,136.03333333333333
EK202310230021,154.43333333333334
EK202310181912,153.83333333333334
EK202310178377,157.76666666666668
EK202310145374,130.0
EK202310126596,129.2
EK202310225731,138.56666666666666
EK202310138678,139.73333333333332
EK202310172372,137.53333333333333
EK202310116119,135.3
EK202310167609,152.56666666666666
EK202310244078,148.1
EK202310217427,140.86666666666667
EK202310182904,136.2
EK202310208329,147.46666666666667
EK202310189009,146.23333333333332
EK202310114945,145.33333333333334
EK202310139882,144.7
EK202310206869,142.43333333333334
EK202310192874,149.4
EK202310216134,128.16666666666666
EK202310203212,133.16666666666666
EK202310156888,142.23333333333332
EK202310182240,147.83333333333334
EK202310141092,158.16666666666666
EK202310124359,130.06666666666666
EK202310152947,139.73333333333332
EK202310114595,148.26666666666668
EK202310146656,131.43333333333334
EK202310223051,134.73333333333332
EK202310134381,131.8
EK202310208234,152.7
EK202310169332,182.66666666666666
EK202310103907,136.63333333333333
EK202310143678,148.8
EK202310114762,124.26666666666667
EK202310120679,157.43333333333334
EK202310153376,144.33333333333334
EK202310207113,142.7
EK202310229661,130.9
EK202310219333,152.06666666666666
EK202310131040,128.93333333333334
EK202310120192,143.76666666666668
EK202310114032,132.76666666666668
EK202310178367,159.73333333333332
EK202310195835,138.66666666666666
EK202310154385,140.7
EK202310215393,177.56666666666666
EK202310107773,138.0
EK202310164250,150.36666666666667
EK202310158284,148.3
EK202310181120,137.03333333333333
EK202320007585,136.13333333333333
EK202310182248,148.9
EK202310178445,147.96666666666667
EK202310151607,159.1
EK202310114270,127.96666666666667
EK202310237697,136.5
EK202310141166,143.23333333333332
EK202310153773,142.6
EK202310129425,157.46666666666667
EK202310114483,137.86666666666667
EK202310235872,138.33333333333334
EK202310140448,127.83333333333333
EK202310140940,155.23333333333332
EK202310173832,143.53333333333333
EK202310131844,144.0
EK202310236956,128.8
EK202310166354,141.9
EK202310122182,143.83333333333334
EK202310212213,137.0
EK202310165400,150.86666666666667
EK202310148714,135.93333333333334
EK202310126880,159.33333333333334
EK202310191702,137.8
EK202310161903,144.13333333333333
EK202310223034,134.36666666666667
EK202310188051,158.63333333333333
EK202310205595,138.16666666666666
EK202310171306,133.33333333333334
EK202310246135,138.06666666666666
EK202310210097,146.66666666666666
EK202310191192,146.86666666666667
EK202310216619,134.6
EK202310153794,149.3
EK202310122914,170.0
EK202310122058,136.4
EK202310138004,127.7
EK202310221367,147.86666666666667
EK202310158770,133.73333333333332
EK202310145695,157.36666666666667
EK202310125582,128.16666666666666
EK202310136243,138.5
EK202310194117,126.83333333333333
EK202310107078,141.76666666666668
EK202310190139,138.86666666666667
EK202310156770,160.76666666666668
EK202310178929,125.0
EK202310164953,149.53333333333333
EK202310118034,147.0
EK202310227978,131.86666666666667
EK202310144597,126.6
EK202310176112,146.43333333333334
EK202310162357,141.66666666666666
EK202310176897,150.73333333333332
EK202310134145,127.03333333333333
EK202310129907,135.56666666666666
EK202310229306,137.63333333333333
EK202310198497,125.7
EK202310163561,140.73333333333332
EK202310221369,144.9
EK202310176645,146.36666666666667
EK202310157146,162.83333333333334
EK202310120273,162.43333333333334
EK202310192592,138.4
EK202310169221,162.8
EK202310191453,151.83333333333334
EK202310131848,133.5
EK202310127626,149.4
EK202310213244,139.9
EK202310137030,124.36666666666666
EK202310146412,137.73333333333332
EK202310173918,160.56666666666666
EK202310161898,164.6
EK202310106892,138.73333333333332
EK202310110349,138.1
EK202310209540,129.96666666666667
EK202310191336,139.16666666666666
EK202310114498,132.73333333333332
EK202310181006,152.13333333333333
EK202310212668,138.06666666666666
EK202310158230,154.33333333333334
EK202310004318,122.6
EK202310247144,138.7
EK202310107710,138.53333333333333
EK202310228147,131.93333333333334
EK202310143106,145.53333333333333
EK202310167345,135.56666666666666
EK202310208077,130.0
EK202320006983,132.0
EK202310243790,157.8
EK202310126443,128.03333333333333
EK202310245699,145.0
EK202310194114,146.63333333333333
EK202310195998,160.36666666666667
EK202310198935,148.03333333333333
EK202310164465,161.23333333333332
EK202310181559,142.43333333333334
EK202310194595,179.1
EK202310158381,140.63333333333333
EK202310155757,135.16666666666666
EK202310180220,149.23333333333332
EK202310179540,144.03333333333333
EK202310161312,143.83333333333334
EK202310185555,150.3
EK202310186696,137.13333333333333
EK202310161004,147.43333333333334
EK202310124318,130.1
EK202310162537,162.03333333333333
EK202310246753,141.06666666666666
EK202310225958,135.26666666666668
EK202310186853,164.16666666666666
EK202310171921,154.9
EK202310114970,132.26666666666668
EK202310215111,139.6
EK202310211062,136.13333333333333
EK202310189772,169.86666666666667
EK202310136766,140.6
EK202310126300,141.6
EK202310221810,141.06666666666666
EK202310204369,144.76666666666668
EK202310169470,157.16666666666666
EK202310189339,141.03333333333333
EK202310190063,168.9
EK202310220996,132.06666666666666
EK202310164885,144.53333333333333
EK202310191557,151.13333333333333
EK202310210576,138.63333333333333
EK202320006385,142.36666666666667
EK202310192386,137.9
EK202310129301,150.1
EK202310212266,137.76666666666668
EK202310248678,126.56666666666666
EK202310121007,147.7
EK202310158409,138.3
EK202310230262,147.4
EK202310105099,137.8
EK202310225197,135.4
EK202310141113,142.8
EK202310112350,139.2
EK202310220805,143.9
EK202310220038,137.6
EK202310153113,149.2
EK202320006647,157.86666666666667
EK202310145953,171.26666666666668
EK202310209351,132.3
EK202310202126,149.56666666666666
EK202310191102,148.73333333333332
EK202310127097,142.06666666666666
EK202310126540,132.96666666666667
EK202310202419,154.2
EK202310116857,138.03333333333333
EK202320006346,149.76666666666668
EK202310216539,138.63333333333333
EK202310224958,150.1
EK202310222877,160.46666666666667
EK202310104924,153.36666666666667
EK202310230930,155.8
EK202310176678,155.86666666666667
EK202310144934,145.93333333333334
EK202310148649,141.43333333333334
EK202310168500,156.8
EK202310150427,149.16666666666666
EK202310205648,136.06666666666666
EK202310159787,134.73333333333332
EK202310131529,145.63333333333333
EK202310173679,146.93333333333334
EK202310216340,138.16666666666666
EK202310113807,158.93333333333334
EK202310189797,146.03333333333333
EK202310172848,142.83333333333334
EK202320007206,140.96666666666667
EK202310183124,150.56666666666666
EK202310202871,160.73333333333332
EK202310195901,159.13333333333333
EK202310108242,136.0
EK202310209662,141.03333333333333
EK202310186506,139.23333333333332
EK202310241427,151.03333333333333
EK202310104646,151.96666666666667
EK202310110500,152.46666666666667
EK202310140229,133.26666666666668
EK202310197951,123.36666666666666
EK202310204251,135.53333333333333
EK202310218413,135.16666666666666
EK202310111117,180.06666666666666
EK202310153521,136.13333333333333
EK202310163012,147.43333333333334
EK202310238189,154.16666666666666
EK202310139597,169.86666666666667
EK202310239588,144.73333333333332
EK202310197135,143.2
EK202310105473,159.13333333333333
EK202310142438,168.9
EK202310238026,157.16666666666666
EK202310194838,130.53333333333333
EK202310218361,147.9
EK202310192741,162.8
EK202310193265,136.8
EK202310216986,148.06666666666666
EK202310230537,137.4
EK202310119794,150.9
EK202310170043,151.36666666666667
EK202310108833,138.66666666666666
EK202310161240,139.8
EK202310234010,145.7
EK202310109182,138.23333333333332
EK202310230972,132.23333333333332
EK202310149335,148.9
EK202310107970,150.8
EK202310149458,147.63333333333333
EK202310144815,136.46666666666667
EK202310155738,145.83333333333334
EK202310204043,152.8
EK202310150762,138.7
EK202310177738,150.9
EK202310156587,144.46666666666667
EK202310157016,147.76666666666668
EK202310206235,149.3
EK202310220646,128.73333333333332
EK202310173733,149.66666666666666
EK202310245161,146.33333333333334
EK202310246615,130.7
EK202310107283,134.36666666666667
EK202310172948,145.3
EK202310223104,153.86666666666667
EK202310137920,136.73333333333332
EK202310237485,144.9
EK202310185339,163.36666666666667
EK202310150373,157.73333333333332
EK202310181031,139.6
EK202310246036,136.3
EK202310211321,132.5
EK202310166021,137.86666666666667
EK202310104995,142.96666666666667
EK202310154804,146.5
EK202310207957,137.0
EK202310115976,141.73333333333332
EK202310146527,145.33333333333334
EK202310241764,160.53333333333333
EK202310242749,146.43333333333334
EK202310174079,145.93333333333334
EK202310246052,138.36666666666667
EK202310224322,129.83333333333334
EK202310136529,131.93333333333334
EK202320005962,149.33333333333334
EK202310220450,151.86666666666667
EK202310212212,138.53333333333333
EK202310153182,149.03333333333333
EK202310105480,134.16666666666666
EK202310125339,135.86666666666667
EK202310237988,168.16666666666666
EK202310159218,148.6
EK202310178861,127.33333333333333
EK202310146447,140.16666666666666
EK202310242533,142.9
EK202310239148,148.7
EK202310206069,182.9
EK202310209438,142.2
EK202310203458,137.13333333333333
EK202310139769,125.53333333333333
EK202310192295,149.06666666666666
EK202310213849,138.16666666666666
EK202310117386,149.83333333333334
EK202310148126,152.13333333333333
EK202310141622,142.3
EK202310203974,153.13333333333333
EK202310124862,137.03333333333333
EK202310238082,142.86666666666667
EK202310131352,127.86666666666666
EK202310123750,145.56666666666666
EK202310165127,128.6
EK202310166390,166.16666666666666
EK202310245131,138.86666666666667
EK202310191228,148.76666666666668
EK202310218338,126.76666666666667
EK202310229880,138.93333333333334
EK202310139618,142.73333333333332
EK202310166418,137.73333333333332
EK202310114847,151.76666666666668
EK202310129128,134.36666666666667
EK202310129085,137.0
EK202310208641,147.0
EK202310241385,146.4
EK202310231427,132.96666666666667
EK202310183819,166.26666666666668
EK202310103894,156.0
EK202310115562,147.7
EK202310153110,151.36666666666667
EK202310107637,140.83333333333334
EK202310003429,123.1
EK202310141699,152.03333333333333
EK202310200793,144.76666666666668
EK202310107984,144.46666666666667
EK202310113752,157.86666666666667
EK202310136157,134.53333333333333
EK202310207954,143.33333333333334
EK202310135579,134.63333333333333
EK202310166104,156.93333333333334
EK202310127366,149.63333333333333
EK202310121696,126.3
EK202310138993,143.66666666666666
EK202310207033,133.93333333333334
EK202310122660,142.6
EK202310132081,133.73333333333332
EK202310198420,134.63333333333333
EK202310144336,129.9
EK202310238656,161.73333333333332
EK202310230161,120.83333333333333
EK202310202206,161.96666666666667
EK202310213571,130.76666666666668
EK202310203092,141.46666666666667
EK202310194418,156.23333333333332
EK202310128430,153.03333333333333
EK202310225153,165.93333333333334
EK202310160344,129.23333333333332
EK202310130554,126.13333333333334
EK202310165569,179.36666666666667
EK202310199349,135.0
EK202310129160,175.1
EK202310169725,162.26666666666668
EK202310160348,148.13333333333333
EK202310126901,129.2
EK202310199923,130.63333333333333
EK202310214691,140.5
EK202310202989,152.73333333333332
EK202310117244,145.96666666666667
EK202310162223,157.4
EK202310178451,161.5
EK202310233563,136.93333333333334
EK202310109378,173.76666666666668
EK202310177478,145.86666666666667
EK202310109053,142.56666666666666
EK202310125187,134.2
EK202320005814,142.76666666666668
EK202310211630,137.9
EK202310156552,166.83333333333334
EK202310148023,160.96666666666667
EK202310166593,170.4
EK202310215548,161.06666666666666
EK202310111952,132.0
EK202310187710,141.93333333333334
EK202310157541,148.83333333333334
EK202310171275,160.0
EK202310113025,132.76666666666668
EK202310197258,153.0
EK202310112846,141.3
EK202310127206,163.93333333333334
EK202310115243,129.26666666666668
EK202310124158,150.46666666666667
EK202310145344,139.93333333333334
EK202310115574,151.3
EK202310157721,176.16666666666666
EK202310122313,143.96666666666667
EK202310139139,168.66666666666666
EK202310225769,148.7
EK202310238365,136.43333333333334
EK202310237637,142.1
EK202310109616,146.56666666666666
EK202310133259,151.6
EK202310228157,141.23333333333332
EK202310198466,150.86666666666667
EK202310106809,140.83333333333334
EK202310165950,180.03333333333333
EK202310128641,153.0
EK202310148916,148.7
EK202310114147,144.43333333333334
EK202310232304,131.26666666666668
EK202310188415,140.9
EK202310232540,149.16666666666666
EK202310207576,133.76666666666668
EK202310231963,142.46666666666667
EK202310229805,142.63333333333333
EK202310161625,138.53333333333333
EK202310223364,149.16666666666666
EK202310145207,163.26666666666668
EK202310154942,141.56666666666666
EK202310177414,171.76666666666668
EK202310151135,152.53333333333333
EK202320005867,138.0
EK202310199483,146.53333333333333
EK202310193069,145.06666666666666
EK202310231001,129.3
EK202310153397,125.93333333333334
EK202320006411,141.63333333333333
EK202310178129,142.23333333333332
EK202310158178,145.6
EK202320006728,177.9
EK202310168603,148.76666666666668
EK202310188957,148.16666666666666
EK202310134962,161.03333333333333
EK202320006232,148.76666666666668
EK202310216197,147.33333333333334
EK202310205473,124.33333333333333
EK202310177138,154.43333333333334
EK202310003578,133.6
EK202310125915,150.3
EK202310163847,125.46666666666667
EK202310175723,140.63333333333333
EK202310167304,143.26666666666668
EK202310231580,135.9
EK202310224672,129.2
EK202310231849,166.46666666666667
EK202310118283,152.63333333333333
EK202310108021,136.76666666666668
EK202310244191,151.13333333333333
EK202310176446,142.1
EK202310153144,153.03333333333333
EK202310192762,137.26666666666668
EK202310155944,131.96666666666667
EK202310122042,138.46666666666667
EK202310139279,145.0
EK202310124333,141.13333333333333
EK202310222309,136.3
EK202310237489,139.63333333333333
EK202310225285,136.0
EK202310205925,153.23333333333332
EK202310146849,144.83333333333334
EK202310155584,150.2
EK202310127840,141.0
EK202310159012,130.13333333333333
EK202310171367,139.3
EK202310179659,135.4
EK202310147533,132.56666666666666
EK202310134101,131.8
EK202310167244,145.66666666666666
EK202310134522,139.83333333333334
EK202310188890,149.43333333333334
EK202310152081,164.9
EK202310168749,150.83333333333334
EK202310185345,156.73333333333332
EK202310212863,142.8
EK202310104615,132.56666666666666
EK202310188714,143.4
EK202310148084,144.96666666666667
EK202310211875,142.9
EK202310134441,159.56666666666666
EK202310187368,140.46666666666667
EK202310142139,134.56666666666666
EK202310216736,169.23333333333332
EK202310148523,142.2
EK202310177638,144.5
EK202310191439,142.13333333333333
EK202310184957,157.46666666666667
EK202310229730,143.56666666666666
EK202310171653,146.9
EK202310119614,138.0
EK202310193277,129.3
EK202310221106,143.4
EK202310196517,143.7
EK202310186815,138.76666666666668
EK202310118791,131.6
EK202310236202,142.66666666666666
EK202310121642,150.23333333333332
EK202310228637,130.0
EK202310171042,154.2
EK202310218012,139.9
EK202310238955,138.73333333333332
EK202310169993,158.83333333333334
EK202310227859,126.13333333333334
EK202310175628,134.83333333333334
EK202310225536,140.96666666666667
EK202310194964,143.86666666666667
EK202310170946,127.73333333333333
EK202310201972,131.7
EK202310204049,140.6
EK202310238497,135.86666666666667
EK202310231256,139.36666666666667
EK202310231579,137.86666666666667
EK202310174311,142.03333333333333
EK202310192651,135.16666666666666
EK202310114496,140.0
EK202310230770,139.5
EK202310242388,138.86666666666667
EK202310114424,153.16666666666666
EK202310166798,163.2
EK202310246359,140.13333333333333
EK202310165038,128.03333333333333
EK202310197955,140.53333333333333
EK202310121307,167.83333333333334
EK202310151932,149.0
EK202310242488,137.0
EK202310105346,145.06666666666666
EK202310133118,144.16666666666666
EK202310125218,142.3
EK202310104440,138.6
EK202310238581,144.03333333333333
EK202310128830,137.3
EK202310111289,143.93333333333334
EK202310218154,141.7
EK202310184481,142.86666666666667
EK202310151857,137.36666666666667
EK202310107393,144.66666666666666
EK202310150289,147.1
EK202310113235,142.7
EK202310154628,146.13333333333333
EK202310183234,134.56666666666666
EK202310193060,154.2
EK202310142940,128.8
EK202310177291,153.43333333333334
EK202310214941,145.13333333333333
EK202310123810,141.3
EK202310234861,144.96666666666667
EK202310166088,160.43333333333334
EK202310175230,141.26666666666668
EK202310173351,147.46666666666667
EK202310246599,136.7
EK202310121468,139.2
EK202310115870,152.53333333333333
EK202310122689,147.9
EK202310104457,148.8
EK202310239958,143.56666666666666
EK202310108834,138.73333333333332
EK202310242150,144.56666666666666
EK202310127460,143.93333333333334
EK202310150161,135.26666666666668
EK202310220593,145.0
EK202310208892,142.66666666666666
EK202310116640,151.46666666666667
EK202310228102,135.46666666666667
EK202310178599,155.23333333333332
EK202310211615,134.7
EK202310208762,147.93333333333334
EK202310118517,136.13333333333333
EK202310187114,155.03333333333333
EK202310119172,148.4
EK202310131645,153.13333333333333
EK202310106254,136.53333333333333
EK202310132336,132.36666666666667
EK202310226404,156.1
EK202310196510,140.4
EK202310116508,130.16666666666666
EK202310188534,151.93333333333334
EK202310177793,146.53333333333333
EK202310206591,148.6
EK202310192097,172.93333333333334
EK202310119525,144.8
EK202310168918,138.5
EK202310004052,166.33333333333334
EK202310155004,109.96666666666667
EK202310113224,135.3
EK202310168827,151.5
EK202310151452,151.43333333333334
EK202310233171,155.26666666666668
EK202310189316,136.96666666666667
EK202310165015,122.23333333333333
EK202310191520,127.3
EK202310154021,143.76666666666668
EK202310142035,139.86666666666667
EK202310136677,150.83333333333334
EK202310193692,143.46666666666667
EK202310217638,126.66666666666667
EK202310152626,156.9
EK202310130527,142.63333333333333
EK202310219621,128.86666666666667
EK202310117231,147.36666666666667
EK202310184541,172.36666666666667
EK202310123337,160.6
EK202310004825,166.36666666666667
EK202310004105,137.86666666666667
EK202310222141,143.53333333333333
EK202310223687,139.5
EK202310004753,138.26666666666668
EK202310138231,144.8
EK202310230297,144.36666666666667
EK202310123109,138.16666666666666
EK202310118394,136.86666666666667
EK202310236285,156.06666666666666
EK202310142984,153.63333333333333
EK202310228922,134.63333333333333
EK202310180656,151.66666666666666
EK202310198343,132.9
EK202310213613,134.5
EK202310143759,137.66666666666666
EK202310243098,143.16666666666666
EK202310140826,142.43333333333334
EK202310219432,121.36666666666666
EK202310235984,132.7
EK202310112132,160.4
EK202310207139,159.86666666666667
EK202310123515,139.86666666666667
EK202310147539,134.03333333333333
EK202310201614,157.76666666666668
EK202310242651,149.23333333333332
EK202310116831,143.43333333333334
EK202310142528,160.36666666666667
EK202310158275,130.66666666666666
EK202310119240,155.3
EK202310189798,135.73333333333332
EK202310140182,132.36666666666667
EK202310104020,124.93333333333334
EK202310144562,162.7
EK202310211897,139.46666666666667
EK202310209649,156.26666666666668
EK202310224584,130.46666666666667
EK202310149915,176.63333333333333
EK202310205659,146.3
EK202310150345,157.43333333333334
EK202310228952,132.36666666666667
EK202310126648,136.13333333333333
EK202310243579,131.03333333333333
EK202310164006,154.73333333333332
EK202310108668,141.7
EK202310137775,131.63333333333333
EK202310233150,130.96666666666667
EK202310152386,146.43333333333334
EK202310166882,152.1
EK202310231895,146.76666666666668
EK202310170539,155.13333333333333
EK202310115226,137.46666666666667
EK202310214376,136.76666666666668
EK202310137712,131.73333333333332
EK202310186209,140.03333333333333
EK202310205015,140.8
EK202310106040,134.5
EK202310170557,155.33333333333334
EK202310201318,127.33333333333333
EK202310230025,134.03333333333333
EK202310112264,153.0
EK202310187559,165.9
EK202310126729,147.23333333333332
EK202310208910,126.36666666666666
EK202310131942,134.2
EK202310154020,152.13333333333333
EK202310245865,149.9
EK202310192165,153.13333333333333
EK202310172699,144.1
EK202310157236,164.6
EK202310131791,142.56666666666666
EK202310200367,144.16666666666666
EK202310152638,138.26666666666668
EK202310229854,138.83333333333334
EK202310176423,150.86666666666667
EK202310229737,133.4
EK202310203806,129.4
EK202310115409,132.43333333333334
EK202310118234,137.5
EK202310140636,168.93333333333334
EK202310240942,135.7
EK202310197687,157.93333333333334
EK202310124485,148.06666666666666
EK202310144257,134.73333333333332
EK202310218871,133.26666666666668
EK202310210772,131.1
EK202310195971,163.93333333333334
EK202310135577,137.83333333333334
EK202310203323,142.06666666666666
EK202310128855,123.26666666666667
EK202310209533,149.23333333333332
EK202310174860,152.43333333333334
EK202310132988,148.46666666666667
EK202310210555,131.5
EK202310229724,146.0
EK202310159406,178.96666666666667
EK202310206212,139.53333333333333
EK202310105258,152.1
EK202310197230,155.53333333333333
EK202310146776,139.9
EK202310171620,133.8
EK202310241357,140.9
EK202310138908,132.9
EK202310144141,179.36666666666667
EK202310183530,154.7
EK202310241996,130.8
EK202310143198,130.63333333333333
EK202310240754,145.13333333333333
EK202310120793,134.96666666666667
EK202310152995,155.2
EK202310168076,135.36666666666667
EK202310194434,161.3
EK202310231667,136.1
EK202310117230,140.26666666666668
EK202310188291,137.63333333333333
EK202310149424,148.93333333333334
EK202310128832,133.06666666666666
EK202310196168,155.5
EK202310197883,166.43333333333334
EK202310138276,177.16666666666666
EK202310170757,136.06666666666666
EK202310191340,139.56666666666666
EK202310145811,140.33333333333334
EK202310227194,145.53333333333333
EK202310111485,136.46666666666667
EK202310157083,176.16666666666666
EK202310171852,147.5
EK202310207366,142.6
EK202310145654,131.03333333333333
EK202310108850,133.23333333333332
EK202310231758,142.7
EK202310144301,141.83333333333334
EK202310201304,145.93333333333334
EK202310178159,144.66666666666666
EK202310239482,152.53333333333333
EK202310144262,141.83333333333334
EK202310143929,151.1
EK202310235952,126.63333333333334
EK202310183241,130.63333333333333
EK202310189101,163.56666666666666
EK202310171584,126.2
EK202310131328,129.16666666666666
EK202310226641,134.26666666666668
EK202310166552,149.1
EK202310196910,155.1
EK202310166692,142.43333333333334
EK202310184651,177.7
EK202310194347,132.96666666666667
EK202310208716,140.66666666666666
EK202310187760,149.66666666666666
EK202310243524,141.03333333333333
EK202310155787,130.9
EK202310114204,152.36666666666667
EK202310160396,156.2
EK202310172512,171.66666666666666
EK202310157332,151.96666666666667
EK202310209704,134.26666666666668
EK202310154943,141.23333333333332
EK202310189036,157.33333333333334
EK202310133173,142.23333333333332
EK202310130199,154.43333333333334
EK202310182622,151.3
EK202310167778,154.3
EK202310163301,150.8
EK202310184220,153.06666666666666
EK202310172679,148.16666666666666
EK202310171532,150.73333333333332
EK202310200942,151.96666666666667
EK202310141847,148.23333333333332
EK202310122343,127.26666666666667
EK202310174760,125.03333333333333
EK202310225953,130.96666666666667
EK202310159867,144.43333333333334
EK202310174529,147.26666666666668
EK202310239197,128.33333333333334
EK202310142275,139.0
EK202310235069,151.96666666666667
EK202310173910,149.13333333333333
EK202310155908,152.13333333333333
EK202310221001,132.2
EK202310113086,135.33333333333334
EK202310200755,160.23333333333332
EK202310152545,164.56666666666666
EK202310185434,146.8
EK202310110043,140.36666666666667
EK202310116474,136.43333333333334
EK202310203902,131.93333333333334
EK202310157771,132.06666666666666
EK202310209652,142.5
EK202310115313,139.46666666666667
EK202310149967,166.63333333333333
EK202310226488,139.73333333333332
EK202310004820,148.66666666666666
EK202310240136,142.73333333333332
EK202310201496,145.36666666666667
EK202310224644,139.8
EK202310168634,139.16666666666666
EK202310120438,154.36666666666667
EK202310104992,140.33333333333334
EK202310152772,146.66666666666666
EK202310189045,146.4
EK202310180854,130.2
EK202310162939,146.13333333333333
EK202310202787,151.03333333333333
EK202310132425,133.93333333333334
EK202310106638,139.83333333333334
EK202310130488,159.83333333333334
EK202310216320,164.86666666666667
EK202310174034,140.03333333333333
EK202310167069,158.3
EK202310119791,155.7
EK202310191561,149.0
EK202310141924,147.4
EK202310155116,142.9
EK202310194530,148.3
EK202310148342,166.16666666666666
EK202310115218,140.0
EK202310208496,132.76666666666668
EK202310242665,139.46666666666667
EK202310247657,142.3
EK202310228469,140.8
EK202310233886,152.5
EK202310169400,144.5
EK202310161344,148.66666666666666
EK202310236712,133.13333333333333
EK202310118866,150.96666666666667
EK202310221584,152.96666666666667
EK202310107825,144.16666666666666
EK202310110196,131.16666666666666
EK202310159979,147.06666666666666
EK202310195875,133.3
EK202310163166,145.7
EK202310206462,152.4
EK202310109481,141.8
EK202310245477,127.23333333333333
EK202310129738,155.96666666666667
EK202320005730,146.76666666666668
EK202310104244,160.6
EK202310227658,147.16666666666666
EK202310227290,164.6
EK202310201250,141.5
EK202310170654,146.33333333333334
EK202310225211,148.36666666666667
EK202310181404,149.7
EK202310175856,135.4
EK202310167250,153.3
EK202310225198,148.4
EK202310247108,139.8
EK202310228244,126.3
EK202310206266,139.86666666666667
EK202310215876,140.63333333333333
EK202310130596,135.83333333333334
EK202310224249,127.5
EK202310154491,136.4
EK202310233669,153.36666666666667
EK202310111293,146.0
EK202310120077,126.26666666666667
EK202310190354,144.76666666666668
EK202310180848,138.06666666666666
EK202310206991,141.7
EK202310127954,139.0
EK202310125079,135.06666666666666
EK202310211424,151.23333333333332
EK202310134279,136.13333333333333
EK202310206851,139.1
EK202310164397,142.83333333333334
EK202310235148,142.96666666666667
EK202310190060,183.1
EK202310240587,135.3
EK202310234152,147.26666666666668
EK202310161209,165.03333333333333
EK202310187254,133.0
EK202310219785,143.7
EK202310160063,138.86666666666667
EK202310225782,160.53333333333333
EK202310166126,142.86666666666667
EK202310104397,141.13333333333333
EK202310195068,141.73333333333332
EK202310148964,145.3
EK202310105544,139.93333333333334
EK202310190157,137.66666666666666
EK202310177029,139.8
EK202310134822,165.66666666666666
EK202310188505,145.13333333333333
EK202310131430,149.86666666666667
EK202310197663,153.33333333333334
EK202310150719,162.7
EK202310004834,143.9
EK202310200921,136.53333333333333
EK202320005684,140.4
EK202310179009,126.13333333333334
EK202310248177,153.2
EK202310132766,139.73333333333332
EK202310237026,146.66666666666666
EK202310193021,133.13333333333333
EK202310190757,139.9
EK202310173200,129.1
EK202310219771,144.56666666666666
EK202310109597,143.96666666666667
EK202310206771,163.0
EK202310127671,145.66666666666666
EK202310167676,138.63333333333333
EK202310232944,126.8
EK202310168061,177.03333333333333
EK202310105714,135.5
EK202310147632,180.36666666666667
EK202310244606,147.53333333333333
EK202310118560,135.96666666666667
EK202310194271,143.2
EK202310142720,174.26666666666668
EK202310166900,185.33333333333334
EK202310164794,150.46666666666667
EK202310115042,134.23333333333332
EK202310174373,144.5
EK202310214507,167.86666666666667
EK202310223225,137.13333333333333
EK202310107151,151.86666666666667
EK202310189175,151.03333333333333
EK202310161808,129.63333333333333
EK202310121994,149.1
EK202310219449,131.26666666666668
EK202310136206,139.43333333333334
EK202310111739,146.56666666666666
EK202310229388,145.2
EK202310224978,135.1
EK202310149730,132.93333333333334
EK202310163504,147.56666666666666
EK202310156148,133.33333333333334
EK202310150249,130.2
EK202310224329,151.26666666666668
EK202310147011,153.8
EK202310192326,144.8
EK202310245006,131.43333333333334
EK202310224053,132.1
EK202310228581,133.96666666666667
EK202310113047,138.56666666666666
EK202310149808,143.3
EK202310175027,128.4
EK202310234758,132.66666666666666
EK202310175412,135.23333333333332
EK202310132176,159.73333333333332
EK202310205739,146.53333333333333
EK202310153994,129.93333333333334
EK202310200714,136.53333333333333
EK202310247869,147.4
EK202310186589,144.13333333333333
EK202310145135,154.93333333333334
EK202310193164,164.86666666666667
EK202310222960,137.43333333333334
EK202310116552,140.8
EK202310123971,177.73333333333332
EK202310113406,160.26666666666668
EK202310234777,137.43333333333334
EK202310109531,134.5
EK202310186502,140.26666666666668
EK202310190436,155.63333333333333
EK202310198804,181.86666666666667
EK202310188371,140.3
EK202310189870,167.5
EK202310179411,135.53333333333333
EK202310233363,133.06666666666666
EK202310104971,146.2
EK202310191357,138.7
EK202310172762,149.16666666666666
EK202310199936,139.63333333333333
EK202310153452,139.6
EK202310160325,146.93333333333334
EK202310240026,135.3
EK202310134117,130.3
EK202310214971,142.93333333333334
EK202310210492,135.43333333333334
EK202310200943,149.66666666666666
EK202310233114,140.26666666666668
EK202310209755,136.06666666666666
EK202310114040,130.93333333333334
EK202310231262,138.56666666666666
EK202310196982,168.3
EK202310168935,176.63333333333333
EK202310209663,137.5
EK202310171963,161.06666666666666
EK202310128429,153.0
EK202310243988,128.53333333333333
EK202310131432,133.8
EK202310170157,147.4
EK202310135062,167.33333333333334
EK202310180073,165.93333333333334
EK202310154392,161.76666666666668
EK202310211600,133.93333333333334
EK202310221370,158.43333333333334
EK202310135902,121.56666666666666
EK202310248071,145.46666666666667
EK202310140056,155.73333333333332
EK202310113087,163.96666666666667
EK202310140280,151.33333333333334
EK202310231029,135.9
EK202310003876,143.46666666666667
EK202310110872,134.93333333333334
EK202310110803,136.3
EK202310234005,146.63333333333333
EK202310195582,142.06666666666666
EK202310216699,132.0
EK202310161870,150.46666666666667
EK202310207634,157.36666666666667
EK202310154729,122.46666666666667
EK202310119219,142.7
EK202310216260,132.3
EK202310241741,138.2
EK202310127099,136.2
EK202310142543,163.56666666666666
EK202310159437,154.16666666666666
EK202310139226,143.4
EK202310145866,152.7
EK202310240067,147.26666666666668
EK202310242685,132.6
EK202310158289,132.93333333333334
EK202310145943,144.66666666666666
EK202310196762,152.66666666666666
EK202310141743,169.1
EK202310222881,134.8
EK202310170624,122.73333333333333
EK202310139072,145.03333333333333
EK202310168507,137.73333333333332
EK202310141768,161.73333333333332
EK202310111130,136.0
EK202310217027,139.23333333333332
EK202310224945,149.46666666666667
EK202310188108,138.56666666666666
EK202310200577,170.8
EK202310152955,151.23333333333332
EK202310184966,147.83333333333334
EK202310133181,139.73333333333332
EK202310209985,149.73333333333332
EK202310195572,136.56666666666666
EK202310199966,137.16666666666666
EK202310109052,155.76666666666668
EK202310173422,137.66666666666666
EK202310216493,148.16666666666666
EK202310234480,140.43333333333334
EK202310239882,132.43333333333334
EK202310151506,181.93333333333334
EK202310231481,125.7
EK202310173660,137.3
EK202310124885,127.1
EK202310226112,136.46666666666667
EK202310169770,155.1
EK202310112146,139.73333333333332
EK202310126447,132.33333333333334
EK202310197865,136.83333333333334
EK202310144993,141.2
EK202320007830,143.66666666666666
EK202310134803,138.2
EK202310247257,148.2
EK202310189213,161.5
EK202310163523,141.4
EK202310177884,126.93333333333334
EK202310168374,135.7
EK202310181460,143.43333333333334
EK202310164324,147.9
EK202320006373,133.23333333333332
EK202310240516,164.43333333333334
EK202310106433,149.8
EK202310104794,136.56666666666666
EK202310179826,138.53333333333333
EK202310220482,130.86666666666667
EK202310144501,151.23333333333332
EK202310236116,162.16666666666666
EK202310143566,134.56666666666666
EK202310244286,144.06666666666666
EK202310117364,144.8
EK202310182812,137.46666666666667
EK202310165290,148.4
EK202310175655,142.93333333333334
EK202310191765,143.53333333333333
EK202310175575,134.03333333333333
EK202310190556,135.6
EK202310109849,136.63333333333333
EK202310125361,144.7
EK202310117657,127.26666666666667
EK202310166741,150.96666666666667
EK202310152997,150.56666666666666
EK202310197388,165.4
EK202310131984,143.56666666666666
EK202310219422,126.96666666666667
EK202310121522,147.5
EK202310175245,146.36666666666667
EK202310195205,157.86666666666667
EK202310108650,136.8
EK202310181782,140.36666666666667
EK202310115038,158.73333333333332
EK202310158797,134.53333333333333
EK202310170666,148.56666666666666
EK202310168966,126.66666666666667
EK202310214825,162.0
EK202310120494,156.13333333333333
EK202310220603,148.26666666666668
EK202310225685,139.46666666666667
EK202310223164,135.73333333333332
EK202310162099,140.96666666666667
EK202310181378,154.06666666666666
EK202310206274,151.13333333333333
EK202310245110,133.73333333333332
EK202310149953,165.33333333333334
EK202310200512,143.16666666666666
EK202310195166,138.36666666666667
EK202310181696,152.93333333333334
EK202310246293,151.4
EK202310112958,133.66666666666666
EK202310144239,134.7
EK202310112531,131.5
EK202310215394,176.5
EK202310214916,149.23333333333332
EK202310135655,151.06666666666666
EK202310234936,148.8
EK202310216594,134.46666666666667
EK202310221025,138.13333333333333
EK202310111609,173.46666666666667
EK202310213129,142.7
EK202310117137,146.16666666666666
EK202310239490,141.0
EK202310157671,162.36666666666667
EK202310188165,134.66666666666666
EK202310134859,132.1
EK202310183908,166.8
EK202310147406,151.06666666666666
EK202310175129,127.73333333333333
EK202310164780,145.56666666666666
EK202310227743,134.73333333333332
EK202310120706,145.6
EK202310118366,147.9
EK202310106692,144.9
EK202310190791,142.9
EK202310208607,149.7
EK202310170692,143.66666666666666
EK202310225887,140.6
EK202310182352,134.63333333333333
EK202310185880,135.26666666666668
EK202310178297,149.93333333333334
EK202310195149,147.46666666666667
EK202310231610,137.53333333333333
EK202310137276,135.4
EK202310184484,162.3
EK202310121199,139.3
EK202310125536,140.13333333333333
EK202310213706,143.8
EK202310135204,149.03333333333333
EK202310247699,125.93333333333334
EK202310217787,128.56666666666666
EK202310182191,143.8
EK202310198529,139.8
EK202310220299,127.76666666666667
EK202310188677,152.53333333333333
EK202310232253,136.16666666666666
EK202310164691,166.3
EK202310103832,130.36666666666667
EK202310149722,141.76666666666668
EK202310198859,155.36666666666667
EK202310234749,146.8
EK202310104566,145.9
EK202310211383,145.0
EK202310170287,137.3
EK202310150824,161.06666666666666
EK202310171304,135.5
EK202310193205,157.33333333333334
EK202320006114,161.6
EK202310135524,126.76666666666667
EK202310192025,145.33333333333334
EK202310170020,156.66666666666666
EK202310198095,159.33333333333334
EK202310105801,164.53333333333333
EK202310177479,140.93333333333334
EK202310108455,146.23333333333332
EK202310165998,143.26666666666668
EK202310122714,140.93333333333334
EK202310164202,155.1
EK202310226026,152.66666666666666
EK202310223682,152.53333333333333
EK202310116148,131.06666666666666
EK202310210129,143.83333333333334
EK202310242087,144.8
EK202310116328,144.26666666666668
EK202310217261,180.7
EK202310106484,142.9
EK202310157473,146.1
EK202310198511,125.46666666666667
EK202310217751,149.96666666666667
EK202310168432,161.66666666666666
EK202310151251,144.7
EK202310120767,138.0
EK202310127801,142.83333333333334
EK202310118354,155.16666666666666
EK202310209195,153.06666666666666
EK202310172035,159.03333333333333
EK202310114626,153.36666666666667
EK202310144629,150.73333333333332
EK202310185061,137.93333333333334
EK202310174592,131.63333333333333
EK202310164708,176.13333333333333
EK202310149304,152.9
EK202310170289,123.06666666666666
EK202310213861,132.23333333333332
EK202310126098,128.66666666666666
EK202310133915,145.56666666666666
EK202310148594,128.36666666666667
EK202310116687,148.0
EK202310171866,139.73333333333332
EK202310147735,144.7
EK202310105679,159.6
EK202310248635,130.53333333333333
EK202310139369,134.16666666666666
EK202310105974,149.0
EK202310104978,137.93333333333334
EK202310174467,154.86666666666667
EK202310124199,134.23333333333332
EK202310135676,137.36666666666667
EK202310146763,143.23333333333332
EK202310205937,137.16666666666666
EK202310135445,145.46666666666667
EK202310109193,123.63333333333334
EK202310161169,162.73333333333332
EK202310204092,155.86666666666667
EK202310202680,142.73333333333332
EK202310172794,146.66666666666666
EK202310217791,135.93333333333334
EK202310158468,148.06666666666666
EK202310149937,161.03333333333333
EK202310166789,140.13333333333333
EK202310159167,157.4
EK202310125029,140.16666666666666
EK202310203531,151.76666666666668
EK202310181665,139.5
EK202310142148,135.5
EK202310166843,162.53333333333333
EK202310161022,148.66666666666666
EK202310118997,136.73333333333332
EK202310239449,150.83333333333334
EK202310210440,137.26666666666668
EK202310205614,148.46666666666667
EK202310179227,143.36666666666667
EK202310143023,131.06666666666666
EK202310178605,154.26666666666668
EK202310151926,168.6
EK202310205156,169.73333333333332
EK202310227477,160.86666666666667
EK202310118582,139.96666666666667
EK202310145669,143.73333333333332
EK202310181578,151.56666666666666
EK202310193806,157.6
EK202310233863,142.2
EK202310111982,138.46666666666667
EK202310228092,137.86666666666667
EK202310117791,126.3
EK202310174095,148.4
EK202310199167,128.33333333333334
EK202310147864,148.1
EK202310136545,129.13333333333333
EK202310004781,122.16666666666667
EK202310110648,134.7
EK202310187608,147.13333333333333
EK202310212121,138.43333333333334
EK202310200654,150.43333333333334
EK202310110670,127.4
EK202310148332,149.13333333333333
EK202310198602,143.56666666666666
EK202310162570,156.56666666666666
EK202310105840,139.26666666666668
EK202310216931,154.2
EK202310152841,179.1
EK202310107705,149.3
EK202310178316,142.9
EK202310147750,134.76666666666668
EK202310110434,146.03333333333333
EK202310219134,136.16666666666666
EK202310207502,150.7
EK202310137524,155.03333333333333
EK202310237806,132.73333333333332
EK202310248546,143.8
EK202310246510,146.53333333333333
EK202310215312,161.66666666666666
EK202310135935,134.26666666666668
EK202310246337,134.36666666666667
EK202310133292,139.9
EK202310208105,149.3
EK202310221927,160.36666666666667
EK202310185220,139.33333333333334
EK202310195012,162.5
EK202310220382,136.43333333333334
EK202310228071,129.46666666666667
EK202310139303,149.56666666666666
EK202310146446,141.5
EK202310113629,159.56666666666666
EK202310121125,141.43333333333334
EK202310179172,142.5
EK202310135030,169.46666666666667
EK202310154871,131.3
EK202310104446,156.56666666666666
EK202310112990,135.96666666666667
EK202310189753,167.83333333333334
EK202310239147,137.6
EK202310170148,142.0
EK202310227849,144.53333333333333
EK202310206204,146.66666666666666
EK202310160122,135.16666666666666
EK202310131964,146.33333333333334
EK202310111949,139.26666666666668
EK202310122396,124.83333333333333
EK202310187780,149.2
EK202310205438,130.3
EK202310153038,177.83333333333334
EK202310152163,152.76666666666668
EK202310192310,132.0
EK202310174795,142.33333333333334
EK202310193009,142.0
EK202310150434,140.6
EK202310118338,135.13333333333333
EK202310197441,166.2
EK202310142091,157.1
EK202310117239,142.43333333333334
EK202310179745,158.93333333333334
EK202310219687,131.93333333333334
EK202310176027,149.83333333333334
EK202310104893,137.7
EK202310227192,141.93333333333334
EK202310146856,141.76666666666668
EK202310107173,148.1
EK202310211813,139.7
EK202310188253,141.6
EK202310233335,137.96666666666667
EK202310217329,138.8
EK202310155219,129.43333333333334
EK202310157321,138.53333333333333
EK202310153713,150.26666666666668
EK202310120830,138.16666666666666
EK202310229321,157.06666666666666
EK202310130365,149.3
EK202310202308,160.0
EK202310203388,154.83333333333334
EK202310185835,151.63333333333333
EK202310188805,182.1
EK202310159594,167.73333333333332
EK202310147573,135.5
EK202310190109,142.13333333333333
EK202310180140,149.6
EK202310149775,153.46666666666667
EK202310238274,141.96666666666667
EK202310242923,136.23333333333332
EK202310107321,136.4
EK202310204141,136.13333333333333
EK202310219133,142.66666666666666
EK202310139067,156.43333333333334
EK202310140520,137.5
EK202310248527,135.8
EK202310003682,149.43333333333334
EK202310162432,160.26666666666668
EK202310179950,168.0
EK202310240868,127.83333333333333
EK202310116267,132.83333333333334
EK202310221765,138.9
EK202310173563,157.16666666666666
EK202310143455,119.13333333333334
EK202310207343,145.33333333333334
EK202310217689,132.26666666666668
EK202310146102,134.8
EK202310168973,133.16666666666666
EK202310222519,131.4
EK202310129680,151.9
EK202310178200,148.0
EK202310170870,137.23333333333332
EK202310126872,157.4
EK202310148891,169.43333333333334
EK202310173852,136.7
EK202310125523,139.23333333333332
EK202310159491,161.9
EK202310157366,143.73333333333332
EK202310178992,124.13333333333334
EK202310143866,140.4
EK202310152326,131.16666666666666
EK202310202864,165.23333333333332
EK202310218888,149.33333333333334
EK202310209358,130.46666666666667
EK202310227775,155.7
EK202310186270,154.23333333333332
EK202310203414,152.96666666666667
EK202310225866,144.7
EK202310234055,139.83333333333334
EK202310129825,169.86666666666667
EK202310209772,155.06666666666666
EK202310182146,147.26666666666668
EK202310180456,144.7
EK202310182353,150.7
EK202310199926,128.03333333333333
EK202310226078,137.06666666666666
EK202310212125,141.56666666666666
EK202310149668,171.06666666666666
EK202310234903,138.83333333333334
EK202310205875,130.5
EK202310157799,126.16666666666667
EK202310211749,133.96666666666667
EK202310224314,162.86666666666667
EK202310124274,135.2
EK202310127800,178.56666666666666
EK202310238415,140.16666666666666
EK202310229891,154.0
EK202310145946,140.33333333333334
EK202310181109,140.56666666666666
EK202310147129,148.43333333333334
EK202310178177,147.9
EK202310113395,134.26666666666668
EK202310217919,149.23333333333332
EK202310154751,148.6
EK202310130965,150.26666666666668
EK202310190874,139.7
EK202310195521,143.9
EK202310201613,143.26666666666668
EK202310214697,154.1
EK202310191560,148.03333333333333
EK202310121406,150.03333333333333
EK202310114089,126.43333333333334
EK202310159340,131.53333333333333
EK202310113700,159.46666666666667
EK202310126654,135.23333333333332
EK202310144476,128.73333333333332
EK202310131321,127.96666666666667
EK202310187814,139.1
EK202310220881,142.16666666666666
EK202310189638,153.8
EK202310178407,158.0
EK202310180651,151.23333333333332
EK202310239749,127.6
EK202310171046,149.53333333333333
EK202310164907,140.4
EK202310147112,150.06666666666666
EK202310181779,135.96666666666667
EK202310177716,148.53333333333333
EK202310211440,144.43333333333334
EK202310205701,147.36666666666667
EK202310116151,108.7
EK202310183859,171.53333333333333
EK202310135998,150.7
EK202310201975,134.2
EK202310170925,133.9
EK202310104593,142.2
EK202310110432,135.5
EK202310129862,149.03333333333333
EK202310189525,150.76666666666668
EK202310111229,135.46666666666667
EK202310188865,134.66666666666666
EK202310146283,137.33333333333334
EK202310178823,175.53333333333333
EK202310147049,146.33333333333334
EK202310221900,132.83333333333334
EK202310182664,134.36666666666667
EK202310115895,128.23333333333332
EK202310137882,140.76666666666668
EK202310142987,156.1
EK202310230693,142.2
EK202310105910,126.7
EK202310176888,136.4
EK202310179407,137.03333333333333
EK202310113511,148.76666666666668
EK202310226410,139.33333333333334
EK202310194828,175.03333333333333
EK202310209526,168.46666666666667
EK202310232266,137.23333333333332
EK202310190901,148.3
EK202310120320,147.66666666666666
EK202310109391,146.26666666666668
EK202310126276,140.33333333333334
EK202310223714,132.4
EK202310211517,146.53333333333333
EK202310110636,133.63333333333333
EK202310235623,148.16666666666666
EK202310186004,150.13333333333333
EK202310004261,133.56666666666666
EK202310193375,155.7
EK202310218449,127.43333333333334
EK202310179058,151.6
EK202310133795,126.36666666666666
EK202310164408,145.4
EK202310159492,149.26666666666668
EK202310214283,145.6
EK202310133551,145.73333333333332
EK202310190061,177.73333333333332
EK202320007557,142.0
EK202310114241,145.73333333333332
EK202310203894,145.73333333333332
EK202310186487,151.93333333333334
EK202310004631,143.66666666666666
EK202310172845,135.23333333333332
EK202310124858,130.26666666666668
EK202320006937,154.96666666666667
EK202310164626,142.76666666666668
EK202310109948,140.33333333333334
EK202310112053,125.7
EK202310184712,144.06666666666666
EK202310122821,135.33333333333334
EK202310179754,146.0
EK202310230071,134.0
EK202310169385,180.33333333333334
EK202310205297,132.76666666666668
EK202310176789,128.13333333333333
EK202310234641,131.93333333333334
EK202310216672,149.43333333333334
EK202310218187,154.6
EK202310163653,140.56666666666666
EK202310173938,163.7
EK202310144779,125.5
EK202310105452,134.4
EK202310203289,140.3
EK202310244916,140.73333333333332
EK202310212913,138.46666666666667
EK202310195593,145.73333333333332
EK202310109392,150.33333333333334
EK202310239794,156.66666666666666
EK202310156466,166.83333333333334
EK202310234091,146.86666666666667
EK202310202246,142.76666666666668
EK202310208070,140.2
EK202310199529,142.93333333333334
EK202310191597,134.16666666666666
EK202310232873,168.56666666666666
EK202310245305,154.33333333333334
EK202310196018,155.4
EK202310205608,137.6
EK202310211776,141.03333333333333
EK202310219819,142.16666666666666
EK202310152910,165.16666666666666
EK202310244549,159.46666666666667
EK202310123421,156.96666666666667
EK202310205600,144.16666666666666
EK202310219535,137.76666666666668
EK202310247105,153.23333333333332
EK202310223625,159.46666666666667
EK202310135177,154.93333333333334
EK202310167858,123.26666666666667
EK202310193232,134.33333333333334
EK202310144624,136.66666666666666
EK202310132627,145.53333333333333
EK202310213967,145.63333333333333
EK202310236061,139.2
EK202310177659,154.7
EK202310145236,149.26666666666668
EK202310118399,130.53333333333333
EK202310215365,138.86666666666667
EK202320006049,140.4
EK202310185900,128.43333333333334
EK202310133957,174.83333333333334
EK202310234170,127.4
EK202310126261,131.23333333333332
EK202310118103,137.8
EK202310118678,147.03333333333333
EK202310113678,155.23333333333332
EK202310111849,136.13333333333333
EK202310218593,130.43333333333334
EK202310145457,127.7
EK202310174907,152.73333333333332
EK202310004460,127.36666666666666
EK202310194109,135.9
EK202310108378,134.86666666666667
EK202310200664,144.7
EK202310167993,137.1
EK202310157089,164.83333333333334
EK202310210287,144.0
EK202310148250,136.13333333333333
EK202310207303,146.13333333333333
EK202310206507,135.53333333333333
EK202310243704,135.9
EK202310179019,121.43333333333334
EK202310243866,155.1
EK202310137648,140.7
EK202310173887,144.7
EK202310235491,159.26666666666668
EK202310212645,133.36666666666667
EK202310190281,150.8
EK202310220934,143.46666666666667
EK202310230719,143.9
EK202310201074,140.46666666666667
EK202310178051,143.7
EK202310181204,146.8
EK202310135829,152.03333333333333
EK202310170445,135.63333333333333
EK202310238141,146.86666666666667
EK202310135822,132.43333333333334
EK202310227546,139.56666666666666
EK202310140976,160.56666666666666
EK202310246668,155.23333333333332
EK202310105632,134.23333333333332
EK202310109270,170.26666666666668
EK202310131782,146.06666666666666
EK202310233567,145.56666666666666
EK202310161598,151.43333333333334
EK202310110724,134.86666666666667
EK202310229148,148.43333333333334
EK202310159146,163.13333333333333
EK202310195696,147.16666666666666
EK202310117218,145.7
EK202310205895,166.8
EK202310194401,145.33333333333334
EK202310126710,151.1
EK202310152278,154.2
EK202310190916,144.43333333333334
EK202310110549,128.0
EK202310177514,149.63333333333333
EK202310175686,145.23333333333332
EK202310223432,150.83333333333334
EK202310244466,153.4
EK202310134231,144.26666666666668
EK202310236274,150.56666666666666
EK202310195863,167.3
EK202310241144,144.03333333333333
EK202310202269,139.83333333333334
EK202310231316,143.96666666666667
EK202310211605,140.2
EK202310200954,158.36666666666667
EK202310224489,136.43333333333334
EK202310165476,138.8
EK202310204173,131.13333333333333
EK202310178369,151.8
EK202310170774,137.3
EK202310205764,143.66666666666666
EK202310236659,138.96666666666667
EK202310170743,136.0
EK202310136793,154.46666666666667
EK202310187675,144.46666666666667
EK202310156962,128.7
EK202310216942,150.33333333333334
EK202310168321,144.93333333333334
EK202310243793,133.76666666666668
EK202310235437,138.43333333333334
EK202310118510,138.43333333333334
EK202310139337,153.0
EK202310120961,151.9
EK202310214076,146.26666666666668
EK202310241228,159.66666666666666
EK202310212101,145.2
EK202310199696,159.2
EK202310163542,151.43333333333334
EK202310232836,141.8
EK202310189334,136.1
EK202310239101,138.53333333333333
EK202310156523,145.63333333333333
EK202310201002,147.43333333333334
EK202310003364,141.43333333333334
EK202310179389,144.76666666666668
EK202310163130,134.16666666666666
EK202310232481,132.13333333333333
EK202310186459,138.73333333333332
EK202310164481,142.7
EK202310169941,156.63333333333333
EK202310131128,159.2
EK202310228174,127.36666666666666
EK202310173249,141.53333333333333
EK202310202077,142.9
EK202310225477,141.5
EK202310247572,144.53333333333333
EK202310181799,139.73333333333332
EK202310119740,141.53333333333333
EK202310131395,133.9
EK202310224529,124.4
EK202310156156,145.46666666666667
EK202310200552,182.9
EK202310169146,156.93333333333334
EK202310143038,140.6
EK202310170406,129.96666666666667
EK202310200533,178.93333333333334
EK202310119387,143.03333333333333
EK202310202355,122.63333333333334
EK202310225013,133.8
EK202310214250,170.56666666666666
EK202310210556,136.43333333333334
EK202310201139,172.36666666666667
EK202310130429,163.03333333333333
EK202310224863,148.33333333333334
EK202310153482,134.93333333333334
EK202310241062,157.06666666666666
EK202310164485,149.5
EK202310245636,128.36666666666667
EK202310157534,134.0
EK202310229118,132.3
EK202310171426,137.83333333333334
EK202310210127,139.23333333333332
EK202310111733,144.23333333333332
EK202310141203,137.56666666666666
EK202310232387,140.4
EK202310188639,146.63333333333333
EK202310190835,168.33333333333334
EK202310201801,149.5
EK202310175974,150.43333333333334
EK202310187326,128.06666666666666
EK202310212155,137.0
EK202310151022,166.5
EK202310211125,137.0
EK202310219268,134.73333333333332
EK202310110245,139.26666666666668
EK202310238069,141.23333333333332
EK202310199559,142.4
EK202310167739,123.66666666666667
EK202310142979,131.36666666666667
EK202310191202,134.86666666666667
EK202310144654,173.23333333333332
EK202310224039,144.43333333333334
EK202310150921,129.56666666666666
EK202320006004,147.6
EK202310108116,135.83333333333334
EK202310226608,140.9
EK202310237947,140.63333333333333
EK202310245724,143.83333333333334
EK202310216589,133.76666666666668
EK202310242883,142.36666666666667
EK202310192702,142.63333333333333
EK202310168445,134.7
EK202310205542,133.93333333333334
EK202310150929,144.8
EK202310173039,136.23333333333332
EK202310139742,104.06666666666666
EK202310138564,148.33333333333334
EK202310145764,134.73333333333332
EK202310148134,153.86666666666667
EK202310180451,146.16666666666666
EK202310149802,148.73333333333332
EK202310247608,168.13333333333333
EK202310130999,138.06666666666666
EK202310141610,142.3
EK202310224015,162.93333333333334
EK202310229698,143.46666666666667
EK202310197753,162.4
EK202310152255,151.6
EK202310133838,160.66666666666666
EK202310192249,179.93333333333334
EK202310195834,146.06666666666666
EK202310186510,140.5
EK202310177054,133.0
EK202310107524,154.63333333333333
EK202310128174,154.6
EK202310187413,141.73333333333332
EK202310234580,145.93333333333334
EK202310104409,148.03333333333333
EK202310125276,131.5
EK202310113893,135.9
EK202310179353,152.76666666666668
EK202310240438,149.76666666666668
EK202310229420,137.16666666666666
EK202310116112,130.1
EK202310117942,142.66666666666666
EK202310163339,136.46666666666667
EK202310166509,136.43333333333334
EK202310185556,129.56666666666666
EK202310227524,144.63333333333333
EK202310109010,153.46666666666667
EK202310183425,122.06666666666666
EK202310191714,172.43333333333334
EK202310155039,134.93333333333334
EK202310169140,158.1
EK202310177573,147.63333333333333
EK202310170318,135.33333333333334
EK202310207697,141.76666666666668
EK202310199740,165.86666666666667
EK202310149864,151.86666666666667
EK202310150264,138.2
EK202310189933,129.23333333333332
EK202310218127,140.73333333333332
EK202310108083,146.43333333333334
EK202310154872,134.16666666666666
EK202310160785,156.1
EK202310206282,149.23333333333332
EK202310124253,133.0
EK202310196633,129.26666666666668
EK202310105966,136.66666666666666
EK202310141033,149.96666666666667
EK202310197213,131.16666666666666
EK202310206024,124.7
EK202310113110,130.3
EK202310114366,157.53333333333333
EK202310133810,148.96666666666667
EK202310135192,149.36666666666667
EK202310233334,145.1
EK202310148079,151.13333333333333
EK202310109276,135.66666666666666
EK202310124568,143.9
EK202310162273,141.96666666666667
EK202310126242,130.3
EK202310106288,144.33333333333334
EK202310190761,143.63333333333333
EK202310003653,127.5
EK202310111116,140.53333333333333
EK202310193002,139.6
EK202310107463,137.86666666666667
EK202310237608,138.46666666666667
EK202310213418,123.26666666666667
EK202310204153,155.2
EK202310104707,135.93333333333334
EK202310238820,127.73333333333333
EK202310141697,147.76666666666668
EK202310178269,151.63333333333333
EK202310229367,155.23333333333332
EK202310172017,163.43333333333334
EK202310223139,128.7
EK202310125096,138.96666666666667
EK202310143070,160.23333333333332
EK202310234470,136.5
EK202310131911,133.83333333333334
EK202310176053,154.53333333333333
EK202310158201,147.8
EK202310113896,162.66666666666666
EK202310217246,156.1
EK202310202878,139.6
EK202310179418,174.83333333333334
EK202310106198,139.23333333333332
EK202310130287,150.4
EK202310203618,146.73333333333332
EK202310144069,142.23333333333332
EK202310225997,164.5
EK202310137087,153.8
EK202310114093,154.36666666666667
EK202310125025,138.63333333333333
EK202310169960,137.96666666666667
EK202310211027,144.53333333333333
EK202310156374,154.33333333333334
EK202310184239,151.03333333333333
EK202310193887,135.63333333333333
EK202310169120,143.26666666666668
EK202310214116,173.56666666666666
EK202310004097,133.9
EK202310156682,133.36666666666667
EK202310154604,160.33333333333334
EK202310218245,146.33333333333334
EK202310224853,125.53333333333333
EK202310164480,151.76666666666668
EK202310130017,129.23333333333332
EK202310142314,146.7
EK202310104271,166.56666666666666
EK202310245758,136.33333333333334
EK202310229784,142.63333333333333
EK202310110502,130.9
EK202310121032,169.46666666666667
EK202310233632,168.13333333333333
EK202310126266,141.96666666666667
EK202310109825,132.23333333333332
EK202320007054,142.5
EK202310166953,147.1
EK202310227160,153.73333333333332
EK202310215524,158.23333333333332
EK202310221415,146.73333333333332
EK202310224669,128.76666666666668
EK202310182834,160.2
EK202310155348,141.0
EK202310186571,150.1
EK202310130542,124.23333333333333
EK202310108675,131.93333333333334
EK202310147107,150.36666666666667
EK202310175270,141.2
EK202310223760,128.83333333333334
EK202310124746,149.7
EK202310170040,163.6
EK202310004065,138.6
EK202310221363,135.3
EK202310209500,135.86666666666667
EK202310178304,163.13333333333333
EK202310133005,154.76666666666668
EK202310120850,133.23333333333332
EK202310213264,141.6
EK202310149096,145.46666666666667
EK202310177683,142.93333333333334
EK202310242597,129.66666666666666
EK202310177919,138.76666666666668
EK202310134733,138.73333333333332
EK202310181823,136.23333333333332
EK202310136672,157.2
EK202310151585,135.56666666666666
EK202310117995,130.66666666666666
EK202320007252,162.13333333333333
EK202310231786,133.26666666666668
EK202310241673,126.33333333333333
EK202310161732,162.86666666666667
EK202310161656,170.9
EK202310212063,132.3
EK202310217895,158.86666666666667
EK202310138774,137.4
EK202310126590,134.5
EK202310123141,139.3
EK202310224982,131.86666666666667
EK202310206262,154.43333333333334
EK202310139370,132.96666666666667
EK202310224820,135.23333333333332
EK202310130273,168.8
EK202310133523,135.96666666666667
EK202310239621,138.66666666666666
EK202310190678,145.8
EK202310125061,141.0
EK202310234940,137.06666666666666
EK202310178076,141.56666666666666
EK202310153610,154.73333333333332
EK202310179234,169.53333333333333
EK202310159634,128.93333333333334
EK202310186548,155.16666666666666
EK202310135839,154.46666666666667
EK202310136969,157.66666666666666
EK202310145737,151.96666666666667
EK202310164062,144.93333333333334
EK202310237524,135.96666666666667
EK202310225600,117.16666666666667
EK202310130766,140.0
EK202310198060,134.0
EK202310202900,175.7
EK202310180295,139.4
EK202310161819,138.76666666666668
EK202310182490,146.53333333333333
EK202310151915,153.73333333333332
EK202310114135,161.43333333333334
EK202310155620,140.23333333333332
EK202310156539,162.83333333333334
EK202310164137,139.76666666666668
EK202310172602,136.23333333333332
EK202310161051,167.36666666666667
EK202310225217,168.76666666666668
EK202310220749,134.03333333333333
EK202310135024,165.4
EK202310236167,129.3
EK202310106428,133.86666666666667
EK202310191224,137.6
EK202310126171,170.86666666666667
EK202310152423,141.86666666666667
EK202310168273,131.63333333333333
EK202310129168,159.2
EK202310176927,147.96666666666667
EK202310172428,172.8
EK202310181185,154.06666666666666
EK202310004161,139.9
EK202310221234,135.86666666666667
EK202310161711,155.33333333333334
EK202310240221,149.86666666666667
EK202310222828,130.3
EK202310210279,126.63333333333334
EK202310170097,144.03333333333333
EK202310188723,163.1
EK202310166478,174.7
EK202310221027,142.56666666666666
EK202310114979,158.03333333333333
EK202310242042,147.66666666666666
EK202310140021,143.9
EK202310130000,158.56666666666666
EK202310186640,174.33333333333334
EK202310004760,136.76666666666668
EK202310122844,147.76666666666668
EK202310153842,146.46666666666667
EK202310177802,133.06666666666666
EK202310004581,134.9
EK202310246710,139.4
EK202310113952,143.0
EK202310151035,143.63333333333333
EK202310216428,144.4
EK202310144070,170.2
EK202310169605,127.46666666666667
EK202310159620,144.5
EK202310105550,155.93333333333334
EK202310240970,148.46666666666667
EK202310182151,143.2
EK202310231587,135.6
EK202310118075,132.63333333333333
EK202310133019,138.1
EK202310206992,145.73333333333332
EK202310220008,144.43333333333334
EK202310234156,122.26666666666667
EK202310162641,141.0
EK202310142907,144.3
EK202310154115,137.03333333333333
EK202310130815,130.63333333333333
EK202310150846,136.26666666666668
EK202320007669,153.06666666666666
EK202310227486,142.6
EK202320007572,150.4
EK202310137639,142.6
EK202310103836,127.46666666666667
EK202310202037,153.76666666666668
EK202310223420,142.46666666666667
EK202310185672,147.06666666666666
EK202310229956,138.3
EK202310183246,153.3
EK202310138498,155.2
EK202310191631,149.73333333333332
EK202310197089,142.8
EK202310133822,135.1
EK202310245494,146.16666666666666
EK202310207684,132.33333333333334
EK202310170631,141.46666666666667
EK202310230054,128.8
EK202310229119,154.83333333333334
EK202310162261,148.76666666666668
EK202310134206,145.23333333333332
EK202310126114,135.9
EK202310202130,140.36666666666667
EK202310201610,148.26666666666668
EK202310140475,128.4
EK202310134356,139.7
EK202320007186,132.96666666666667
EK202310120790,160.4
EK202310245157,153.56666666666666
EK202310208016,137.83333333333334
EK202310174476,159.86666666666667
EK202310188403,144.23333333333332
EK202310142082,141.76666666666668
EK202310126792,143.43333333333334
EK202310182973,134.4
EK202310236318,141.26666666666668
EK202310191185,152.1
EK202310135600,141.5
EK202310212912,138.46666666666667
EK202310109044,145.0
EK202310220665,135.5
EK202310209857,158.73333333333332
EK202310136210,140.83333333333334
EK202310241948,143.63333333333333
EK202310147383,145.16666666666666
EK202310119158,149.9
EK202310225656,131.66666666666666
EK202310115771,142.53333333333333
EK202310115861,136.56666666666666
EK202310156104,150.86666666666667
EK202310168339,137.53333333333333
EK202310186770,147.93333333333334
EK202310227679,148.63333333333333
EK202310198604,143.26666666666668
EK202310126896,162.4
EK202310119992,133.0
EK202310194849,140.36666666666667
EK202310224912,140.9
EK202310163124,140.66666666666666
EK202310181144,144.96666666666667
EK202310147897,153.4
EK202310177921,139.0
EK202310199607,143.23333333333332
EK202310172680,138.4
EK202310129543,148.4
EK202310161704,142.33333333333334
EK202310193784,142.26666666666668
EK202310243291,150.5
EK202310208991,146.1
EK202310140086,141.16666666666666
EK202310136481,133.9
EK202310178220,150.56666666666666
EK202310210109,166.73333333333332
EK202310128687,128.86666666666667
EK202310213632,132.16666666666666
EK202310215453,162.7
EK202310235764,145.66666666666666
EK202310216758,170.36666666666667
EK202310163056,144.1
EK202310125899,145.56666666666666
EK202310180181,139.73333333333332
EK202310224630,133.66666666666666
EK202310118929,126.76666666666667
EK202310178808,169.73333333333332
EK202310234570,139.2
EK202310127428,132.73333333333332
EK202310213472,130.46666666666667
EK202310192759,144.46666666666667
EK202310210638,137.9
EK202310104955,139.43333333333334
EK202310124793,132.66666666666666
EK202310154265,138.83333333333334
EK202310136853,141.66666666666666
EK202310160020,139.1
EK202310129715,162.16666666666666
EK202310208844,140.46666666666667
EK202310165769,140.73333333333332
EK202310119276,146.83333333333334
EK202310155853,136.53333333333333
EK202310148019,147.26666666666668
EK202310158588,151.13333333333333
EK202320005915,147.53333333333333
EK202310139760,133.93333333333334
EK202310235740,135.1
EK202310163003,152.5
EK202310166151,136.83333333333334
EK202310205151,128.56666666666666
EK202310163809,131.7
EK202310195046,153.36666666666667
EK202310190606,135.3
EK202310201185,183.96666666666667
EK202310244204,145.43333333333334
EK202310221873,132.4
EK202310213079,136.56666666666666
EK202310167878,122.73333333333333
EK202310108748,138.7
EK202310231105,131.6
EK202310162450,139.13333333333333
EK202310106681,139.13333333333333
EK202310175585,161.43333333333334
EK202310216131,127.8
EK202310247112,134.16666666666666
EK202310133778,147.5
EK202310226737,137.46666666666667
EK202310149352,155.0
EK202310125918,137.03333333333333
EK202310163682,149.33333333333334
EK202310189571,151.4
EK202310128706,128.03333333333333
EK202310227554,170.13333333333333
EK202310149106,140.53333333333333
EK202310200290,142.26666666666668
EK202310192844,149.86666666666667
EK202310229985,132.3
EK202310196907,140.96666666666667
EK202310148131,150.03333333333333
EK202310223289,147.43333333333334
EK202310169529,134.6
EK202310169806,159.93333333333334
EK202310212585,139.16666666666666
EK202310196857,161.86666666666667
EK202310190419,134.76666666666668
EK202310219008,136.6
EK202310142486,135.96666666666667
EK202310192709,159.43333333333334
EK202310182822,133.86666666666667
EK202310136899,151.06666666666666
EK202310115463,122.16666666666667
EK202310146582,139.3
EK202310132422,149.0
EK202310112592,140.06666666666666
EK202310226203,148.23333333333332
EK202310121586,156.4
EK202310181107,141.96666666666667
EK202310213474,127.76666666666667
EK202310138830,144.86666666666667
EK202310168849,141.43333333333334
EK202310229317,119.7
EK202310204390,147.03333333333333
EK202310192992,138.56666666666666
EK202310152280,144.83333333333334
EK202310155151,159.76666666666668
EK202310174087,141.86666666666667
EK202310212165,136.23333333333332
EK202310152752,132.76666666666668
EK202310168592,141.9
EK202310191895,139.96666666666667
EK202310200059,134.36666666666667
EK202310243745,129.73333333333332
EK202310158852,157.0
EK202310157579,143.1
EK202310225059,150.86666666666667
EK202310183337,141.4
EK202310198264,134.23333333333332
EK202310114412,155.63333333333333
EK202310227155,143.56666666666666
EK202310234975,151.43333333333334
EK202310197349,150.16666666666666
EK202310208018,145.63333333333333
EK202310200505,134.86666666666667
EK202310115897,131.4
EK202310202707,166.03333333333333
EK202310207442,158.9
EK202310185479,161.23333333333332
EK202310237037,182.66666666666666
EK202310136200,142.06666666666666
EK202310154113,133.7
EK202310114492,140.43333333333334
EK202310176297,160.7
EK202310107640,134.6
EK202310209670,132.16666666666666
EK202310105256,150.43333333333334
EK202310108117,142.0
EK202310214550,142.63333333333333
EK202310175559,141.2
EK202310148239,136.16666666666666
EK202310181548,141.83333333333334
EK202310216342,158.86666666666667
EK202310160035,137.1
EK202310168843,139.03333333333333
EK202310131732,141.43333333333334
EK202310209477,155.56666666666666
EK202310237971,144.1
EK202310129891,154.0
EK202310171726,141.1
EK202310229665,136.26666666666668
EK202310204967,160.56666666666666
EK202310174899,133.83333333333334
EK202310116238,141.9
EK202310114560,152.23333333333332
EK202310238506,146.0
EK202310234905,143.53333333333333
EK202310229020,139.3
EK202320006240,163.26666666666668
EK202310142292,143.76666666666668
EK202310150080,173.96666666666667
EK202310159478,144.36666666666667
EK202310158699,154.66666666666666
EK202310245027,157.8
EK202310152722,136.83333333333334
EK202310233081,132.36666666666667
EK202310246556,142.36666666666667
EK202310105650,135.46666666666667
EK202310190838,167.43333333333334
EK202310218394,153.93333333333334
EK202310118154,137.26666666666668
EK202310131520,155.73333333333332
EK202310139487,169.8
EK202310146562,140.13333333333333
EK202310205269,148.3
EK202310139486,170.56666666666666
EK202310106738,142.46666666666667
EK202310196849,138.33333333333334
EK202310181949,140.23333333333332
EK202310201469,144.33333333333334
EK202310163916,125.46666666666667
EK202310221312,161.63333333333333
EK202310138582,146.26666666666668
EK202310135507,151.7
EK202310179372,129.7
EK202310004219,134.43333333333334
EK202310158089,128.83333333333334
EK202310150765,137.96666666666667
EK202310191391,128.23333333333332
EK202310112611,145.2
EK202310107389,145.7
EK202310233851,146.0
EK202310151219,150.9
EK202310232601,141.8
EK202310202073,133.83333333333334
EK202310225289,132.1
EK202310166576,139.0
EK202310224067,142.93333333333334
EK202310136837,144.76666666666668
EK202310177674,135.06666666666666
EK202310246493,144.3
EK202310183092,140.2
EK202310109401,156.96666666666667
EK202310145629,132.36666666666667
EK202310130973,122.1
EK202310208348,151.53333333333333
EK202310184342,145.8
EK202320007150,153.96666666666667
EK202310237789,146.96666666666667
EK202310114883,136.36666666666667
EK202310205366,151.56666666666666
EK202310124191,130.13333333333333
EK202310155262,126.46666666666667
EK202310220998,142.8
EK202310220544,138.4
EK202310143757,141.26666666666668
EK202310106423,143.9
EK202310221380,133.03333333333333
EK202310126488,132.2
EK202310161364,138.53333333333333
EK202310239501,140.4
EK202310164868,170.8
EK202310203126,133.66666666666666
EK202310137546,149.7
EK202310121376,147.1
EK202310105109,144.56666666666666
EK202310205221,152.5
EK202310188382,164.16666666666666
EK202310241423,159.36666666666667
EK202310167391,135.73333333333332
EK202310228119,149.2
EK202310207564,139.8
EK202310141877,127.36666666666666
EK202310244134,136.0
EK202310148484,140.93333333333334
EK202310213947,122.16666666666667
EK202310189815,143.43333333333334
EK202310196971,169.6
EK202310170035,135.3
EK202310118616,140.16666666666666
EK202310202991,154.46666666666667
EK202310193605,148.1
EK202310142332,173.96666666666667
EK202310107201,144.0
EK202310196602,154.4
EK202310112787,139.83333333333334
EK202310237416,126.43333333333334
EK202310234910,141.5
EK202310190727,141.1
EK202310114532,164.5
EK202310202380,126.16666666666667
EK202310196667,141.1
EK202310118771,149.66666666666666
EK202310112695,139.96666666666667
EK202310196403,135.93333333333334
EK202310214197,158.7
EK202310204797,133.06666666666666
EK202310107958,144.93333333333334
EK202310130013,164.03333333333333
EK202310135758,136.16666666666666
EK202310193054,130.7
EK202310148141,141.6
EK202310166034,172.63333333333333
EK202310158033,145.76666666666668
EK202310150288,148.23333333333332
EK202310113821,154.9
EK202310179440,156.7
EK202310217819,135.03333333333333
EK202310162109,167.6
EK202310200554,180.9
EK202310115242,142.43333333333334
EK202310154839,160.53333333333333
EK202310208688,155.03333333333333
EK202310191490,149.3
EK202310137318,126.86666666666666
EK202310142738,164.9
EK202310180609,130.66666666666666
EK202310158752,158.9
EK202310181525,148.4
EK202310236876,142.16666666666666
EK202310151933,129.9
EK202310203259,136.0
EK202310158609,135.73333333333332
EK202310142468,142.1
EK202310178475,154.5
EK202310113000,157.63333333333333
EK202310112010,147.4
EK202310141067,165.1
EK202310228986,129.83333333333334
EK202310123898,148.8
EK202310247624,144.56666666666666
EK202310110313,152.26666666666668
EK202310148786,144.03333333333333
EK202310200971,128.5
EK202310202596,150.56666666666666
EK202310196164,152.96666666666667
EK202310106209,128.83333333333334
EK202310177374,170.33333333333334
EK202310179062,151.6
EK202310222889,128.66666666666666
EK202310144590,143.1
EK202310136010,141.23333333333332
EK202310157710,137.33333333333334
EK202310168920,143.2
EK202310194908,154.76666666666668
EK202310245967,132.86666666666667
EK202310210453,134.6
EK202310223279,141.33333333333334
EK202310146923,133.2
EK202310231717,143.1
EK202310133833,131.4
EK202310108447,127.46666666666667
EK202310156614,159.1
EK202310124987,136.03333333333333
EK202310215881,129.6
EK202310161152,171.7
EK202310224348,136.66666666666666
EK202310242122,150.4
EK202310173831,158.83333333333334
EK202310122353,135.73333333333332
EK202310238723,145.36666666666667
EK202310232778,144.36666666666667
EK202310198262,135.43333333333334
EK202310206795,155.0
EK202310105061,140.33333333333334
EK202310147550,136.26666666666668
EK202310169793,158.7
EK202310174721,140.7
EK202310197557,153.93333333333334
EK202320007058,143.1
EK202310201254,148.4
EK202310243393,142.96666666666667
EK202310225384,135.6
EK202310004551,153.2
EK202310187388,139.46666666666667
EK202310221213,142.56666666666666
EK202310206186,140.26666666666668
EK202310118966,159.46666666666667
EK202310126228,140.66666666666666
EK202310143806,141.06666666666666
EK202310134776,134.03333333333333
EK202310222461,143.5
EK202310125996,135.16666666666666
EK202310219494,127.56666666666666
EK202310110685,135.8
EK202310222225,139.76666666666668
EK202310191983,162.23333333333332
EK202310144685,166.13333333333333
EK202310179138,138.53333333333333
EK202310179457,126.7
EK202310217372,143.63333333333333
EK202310158103,159.63333333333333
EK202310167022,136.13333333333333
EK202310148101,142.96666666666667
EK202310174010,132.96666666666667
EK202310247906,181.93333333333334
EK202310146964,150.1
EK202310195616,130.23333333333332
EK202310187966,139.3
EK202310172204,133.76666666666668
EK202310201348,136.6
EK202310125866,149.56666666666666
EK202310107865,149.23333333333332
EK202310116596,151.23333333333332
EK202310247975,156.53333333333333
EK202310118528,143.9
EK202310148683,155.9
EK202310158367,152.53333333333333
EK202310126019,128.6
EK202310163868,128.43333333333334
EK202310125121,136.83333333333334
EK202310152576,139.33333333333334
EK202310170352,130.5
EK202310233529,164.2
EK202310186906,145.8
EK202310144083,165.1
EK202310184975,145.5
EK202310178056,146.43333333333334
EK202310188978,139.96666666666667
EK202310217567,132.2
EK202310184281,178.4
EK202310140673,156.03333333333333
EK202310228899,133.53333333333333
EK202310196162,125.13333333333334
EK202310135089,172.56666666666666
EK202310115752,131.9
EK202310214385,147.73333333333332
EK202310232516,132.63333333333333
EK202310220873,149.83333333333334
EK202310172989,145.9
EK202310240149,152.8
EK202310212616,138.5
EK202310187474,145.6
EK202310156838,154.1
EK202310183007,165.3
EK202310227341,169.56666666666666
EK202310110343,142.33333333333334
EK202310198412,153.6
EK202310150894,138.0
EK202310181422,147.86666666666667
EK202310198432,136.76666666666668
EK202310187779,149.93333333333334
EK202310159706,150.16666666666666
EK202310127815,148.6
EK202310242438,149.13333333333333
EK202310145323,148.1
EK202310130401,150.7
EK202310116797,144.23333333333332
EK202310123002,143.16666666666666
EK202310152154,158.83333333333334
EK202310117372,160.2
EK202310116670,145.53333333333333
EK202310237203,148.2
EK202310162551,152.03333333333333
EK202310113370,131.36666666666667
EK202310228900,138.76666666666668
EK202310175209,130.23333333333332
EK202310236343,146.0
EK202310236383,143.13333333333333
EK202310131357,125.9
EK202310159166,136.93333333333334
EK202310170247,151.4
EK202310222379,147.76666666666668
EK202310154909,171.13333333333333
EK202310146442,146.33333333333334
EK202310003774,137.76666666666668
EK202310112911,138.3
EK202310227351,152.26666666666668
EK202310209062,152.26666666666668
EK202310238802,138.46666666666667
EK202310210919,139.66666666666666
EK202310232835,134.26666666666668
EK202310117128,143.63333333333333
EK202310219225,133.86666666666667
EK202310174933,150.8
EK202310204676,160.6
EK202310107148,135.4
EK202310181371,163.8
EK202310146220,137.13333333333333
EK202310224369,130.26666666666668
EK202310114927,138.53333333333333
EK202310177552,144.93333333333334
EK202310221588,181.43333333333334
EK202310107465,147.0
EK202310135932,152.83333333333334
EK202310110876,134.16666666666666
EK202310237021,145.3
EK202310109014,148.93333333333334
EK202310140401,146.36666666666667
EK202310137294,139.63333333333333
EK202310163064,146.1
EK202310147482,150.5
EK202310127284,159.53333333333333
EK202310201694,148.9
EK202310198350,143.8
EK202310208750,148.73333333333332
EK202310004741,137.1
EK202310164975,146.8
EK202310219480,136.1
EK202310213044,137.66666666666666
EK202310225710,139.46666666666667
EK202310174791,157.33333333333334
EK202310110800,139.4
EK202310208627,139.63333333333333
EK202310191043,148.06666666666666
EK202310154022,143.13333333333333
EK202310224070,145.23333333333332
EK202310119217,148.16666666666666
EK202310166221,145.93333333333334
EK202310135615,135.4
EK202310184260,143.66666666666666
EK202310123132,170.23333333333332
EK202310234461,133.03333333333333
EK202310167872,164.16666666666666
EK202310174913,159.43333333333334
EK202310199190,122.83333333333333
EK202310207044,144.23333333333332
EK202310121394,139.46666666666667
EK202310191133,144.0
EK202310222955,134.16666666666666
EK202310193537,133.33333333333334
EK202310131922,135.73333333333332
EK202310241321,164.16666666666666
EK202310223125,149.03333333333333
EK202310177034,151.96666666666667
EK202310189208,158.5
EK202320006578,154.4
EK202310204325,155.36666666666667
EK202310104387,151.66666666666666
EK202310188941,165.13333333333333
EK202310163981,135.36666666666667
EK202310222266,130.2
EK202310108713,135.8
EK202310201346,150.7
EK202310218638,122.46666666666667
EK202310161345,136.36666666666667
EK202310241526,136.66666666666666
EK202310199356,136.06666666666666
EK202310134515,137.16666666666666
EK202310004519,136.66666666666666
EK202310135276,167.56666666666666
EK202310219279,129.63333333333333
EK202310136740,139.66666666666666
EK202310200952,160.63333333333333
EK202310110068,136.56666666666666
EK202310157132,152.7
EK202310149621,153.03333333333333
EK202310138788,151.13333333333333
EK202310224324,138.0
EK202310239811,128.2
EK202310201046,136.86666666666667
EK202310165503,140.26666666666668
EK202310238259,156.46666666666667
EK202310165302,124.1
EK202310191144,138.23333333333332
EK202310185640,135.3
EK202310120926,140.16666666666666
EK202310197879,140.9
EK202310196320,159.2
EK202310220563,145.76666666666668
EK202310221699,145.66666666666666
EK202310229519,137.76666666666668
EK202310108573,148.76666666666668
EK202310184582,148.03333333333333
EK202310211294,144.43333333333334
EK202310195625,134.63333333333333
EK202310139587,148.0
EK202310118764,126.1
EK202310110542,132.96666666666667
EK202310173704,156.13333333333333
EK202310136262,126.7
EK202310237271,132.06666666666666
EK202310205898,147.86666666666667
EK202310245831,126.06666666666666
EK202310193909,161.4
EK202310204263,135.1
EK202310105876,142.46666666666667
EK202310192947,135.33333333333334
EK202310183403,140.6
EK202310133788,146.66666666666666
EK202310222018,151.0
EK202310129042,139.03333333333333
EK202310227808,129.5
EK202310218437,172.53333333333333
EK202310237736,129.83333333333334
EK202310141333,137.3
EK202310156395,154.63333333333333
EK202310004469,133.93333333333334
EK202310114436,138.56666666666666
EK202310118411,134.23333333333332
EK202310163568,144.86666666666667
EK202310183481,153.23333333333332
EK202310124719,164.76666666666668
EK202320006725,143.2
EK202310166370,150.43333333333334
EK202310133824,137.96666666666667
EK202310210325,129.36666666666667
EK202310144287,137.43333333333334
EK202310130686,132.83333333333334
EK202310177102,139.56666666666666
EK202310168931,120.93333333333334
EK202310235183,135.0
EK202310228458,168.1
EK202310207703,142.9
EK202310203188,173.63333333333333
EK202310111430,110.1
EK202310244894,158.9
EK202310113983,134.9
EK202310202824,144.13333333333333
EK202310138446,147.66666666666666
EK202310176444,136.6
EK202310126844,143.7
EK202310226840,156.56666666666666
EK202310109459,144.93333333333334
EK202310118743,150.6
EK202310129553,151.63333333333333
EK202310199845,154.9
EK202310228563,141.13333333333333
EK202310218219,141.6
EK202310197921,155.3
EK202310233068,134.56666666666666
EK202310159242,183.53333333333333
EK202310198622,137.76666666666668
EK202310203352,138.86666666666667
EK202310164418,153.56666666666666
EK202310119871,156.5
EK202310207409,154.8
EK202310109177,162.6
EK202310165988,130.63333333333333
EK202310199785,143.86666666666667
EK202310196659,170.06666666666666
EK202310169272,135.13333333333333
EK202310197425,127.5
EK202310175738,138.16666666666666
EK202310135941,128.76666666666668
EK202310139904,132.1
EK202310194855,140.46666666666667
EK202310221332,141.06666666666666
EK202310126755,136.33333333333334
EK202310220018,144.16666666666666
EK202310134041,142.3
EK202310210951,148.66666666666666
EK202310122540,142.4
EK202310205978,135.8
EK202310159579,132.36666666666667
EK202310118408,141.53333333333333
EK202310115221,136.1
EK202310120155,147.83333333333334
EK202310163240,138.66666666666666
EK202310147464,143.9
EK202310248306,133.66666666666666
EK202310152592,141.66666666666666
EK202310192478,131.03333333333333
EK202310126785,133.83333333333334
EK202310110706,151.2
EK202310182765,154.53333333333333
EK202310248138,138.73333333333332
EK202310186154,132.4
EK202310181675,171.86666666666667
EK202310217987,133.56666666666666
EK202310179130,147.76666666666668
EK202310135992,138.1
EK202310221623,173.63333333333333
EK202310113128,160.76666666666668
EK202310210010,139.66666666666666
EK202310163945,145.03333333333333
EK202310239487,137.0
EK202310238588,151.33333333333334
EK202310146898,144.46666666666667
EK202310147158,144.86666666666667
EK202310187097,131.43333333333334
EK202310195731,145.93333333333334
EK202310105999,141.7
EK202310200746,166.93333333333334
EK202310129579,140.83333333333334
EK202310197982,157.13333333333333
EK202310183465,131.73333333333332
EK202310105248,141.96666666666667
EK202310142138,135.56666666666666
EK202310171408,150.03333333333333
EK202310131832,136.46666666666667
EK202310211971,131.43333333333334
EK202310240690,140.56666666666666
EK202310003608,128.53333333333333
EK202310145836,137.86666666666667
EK202310171399,157.16666666666666
EK202310137705,135.3
EK202310136000,151.86666666666667
EK202310133882,130.5
EK202310141636,142.3
EK202310147290,136.03333333333333
EK202310241487,139.56666666666666
EK202310137723,136.56666666666666
EK202310140855,155.7
EK202310177098,155.86666666666667
EK202320006676,180.5
EK202310112514,141.4
EK202310141677,138.3
EK202310175682,152.43333333333334
EK202310236633,132.2
EK202310196176,138.06666666666666
EK202310156999,132.63333333333333
EK202310213305,179.03333333333333
EK202310200333,161.16666666666666
EK202310196550,141.46666666666667
EK202310226257,140.83333333333334
EK202310210514,141.7
EK202310185954,139.9
EK202310239737,142.2
EK202310231636,132.7
EK202310167744,142.26666666666668
EK202310227786,130.4
EK202310234832,142.6
EK202310126608,131.5
EK202310231942,142.0
EK202310107679,145.56666666666666
EK202310154939,138.73333333333332
EK202310191434,134.5
EK202310143462,144.36666666666667
EK202310228890,138.23333333333332
EK202310181791,129.26666666666668
EK202310147122,147.06666666666666
EK202310114485,136.06666666666666
EK202310104634,150.96666666666667
EK202310183103,131.36666666666667
EK202310003449,134.46666666666667
EK202310220154,131.33333333333334
EK202310215919,128.46666666666667
EK202310183173,141.76666666666668
EK202310136581,143.86666666666667
EK202310135891,159.0
EK202310234960,127.9
EK202310213672,133.53333333333333
EK202310160012,142.76666666666668
EK202310112248,168.6
EK202310136825,135.26666666666668
EK202310243733,143.86666666666667
EK202310235540,130.13333333333333
EK202310241172,138.9
EK202310189939,135.23333333333332
EK202310115473,126.86666666666666
EK202310188980,160.33333333333334
EK202310248520,148.16666666666666
EK202320006015,143.03333333333333
EK202310156531,134.26666666666668
EK202310146465,138.63333333333333
EK202310104718,146.56666666666666
EK202310208272,154.56666666666666
EK202310170862,132.93333333333334
EK202310235381,160.9
EK202310171376,144.13333333333333
EK202310167650,118.8
EK202310160990,152.8
EK202310195882,139.96666666666667
EK202310190552,142.2
EK202310120695,155.6
EK202310177689,130.46666666666667
EK202310116634,136.76666666666668
EK202310110519,144.16666666666666
EK202310125017,161.86666666666667
EK202310182959,124.13333333333334
EK202310181811,155.3
EK202310214725,143.26666666666668
EK202310212263,134.4
EK202310122692,142.46666666666667
EK202310215131,136.7
EK202310202575,136.73333333333332
EK202310167856,135.73333333333332
EK202310196698,145.6
EK202310226483,135.86666666666667
EK202310162014,173.1
EK202310125942,129.9
EK202310106367,140.46666666666667
EK202310229140,148.56666666666666
EK202310207884,129.46666666666667
EK202310152869,170.86666666666667
EK202310178619,155.66666666666666
EK202310211976,138.33333333333334
EK202310229203,132.66666666666666
EK202310192119,165.16666666666666
EK202310202715,151.6
EK202320007183,146.6
EK202310218337,127.13333333333334
EK202310146967,146.8
EK202310184808,177.7
EK202310190764,125.56666666666666
EK202310156823,150.4
EK202310199791,143.1
EK202310128548,135.4
EK202310156699,134.76666666666668
EK202310191011,148.8
EK202310192556,122.83333333333333
EK202310201947,131.23333333333332
EK202310180835,137.36666666666667
EK202310218514,133.86666666666667
EK202310235403,136.5
EK202310222338,169.5
EK202310129625,140.3
EK202320005601,143.13333333333333
EK202310167199,154.4
EK202310216271,162.83333333333334
EK202310186219,175.23333333333332
EK202310200112,155.03333333333333
EK202310240709,136.26666666666668
EK202310140388,168.36666666666667
EK202310167460,137.83333333333334
EK202310207710,146.6
EK202310136954,139.9
EK202310238009,160.93333333333334
EK202310241135,156.1
EK202310118669,146.03333333333333
EK202310177676,134.0
EK202310110622,140.43333333333334
EK202310106125,158.96666666666667
EK202310137730,129.2
EK202310169952,138.7
EK202310201586,136.06666666666666
EK202310199082,152.46666666666667
EK202310110230,140.13333333333333
EK202310169093,157.13333333333333
EK202310151384,181.96666666666667
EK202310118353,131.66666666666666
EK202310217860,135.8
EK202310155832,135.73333333333332
EK202310192043,135.13333333333333
EK202310227031,143.76666666666668
EK202310181504,128.53333333333333
EK202310123944,143.96666666666667
EK202310155457,134.43333333333334
EK202310121127,165.5
EK202310004367,152.06666666666666
EK202310113745,159.43333333333334
EK202310121643,143.96666666666667
EK202310126640,138.23333333333332
EK202310203242,153.36666666666667
EK202310144892,136.53333333333333
EK202310108440,131.36666666666667
EK202310169807,154.8
EK202310247122,141.2
EK202310129519,141.7
EK202310235954,130.6
EK202310122880,131.2
EK202310231944,144.46666666666667
EK202310244881,134.2
EK202310124312,132.0
EK202310193201,175.26666666666668
EK202310229571,121.0
EK202310157769,129.56666666666666
EK202310109164,146.86666666666667
EK202310188000,148.03333333333333
EK202310109289,141.73333333333332
EK202310157844,135.73333333333332
EK202310237961,141.36666666666667
EK202310138503,158.26666666666668
EK202310155205,134.13333333333333
EK202310199658,161.56666666666666
EK202310168116,136.56666666666666
EK202310236349,136.4
EK202310003984,148.93333333333334
EK202310227800,140.03333333333333
EK202310238162,136.0
EK202310207863,140.13333333333333
EK202310104629,149.4
EK202310199877,146.4
EK202310242313,147.83333333333334
EK202310180497,145.96666666666667
EK202310205863,149.23333333333332
EK202310198959,145.73333333333332
EK202310150579,146.9
EK202310142769,169.36666666666667
EK202310198383,141.66666666666666
EK202310114099,136.83333333333334
EK202310189094,160.33333333333334
EK202310128005,145.96666666666667
EK202310210639,132.93333333333334
EK202310247606,166.13333333333333
EK202310161724,139.06666666666666
EK202310141881,132.13333333333333
EK202310131694,131.13333333333333
EK202310204730,138.56666666666666
EK202310171972,146.53333333333333
EK202310208602,143.9
EK202310154432,124.0
EK202310122263,141.53333333333333
EK202310192830,147.63333333333333
EK202310211505,144.73333333333332
EK202310247017,153.83333333333334
EK202310106742,156.23333333333332
EK202310160358,144.33333333333334
EK202310241263,159.53333333333333
EK202310109888,157.16666666666666
EK202310119208,153.06666666666666
EK202310138383,132.3
EK202310195693,149.2
EK202310150042,132.83333333333334
EK202310233867,156.5
EK202310151155,135.46666666666667
EK202310152450,141.5
EK202310216227,152.96666666666667
EK202310119674,156.33333333333334
EK202310151394,172.2
EK202310198198,142.36666666666667
EK202310231585,131.43333333333334
EK202310220310,176.13333333333333
EK202310133553,142.66666666666666
EK202310119758,147.6
EK202310154895,172.0
EK202310166029,130.36666666666667
EK202310209935,140.53333333333333
EK202310106150,145.83333333333334
EK202310220446,150.86666666666667
EK202310138946,141.06666666666666
EK202310136698,126.13333333333334
EK202310237887,131.73333333333332
EK202310133476,146.1
EK202310219601,134.66666666666666
EK202310171218,150.36666666666667
EK202310235182,138.46666666666667
EK202310132648,125.06666666666666
EK202310244452,137.9
EK202310138113,147.26666666666668
EK202310187317,135.7
EK202310179142,140.93333333333334
EK202310165891,145.83333333333334
EK202310177495,146.4
EK202310150032,160.23333333333332
EK202310133680,133.86666666666667
EK202310133975,167.6
EK202310203779,129.26666666666668
EK202320007546,134.56666666666666
EK202310191528,149.03333333333333
EK202310129147,146.36666666666667
EK202310181778,128.26666666666668
EK202310230476,149.26666666666668
EK202310110448,141.76666666666668
EK202310107980,150.83333333333334
EK202310150018,145.5
EK202310222076,131.36666666666667
EK202310178437,153.0
EK202310206209,132.13333333333333
EK202310211038,136.13333333333333
EK202310130172,155.2
EK202310166466,161.03333333333333
EK202310183473,125.36666666666666
EK202310196150,158.03333333333333
EK202310157693,139.1
EK202310104605,140.86666666666667
EK202310235306,157.76666666666668
EK202310107563,140.06666666666666
EK202310163320,133.7
EK202310136756,137.3
EK202310211564,127.03333333333333
EK202310232534,136.86666666666667
EK202310132550,140.43333333333334
EK202310160312,145.56666666666666
EK202310234805,139.96666666666667
EK202310185938,131.56666666666666
EK202310144699,160.66666666666666
EK202310191954,172.9
EK202310146126,127.93333333333334
EK202320006284,158.2
EK202310185460,138.06666666666666
EK202310191567,148.66666666666666
EK202310222307,147.96666666666667
EK202310105032,156.93333333333334
EK202310230256,139.6
EK202310220456,137.16666666666666
EK202310125059,142.0
EK202320006649,167.46666666666667
EK202310170919,135.16666666666666
EK202310244926,141.53333333333333
EK202310123389,163.0
EK202310122848,138.4
EK202310211774,135.66666666666666
EK202310197231,137.43333333333334
EK202310138568,143.4
EK202310198554,130.36666666666667
EK202310121478,143.93333333333334
EK202310236719,130.1
EK202310168801,152.33333333333334
EK202310224443,162.43333333333334
EK202310206512,148.6
EK202310220836,150.8
EK202310247269,136.86666666666667
EK202310131994,136.33333333333334
EK202310134008,123.3
EK202310157322,135.8
EK202310143414,147.2
EK202310173429,144.6
EK202310217512,125.46666666666667
EK202310166684,152.83333333333334
EK202310203358,147.86666666666667
EK202310135525,156.56666666666666
EK202310190632,135.63333333333333
EK202310109605,146.26666666666668
EK202310209788,134.93333333333334
EK202310184706,143.63333333333333
EK202320006994,163.7
EK202310184357,147.6
EK202320007190,137.03333333333333
EK202310105990,138.2
EK202310168348,132.83333333333334
EK202310138422,141.26666666666668
EK202310136152,138.83333333333334
EK202310126424,137.3
EK202310147111,151.03333333333333
EK202310231544,135.3
EK202310149122,149.56666666666666
EK202310212352,135.3
EK202310178385,154.56666666666666
EK202310224803,165.2
EK202310004063,182.1
EK202310206156,144.56666666666666
EK202310157699,140.7
EK202310154414,157.5
EK202310149221,142.53333333333333
EK202310171384,154.66666666666666
EK202310153408,135.36666666666667
EK202310109654,149.16666666666666
EK202310158683,141.86666666666667
EK202310206976,144.63333333333333
EK202310186788,144.86666666666667
EK202310187515,140.76666666666668
EK202310153792,158.63333333333333
EK202310144321,137.16666666666666
EK202310222822,134.06666666666666
EK202310152281,158.76666666666668
EK202310003851,146.5
EK202310205656,172.33333333333334
EK202310239556,141.6
EK202310145427,139.83333333333334
EK202310107329,137.53333333333333
EK202310135305,161.83333333333334
EK202310225618,139.36666666666667
EK202310212945,142.26666666666668
EK202310244567,143.53333333333333
EK202310188392,123.06666666666666
EK202310188450,147.13333333333333
EK202310119188,147.23333333333332
EK202310156387,144.86666666666667
EK202310154237,134.26666666666668
EK202310232890,141.3
EK202310219207,139.93333333333334
EK202310247057,130.4
EK202310229305,148.46666666666667
EK202310128710,127.03333333333333
EK202310179533,152.4
EK202310115467,129.36666666666667
EK202310237723,128.66666666666666
EK202310197376,148.6
EK202310135350,157.96666666666667
EK202310135038,165.93333333333334
EK202310190843,165.86666666666667
EK202310148220,156.76666666666668
EK202310193335,186.3
EK202310201565,139.33333333333334
EK202310108505,149.43333333333334
EK202310236715,140.7
EK202310149792,151.6
EK202310193733,148.4
EK202310248391,136.33333333333334
EK202310134202,157.5
EK202310174938,159.13333333333333
EK202310104253,163.83333333333334
EK202310178227,149.03333333333333
EK202310200622,152.4
EK202310162938,137.96666666666667
EK202310136715,135.73333333333332
EK202310219551,144.0
EK202310213720,141.56666666666666
EK202310197334,163.4
EK202310162409,160.9
EK202310176758,129.7
EK202310106155,132.93333333333334
EK202310178600,157.8
EK202310181111,130.8
EK202310237737,134.7
EK202310135634,126.76666666666667
EK202310222019,152.4
EK202310211690,137.56666666666666
EK202310223930,146.23333333333332
EK202310159564,150.23333333333332
EK202310123361,159.6
EK202310154711,140.16666666666666
EK202310196284,162.9
EK202310142525,143.96666666666667
EK202310185635,159.96666666666667
EK202310163743,140.53333333333333
EK202310176119,144.56666666666666
EK202310243732,144.16666666666666
EK202310153106,149.9
EK202310105266,149.56666666666666
EK202310192211,130.6
EK202310109959,130.86666666666667
EK202310124347,137.6
EK202310215657,132.33333333333334
EK202310181609,151.03333333333333
EK202310166089,163.43333333333334
EK202310180562,137.5
EK202310220766,141.76666666666668
EK202310208527,130.6
EK202310197946,141.9
EK202310165805,130.73333333333332
EK202310184781,143.2
EK202310212044,144.96666666666667
EK202310182865,137.36666666666667
EK202310187564,149.6
EK202310187093,144.23333333333332
EK202310243295,132.46666666666667
EK202310156858,160.93333333333334
EK202310123996,178.53333333333333
EK202310120097,141.23333333333332
EK202310135094,170.83333333333334
EK202310189874,141.03333333333333
EK202310210390,136.56666666666666
EK202310108372,135.53333333333333
EK202310217559,149.4
EK202310136995,140.56666666666666
EK202310119918,155.13333333333333
EK202310108102,138.13333333333333
EK202310205335,136.4
EK202310192571,145.6
EK202310122214,158.5
EK202310111079,137.16666666666666
EK202310143134,148.4
EK202310244019,145.0
EK202310238237,133.6
EK202310136960,134.6
EK202310140905,139.4
EK202310207571,163.33333333333334
EK202310185887,168.13333333333333
EK202310179874,141.23333333333332
EK202310228155,138.86666666666667
EK202320006551,163.43333333333334
EK202310198810,174.6
EK202310197956,141.8
EK202310109446,145.66666666666666
EK202310145921,131.66666666666666
EK202310127078,134.5
EK202310106661,141.7
EK202310107868,144.83333333333334
EK202310137756,126.86666666666666
EK202310112214,151.63333333333333
EK202310223082,152.0
EK202310180270,133.33333333333334
EK202310164239,150.33333333333334
EK202310126360,135.66666666666666
EK202320007775,137.5
EK202310212210,130.83333333333334
EK202310154670,159.0
EK202310225780,136.63333333333333
EK202310159250,138.03333333333333
EK202310189634,147.86666666666667
EK202310140814,142.43333333333334
EK202310127508,178.2
EK202310218677,142.56666666666666
EK202310128068,124.6
EK202310113414,148.73333333333332
EK202310127227,142.96666666666667
EK202310119514,145.26666666666668
EK202310228944,122.16666666666667
EK202310109272,138.6
EK202310181673,139.06666666666666
EK202310213638,126.16666666666667
EK202310244798,144.4
EK202310204831,146.06666666666666
EK202310208541,146.83333333333334
EK202310226684,159.06666666666666
EK202310106021,131.8
EK202310186790,148.66666666666666
EK202310134623,124.5
EK202310004353,135.3
EK202310120823,133.33333333333334
EK202310193351,131.13333333333333
EK202310129759,135.5
EK202310211069,153.1
EK202310145710,136.8
EK202310129442,149.93333333333334
EK202310157511,130.83333333333334
EK202310210155,141.73333333333332
EK202310240481,126.9
EK202310182044,146.7
EK202310180996,156.96666666666667
EK202310130678,141.9
EK202310003775,132.96666666666667
EK202310155552,146.13333333333333
EK202310111202,130.76666666666668
EK202310108361,137.53333333333333
EK202310224126,133.56666666666666
EK202310115508,131.7
EK202310225464,139.36666666666667
EK202310198925,132.6
EK202310143314,160.83333333333334
EK202310231386,142.83333333333334
EK202310120970,134.4
EK202310179304,125.5
EK202310222188,145.56666666666666
EK202310173726,144.7
EK202310151318,157.5
EK202310139619,145.2
EK202310175938,164.13333333333333
EK202310178847,136.83333333333334
EK202310191627,147.36666666666667
EK202310180100,127.63333333333334
EK202310237846,135.0
EK202310136435,129.2
EK202310104391,136.0
EK202310182074,143.33333333333334
EK202310197546,152.93333333333334
EK202310237183,159.3
EK202310113688,155.83333333333334
EK202310168496,135.53333333333333
EK202310140650,139.0
EK202310202579,133.7
EK202310173337,146.53333333333333
EK202310148159,148.3
EK202310177447,130.3
EK202310172439,179.9
EK202310193776,134.43333333333334
EK202310126160,132.7
EK202310129091,143.8
EK202310180011,145.13333333333333
EK202310219524,156.73333333333332
EK202310188997,134.03333333333333
EK202310183044,148.7
EK202310192813,147.4
EK202310148696,165.93333333333334
EK202310197244,157.26666666666668
EK202310243949,135.7
EK202310223004,164.6
EK202310159964,152.43333333333334
EK202310226266,140.76666666666668
EK202310227381,131.03333333333333
EK202310143706,143.06666666666666
EK202310156505,144.66666666666666
EK202310146977,147.3
EK202310207164,153.23333333333332
EK202310115033,133.76666666666668
EK202310197774,185.56666666666666
EK202310183602,162.73333333333332
EK202310163574,137.26666666666668
EK202310139474,170.8
EK202310139787,140.63333333333333
EK202310151771,137.83333333333334
EK202310141474,136.0
EK202310201682,141.66666666666666
EK202310235051,134.6
EK202310197036,138.23333333333332
EK202310208162,124.4
EK202310192736,129.53333333333333
EK202310239207,134.93333333333334
EK202310213359,120.46666666666667
EK202310165987,138.86666666666667
EK202310144351,138.0
EK202310192377,147.43333333333334
EK202310178661,160.13333333333333
EK202310133799,135.3
EK202310167137,130.6
EK202310196182,165.83333333333334
EK202310239217,140.4
EK202310163146,143.93333333333334
EK202310139455,154.36666666666667
EK202310164544,136.3
EK202310105037,160.8
EK202310168936,177.6
EK202310182321,132.36666666666667
EK202310223204,137.96666666666667
EK202310124648,121.1
EK202310133402,137.53333333333333
EK202310189249,139.66666666666666
EK202310211896,138.26666666666668
EK202310153695,133.16666666666666
EK202310197047,150.73333333333332
EK202310115358,138.96666666666667
EK202310178231,151.3
EK202310140750,169.73333333333332
EK202310196690,132.86666666666667
EK202310180158,134.16666666666666
EK202310118819,143.23333333333332
EK202310129172,123.76666666666667
EK202310160427,145.8
EK202310217514,162.96666666666667
EK202310228544,134.96666666666667
EK202310129411,149.13333333333333
EK202310120076,136.83333333333334
EK202310147682,167.1
EK202310119579,140.2
EK202310231294,145.96666666666667
EK202310205896,129.03333333333333
EK202310168792,151.4
EK202310194600,142.16666666666666
EK202310231773,132.93333333333334
EK202310197094,138.4
EK202310159125,152.83333333333334
EK202310145220,149.6
EK202310109432,143.26666666666668
EK202310154128,133.16666666666666
EK202310226955,134.33333333333334
EK202310232457,133.5
EK202310196244,138.63333333333333
EK202310246079,149.0
EK202310168088,152.16666666666666
EK202310128614,141.6
EK202310156766,143.43333333333334
EK202310208139,138.36666666666667
EK202310167951,154.93333333333334
EK202310140914,137.9
EK202310123858,157.2
EK202310246678,153.9
EK202310231310,143.7
EK202310145596,146.1
EK202310227515,145.46666666666667
EK202310124946,147.0
EK202310146823,134.43333333333334
EK202310135586,136.2
EK202310201307,128.63333333333333
EK202310182403,162.0
EK202310215443,132.43333333333334
EK202310126298,134.33333333333334
EK202310189734,135.3
EK202310150496,151.7
EK202310201647,140.83333333333334
EK202310236856,137.4
EK202310141840,145.93333333333334
EK202310129012,148.3
EK202310191859,134.4
EK202310128135,126.3
EK202310140784,139.53333333333333
EK202310106371,140.13333333333333
EK202310189118,147.5
EK202310185786,141.03333333333333
EK202310177437,141.76666666666668
EK202310183495,141.46666666666667
EK202310183166,145.63333333333333
EK202310121858,132.53333333333333
EK202310128877,136.7
EK202310155995,148.3
EK202310158905,130.1
EK202310197700,136.9
EK202310135362,146.1
EK202310238208,150.0
EK202310225984,130.8
EK202310196965,171.9
EK202310244512,152.26666666666668
EK202310113816,150.06666666666666
EK202310141423,135.4
EK202310226411,156.1
EK202310217081,142.73333333333332
EK202310161000,144.56666666666666
EK202310141027,156.26666666666668
EK202310231746,144.56666666666666
EK202310209069,150.83333333333334
EK202310142345,155.66666666666666
EK202310117104,153.13333333333333
EK202310108603,137.63333333333333
EK202310196141,139.7
EK202310192522,148.36666666666667
EK202310144266,131.23333333333332
EK202310203451,142.8
EK202310161877,156.6
EK202310155543,140.73333333333332
EK202310123638,135.0
EK202310145309,160.4
EK202310138293,152.63333333333333
EK202310227474,145.56666666666666
EK202310227560,129.26666666666668
EK202310152889,175.96666666666667
EK202310107200,146.96666666666667
EK202310205243,133.9
EK202310203128,144.06666666666666
EK202310176303,155.36666666666667
EK202310236159,135.93333333333334
EK202310146226,152.7
EK202310114477,135.26666666666668
EK202310193701,136.93333333333334
EK202310132862,128.23333333333332
EK202310146635,140.3
EK202310118476,145.86666666666667
EK202310207776,140.76666666666668
EK202310165877,139.6
EK202320006410,134.23333333333332
EK202310111513,137.36666666666667
EK202310143909,152.73333333333332
EK202310132541,133.86666666666667
EK202310209469,146.53333333333333
EK202310103777,136.23333333333332
EK202310138311,154.96666666666667
EK202310155715,147.06666666666666
EK202310161111,177.23333333333332
EK202310231380,144.56666666666666
EK202310129520,137.96666666666667
EK202310234907,139.23333333333332
EK202310107216,103.73333333333333
EK202310106843,148.13333333333333
EK202310204308,161.76666666666668
EK202310214592,162.63333333333333
EK202310116839,148.7
EK202310180647,125.2
EK202310142824,144.33333333333334
EK202310196639,142.13333333333333
EK202310231947,141.13333333333333
EK202310135996,143.23333333333332
EK202310225970,127.8
EK202310232921,127.06666666666666
EK202310229671,137.26666666666668
EK202310143117,129.2
EK202310235001,129.56666666666666
EK202310223296,135.1
EK202310166180,146.66666666666666
EK202310144778,131.63333333333333
EK202310140206,158.73333333333332
EK202310146221,137.43333333333334
EK202310191931,133.1
EK202310139195,124.46666666666667
EK202310110326,122.06666666666666
EK202310198683,151.4
EK202310108642,138.3
EK202310147919,142.7
EK202310120403,141.0
EK202310148663,161.63333333333333
EK202310194369,148.46666666666667
EK202310188744,150.7
EK202310197143,136.76666666666668
EK202310188007,160.8
EK202310230690,134.0
EK202310109322,143.86666666666667
EK202310122503,142.13333333333333
EK202310208466,147.96666666666667
EK202310169759,138.76666666666668
EK202310004770,148.2
EK202310197055,139.43333333333334
EK202310190099,152.46666666666667
EK202310238226,129.23333333333332
EK202310166147,164.83333333333334
EK202320006000,158.23333333333332
EK202310214036,142.33333333333334
EK202310004510,130.83333333333334
EK202310144131,136.63333333333333
EK202310182006,161.8
EK202310115418,127.23333333333333
EK202310203399,144.5
EK202310219700,152.33333333333334
EK202310141585,139.03333333333333
EK202310236911,119.6
EK202310153553,141.76666666666668
EK202310152777,156.23333333333332
EK202310216006,131.43333333333334
EK202310159334,159.4
EK202310200189,137.36666666666667
EK202310176376,143.33333333333334
EK202310177091,147.2
EK202310135092,168.86666666666667
EK202310152730,149.0
EK202310194718,157.23333333333332
EK202310174761,157.76666666666668
EK202310187516,153.8
EK202310225948,143.4
EK202310159500,152.13333333333333
EK202320005628,145.8
EK202310150262,170.1
EK202310197555,157.36666666666667
EK202310224652,147.16666666666666
EK202310239239,144.4
EK202310222699,143.56666666666666
EK202310115560,150.43333333333334
EK202310179277,128.53333333333333
EK202310202696,164.43333333333334
EK202310154234,136.2
EK202310113254,138.86666666666667
EK202310139630,139.63333333333333
EK202310202764,166.8
EK202310121640,140.8
EK202310142534,139.46666666666667
EK202310239215,144.66666666666666
EK202310244715,135.36666666666667
EK202310185779,139.26666666666668
EK202310221201,143.6
EK202310206833,145.26666666666668
EK202310171904,166.2
EK202310178044,143.43333333333334
EK202310168114,155.16666666666666
EK202310138587,131.4
EK202310173356,150.9
EK202310197110,149.66666666666666
EK202310242357,144.13333333333333
EK202310208746,139.46666666666667
EK202310217847,128.3
EK202310199265,128.23333333333332
EK202310182895,145.9
EK202310107553,149.2
EK202310107608,126.23333333333333
EK202320005608,157.56666666666666
EK202310199563,143.76666666666668
EK202310141002,152.16666666666666
EK202310187238,158.0
EK202310187741,140.03333333333333
EK202310189994,169.53333333333333
EK202310147256,138.23333333333332
EK202310118527,148.46666666666667
EK202310229103,143.8
EK202310135696,131.2
EK202310165074,149.23333333333332
EK202310205649,129.03333333333333
EK202310174231,146.43333333333334
EK202310181105,144.36666666666667
EK202310173608,150.5
EK202310147350,139.13333333333333
EK202310145408,110.56666666666666
EK202310163214,146.76666666666668
EK202310141179,140.63333333333333
EK202310235877,134.36666666666667
EK202310168519,143.86666666666667
EK202310111852,138.63333333333333
EK202310120721,141.0
EK202310239396,153.83333333333334
EK202310125811,185.56666666666666
EK202310122414,157.0
EK202310109063,144.56666666666666
EK202310136944,128.6
EK202310112504,137.9
EK202310187424,141.23333333333332
EK202310107467,131.7
EK202310170488,137.83333333333334
EK202310221856,121.66666666666667
EK202310146245,133.36666666666667
EK202310211446,147.96666666666667
EK202310234464,129.43333333333334
EK202310216823,146.66666666666666
EK202310158691,145.26666666666668
EK202310130435,109.96666666666667
EK202310173064,135.36666666666667
EK202310159177,146.86666666666667
EK202310164312,126.93333333333334
EK202310190628,139.73333333333332
EK202310108846,147.6
EK202310180445,150.46666666666667
EK202310131205,148.8
EK202310164126,132.6
EK202310107936,149.86666666666667
EK202310243521,142.03333333333333
EK202310208141,140.43333333333334
EK202310190781,121.73333333333333
EK202310172000,144.33333333333334
EK202310190053,165.1
EK202310233066,127.3
EK202310131018,120.0
EK202310149945,167.26666666666668
EK202310205501,125.13333333333334
EK202310248483,142.63333333333333
EK202310129538,141.53333333333333
EK202310167469,168.23333333333332
EK202310106330,134.4
EK202310225391,141.83333333333334
EK202310125703,146.3
EK202310208418,141.4
EK202310147781,156.23333333333332
EK202310164598,147.86666666666667
EK202310214120,177.96666666666667
EK202310118444,142.9
EK202310145109,147.63333333333333
EK202310150661,130.93333333333334
EK202310134650,137.63333333333333
EK202310170695,159.7
EK202310171347,135.36666666666667
EK202310118507,138.66666666666666
EK202310135088,174.93333333333334
EK202310169570,142.63333333333333
EK202310198285,158.36666666666667
EK202310244339,128.03333333333333
EK202310218458,142.7
EK202310167361,159.7
EK202320006358,148.03333333333333
EK202310155685,141.16666666666666
EK202310193521,138.63333333333333
EK202310178456,137.13333333333333
EK202310120435,140.8
EK202310229594,135.46666666666667
EK202310204793,154.6
EK202310128806,154.5
EK202310145561,163.63333333333333
EK202310218298,124.9
EK202310185508,172.2
EK202310169152,152.46666666666667
EK202310119338,128.43333333333334
EK202310172073,148.9
EK202310164403,153.56666666666666
EK202310228535,135.66666666666666
EK202310233245,135.46666666666667
EK202310247155,139.43333333333334
EK202310184707,158.4
EK202310244628,154.1
EK202310184991,144.3
EK202310200030,140.66666666666666
EK202310131926,136.4
EK202310183294,166.86666666666667
EK202310156979,139.03333333333333
EK202310196008,166.6
EK202310124917,137.86666666666667
EK202310182478,141.33333333333334
EK202310206853,146.76666666666668
EK202310131555,126.73333333333333
EK202310134282,148.73333333333332
EK202310120141,165.3
EK202310246441,120.96666666666667
EK202310195921,141.93333333333334
EK202310214428,134.03333333333333
EK202310124519,144.76666666666668
EK202310153352,159.73333333333332
EK202310155554,140.6
EK202310193684,130.26666666666668
EK202310225319,141.86666666666667
EK202310148621,131.46666666666667
EK202310237907,135.46666666666667
EK202310202805,133.83333333333334
EK202310161990,158.93333333333334
EK202310200477,134.36666666666667
EK202310114915,133.13333333333333
EK202310242909,138.9
EK202310142330,147.73333333333332
EK202310221377,139.43333333333334
EK202310137957,143.76666666666668
EK202310151180,150.2
EK202310182686,131.53333333333333
EK202310244166,140.46666666666667
EK202310242349,155.33333333333334
EK202310121472,133.8
EK202310192151,158.9
EK202310112554,141.46666666666667
EK202310225810,137.0
EK202310235008,131.23333333333332
EK202310217946,183.3
EK202310197822,144.63333333333333
EK202310003944,151.16666666666666
EK202310135754,136.23333333333332
EK202310235898,135.66666666666666
EK202310171140,138.26666666666668
EK202310145149,157.26666666666668
EK202310202195,127.46666666666667
EK202310220091,141.86666666666667
EK202310232376,134.13333333333333
EK202310189509,146.93333333333334
EK202310113709,155.73333333333332
EK202310119993,131.5
EK202310223647,155.23333333333332
EK202310227478,135.33333333333334
EK202310174661,137.4
EK202310165728,160.7
EK202310182436,156.4
EK202310181591,133.63333333333333
EK202310233458,138.93333333333334
EK202310138708,133.13333333333333
EK202310107419,136.43333333333334
EK202310242771,142.56666666666666
EK202310110825,123.76666666666667
EK202310148516,143.26666666666668
EK202310169259,166.9
EK202310139428,137.4
EK202320005946,162.1
EK202310212395,141.63333333333333
EK202310211186,135.83333333333334
EK202310124150,129.13333333333333
EK202310172970,142.73333333333332
EK202310212383,130.36666666666667
EK202310152532,141.93333333333334
EK202310174856,140.13333333333333
EK202310150761,141.26666666666668
EK202310192707,163.4
EK202320006514,166.33333333333334
EK202310230857,147.56666666666666
EK202310209642,147.6
EK202310244831,151.7
EK202310004958,136.83333333333334
EK202310222994,164.7
EK202310122972,139.4
EK202310240517,149.1
EK202310154489,141.96666666666667
EK202310149568,154.13333333333333
EK202310173750,143.86666666666667
EK202310127136,154.23333333333332
EK202310162460,136.7
EK202310237884,148.76666666666668
EK202310128591,136.93333333333334
EK202310167782,159.43333333333334
EK202310173162,142.86666666666667
EK202310176040,155.7
EK202310180187,131.4
EK202310205385,140.76666666666668
EK202310189417,146.36666666666667
EK202310110265,134.2
EK202310175081,155.5
EK202310241247,158.16666666666666
EK202310210940,140.96666666666667
EK202310239869,133.8
EK202310208022,135.1
EK202310186683,139.53333333333333
EK202310244974,145.96666666666667
EK202310196503,131.96666666666667
EK202310147774,157.7
EK202310194263,143.6
EK202310188228,144.03333333333333
EK202310164624,144.83333333333334
EK202310153042,176.63333333333333
EK202310157883,150.0
EK202310110532,136.6
EK202310166599,169.66666666666666
EK202310153767,152.93333333333334
EK202310126138,128.9
EK202310121044,148.16666666666666
EK202310133142,147.7
EK202310128385,138.53333333333333
EK202310175042,131.2
EK202310189448,179.33333333333334
EK202310190050,165.4
EK202310172092,149.73333333333332
EK202310207334,124.13333333333334
EK202310182559,130.5
EK202310137090,149.96666666666667
EK202310190532,134.0
EK202310236425,126.1
EK202310203185,127.8
EK202310168314,141.26666666666668
EK202310151263,151.53333333333333
EK202310108095,142.5
EK202310232838,144.7
EK202310135295,168.2
EK202310163910,146.56666666666666
EK202310194553,151.4
EK202310174190,131.5
EK202310231328,139.66666666666666
EK202310147991,145.93333333333334
EK202310161571,150.76666666666668
EK202310240598,148.86666666666667
EK202310236106,125.93333333333334
EK202310109500,145.43333333333334
EK202320005589,142.9
EK202310143413,142.26666666666668
EK202310153498,149.33333333333334
EK202310181818,153.96666666666667
EK202310137951,140.1
EK202310158889,151.06666666666666
EK202310147118,149.36666666666667
EK202310153978,157.03333333333333
EK202310107126,151.7
EK202310145858,134.53333333333333
EK202310220104,148.4
EK202310112400,133.86666666666667
EK202310236894,148.73333333333332
EK202310217550,133.16666666666666
EK202310236693,143.46666666666667
EK202310217785,144.73333333333332
EK202310235143,139.36666666666667
EK202310182831,153.1
EK202310117677,152.53333333333333
EK202310207224,133.73333333333332
EK202310217694,146.73333333333332
EK202310144000,135.63333333333333
EK202310165837,170.8
EK202310211421,146.5
EK202310004270,149.3
EK202310189309,166.83333333333334
EK202310127417,140.2
EK202310197347,164.7
EK202310209401,166.5
EK202310180542,130.1
EK202310162786,135.53333333333333
EK202310223059,135.53333333333333
EK202310147692,152.63333333333333
EK202310244440,144.13333333333333
EK202310180779,136.33333333333334
EK202310189325,135.66666666666666
EK202310110924,129.83333333333334
EK202310157687,155.03333333333333
EK202310154799,143.33333333333334
EK202310169628,129.03333333333333
EK202310169107,160.7
EK202310105506,140.06666666666666
EK202310154969,138.73333333333332
EK202310122511,142.0
EK202310156453,169.33333333333334
EK202310246928,132.33333333333334
EK202310203362,152.33333333333334
EK202310138843,143.76666666666668
EK202310157857,148.93333333333334
EK202310236705,131.3
EK202310236064,134.9
EK202310190655,145.56666666666666
EK202310232773,155.4
EK202310209352,139.93333333333334
EK202310196574,137.56666666666666
EK202310153431,131.4
EK202310213738,151.96666666666667
EK202310159195,153.16666666666666
EK202310192497,135.83333333333334
EK202310179803,137.16666666666666
EK202310122219,145.16666666666666
EK202310121778,149.6
EK202310240799,143.86666666666667
EK202310186388,148.03333333333333
EK202310227442,142.03333333333333
EK202310236831,142.36666666666667
EK202310146534,138.86666666666667
EK202310108548,138.56666666666666
EK202310127039,135.73333333333332
EK202310239867,128.53333333333333
EK202310140091,139.1
EK202320007345,150.53333333333333
EK202310181587,135.93333333333334
EK202310183586,167.06666666666666
EK202310161537,148.4
EK202310221929,136.83333333333334
EK202310115533,138.53333333333333
EK202310245422,132.76666666666668
EK202310134303,133.6
EK202310206878,144.66666666666666
EK202310143077,126.4
EK202310187766,141.96666666666667
EK202310233861,170.06666666666666
EK202310145715,134.46666666666667
EK202310186238,128.73333333333332
EK202310168663,143.63333333333333
EK202310230983,141.33333333333334
EK202310139816,145.3
EK202310206473,133.56666666666666
EK202310153829,147.3
EK202310182371,152.13333333333333
EK202310173647,135.7
EK202310114150,145.66666666666666
EK202310242508,140.66666666666666
EK202310203427,143.06666666666666
EK202310132984,132.76666666666668
EK202310117793,125.26666666666667
EK202310138841,153.63333333333333
EK202310139058,159.33333333333334
EK202310164995,140.46666666666667
EK202310202198,170.93333333333334
EK202310160037,137.56666666666666
EK202310138091,150.73333333333332
EK202310183753,146.43333333333334
EK202310211184,140.76666666666668
EK202310187233,139.53333333333333
EK202310225971,132.63333333333333
EK202310155927,136.9
EK202310123628,146.53333333333333
EK202310183593,169.63333333333333
EK202310196797,141.36666666666667
EK202310129620,141.7
EK202310157287,152.43333333333334
EK202310181152,146.76666666666668
EK202310203161,159.0
EK202310247889,136.06666666666666
EK202310205874,128.5
EK202310175828,145.9
EK202310141292,144.96666666666667
EK202310127480,137.63333333333333
EK202310112716,134.96666666666667
EK202310200229,142.5
EK202310112035,140.66666666666666
EK202310204257,137.26666666666668
EK202310145471,131.53333333333333
EK202310210409,135.73333333333332
EK202310166832,148.2
EK202310248711,142.1
EK202310177732,134.4
EK202310160771,148.2
EK202310136073,133.66666666666666
EK202310182269,150.16666666666666
EK202310240985,136.0
EK202310106392,145.8
EK202310208908,133.83333333333334
EK202310113165,139.86666666666667
EK202310152602,133.7
EK202310210636,131.7
EK202310140721,145.63333333333333
EK202310148290,140.63333333333333
EK202310199880,152.0
EK202310227144,153.56666666666666
EK202310147589,138.43333333333334
EK202310004177,161.5
EK202310138763,142.66666666666666
EK202310172464,180.23333333333332
EK202310105200,142.46666666666667
EK202310184573,156.43333333333334
EK202310208816,150.03333333333333
EK202310109118,139.2
EK202310200139,142.86666666666667
EK202310133070,133.1
EK202310122855,149.13333333333333
EK202310233834,148.2
EK202310209821,139.13333333333333
EK202310124502,142.8
EK202310187088,152.96666666666667
EK202310133122,146.76666666666668
EK202310004846,135.96666666666667
EK202310147252,140.6
EK202310175414,124.1
EK202310181170,145.16666666666666
EK202310004408,124.46666666666667
EK202310125748,180.7
EK202310131440,144.2
EK202310192559,147.33333333333334
EK202310192910,157.4
EK202310180784,166.0
EK202310236540,133.66666666666666
EK202310175339,138.16666666666666
EK202310160527,161.43333333333334
EK202310236221,145.96666666666667
EK202310238864,159.56666666666666
EK202310166680,157.8
EK202310117287,152.76666666666668
EK202310192797,147.26666666666668
EK202310200327,122.43333333333334
EK202310176045,155.66666666666666
EK202310148346,158.73333333333332
EK202310142274,145.66666666666666
EK202310122242,145.3
EK202310126568,138.36666666666667
EK202310204418,137.7
EK202310156236,144.4
EK202310189484,143.3
EK202310137543,140.5
EK202320007300,152.03333333333333
EK202310198932,126.1
EK202310108514,152.4
EK202310219932,144.56666666666666
EK202310132147,141.76666666666668
EK202310227649,156.6
EK202310224668,139.73333333333332
EK202310156447,142.26666666666668
EK202310210496,133.33333333333334
EK202310152297,152.9
EK202310187324,141.3
EK202310247309,151.6
EK202310190789,133.03333333333333
EK202310199601,140.76666666666668
EK202310239017,136.03333333333333
EK202310106841,150.56666666666666
EK202310182928,136.36666666666667
EK202310204568,136.56666666666666
EK202310243353,151.96666666666667
EK202310123522,138.43333333333334
EK202310162526,161.53333333333333
EK202310214114,150.1
EK202310197207,154.46666666666667
EK202310232110,136.36666666666667
EK202310179397,163.93333333333334
EK202310155653,132.73333333333332
EK202310004343,133.46666666666667
EK202310192586,131.66666666666666
EK202310186352,134.5
EK202310124214,134.1
EK202310228925,139.6
EK202310112746,143.16666666666666
EK202310158948,171.0
EK202310210700,132.96666666666667
EK202310164939,145.1
EK202310183358,181.0
EK202310144690,150.86666666666667
EK202310206169,140.5
EK202310107548,166.06666666666666
EK202310213425,126.03333333333333
EK202310127466,136.36666666666667
EK202310215414,164.03333333333333
EK202310113096,129.26666666666668
EK202310177778,151.76666666666668
EK202310225362,140.06666666666666
EK202310164338,164.83333333333334
EK202310247571,166.46666666666667
EK202310126985,133.46666666666667
EK202310226690,164.1
EK202310122754,122.5
EK202310114324,150.4
EK202310162544,156.5
EK202310185834,131.93333333333334
EK202310147784,150.9
EK202310122287,143.66666666666666
EK202310169104,153.1
EK202310212851,149.6
EK202310004912,136.36666666666667
EK202310122676,152.6
EK202310241678,143.86666666666667
EK202310235919,138.0
EK202310200266,158.63333333333333
EK202310229111,135.03333333333333
EK202310143535,153.96666666666667
EK202310132424,141.23333333333332
EK202310150394,154.06666666666666
EK202310121122,141.1
